<annotation>
  <folder>runs\detect\exp2</folder>
  <filename>2_20200615_112127_004470.jpg</filename>
  <source>
    <database>Unknown</database>
  </source>
  <size>
    <width>1920</width>
    <height>1080</height>
    <depth>3</depth>
  </size>
  <segmented>0</segmented>
  <object>
    <name>Vehicle</name>
    <bndbox>
      <xmin>1184</xmin>
      <ymin>474</ymin>
      <xmax>1306</xmax>
      <ymax>512</ymax>
    </bndbox>
    <confidence>0.644124</confidence>
  </object>
  <object>
    <name>Vehicle</name>
    <bndbox>
      <xmin>1071</xmin>
      <ymin>545</ymin>
      <xmax>1104</xmax>
      <ymax>592</ymax>
    </bndbox>
    <confidence>0.84199</confidence>
  </object>
  <object>
    <name>TrafficSign</name>
    <bndbox>
      <xmin>1128</xmin>
      <ymin>402</ymin>
      <xmax>1153</xmax>
      <ymax>428</ymax>
    </bndbox>
    <confidence>0.856629</confidence>
  </object>
  <object>
    <name>Vehicle</name>
    <bndbox>
      <xmin>1142</xmin>
      <ymin>509</ymin>
      <xmax>1240</xmax>
      <ymax>636</ymax>
    </bndbox>
    <confidence>0.918381</confidence>
  </object>
  <object>
    <name>Vehicle</name>
    <bndbox>
      <xmin>1088</xmin>
      <ymin>535</ymin>
      <xmax>1157</xmax>
      <ymax>608</ymax>
    </bndbox>
    <confidence>0.934483</confidence>
  </object>
  <object>
    <name>Vehicle</name>
    <bndbox>
      <xmin>924</xmin>
      <ymin>530</ymin>
      <xmax>1081</xmax>
      <ymax>658</ymax>
    </bndbox>
    <confidence>0.962639</confidence>
  </object>
  <object>
    <name>Vehicle</name>
    <bndbox>
      <xmin>1477</xmin>
      <ymin>398</ymin>
      <xmax>1921</xmax>
      <ymax>997</ymax>
    </bndbox>
    <confidence>0.964432</confidence>
  </object>
  <object>
    <name>Vehicle</name>
    <bndbox>
      <xmin>1178</xmin>
      <ymin>511</ymin>
      <xmax>1386</xmax>
      <ymax>668</ymax>
    </bndbox>
    <confidence>0.970291</confidence>
  </object>
</annotation>
