<annotation>
  <folder>runs\detect\exp2</folder>
  <filename>2_20200615_112127_003240.jpg</filename>
  <source>
    <database>Unknown</database>
  </source>
  <size>
    <width>1920</width>
    <height>1080</height>
    <depth>3</depth>
  </size>
  <segmented>0</segmented>
  <object>
    <name>TrafficSign</name>
    <bndbox>
      <xmin>1425</xmin>
      <ymin>460</ymin>
      <xmax>1456</xmax>
      <ymax>492</ymax>
    </bndbox>
    <confidence>0.868416</confidence>
  </object>
  <object>
    <name>TrafficSign</name>
    <bndbox>
      <xmin>1119</xmin>
      <ymin>387</ymin>
      <xmax>1146</xmax>
      <ymax>414</ymax>
    </bndbox>
    <confidence>0.889547</confidence>
  </object>
  <object>
    <name>TrafficLight</name>
    <bndbox>
      <xmin>1258</xmin>
      <ymin>181</ymin>
      <xmax>1362</xmax>
      <ymax>211</ymax>
    </bndbox>
    <confidence>0.89728</confidence>
  </object>
  <object>
    <name>Vehicle</name>
    <bndbox>
      <xmin>691</xmin>
      <ymin>524</ymin>
      <xmax>748</xmax>
      <ymax>585</ymax>
    </bndbox>
    <confidence>0.920993</confidence>
  </object>
  <object>
    <name>Vehicle</name>
    <bndbox>
      <xmin>1067</xmin>
      <ymin>527</ymin>
      <xmax>1185</xmax>
      <ymax>618</ymax>
    </bndbox>
    <confidence>0.960276</confidence>
  </object>
</annotation>
