<annotation>
  <folder>runs\detect\exp39</folder>
  <filename>2_20200615_112127_003750.jpg</filename>
  <source>
    <database>Unknown</database>
  </source>
  <size>
    <width>1920</width>
    <height>1080</height>
    <depth>3</depth>
  </size>
  <segmented>0</segmented>
  <object>
    <name>Vehicle</name>
    <bndbox>
      <xmin>435</xmin>
      <ymin>551</ymin>
      <xmax>507</xmax>
      <ymax>593</ymax>
    </bndbox>
    <confidence>0.647373</confidence>
  </object>
  <object>
    <name>Vehicle</name>
    <bndbox>
      <xmin>1063</xmin>
      <ymin>533</ymin>
      <xmax>1091</xmax>
      <ymax>560</ymax>
    </bndbox>
    <confidence>0.786094</confidence>
  </object>
  <object>
    <name>Vehicle</name>
    <bndbox>
      <xmin>1080</xmin>
      <ymin>534</ymin>
      <xmax>1109</xmax>
      <ymax>562</ymax>
    </bndbox>
    <confidence>0.786905</confidence>
  </object>
  <object>
    <name>Vehicle</name>
    <bndbox>
      <xmin>998</xmin>
      <ymin>531</ymin>
      <xmax>1036</xmax>
      <ymax>561</ymax>
    </bndbox>
    <confidence>0.848046</confidence>
  </object>
  <object>
    <name>Vehicle</name>
    <bndbox>
      <xmin>810</xmin>
      <ymin>532</ymin>
      <xmax>844</xmax>
      <ymax>561</ymax>
    </bndbox>
    <confidence>0.871064</confidence>
  </object>
  <object>
    <name>Vehicle</name>
    <bndbox>
      <xmin>1117</xmin>
      <ymin>525</ymin>
      <xmax>1169</xmax>
      <ymax>571</ymax>
    </bndbox>
    <confidence>0.874953</confidence>
  </object>
  <object>
    <name>TrafficSign</name>
    <bndbox>
      <xmin>1685</xmin>
      <ymin>312</ymin>
      <xmax>1733</xmax>
      <ymax>372</ymax>
    </bndbox>
    <confidence>0.888681</confidence>
  </object>
  <object>
    <name>TrafficSign</name>
    <bndbox>
      <xmin>1691</xmin>
      <ymin>369</ymin>
      <xmax>1742</xmax>
      <ymax>429</ymax>
    </bndbox>
    <confidence>0.898354</confidence>
  </object>
  <object>
    <name>Vehicle</name>
    <bndbox>
      <xmin>1159</xmin>
      <ymin>534</ymin>
      <xmax>1206</xmax>
      <ymax>579</ymax>
    </bndbox>
    <confidence>0.913407</confidence>
  </object>
  <object>
    <name>Vehicle</name>
    <bndbox>
      <xmin>1415</xmin>
      <ymin>514</ymin>
      <xmax>1509</xmax>
      <ymax>567</ymax>
    </bndbox>
    <confidence>0.921937</confidence>
  </object>
  <object>
    <name>Vehicle</name>
    <bndbox>
      <xmin>1588</xmin>
      <ymin>495</ymin>
      <xmax>1670</xmax>
      <ymax>552</ymax>
    </bndbox>
    <confidence>0.929052</confidence>
  </object>
  <object>
    <name>Vehicle</name>
    <bndbox>
      <xmin>1504</xmin>
      <ymin>499</ymin>
      <xmax>1594</xmax>
      <ymax>562</ymax>
    </bndbox>
    <confidence>0.932982</confidence>
  </object>
  <object>
    <name>Vehicle</name>
    <bndbox>
      <xmin>1186</xmin>
      <ymin>533</ymin>
      <xmax>1263</xmax>
      <ymax>583</ymax>
    </bndbox>
    <confidence>0.939039</confidence>
  </object>
  <object>
    <name>Vehicle</name>
    <bndbox>
      <xmin>1671</xmin>
      <ymin>510</ymin>
      <xmax>1873</xmax>
      <ymax>578</ymax>
    </bndbox>
    <confidence>0.949657</confidence>
  </object>
</annotation>
