<annotation>
  <folder>runs\detect\exp2</folder>
  <filename>2_20200615_112127_004320.jpg</filename>
  <source>
    <database>Unknown</database>
  </source>
  <size>
    <width>1920</width>
    <height>1080</height>
    <depth>3</depth>
  </size>
  <segmented>0</segmented>
  <object>
    <name>Vehicle</name>
    <bndbox>
      <xmin>1711</xmin>
      <ymin>456</ymin>
      <xmax>1919</xmax>
      <ymax>560</ymax>
    </bndbox>
    <confidence>0.487475</confidence>
  </object>
  <object>
    <name>Vehicle</name>
    <bndbox>
      <xmin>1051</xmin>
      <ymin>531</ymin>
      <xmax>1076</xmax>
      <ymax>573</ymax>
    </bndbox>
    <confidence>0.6143</confidence>
  </object>
  <object>
    <name>Vehicle</name>
    <bndbox>
      <xmin>1</xmin>
      <ymin>479</ymin>
      <xmax>126</xmax>
      <ymax>675</ymax>
    </bndbox>
    <confidence>0.733097</confidence>
  </object>
  <object>
    <name>Vehicle</name>
    <bndbox>
      <xmin>1059</xmin>
      <ymin>519</ymin>
      <xmax>1166</xmax>
      <ymax>606</ymax>
    </bndbox>
    <confidence>0.952804</confidence>
  </object>
  <object>
    <name>Vehicle</name>
    <bndbox>
      <xmin>828</xmin>
      <ymin>524</ymin>
      <xmax>965</xmax>
      <ymax>630</ymax>
    </bndbox>
    <confidence>0.963958</confidence>
  </object>
  <object>
    <name>Vehicle</name>
    <bndbox>
      <xmin>235</xmin>
      <ymin>480</ymin>
      <xmax>496</xmax>
      <ymax>630</ymax>
    </bndbox>
    <confidence>0.964547</confidence>
  </object>
</annotation>
