<annotation>
  <folder>runs\detect\exp2</folder>
  <filename>2_20200615_112127_000720.jpg</filename>
  <source>
    <database>Unknown</database>
  </source>
  <size>
    <width>1920</width>
    <height>1080</height>
    <depth>3</depth>
  </size>
  <segmented>0</segmented>
  <object>
    <name>Vehicle</name>
    <bndbox>
      <xmin>229</xmin>
      <ymin>511</ymin>
      <xmax>300</xmax>
      <ymax>541</ymax>
    </bndbox>
    <confidence>0.445818</confidence>
  </object>
  <object>
    <name>Vehicle</name>
    <bndbox>
      <xmin>1040</xmin>
      <ymin>535</ymin>
      <xmax>1069</xmax>
      <ymax>566</ymax>
    </bndbox>
    <confidence>0.837201</confidence>
  </object>
  <object>
    <name>Vehicle</name>
    <bndbox>
      <xmin>724</xmin>
      <ymin>512</ymin>
      <xmax>806</xmax>
      <ymax>596</ymax>
    </bndbox>
    <confidence>0.942701</confidence>
  </object>
  <object>
    <name>Vehicle</name>
    <bndbox>
      <xmin>436</xmin>
      <ymin>523</ymin>
      <xmax>583</xmax>
      <ymax>626</ymax>
    </bndbox>
    <confidence>0.954908</confidence>
  </object>
</annotation>
