<annotation>
  <folder>runs\detect\exp2</folder>
  <filename>2_20200615_112127_000600.jpg</filename>
  <source>
    <database>Unknown</database>
  </source>
  <size>
    <width>1920</width>
    <height>1080</height>
    <depth>3</depth>
  </size>
  <segmented>0</segmented>
  <object>
    <name>Vehicle</name>
    <bndbox>
      <xmin>1099</xmin>
      <ymin>535</ymin>
      <xmax>1125</xmax>
      <ymax>561</ymax>
    </bndbox>
    <confidence>0.441865</confidence>
  </object>
  <object>
    <name>Vehicle</name>
    <bndbox>
      <xmin>0</xmin>
      <ymin>494</ymin>
      <xmax>86</xmax>
      <ymax>666</ymax>
    </bndbox>
    <confidence>0.666951</confidence>
  </object>
  <object>
    <name>Vehicle</name>
    <bndbox>
      <xmin>890</xmin>
      <ymin>540</ymin>
      <xmax>935</xmax>
      <ymax>579</ymax>
    </bndbox>
    <confidence>0.891318</confidence>
  </object>
  <object>
    <name>Vehicle</name>
    <bndbox>
      <xmin>496</xmin>
      <ymin>504</ymin>
      <xmax>621</xmax>
      <ymax>589</ymax>
    </bndbox>
    <confidence>0.925844</confidence>
  </object>
  <object>
    <name>Vehicle</name>
    <bndbox>
      <xmin>708</xmin>
      <ymin>551</ymin>
      <xmax>786</xmax>
      <ymax>600</ymax>
    </bndbox>
    <confidence>0.945251</confidence>
  </object>
  <object>
    <name>Vehicle</name>
    <bndbox>
      <xmin>104</xmin>
      <ymin>535</ymin>
      <xmax>296</xmax>
      <ymax>684</ymax>
    </bndbox>
    <confidence>0.954324</confidence>
  </object>
  <object>
    <name>Vehicle</name>
    <bndbox>
      <xmin>212</xmin>
      <ymin>520</ymin>
      <xmax>518</xmax>
      <ymax>705</ymax>
    </bndbox>
    <confidence>0.96764</confidence>
  </object>
</annotation>
