<annotation>
  <folder>runs\detect\exp39</folder>
  <filename>2_20200615_112127_003150.jpg</filename>
  <source>
    <database>Unknown</database>
  </source>
  <size>
    <width>1920</width>
    <height>1080</height>
    <depth>3</depth>
  </size>
  <segmented>0</segmented>
  <object>
    <name>Vehicle</name>
    <bndbox>
      <xmin>1007</xmin>
      <ymin>530</ymin>
      <xmax>1034</xmax>
      <ymax>557</ymax>
    </bndbox>
    <confidence>0.694368</confidence>
  </object>
  <object>
    <name>Vehicle</name>
    <bndbox>
      <xmin>875</xmin>
      <ymin>529</ymin>
      <xmax>904</xmax>
      <ymax>561</ymax>
    </bndbox>
    <confidence>0.834035</confidence>
  </object>
  <object>
    <name>TrafficLight</name>
    <bndbox>
      <xmin>1195</xmin>
      <ymin>308</ymin>
      <xmax>1261</xmax>
      <ymax>327</ymax>
    </bndbox>
    <confidence>0.852111</confidence>
  </object>
  <object>
    <name>Vehicle</name>
    <bndbox>
      <xmin>673</xmin>
      <ymin>547</ymin>
      <xmax>732</xmax>
      <ymax>586</ymax>
    </bndbox>
    <confidence>0.928838</confidence>
  </object>
  <object>
    <name>Vehicle</name>
    <bndbox>
      <xmin>1265</xmin>
      <ymin>494</ymin>
      <xmax>1542</xmax>
      <ymax>691</ymax>
    </bndbox>
    <confidence>0.967195</confidence>
  </object>
</annotation>
