<annotation>
  <folder>runs\detect\exp2</folder>
  <filename>2_20200615_112127_001230.jpg</filename>
  <source>
    <database>Unknown</database>
  </source>
  <size>
    <width>1920</width>
    <height>1080</height>
    <depth>3</depth>
  </size>
  <segmented>0</segmented>
  <object>
    <name>Pedestrian</name>
    <bndbox>
      <xmin>1366</xmin>
      <ymin>528</ymin>
      <xmax>1379</xmax>
      <ymax>573</ymax>
    </bndbox>
    <confidence>0.486076</confidence>
  </object>
  <object>
    <name>Pedestrian</name>
    <bndbox>
      <xmin>1829</xmin>
      <ymin>485</ymin>
      <xmax>1875</xmax>
      <ymax>626</ymax>
    </bndbox>
    <confidence>0.878498</confidence>
  </object>
</annotation>
