<annotation>
  <folder>runs\detect\exp2</folder>
  <filename>2_20200615_112127_001440.jpg</filename>
  <source>
    <database>Unknown</database>
  </source>
  <size>
    <width>1920</width>
    <height>1080</height>
    <depth>3</depth>
  </size>
  <segmented>0</segmented>
  <object>
    <name>TrafficLight</name>
    <bndbox>
      <xmin>1126</xmin>
      <ymin>380</ymin>
      <xmax>1176</xmax>
      <ymax>394</ymax>
    </bndbox>
    <confidence>0.772392</confidence>
  </object>
  <object>
    <name>Vehicle</name>
    <bndbox>
      <xmin>0</xmin>
      <ymin>573</ymin>
      <xmax>39</xmax>
      <ymax>661</ymax>
    </bndbox>
    <confidence>0.808586</confidence>
  </object>
  <object>
    <name>TrafficLight</name>
    <bndbox>
      <xmin>950</xmin>
      <ymin>32</ymin>
      <xmax>1100</xmax>
      <ymax>73</ymax>
    </bndbox>
    <confidence>0.904314</confidence>
  </object>
  <object>
    <name>TrafficLight</name>
    <bndbox>
      <xmin>1362</xmin>
      <ymin>25</ymin>
      <xmax>1507</xmax>
      <ymax>63</ymax>
    </bndbox>
    <confidence>0.915271</confidence>
  </object>
  <object>
    <name>TrafficSign</name>
    <bndbox>
      <xmin>1182</xmin>
      <ymin>5</ymin>
      <xmax>1274</xmax>
      <ymax>97</ymax>
    </bndbox>
    <confidence>0.944572</confidence>
  </object>
</annotation>
