<annotation>
  <folder>runs\detect\exp39</folder>
  <filename>2_20200615_112127_001290.jpg</filename>
  <source>
    <database>Unknown</database>
  </source>
  <size>
    <width>1920</width>
    <height>1080</height>
    <depth>3</depth>
  </size>
  <segmented>0</segmented>
  <object>
    <name>TrafficLight</name>
    <bndbox>
      <xmin>1027</xmin>
      <ymin>413</ymin>
      <xmax>1066</xmax>
      <ymax>425</ymax>
    </bndbox>
    <confidence>0.390104</confidence>
  </object>
  <object>
    <name>Pedestrian</name>
    <bndbox>
      <xmin>1466</xmin>
      <ymin>511</ymin>
      <xmax>1487</xmax>
      <ymax>575</ymax>
    </bndbox>
    <confidence>0.810662</confidence>
  </object>
</annotation>
