<annotation>
  <folder>runs\detect\exp39</folder>
  <filename>2_20200615_112127_004170.jpg</filename>
  <source>
    <database>Unknown</database>
  </source>
  <size>
    <width>1920</width>
    <height>1080</height>
    <depth>3</depth>
  </size>
  <segmented>0</segmented>
  <object>
    <name>Vehicle</name>
    <bndbox>
      <xmin>1543</xmin>
      <ymin>527</ymin>
      <xmax>1600</xmax>
      <ymax>566</ymax>
    </bndbox>
    <confidence>0.39705</confidence>
  </object>
  <object>
    <name>TrafficSign</name>
    <bndbox>
      <xmin>999</xmin>
      <ymin>424</ymin>
      <xmax>1075</xmax>
      <ymax>455</ymax>
    </bndbox>
    <confidence>0.763283</confidence>
  </object>
  <object>
    <name>Vehicle</name>
    <bndbox>
      <xmin>597</xmin>
      <ymin>523</ymin>
      <xmax>654</xmax>
      <ymax>572</ymax>
    </bndbox>
    <confidence>0.784783</confidence>
  </object>
  <object>
    <name>Vehicle</name>
    <bndbox>
      <xmin>1466</xmin>
      <ymin>523</ymin>
      <xmax>1519</xmax>
      <ymax>566</ymax>
    </bndbox>
    <confidence>0.80961</confidence>
  </object>
  <object>
    <name>Vehicle</name>
    <bndbox>
      <xmin>956</xmin>
      <ymin>537</ymin>
      <xmax>1025</xmax>
      <ymax>592</ymax>
    </bndbox>
    <confidence>0.926236</confidence>
  </object>
  <object>
    <name>Vehicle</name>
    <bndbox>
      <xmin>595</xmin>
      <ymin>528</ymin>
      <xmax>791</xmax>
      <ymax>673</ymax>
    </bndbox>
    <confidence>0.965002</confidence>
  </object>
</annotation>
