<annotation>
  <folder>runs\detect\exp2</folder>
  <filename>2_20200615_112127_001500.jpg</filename>
  <source>
    <database>Unknown</database>
  </source>
  <size>
    <width>1920</width>
    <height>1080</height>
    <depth>3</depth>
  </size>
  <segmented>0</segmented>
  <object>
    <name>Vehicle</name>
    <bndbox>
      <xmin>77</xmin>
      <ymin>524</ymin>
      <xmax>440</xmax>
      <ymax>659</ymax>
    </bndbox>
    <confidence>0.96553</confidence>
  </object>
</annotation>
