<annotation>
  <folder>runs\detect\exp2</folder>
  <filename>2_20200615_112127_003540.jpg</filename>
  <source>
    <database>Unknown</database>
  </source>
  <size>
    <width>1920</width>
    <height>1080</height>
    <depth>3</depth>
  </size>
  <segmented>0</segmented>
  <object>
    <name>Vehicle</name>
    <bndbox>
      <xmin>1010</xmin>
      <ymin>544</ymin>
      <xmax>1039</xmax>
      <ymax>569</ymax>
    </bndbox>
    <confidence>0.257281</confidence>
  </object>
  <object>
    <name>Vehicle</name>
    <bndbox>
      <xmin>874</xmin>
      <ymin>545</ymin>
      <xmax>903</xmax>
      <ymax>574</ymax>
    </bndbox>
    <confidence>0.734719</confidence>
  </object>
  <object>
    <name>TrafficSign</name>
    <bndbox>
      <xmin>1176</xmin>
      <ymin>489</ymin>
      <xmax>1206</xmax>
      <ymax>515</ymax>
    </bndbox>
    <confidence>0.851698</confidence>
  </object>
  <object>
    <name>Vehicle</name>
    <bndbox>
      <xmin>735</xmin>
      <ymin>551</ymin>
      <xmax>786</xmax>
      <ymax>592</ymax>
    </bndbox>
    <confidence>0.8605</confidence>
  </object>
  <object>
    <name>Vehicle</name>
    <bndbox>
      <xmin>965</xmin>
      <ymin>546</ymin>
      <xmax>999</xmax>
      <ymax>576</ymax>
    </bndbox>
    <confidence>0.866954</confidence>
  </object>
  <object>
    <name>Vehicle</name>
    <bndbox>
      <xmin>799</xmin>
      <ymin>540</ymin>
      <xmax>847</xmax>
      <ymax>587</ymax>
    </bndbox>
    <confidence>0.898495</confidence>
  </object>
  <object>
    <name>Vehicle</name>
    <bndbox>
      <xmin>637</xmin>
      <ymin>514</ymin>
      <xmax>717</xmax>
      <ymax>606</ymax>
    </bndbox>
    <confidence>0.931188</confidence>
  </object>
  <object>
    <name>Vehicle</name>
    <bndbox>
      <xmin>29</xmin>
      <ymin>542</ymin>
      <xmax>278</xmax>
      <ymax>697</ymax>
    </bndbox>
    <confidence>0.963058</confidence>
  </object>
  <object>
    <name>Vehicle</name>
    <bndbox>
      <xmin>268</xmin>
      <ymin>502</ymin>
      <xmax>538</xmax>
      <ymax>689</ymax>
    </bndbox>
    <confidence>0.968343</confidence>
  </object>
</annotation>
