<annotation>
  <folder>runs\detect\exp39</folder>
  <filename>2_20200615_112127_004320.jpg</filename>
  <source>
    <database>Unknown</database>
  </source>
  <size>
    <width>1920</width>
    <height>1080</height>
    <depth>3</depth>
  </size>
  <segmented>0</segmented>
  <object>
    <name>Vehicle</name>
    <bndbox>
      <xmin>1711</xmin>
      <ymin>456</ymin>
      <xmax>1919</xmax>
      <ymax>561</ymax>
    </bndbox>
    <confidence>0.402013</confidence>
  </object>
  <object>
    <name>Vehicle</name>
    <bndbox>
      <xmin>1051</xmin>
      <ymin>531</ymin>
      <xmax>1076</xmax>
      <ymax>573</ymax>
    </bndbox>
    <confidence>0.55861</confidence>
  </object>
  <object>
    <name>Vehicle</name>
    <bndbox>
      <xmin>1</xmin>
      <ymin>481</ymin>
      <xmax>126</xmax>
      <ymax>673</ymax>
    </bndbox>
    <confidence>0.714424</confidence>
  </object>
  <object>
    <name>Vehicle</name>
    <bndbox>
      <xmin>1059</xmin>
      <ymin>519</ymin>
      <xmax>1166</xmax>
      <ymax>606</ymax>
    </bndbox>
    <confidence>0.948463</confidence>
  </object>
  <object>
    <name>Vehicle</name>
    <bndbox>
      <xmin>830</xmin>
      <ymin>525</ymin>
      <xmax>964</xmax>
      <ymax>630</ymax>
    </bndbox>
    <confidence>0.959946</confidence>
  </object>
  <object>
    <name>Vehicle</name>
    <bndbox>
      <xmin>235</xmin>
      <ymin>480</ymin>
      <xmax>496</xmax>
      <ymax>630</ymax>
    </bndbox>
    <confidence>0.96111</confidence>
  </object>
</annotation>
