<annotation>
  <folder>runs\detect\exp2</folder>
  <filename>2_20200615_112127_000660.jpg</filename>
  <source>
    <database>Unknown</database>
  </source>
  <size>
    <width>1920</width>
    <height>1080</height>
    <depth>3</depth>
  </size>
  <segmented>0</segmented>
  <object>
    <name>Vehicle</name>
    <bndbox>
      <xmin>967</xmin>
      <ymin>529</ymin>
      <xmax>1005</xmax>
      <ymax>569</ymax>
    </bndbox>
    <confidence>0.873473</confidence>
  </object>
  <object>
    <name>Vehicle</name>
    <bndbox>
      <xmin>887</xmin>
      <ymin>540</ymin>
      <xmax>931</xmax>
      <ymax>577</ymax>
    </bndbox>
    <confidence>0.893638</confidence>
  </object>
  <object>
    <name>Vehicle</name>
    <bndbox>
      <xmin>689</xmin>
      <ymin>549</ymin>
      <xmax>759</xmax>
      <ymax>600</ymax>
    </bndbox>
    <confidence>0.943601</confidence>
  </object>
  <object>
    <name>Vehicle</name>
    <bndbox>
      <xmin>19</xmin>
      <ymin>471</ymin>
      <xmax>285</xmax>
      <ymax>622</ymax>
    </bndbox>
    <confidence>0.950237</confidence>
  </object>
  <object>
    <name>Vehicle</name>
    <bndbox>
      <xmin>380</xmin>
      <ymin>525</ymin>
      <xmax>557</xmax>
      <ymax>646</ymax>
    </bndbox>
    <confidence>0.952673</confidence>
  </object>
</annotation>
