<annotation>
  <folder>runs\detect\exp2</folder>
  <filename>2_20200615_112127_000630.jpg</filename>
  <source>
    <database>Unknown</database>
  </source>
  <size>
    <width>1920</width>
    <height>1080</height>
    <depth>3</depth>
  </size>
  <segmented>0</segmented>
  <object>
    <name>Vehicle</name>
    <bndbox>
      <xmin>982</xmin>
      <ymin>541</ymin>
      <xmax>1016</xmax>
      <ymax>569</ymax>
    </bndbox>
    <confidence>0.827343</confidence>
  </object>
  <object>
    <name>Vehicle</name>
    <bndbox>
      <xmin>1042</xmin>
      <ymin>531</ymin>
      <xmax>1072</xmax>
      <ymax>563</ymax>
    </bndbox>
    <confidence>0.832363</confidence>
  </object>
  <object>
    <name>Vehicle</name>
    <bndbox>
      <xmin>864</xmin>
      <ymin>548</ymin>
      <xmax>906</xmax>
      <ymax>581</ymax>
    </bndbox>
    <confidence>0.909954</confidence>
  </object>
  <object>
    <name>Vehicle</name>
    <bndbox>
      <xmin>753</xmin>
      <ymin>534</ymin>
      <xmax>825</xmax>
      <ymax>594</ymax>
    </bndbox>
    <confidence>0.912992</confidence>
  </object>
  <object>
    <name>Vehicle</name>
    <bndbox>
      <xmin>305</xmin>
      <ymin>490</ymin>
      <xmax>488</xmax>
      <ymax>593</ymax>
    </bndbox>
    <confidence>0.921063</confidence>
  </object>
  <object>
    <name>Vehicle</name>
    <bndbox>
      <xmin>214</xmin>
      <ymin>555</ymin>
      <xmax>426</xmax>
      <ymax>668</ymax>
    </bndbox>
    <confidence>0.96691</confidence>
  </object>
</annotation>
