<annotation>
  <folder>runs\detect\exp39</folder>
  <filename>2_20200615_112127_000840.jpg</filename>
  <source>
    <database>Unknown</database>
  </source>
  <size>
    <width>1920</width>
    <height>1080</height>
    <depth>3</depth>
  </size>
  <segmented>0</segmented>
  <object>
    <name>Vehicle</name>
    <bndbox>
      <xmin>1219</xmin>
      <ymin>538</ymin>
      <xmax>1274</xmax>
      <ymax>587</ymax>
    </bndbox>
    <confidence>0.89708</confidence>
  </object>
  <object>
    <name>Vehicle</name>
    <bndbox>
      <xmin>586</xmin>
      <ymin>555</ymin>
      <xmax>651</xmax>
      <ymax>596</ymax>
    </bndbox>
    <confidence>0.930026</confidence>
  </object>
  <object>
    <name>Vehicle</name>
    <bndbox>
      <xmin>0</xmin>
      <ymin>416</ymin>
      <xmax>176</xmax>
      <ymax>721</ymax>
    </bndbox>
    <confidence>0.956111</confidence>
  </object>
</annotation>
