<annotation>
  <folder>runs\detect\exp2</folder>
  <filename>2_20200615_112127_003390.jpg</filename>
  <source>
    <database>Unknown</database>
  </source>
  <size>
    <width>1920</width>
    <height>1080</height>
    <depth>3</depth>
  </size>
  <segmented>0</segmented>
  <object>
    <name>Vehicle</name>
    <bndbox>
      <xmin>443</xmin>
      <ymin>451</ymin>
      <xmax>496</xmax>
      <ymax>487</ymax>
    </bndbox>
    <confidence>0.690978</confidence>
  </object>
  <object>
    <name>Vehicle</name>
    <bndbox>
      <xmin>298</xmin>
      <ymin>436</ymin>
      <xmax>371</xmax>
      <ymax>487</ymax>
    </bndbox>
    <confidence>0.706204</confidence>
  </object>
  <object>
    <name>Vehicle</name>
    <bndbox>
      <xmin>203</xmin>
      <ymin>440</ymin>
      <xmax>304</xmax>
      <ymax>486</ymax>
    </bndbox>
    <confidence>0.849785</confidence>
  </object>
  <object>
    <name>Vehicle</name>
    <bndbox>
      <xmin>752</xmin>
      <ymin>541</ymin>
      <xmax>797</xmax>
      <ymax>587</ymax>
    </bndbox>
    <confidence>0.893967</confidence>
  </object>
  <object>
    <name>Vehicle</name>
    <bndbox>
      <xmin>616</xmin>
      <ymin>534</ymin>
      <xmax>681</xmax>
      <ymax>602</ymax>
    </bndbox>
    <confidence>0.906946</confidence>
  </object>
  <object>
    <name>TrafficSign</name>
    <bndbox>
      <xmin>1844</xmin>
      <ymin>337</ymin>
      <xmax>1897</xmax>
      <ymax>397</ymax>
    </bndbox>
    <confidence>0.907854</confidence>
  </object>
  <object>
    <name>Vehicle</name>
    <bndbox>
      <xmin>1017</xmin>
      <ymin>547</ymin>
      <xmax>1072</xmax>
      <ymax>591</ymax>
    </bndbox>
    <confidence>0.927445</confidence>
  </object>
  <object>
    <name>TrafficSign</name>
    <bndbox>
      <xmin>1511</xmin>
      <ymin>0</ymin>
      <xmax>1598</xmax>
      <ymax>79</ymax>
    </bndbox>
    <confidence>0.944331</confidence>
  </object>
</annotation>
