<annotation>
  <folder>runs\detect\exp39</folder>
  <filename>2_20200615_112127_003510.jpg</filename>
  <source>
    <database>Unknown</database>
  </source>
  <size>
    <width>1920</width>
    <height>1080</height>
    <depth>3</depth>
  </size>
  <segmented>0</segmented>
  <object>
    <name>Vehicle</name>
    <bndbox>
      <xmin>899</xmin>
      <ymin>538</ymin>
      <xmax>926</xmax>
      <ymax>566</ymax>
    </bndbox>
    <confidence>0.370874</confidence>
  </object>
  <object>
    <name>Vehicle</name>
    <bndbox>
      <xmin>814</xmin>
      <ymin>546</ymin>
      <xmax>848</xmax>
      <ymax>575</ymax>
    </bndbox>
    <confidence>0.865671</confidence>
  </object>
  <object>
    <name>Vehicle</name>
    <bndbox>
      <xmin>868</xmin>
      <ymin>541</ymin>
      <xmax>902</xmax>
      <ymax>571</ymax>
    </bndbox>
    <confidence>0.874993</confidence>
  </object>
  <object>
    <name>Vehicle</name>
    <bndbox>
      <xmin>978</xmin>
      <ymin>542</ymin>
      <xmax>1015</xmax>
      <ymax>574</ymax>
    </bndbox>
    <confidence>0.882584</confidence>
  </object>
  <object>
    <name>Vehicle</name>
    <bndbox>
      <xmin>743</xmin>
      <ymin>523</ymin>
      <xmax>818</xmax>
      <ymax>596</ymax>
    </bndbox>
    <confidence>0.907462</confidence>
  </object>
  <object>
    <name>Vehicle</name>
    <bndbox>
      <xmin>1</xmin>
      <ymin>554</ymin>
      <xmax>83</xmax>
      <ymax>724</ymax>
    </bndbox>
    <confidence>0.91595</confidence>
  </object>
  <object>
    <name>Vehicle</name>
    <bndbox>
      <xmin>612</xmin>
      <ymin>543</ymin>
      <xmax>694</xmax>
      <ymax>605</ymax>
    </bndbox>
    <confidence>0.944229</confidence>
  </object>
</annotation>
