<annotation>
  <folder>runs\detect\exp39</folder>
  <filename>2_20200615_112127_003960.jpg</filename>
  <source>
    <database>Unknown</database>
  </source>
  <size>
    <width>1920</width>
    <height>1080</height>
    <depth>3</depth>
  </size>
  <segmented>0</segmented>
  <object>
    <name>TrafficSign</name>
    <bndbox>
      <xmin>1308</xmin>
      <ymin>405</ymin>
      <xmax>1340</xmax>
      <ymax>435</ymax>
    </bndbox>
    <confidence>0.703974</confidence>
  </object>
  <object>
    <name>Vehicle</name>
    <bndbox>
      <xmin>839</xmin>
      <ymin>520</ymin>
      <xmax>878</xmax>
      <ymax>551</ymax>
    </bndbox>
    <confidence>0.767013</confidence>
  </object>
  <object>
    <name>Vehicle</name>
    <bndbox>
      <xmin>1047</xmin>
      <ymin>524</ymin>
      <xmax>1095</xmax>
      <ymax>565</ymax>
    </bndbox>
    <confidence>0.894936</confidence>
  </object>
  <object>
    <name>Vehicle</name>
    <bndbox>
      <xmin>1</xmin>
      <ymin>465</ymin>
      <xmax>359</xmax>
      <ymax>983</ymax>
    </bndbox>
    <confidence>0.921526</confidence>
  </object>
</annotation>
