<annotation>
  <folder>runs\detect\exp39</folder>
  <filename>2_20200615_112127_004110.jpg</filename>
  <source>
    <database>Unknown</database>
  </source>
  <size>
    <width>1920</width>
    <height>1080</height>
    <depth>3</depth>
  </size>
  <segmented>0</segmented>
  <object>
    <name>Vehicle</name>
    <bndbox>
      <xmin>1340</xmin>
      <ymin>531</ymin>
      <xmax>1373</xmax>
      <ymax>560</ymax>
    </bndbox>
    <confidence>0.280694</confidence>
  </object>
  <object>
    <name>Vehicle</name>
    <bndbox>
      <xmin>959</xmin>
      <ymin>538</ymin>
      <xmax>988</xmax>
      <ymax>563</ymax>
    </bndbox>
    <confidence>0.625903</confidence>
  </object>
  <object>
    <name>Vehicle</name>
    <bndbox>
      <xmin>703</xmin>
      <ymin>524</ymin>
      <xmax>745</xmax>
      <ymax>573</ymax>
    </bndbox>
    <confidence>0.690431</confidence>
  </object>
  <object>
    <name>Vehicle</name>
    <bndbox>
      <xmin>736</xmin>
      <ymin>525</ymin>
      <xmax>777</xmax>
      <ymax>567</ymax>
    </bndbox>
    <confidence>0.827006</confidence>
  </object>
  <object>
    <name>Vehicle</name>
    <bndbox>
      <xmin>991</xmin>
      <ymin>535</ymin>
      <xmax>1057</xmax>
      <ymax>584</ymax>
    </bndbox>
    <confidence>0.914235</confidence>
  </object>
  <object>
    <name>Vehicle</name>
    <bndbox>
      <xmin>496</xmin>
      <ymin>516</ymin>
      <xmax>756</xmax>
      <ymax>699</ymax>
    </bndbox>
    <confidence>0.965528</confidence>
  </object>
</annotation>
