<annotation>
  <folder>runs\detect\exp2</folder>
  <filename>2_20200615_112127_003330.jpg</filename>
  <source>
    <database>Unknown</database>
  </source>
  <size>
    <width>1920</width>
    <height>1080</height>
    <depth>3</depth>
  </size>
  <segmented>0</segmented>
  <object>
    <name>TrafficSign</name>
    <bndbox>
      <xmin>1389</xmin>
      <ymin>472</ymin>
      <xmax>1415</xmax>
      <ymax>499</ymax>
    </bndbox>
    <confidence>0.552601</confidence>
  </object>
  <object>
    <name>TrafficSign</name>
    <bndbox>
      <xmin>1241</xmin>
      <ymin>494</ymin>
      <xmax>1265</xmax>
      <ymax>529</ymax>
    </bndbox>
    <confidence>0.583457</confidence>
  </object>
  <object>
    <name>Vehicle</name>
    <bndbox>
      <xmin>825</xmin>
      <ymin>565</ymin>
      <xmax>853</xmax>
      <ymax>593</ymax>
    </bndbox>
    <confidence>0.590861</confidence>
  </object>
  <object>
    <name>Vehicle</name>
    <bndbox>
      <xmin>755</xmin>
      <ymin>559</ymin>
      <xmax>787</xmax>
      <ymax>601</ymax>
    </bndbox>
    <confidence>0.805963</confidence>
  </object>
  <object>
    <name>TrafficSign</name>
    <bndbox>
      <xmin>1227</xmin>
      <ymin>306</ymin>
      <xmax>1270</xmax>
      <ymax>350</ymax>
    </bndbox>
    <confidence>0.922105</confidence>
  </object>
  <object>
    <name>Vehicle</name>
    <bndbox>
      <xmin>1028</xmin>
      <ymin>559</ymin>
      <xmax>1097</xmax>
      <ymax>616</ymax>
    </bndbox>
    <confidence>0.93385</confidence>
  </object>
</annotation>
