<annotation>
  <folder>runs\detect\exp39</folder>
  <filename>2_20200615_112127_003600.jpg</filename>
  <source>
    <database>Unknown</database>
  </source>
  <size>
    <width>1920</width>
    <height>1080</height>
    <depth>3</depth>
  </size>
  <segmented>0</segmented>
  <object>
    <name>Vehicle</name>
    <bndbox>
      <xmin>723</xmin>
      <ymin>563</ymin>
      <xmax>749</xmax>
      <ymax>593</ymax>
    </bndbox>
    <confidence>0.400315</confidence>
  </object>
  <object>
    <name>Vehicle</name>
    <bndbox>
      <xmin>1018</xmin>
      <ymin>552</ymin>
      <xmax>1049</xmax>
      <ymax>578</ymax>
    </bndbox>
    <confidence>0.605714</confidence>
  </object>
  <object>
    <name>Vehicle</name>
    <bndbox>
      <xmin>787</xmin>
      <ymin>551</ymin>
      <xmax>815</xmax>
      <ymax>587</ymax>
    </bndbox>
    <confidence>0.658104</confidence>
  </object>
  <object>
    <name>Vehicle</name>
    <bndbox>
      <xmin>185</xmin>
      <ymin>541</ymin>
      <xmax>231</xmax>
      <ymax>590</ymax>
    </bndbox>
    <confidence>0.737275</confidence>
  </object>
  <object>
    <name>Vehicle</name>
    <bndbox>
      <xmin>975</xmin>
      <ymin>555</ymin>
      <xmax>1006</xmax>
      <ymax>582</ymax>
    </bndbox>
    <confidence>0.82571</confidence>
  </object>
  <object>
    <name>Vehicle</name>
    <bndbox>
      <xmin>813</xmin>
      <ymin>533</ymin>
      <xmax>864</xmax>
      <ymax>595</ymax>
    </bndbox>
    <confidence>0.880772</confidence>
  </object>
  <object>
    <name>Vehicle</name>
    <bndbox>
      <xmin>656</xmin>
      <ymin>531</ymin>
      <xmax>737</xmax>
      <ymax>611</ymax>
    </bndbox>
    <confidence>0.899066</confidence>
  </object>
  <object>
    <name>Vehicle</name>
    <bndbox>
      <xmin>512</xmin>
      <ymin>524</ymin>
      <xmax>605</xmax>
      <ymax>601</ymax>
    </bndbox>
    <confidence>0.902787</confidence>
  </object>
  <object>
    <name>Vehicle</name>
    <bndbox>
      <xmin>741</xmin>
      <ymin>559</ymin>
      <xmax>791</xmax>
      <ymax>598</ymax>
    </bndbox>
    <confidence>0.905323</confidence>
  </object>
  <object>
    <name>TrafficSign</name>
    <bndbox>
      <xmin>1430</xmin>
      <ymin>423</ymin>
      <xmax>1495</xmax>
      <ymax>480</ymax>
    </bndbox>
    <confidence>0.9073</confidence>
  </object>
  <object>
    <name>Vehicle</name>
    <bndbox>
      <xmin>510</xmin>
      <ymin>555</ymin>
      <xmax>648</xmax>
      <ymax>645</ymax>
    </bndbox>
    <confidence>0.951381</confidence>
  </object>
  <object>
    <name>Vehicle</name>
    <bndbox>
      <xmin>232</xmin>
      <ymin>544</ymin>
      <xmax>410</xmax>
      <ymax>669</ymax>
    </bndbox>
    <confidence>0.95262</confidence>
  </object>
  <object>
    <name>Vehicle</name>
    <bndbox>
      <xmin>1</xmin>
      <ymin>462</ymin>
      <xmax>271</xmax>
      <ymax>779</ymax>
    </bndbox>
    <confidence>0.952863</confidence>
  </object>
</annotation>
