<annotation>
  <folder>runs\detect\exp39</folder>
  <filename>2_20200615_112127_004380.jpg</filename>
  <source>
    <database>Unknown</database>
  </source>
  <size>
    <width>1920</width>
    <height>1080</height>
    <depth>3</depth>
  </size>
  <segmented>0</segmented>
  <object>
    <name>Vehicle</name>
    <bndbox>
      <xmin>1154</xmin>
      <ymin>498</ymin>
      <xmax>1271</xmax>
      <ymax>534</ymax>
    </bndbox>
    <confidence>0.38704</confidence>
  </object>
  <object>
    <name>Vehicle</name>
    <bndbox>
      <xmin>1085</xmin>
      <ymin>541</ymin>
      <xmax>1148</xmax>
      <ymax>599</ymax>
    </bndbox>
    <confidence>0.91315</confidence>
  </object>
  <object>
    <name>Vehicle</name>
    <bndbox>
      <xmin>910</xmin>
      <ymin>537</ymin>
      <xmax>1043</xmax>
      <ymax>645</ymax>
    </bndbox>
    <confidence>0.957686</confidence>
  </object>
  <object>
    <name>Vehicle</name>
    <bndbox>
      <xmin>1126</xmin>
      <ymin>521</ymin>
      <xmax>1299</xmax>
      <ymax>653</ymax>
    </bndbox>
    <confidence>0.959068</confidence>
  </object>
</annotation>
