<annotation>
  <folder>runs\detect\exp39</folder>
  <filename>2_20200615_112127_001470.jpg</filename>
  <source>
    <database>Unknown</database>
  </source>
  <size>
    <width>1920</width>
    <height>1080</height>
    <depth>3</depth>
  </size>
  <segmented>0</segmented>
  <object>
    <name>TrafficLight</name>
    <bndbox>
      <xmin>1168</xmin>
      <ymin>347</ymin>
      <xmax>1223</xmax>
      <ymax>363</ymax>
    </bndbox>
    <confidence>0.805385</confidence>
  </object>
  <object>
    <name>Vehicle</name>
    <bndbox>
      <xmin>0</xmin>
      <ymin>548</ymin>
      <xmax>170</xmax>
      <ymax>658</ymax>
    </bndbox>
    <confidence>0.954281</confidence>
  </object>
</annotation>
