<annotation>
  <folder>runs\detect\exp39</folder>
  <filename>2_20200615_112127_000780.jpg</filename>
  <source>
    <database>Unknown</database>
  </source>
  <size>
    <width>1920</width>
    <height>1080</height>
    <depth>3</depth>
  </size>
  <segmented>0</segmented>
  <object>
    <name>Vehicle</name>
    <bndbox>
      <xmin>1188</xmin>
      <ymin>550</ymin>
      <xmax>1230</xmax>
      <ymax>581</ymax>
    </bndbox>
    <confidence>0.822604</confidence>
  </object>
  <object>
    <name>Vehicle</name>
    <bndbox>
      <xmin>772</xmin>
      <ymin>560</ymin>
      <xmax>813</xmax>
      <ymax>588</ymax>
    </bndbox>
    <confidence>0.84414</confidence>
  </object>
  <object>
    <name>Vehicle</name>
    <bndbox>
      <xmin>859</xmin>
      <ymin>531</ymin>
      <xmax>911</xmax>
      <ymax>588</ymax>
    </bndbox>
    <confidence>0.91533</confidence>
  </object>
</annotation>
