<annotation>
  <folder>runs\detect\exp2</folder>
  <filename>2_20200615_112127_004560.jpg</filename>
  <source>
    <database>Unknown</database>
  </source>
  <size>
    <width>1920</width>
    <height>1080</height>
    <depth>3</depth>
  </size>
  <segmented>0</segmented>
  <object>
    <name>Vehicle</name>
    <bndbox>
      <xmin>1</xmin>
      <ymin>516</ymin>
      <xmax>34</xmax>
      <ymax>561</ymax>
    </bndbox>
    <confidence>0.673529</confidence>
  </object>
  <object>
    <name>Vehicle</name>
    <bndbox>
      <xmin>134</xmin>
      <ymin>495</ymin>
      <xmax>278</xmax>
      <ymax>569</ymax>
    </bndbox>
    <confidence>0.810689</confidence>
  </object>
  <object>
    <name>TrafficLight</name>
    <bndbox>
      <xmin>1108</xmin>
      <ymin>334</ymin>
      <xmax>1170</xmax>
      <ymax>353</ymax>
    </bndbox>
    <confidence>0.828054</confidence>
  </object>
  <object>
    <name>TrafficLight</name>
    <bndbox>
      <xmin>1287</xmin>
      <ymin>332</ymin>
      <xmax>1352</xmax>
      <ymax>350</ymax>
    </bndbox>
    <confidence>0.854085</confidence>
  </object>
  <object>
    <name>Vehicle</name>
    <bndbox>
      <xmin>1688</xmin>
      <ymin>308</ymin>
      <xmax>1921</xmax>
      <ymax>984</ymax>
    </bndbox>
    <confidence>0.89185</confidence>
  </object>
  <object>
    <name>TrafficSign</name>
    <bndbox>
      <xmin>1175</xmin>
      <ymin>310</ymin>
      <xmax>1216</xmax>
      <ymax>351</ymax>
    </bndbox>
    <confidence>0.916573</confidence>
  </object>
  <object>
    <name>Vehicle</name>
    <bndbox>
      <xmin>536</xmin>
      <ymin>523</ymin>
      <xmax>656</xmax>
      <ymax>569</ymax>
    </bndbox>
    <confidence>0.945353</confidence>
  </object>
  <object>
    <name>Vehicle</name>
    <bndbox>
      <xmin>1080</xmin>
      <ymin>538</ymin>
      <xmax>1186</xmax>
      <ymax>625</ymax>
    </bndbox>
    <confidence>0.952246</confidence>
  </object>
  <object>
    <name>Vehicle</name>
    <bndbox>
      <xmin>1258</xmin>
      <ymin>405</ymin>
      <xmax>1628</xmax>
      <ymax>645</ymax>
    </bndbox>
    <confidence>0.956183</confidence>
  </object>
  <object>
    <name>Vehicle</name>
    <bndbox>
      <xmin>859</xmin>
      <ymin>521</ymin>
      <xmax>1067</xmax>
      <ymax>699</ymax>
    </bndbox>
    <confidence>0.966131</confidence>
  </object>
  <object>
    <name>Vehicle</name>
    <bndbox>
      <xmin>1162</xmin>
      <ymin>512</ymin>
      <xmax>1388</xmax>
      <ymax>682</ymax>
    </bndbox>
    <confidence>0.969844</confidence>
  </object>
</annotation>
