<annotation>
  <folder>runs\detect\exp2</folder>
  <filename>2_20200615_112127_003780.jpg</filename>
  <source>
    <database>Unknown</database>
  </source>
  <size>
    <width>1920</width>
    <height>1080</height>
    <depth>3</depth>
  </size>
  <segmented>0</segmented>
  <object>
    <name>Vehicle</name>
    <bndbox>
      <xmin>428</xmin>
      <ymin>578</ymin>
      <xmax>461</xmax>
      <ymax>605</ymax>
    </bndbox>
    <confidence>0.290728</confidence>
  </object>
  <object>
    <name>Vehicle</name>
    <bndbox>
      <xmin>1133</xmin>
      <ymin>568</ymin>
      <xmax>1157</xmax>
      <ymax>609</ymax>
    </bndbox>
    <confidence>0.372398</confidence>
  </object>
  <object>
    <name>Vehicle</name>
    <bndbox>
      <xmin>496</xmin>
      <ymin>519</ymin>
      <xmax>582</xmax>
      <ymax>600</ymax>
    </bndbox>
    <confidence>0.763213</confidence>
  </object>
  <object>
    <name>Vehicle</name>
    <bndbox>
      <xmin>1118</xmin>
      <ymin>568</ymin>
      <xmax>1149</xmax>
      <ymax>608</ymax>
    </bndbox>
    <confidence>0.795659</confidence>
  </object>
  <object>
    <name>Vehicle</name>
    <bndbox>
      <xmin>994</xmin>
      <ymin>566</ymin>
      <xmax>1033</xmax>
      <ymax>596</ymax>
    </bndbox>
    <confidence>0.871742</confidence>
  </object>
  <object>
    <name>Vehicle</name>
    <bndbox>
      <xmin>1144</xmin>
      <ymin>559</ymin>
      <xmax>1211</xmax>
      <ymax>614</ymax>
    </bndbox>
    <confidence>0.875845</confidence>
  </object>
  <object>
    <name>Vehicle</name>
    <bndbox>
      <xmin>1073</xmin>
      <ymin>568</ymin>
      <xmax>1107</xmax>
      <ymax>598</ymax>
    </bndbox>
    <confidence>0.890608</confidence>
  </object>
  <object>
    <name>Vehicle</name>
    <bndbox>
      <xmin>1096</xmin>
      <ymin>569</ymin>
      <xmax>1129</xmax>
      <ymax>603</ymax>
    </bndbox>
    <confidence>0.899073</confidence>
  </object>
  <object>
    <name>Vehicle</name>
    <bndbox>
      <xmin>1174</xmin>
      <ymin>569</ymin>
      <xmax>1232</xmax>
      <ymax>621</ymax>
    </bndbox>
    <confidence>0.911838</confidence>
  </object>
  <object>
    <name>Vehicle</name>
    <bndbox>
      <xmin>754</xmin>
      <ymin>565</ymin>
      <xmax>800</xmax>
      <ymax>604</ymax>
    </bndbox>
    <confidence>0.914589</confidence>
  </object>
  <object>
    <name>Vehicle</name>
    <bndbox>
      <xmin>276</xmin>
      <ymin>583</ymin>
      <xmax>375</xmax>
      <ymax>638</ymax>
    </bndbox>
    <confidence>0.92061</confidence>
  </object>
  <object>
    <name>Vehicle</name>
    <bndbox>
      <xmin>1211</xmin>
      <ymin>569</ymin>
      <xmax>1283</xmax>
      <ymax>628</ymax>
    </bndbox>
    <confidence>0.933765</confidence>
  </object>
  <object>
    <name>Vehicle</name>
    <bndbox>
      <xmin>1686</xmin>
      <ymin>522</ymin>
      <xmax>1809</xmax>
      <ymax>604</ymax>
    </bndbox>
    <confidence>0.944906</confidence>
  </object>
  <object>
    <name>Vehicle</name>
    <bndbox>
      <xmin>1797</xmin>
      <ymin>520</ymin>
      <xmax>1914</xmax>
      <ymax>595</ymax>
    </bndbox>
    <confidence>0.945803</confidence>
  </object>
  <object>
    <name>Vehicle</name>
    <bndbox>
      <xmin>1255</xmin>
      <ymin>567</ymin>
      <xmax>1366</xmax>
      <ymax>634</ymax>
    </bndbox>
    <confidence>0.95011</confidence>
  </object>
  <object>
    <name>Vehicle</name>
    <bndbox>
      <xmin>1564</xmin>
      <ymin>541</ymin>
      <xmax>1704</xmax>
      <ymax>614</ymax>
    </bndbox>
    <confidence>0.953156</confidence>
  </object>
</annotation>
