<annotation>
  <folder>runs\detect\exp2</folder>
  <filename>2_20200615_112127_004290.jpg</filename>
  <source>
    <database>Unknown</database>
  </source>
  <size>
    <width>1920</width>
    <height>1080</height>
    <depth>3</depth>
  </size>
  <segmented>0</segmented>
  <object>
    <name>TrafficSign</name>
    <bndbox>
      <xmin>1141</xmin>
      <ymin>153</ymin>
      <xmax>1200</xmax>
      <ymax>237</ymax>
    </bndbox>
    <confidence>0.356584</confidence>
  </object>
  <object>
    <name>Vehicle</name>
    <bndbox>
      <xmin>1697</xmin>
      <ymin>493</ymin>
      <xmax>1820</xmax>
      <ymax>572</ymax>
    </bndbox>
    <confidence>0.435086</confidence>
  </object>
  <object>
    <name>Vehicle</name>
    <bndbox>
      <xmin>1024</xmin>
      <ymin>515</ymin>
      <xmax>1104</xmax>
      <ymax>562</ymax>
    </bndbox>
    <confidence>0.462633</confidence>
  </object>
  <object>
    <name>TrafficSign</name>
    <bndbox>
      <xmin>1139</xmin>
      <ymin>151</ymin>
      <xmax>1377</xmax>
      <ymax>240</ymax>
    </bndbox>
    <confidence>0.919599</confidence>
  </object>
  <object>
    <name>Vehicle</name>
    <bndbox>
      <xmin>1010</xmin>
      <ymin>532</ymin>
      <xmax>1103</xmax>
      <ymax>606</ymax>
    </bndbox>
    <confidence>0.932898</confidence>
  </object>
  <object>
    <name>Vehicle</name>
    <bndbox>
      <xmin>69</xmin>
      <ymin>474</ymin>
      <xmax>367</xmax>
      <ymax>646</ymax>
    </bndbox>
    <confidence>0.946833</confidence>
  </object>
  <object>
    <name>Vehicle</name>
    <bndbox>
      <xmin>395</xmin>
      <ymin>500</ymin>
      <xmax>573</xmax>
      <ymax>613</ymax>
    </bndbox>
    <confidence>0.958744</confidence>
  </object>
  <object>
    <name>Vehicle</name>
    <bndbox>
      <xmin>758</xmin>
      <ymin>531</ymin>
      <xmax>901</xmax>
      <ymax>641</ymax>
    </bndbox>
    <confidence>0.963699</confidence>
  </object>
</annotation>
