<annotation>
  <folder>runs\detect\exp2</folder>
  <filename>2_20200615_112127_003930.jpg</filename>
  <source>
    <database>Unknown</database>
  </source>
  <size>
    <width>1920</width>
    <height>1080</height>
    <depth>3</depth>
  </size>
  <segmented>0</segmented>
  <object>
    <name>Vehicle</name>
    <bndbox>
      <xmin>847</xmin>
      <ymin>519</ymin>
      <xmax>882</xmax>
      <ymax>548</ymax>
    </bndbox>
    <confidence>0.70916</confidence>
  </object>
  <object>
    <name>Vehicle</name>
    <bndbox>
      <xmin>0</xmin>
      <ymin>651</ymin>
      <xmax>68</xmax>
      <ymax>968</ymax>
    </bndbox>
    <confidence>0.77536</confidence>
  </object>
  <object>
    <name>Vehicle</name>
    <bndbox>
      <xmin>1037</xmin>
      <ymin>525</ymin>
      <xmax>1083</xmax>
      <ymax>564</ymax>
    </bndbox>
    <confidence>0.880043</confidence>
  </object>
  <object>
    <name>Vehicle</name>
    <bndbox>
      <xmin>1666</xmin>
      <ymin>521</ymin>
      <xmax>1921</xmax>
      <ymax>727</ymax>
    </bndbox>
    <confidence>0.966606</confidence>
  </object>
</annotation>
