<annotation>
  <folder>runs\detect\exp2</folder>
  <filename>2_20200615_112127_003720.jpg</filename>
  <source>
    <database>Unknown</database>
  </source>
  <size>
    <width>1920</width>
    <height>1080</height>
    <depth>3</depth>
  </size>
  <segmented>0</segmented>
  <object>
    <name>Vehicle</name>
    <bndbox>
      <xmin>449</xmin>
      <ymin>527</ymin>
      <xmax>536</xmax>
      <ymax>589</ymax>
    </bndbox>
    <confidence>0.348873</confidence>
  </object>
  <object>
    <name>Vehicle</name>
    <bndbox>
      <xmin>842</xmin>
      <ymin>533</ymin>
      <xmax>868</xmax>
      <ymax>558</ymax>
    </bndbox>
    <confidence>0.448435</confidence>
  </object>
  <object>
    <name>Vehicle</name>
    <bndbox>
      <xmin>536</xmin>
      <ymin>546</ymin>
      <xmax>581</xmax>
      <ymax>585</ymax>
    </bndbox>
    <confidence>0.526054</confidence>
  </object>
  <object>
    <name>TrafficSign</name>
    <bndbox>
      <xmin>1390</xmin>
      <ymin>449</ymin>
      <xmax>1419</xmax>
      <ymax>483</ymax>
    </bndbox>
    <confidence>0.78321</confidence>
  </object>
  <object>
    <name>Vehicle</name>
    <bndbox>
      <xmin>1090</xmin>
      <ymin>535</ymin>
      <xmax>1131</xmax>
      <ymax>573</ymax>
    </bndbox>
    <confidence>0.80802</confidence>
  </object>
  <object>
    <name>TrafficSign</name>
    <bndbox>
      <xmin>1386</xmin>
      <ymin>415</ymin>
      <xmax>1416</xmax>
      <ymax>450</ymax>
    </bndbox>
    <confidence>0.82219</confidence>
  </object>
  <object>
    <name>Vehicle</name>
    <bndbox>
      <xmin>1441</xmin>
      <ymin>512</ymin>
      <xmax>1512</xmax>
      <ymax>557</ymax>
    </bndbox>
    <confidence>0.84888</confidence>
  </object>
  <object>
    <name>Vehicle</name>
    <bndbox>
      <xmin>1118</xmin>
      <ymin>541</ymin>
      <xmax>1151</xmax>
      <ymax>576</ymax>
    </bndbox>
    <confidence>0.850758</confidence>
  </object>
  <object>
    <name>Vehicle</name>
    <bndbox>
      <xmin>994</xmin>
      <ymin>535</ymin>
      <xmax>1030</xmax>
      <ymax>565</ymax>
    </bndbox>
    <confidence>0.852036</confidence>
  </object>
  <object>
    <name>Vehicle</name>
    <bndbox>
      <xmin>1322</xmin>
      <ymin>525</ymin>
      <xmax>1383</xmax>
      <ymax>567</ymax>
    </bndbox>
    <confidence>0.903421</confidence>
  </object>
  <object>
    <name>Vehicle</name>
    <bndbox>
      <xmin>1136</xmin>
      <ymin>541</ymin>
      <xmax>1193</xmax>
      <ymax>579</ymax>
    </bndbox>
    <confidence>0.917157</confidence>
  </object>
  <object>
    <name>Vehicle</name>
    <bndbox>
      <xmin>1</xmin>
      <ymin>508</ymin>
      <xmax>97</xmax>
      <ymax>727</ymax>
    </bndbox>
    <confidence>0.919676</confidence>
  </object>
  <object>
    <name>Vehicle</name>
    <bndbox>
      <xmin>1486</xmin>
      <ymin>525</ymin>
      <xmax>1628</xmax>
      <ymax>575</ymax>
    </bndbox>
    <confidence>0.931504</confidence>
  </object>
  <object>
    <name>Vehicle</name>
    <bndbox>
      <xmin>255</xmin>
      <ymin>513</ymin>
      <xmax>410</xmax>
      <ymax>636</ymax>
    </bndbox>
    <confidence>0.956039</confidence>
  </object>
  <object>
    <name>Vehicle</name>
    <bndbox>
      <xmin>366</xmin>
      <ymin>552</ymin>
      <xmax>515</xmax>
      <ymax>640</ymax>
    </bndbox>
    <confidence>0.962173</confidence>
  </object>
</annotation>
