<annotation>
  <folder>runs\detect\exp2</folder>
  <filename>2_20200615_112127_003630.jpg</filename>
  <source>
    <database>Unknown</database>
  </source>
  <size>
    <width>1920</width>
    <height>1080</height>
    <depth>3</depth>
  </size>
  <segmented>0</segmented>
  <object>
    <name>Vehicle</name>
    <bndbox>
      <xmin>803</xmin>
      <ymin>553</ymin>
      <xmax>827</xmax>
      <ymax>584</ymax>
    </bndbox>
    <confidence>0.357313</confidence>
  </object>
  <object>
    <name>Vehicle</name>
    <bndbox>
      <xmin>1214</xmin>
      <ymin>541</ymin>
      <xmax>1252</xmax>
      <ymax>565</ymax>
    </bndbox>
    <confidence>0.5336</confidence>
  </object>
  <object>
    <name>Vehicle</name>
    <bndbox>
      <xmin>982</xmin>
      <ymin>545</ymin>
      <xmax>1013</xmax>
      <ymax>572</ymax>
    </bndbox>
    <confidence>0.753593</confidence>
  </object>
  <object>
    <name>Vehicle</name>
    <bndbox>
      <xmin>806</xmin>
      <ymin>542</ymin>
      <xmax>848</xmax>
      <ymax>582</ymax>
    </bndbox>
    <confidence>0.76256</confidence>
  </object>
  <object>
    <name>Vehicle</name>
    <bndbox>
      <xmin>1028</xmin>
      <ymin>543</ymin>
      <xmax>1059</xmax>
      <ymax>571</ymax>
    </bndbox>
    <confidence>0.801562</confidence>
  </object>
  <object>
    <name>Vehicle</name>
    <bndbox>
      <xmin>718</xmin>
      <ymin>508</ymin>
      <xmax>808</xmax>
      <ymax>609</ymax>
    </bndbox>
    <confidence>0.937741</confidence>
  </object>
  <object>
    <name>Vehicle</name>
    <bndbox>
      <xmin>605</xmin>
      <ymin>552</ymin>
      <xmax>692</xmax>
      <ymax>615</ymax>
    </bndbox>
    <confidence>0.939833</confidence>
  </object>
  <object>
    <name>Vehicle</name>
    <bndbox>
      <xmin>347</xmin>
      <ymin>494</ymin>
      <xmax>532</xmax>
      <ymax>650</ymax>
    </bndbox>
    <confidence>0.958386</confidence>
  </object>
  <object>
    <name>Vehicle</name>
    <bndbox>
      <xmin>53</xmin>
      <ymin>483</ymin>
      <xmax>284</xmax>
      <ymax>669</ymax>
    </bndbox>
    <confidence>0.964626</confidence>
  </object>
</annotation>
