<annotation>
  <folder>runs\detect\exp2</folder>
  <filename>2_20200615_112127_003690.jpg</filename>
  <source>
    <database>Unknown</database>
  </source>
  <size>
    <width>1920</width>
    <height>1080</height>
    <depth>3</depth>
  </size>
  <segmented>0</segmented>
  <object>
    <name>Vehicle</name>
    <bndbox>
      <xmin>1099</xmin>
      <ymin>543</ymin>
      <xmax>1129</xmax>
      <ymax>572</ymax>
    </bndbox>
    <confidence>0.53706</confidence>
  </object>
  <object>
    <name>Vehicle</name>
    <bndbox>
      <xmin>1082</xmin>
      <ymin>536</ymin>
      <xmax>1119</xmax>
      <ymax>570</ymax>
    </bndbox>
    <confidence>0.705967</confidence>
  </object>
  <object>
    <name>Vehicle</name>
    <bndbox>
      <xmin>1270</xmin>
      <ymin>534</ymin>
      <xmax>1315</xmax>
      <ymax>563</ymax>
    </bndbox>
    <confidence>0.707893</confidence>
  </object>
  <object>
    <name>Vehicle</name>
    <bndbox>
      <xmin>1375</xmin>
      <ymin>523</ymin>
      <xmax>1418</xmax>
      <ymax>558</ymax>
    </bndbox>
    <confidence>0.790036</confidence>
  </object>
  <object>
    <name>Vehicle</name>
    <bndbox>
      <xmin>1002</xmin>
      <ymin>537</ymin>
      <xmax>1037</xmax>
      <ymax>564</ymax>
    </bndbox>
    <confidence>0.791438</confidence>
  </object>
  <object>
    <name>Vehicle</name>
    <bndbox>
      <xmin>619</xmin>
      <ymin>527</ymin>
      <xmax>666</xmax>
      <ymax>593</ymax>
    </bndbox>
    <confidence>0.859653</confidence>
  </object>
  <object>
    <name>Vehicle</name>
    <bndbox>
      <xmin>1320</xmin>
      <ymin>524</ymin>
      <xmax>1362</xmax>
      <ymax>563</ymax>
    </bndbox>
    <confidence>0.865402</confidence>
  </object>
  <object>
    <name>Vehicle</name>
    <bndbox>
      <xmin>338</xmin>
      <ymin>504</ymin>
      <xmax>498</xmax>
      <ymax>596</ymax>
    </bndbox>
    <confidence>0.867143</confidence>
  </object>
  <object>
    <name>Vehicle</name>
    <bndbox>
      <xmin>1386</xmin>
      <ymin>532</ymin>
      <xmax>1488</xmax>
      <ymax>572</ymax>
    </bndbox>
    <confidence>0.876107</confidence>
  </object>
  <object>
    <name>Vehicle</name>
    <bndbox>
      <xmin>1118</xmin>
      <ymin>543</ymin>
      <xmax>1163</xmax>
      <ymax>574</ymax>
    </bndbox>
    <confidence>0.87792</confidence>
  </object>
  <object>
    <name>Vehicle</name>
    <bndbox>
      <xmin>665</xmin>
      <ymin>550</ymin>
      <xmax>733</xmax>
      <ymax>594</ymax>
    </bndbox>
    <confidence>0.929919</confidence>
  </object>
  <object>
    <name>Vehicle</name>
    <bndbox>
      <xmin>342</xmin>
      <ymin>551</ymin>
      <xmax>502</xmax>
      <ymax>645</ymax>
    </bndbox>
    <confidence>0.955324</confidence>
  </object>
  <object>
    <name>Vehicle</name>
    <bndbox>
      <xmin>525</xmin>
      <ymin>530</ymin>
      <xmax>633</xmax>
      <ymax>615</ymax>
    </bndbox>
    <confidence>0.957196</confidence>
  </object>
</annotation>
