<annotation>
  <folder>runs\detect\exp2</folder>
  <filename>2_20200615_112127_003990.jpg</filename>
  <source>
    <database>Unknown</database>
  </source>
  <size>
    <width>1920</width>
    <height>1080</height>
    <depth>3</depth>
  </size>
  <segmented>0</segmented>
  <object>
    <name>Vehicle</name>
    <bndbox>
      <xmin>802</xmin>
      <ymin>517</ymin>
      <xmax>846</xmax>
      <ymax>551</ymax>
    </bndbox>
    <confidence>0.81802</confidence>
  </object>
  <object>
    <name>Vehicle</name>
    <bndbox>
      <xmin>1029</xmin>
      <ymin>525</ymin>
      <xmax>1080</xmax>
      <ymax>566</ymax>
    </bndbox>
    <confidence>0.904003</confidence>
  </object>
  <object>
    <name>TrafficSign</name>
    <bndbox>
      <xmin>1648</xmin>
      <ymin>257</ymin>
      <xmax>1713</xmax>
      <ymax>325</ymax>
    </bndbox>
    <confidence>0.918159</confidence>
  </object>
  <object>
    <name>Vehicle</name>
    <bndbox>
      <xmin>1</xmin>
      <ymin>466</ymin>
      <xmax>509</xmax>
      <ymax>894</ymax>
    </bndbox>
    <confidence>0.966483</confidence>
  </object>
</annotation>
