<annotation>
  <folder>runs\detect\exp39</folder>
  <filename>2_20200615_112127_003450.jpg</filename>
  <source>
    <database>Unknown</database>
  </source>
  <size>
    <width>1920</width>
    <height>1080</height>
    <depth>3</depth>
  </size>
  <segmented>0</segmented>
  <object>
    <name>Vehicle</name>
    <bndbox>
      <xmin>855</xmin>
      <ymin>538</ymin>
      <xmax>881</xmax>
      <ymax>577</ymax>
    </bndbox>
    <confidence>0.559376</confidence>
  </object>
  <object>
    <name>Vehicle</name>
    <bndbox>
      <xmin>0</xmin>
      <ymin>383</ymin>
      <xmax>39</xmax>
      <ymax>447</ymax>
    </bndbox>
    <confidence>0.749861</confidence>
  </object>
  <object>
    <name>Vehicle</name>
    <bndbox>
      <xmin>335</xmin>
      <ymin>420</ymin>
      <xmax>418</xmax>
      <ymax>465</ymax>
    </bndbox>
    <confidence>0.77447</confidence>
  </object>
  <object>
    <name>Vehicle</name>
    <bndbox>
      <xmin>38</xmin>
      <ymin>381</ymin>
      <xmax>185</xmax>
      <ymax>451</ymax>
    </bndbox>
    <confidence>0.825266</confidence>
  </object>
  <object>
    <name>Vehicle</name>
    <bndbox>
      <xmin>810</xmin>
      <ymin>551</ymin>
      <xmax>849</xmax>
      <ymax>582</ymax>
    </bndbox>
    <confidence>0.852414</confidence>
  </object>
  <object>
    <name>Vehicle</name>
    <bndbox>
      <xmin>878</xmin>
      <ymin>545</ymin>
      <xmax>909</xmax>
      <ymax>576</ymax>
    </bndbox>
    <confidence>0.868282</confidence>
  </object>
  <object>
    <name>Vehicle</name>
    <bndbox>
      <xmin>1004</xmin>
      <ymin>546</ymin>
      <xmax>1049</xmax>
      <ymax>582</ymax>
    </bndbox>
    <confidence>0.895704</confidence>
  </object>
  <object>
    <name>Vehicle</name>
    <bndbox>
      <xmin>705</xmin>
      <ymin>554</ymin>
      <xmax>765</xmax>
      <ymax>595</ymax>
    </bndbox>
    <confidence>0.920223</confidence>
  </object>
  <object>
    <name>Vehicle</name>
    <bndbox>
      <xmin>422</xmin>
      <ymin>514</ymin>
      <xmax>570</xmax>
      <ymax>634</ymax>
    </bndbox>
    <confidence>0.945853</confidence>
  </object>
  <object>
    <name>Vehicle</name>
    <bndbox>
      <xmin>29</xmin>
      <ymin>497</ymin>
      <xmax>248</xmax>
      <ymax>667</ymax>
    </bndbox>
    <confidence>0.958374</confidence>
  </object>
</annotation>
