<annotation>
  <folder>runs\detect\exp39</folder>
  <filename>2_20200615_112127_003570.jpg</filename>
  <source>
    <database>Unknown</database>
  </source>
  <size>
    <width>1920</width>
    <height>1080</height>
    <depth>3</depth>
  </size>
  <segmented>0</segmented>
  <object>
    <name>Vehicle</name>
    <bndbox>
      <xmin>821</xmin>
      <ymin>549</ymin>
      <xmax>851</xmax>
      <ymax>579</ymax>
    </bndbox>
    <confidence>0.53706</confidence>
  </object>
  <object>
    <name>Vehicle</name>
    <bndbox>
      <xmin>1009</xmin>
      <ymin>546</ymin>
      <xmax>1039</xmax>
      <ymax>572</ymax>
    </bndbox>
    <confidence>0.630864</confidence>
  </object>
  <object>
    <name>Vehicle</name>
    <bndbox>
      <xmin>758</xmin>
      <ymin>537</ymin>
      <xmax>805</xmax>
      <ymax>586</ymax>
    </bndbox>
    <confidence>0.777809</confidence>
  </object>
  <object>
    <name>Vehicle</name>
    <bndbox>
      <xmin>803</xmin>
      <ymin>556</ymin>
      <xmax>835</xmax>
      <ymax>584</ymax>
    </bndbox>
    <confidence>0.798448</confidence>
  </object>
  <object>
    <name>Vehicle</name>
    <bndbox>
      <xmin>966</xmin>
      <ymin>548</ymin>
      <xmax>998</xmax>
      <ymax>576</ymax>
    </bndbox>
    <confidence>0.844089</confidence>
  </object>
  <object>
    <name>Vehicle</name>
    <bndbox>
      <xmin>850</xmin>
      <ymin>537</ymin>
      <xmax>886</xmax>
      <ymax>582</ymax>
    </bndbox>
    <confidence>0.845114</confidence>
  </object>
  <object>
    <name>Vehicle</name>
    <bndbox>
      <xmin>754</xmin>
      <ymin>555</ymin>
      <xmax>797</xmax>
      <ymax>595</ymax>
    </bndbox>
    <confidence>0.882931</confidence>
  </object>
  <object>
    <name>TrafficSign</name>
    <bndbox>
      <xmin>1246</xmin>
      <ymin>468</ymin>
      <xmax>1285</xmax>
      <ymax>505</ymax>
    </bndbox>
    <confidence>0.882976</confidence>
  </object>
  <object>
    <name>Vehicle</name>
    <bndbox>
      <xmin>676</xmin>
      <ymin>534</ymin>
      <xmax>762</xmax>
      <ymax>611</ymax>
    </bndbox>
    <confidence>0.923273</confidence>
  </object>
  <object>
    <name>Vehicle</name>
    <bndbox>
      <xmin>621</xmin>
      <ymin>549</ymin>
      <xmax>680</xmax>
      <ymax>611</ymax>
    </bndbox>
    <confidence>0.925518</confidence>
  </object>
  <object>
    <name>Vehicle</name>
    <bndbox>
      <xmin>520</xmin>
      <ymin>548</ymin>
      <xmax>609</xmax>
      <ymax>614</ymax>
    </bndbox>
    <confidence>0.931066</confidence>
  </object>
  <object>
    <name>Vehicle</name>
    <bndbox>
      <xmin>358</xmin>
      <ymin>486</ymin>
      <xmax>524</xmax>
      <ymax>648</ymax>
    </bndbox>
    <confidence>0.951156</confidence>
  </object>
</annotation>
