<annotation>
  <folder>runs\detect\exp39</folder>
  <filename>2_20200615_112127_004410.jpg</filename>
  <source>
    <database>Unknown</database>
  </source>
  <size>
    <width>1920</width>
    <height>1080</height>
    <depth>3</depth>
  </size>
  <segmented>0</segmented>
  <object>
    <name>Vehicle</name>
    <bndbox>
      <xmin>1120</xmin>
      <ymin>513</ymin>
      <xmax>1171</xmax>
      <ymax>548</ymax>
    </bndbox>
    <confidence>0.332631</confidence>
  </object>
  <object>
    <name>Vehicle</name>
    <bndbox>
      <xmin>1168</xmin>
      <ymin>490</ymin>
      <xmax>1246</xmax>
      <ymax>546</ymax>
    </bndbox>
    <confidence>0.736832</confidence>
  </object>
  <object>
    <name>Vehicle</name>
    <bndbox>
      <xmin>1098</xmin>
      <ymin>532</ymin>
      <xmax>1130</xmax>
      <ymax>579</ymax>
    </bndbox>
    <confidence>0.801641</confidence>
  </object>
  <object>
    <name>Vehicle</name>
    <bndbox>
      <xmin>1117</xmin>
      <ymin>522</ymin>
      <xmax>1209</xmax>
      <ymax>598</ymax>
    </bndbox>
    <confidence>0.921046</confidence>
  </object>
  <object>
    <name>Vehicle</name>
    <bndbox>
      <xmin>947</xmin>
      <ymin>520</ymin>
      <xmax>1084</xmax>
      <ymax>635</ymax>
    </bndbox>
    <confidence>0.954419</confidence>
  </object>
  <object>
    <name>Vehicle</name>
    <bndbox>
      <xmin>1193</xmin>
      <ymin>497</ymin>
      <xmax>1438</xmax>
      <ymax>677</ymax>
    </bndbox>
    <confidence>0.963701</confidence>
  </object>
</annotation>
