<annotation>
  <folder>runs\detect\exp39</folder>
  <filename>2_20200615_112127_000810.jpg</filename>
  <source>
    <database>Unknown</database>
  </source>
  <size>
    <width>1920</width>
    <height>1080</height>
    <depth>3</depth>
  </size>
  <segmented>0</segmented>
  <object>
    <name>Vehicle</name>
    <bndbox>
      <xmin>1193</xmin>
      <ymin>536</ymin>
      <xmax>1237</xmax>
      <ymax>576</ymax>
    </bndbox>
    <confidence>0.910999</confidence>
  </object>
  <object>
    <name>Vehicle</name>
    <bndbox>
      <xmin>644</xmin>
      <ymin>506</ymin>
      <xmax>744</xmax>
      <ymax>605</ymax>
    </bndbox>
    <confidence>0.94684</confidence>
  </object>
</annotation>
