<annotation>
  <folder>runs\detect\exp39</folder>
  <filename>2_20200615_112127_003990.jpg</filename>
  <source>
    <database>Unknown</database>
  </source>
  <size>
    <width>1920</width>
    <height>1080</height>
    <depth>3</depth>
  </size>
  <segmented>0</segmented>
  <object>
    <name>Vehicle</name>
    <bndbox>
      <xmin>802</xmin>
      <ymin>517</ymin>
      <xmax>846</xmax>
      <ymax>551</ymax>
    </bndbox>
    <confidence>0.811224</confidence>
  </object>
  <object>
    <name>Vehicle</name>
    <bndbox>
      <xmin>1029</xmin>
      <ymin>525</ymin>
      <xmax>1080</xmax>
      <ymax>566</ymax>
    </bndbox>
    <confidence>0.898252</confidence>
  </object>
  <object>
    <name>TrafficSign</name>
    <bndbox>
      <xmin>1648</xmin>
      <ymin>258</ymin>
      <xmax>1713</xmax>
      <ymax>325</ymax>
    </bndbox>
    <confidence>0.914744</confidence>
  </object>
  <object>
    <name>Vehicle</name>
    <bndbox>
      <xmin>1</xmin>
      <ymin>465</ymin>
      <xmax>509</xmax>
      <ymax>894</ymax>
    </bndbox>
    <confidence>0.962687</confidence>
  </object>
</annotation>
