<annotation>
  <folder>runs\detect\exp2</folder>
  <filename>2_20200615_112127_004530.jpg</filename>
  <source>
    <database>Unknown</database>
  </source>
  <size>
    <width>1920</width>
    <height>1080</height>
    <depth>3</depth>
  </size>
  <segmented>0</segmented>
  <object>
    <name>Vehicle</name>
    <bndbox>
      <xmin>2</xmin>
      <ymin>522</ymin>
      <xmax>32</xmax>
      <ymax>560</ymax>
    </bndbox>
    <confidence>0.283538</confidence>
  </object>
  <object>
    <name>Vehicle</name>
    <bndbox>
      <xmin>1720</xmin>
      <ymin>456</ymin>
      <xmax>1920</xmax>
      <ymax>989</ymax>
    </bndbox>
    <confidence>0.822097</confidence>
  </object>
  <object>
    <name>Vehicle</name>
    <bndbox>
      <xmin>132</xmin>
      <ymin>486</ymin>
      <xmax>258</xmax>
      <ymax>555</ymax>
    </bndbox>
    <confidence>0.827699</confidence>
  </object>
  <object>
    <name>TrafficLight</name>
    <bndbox>
      <xmin>1095</xmin>
      <ymin>352</ymin>
      <xmax>1152</xmax>
      <ymax>369</ymax>
    </bndbox>
    <confidence>0.83518</confidence>
  </object>
  <object>
    <name>TrafficLight</name>
    <bndbox>
      <xmin>1248</xmin>
      <ymin>349</ymin>
      <xmax>1304</xmax>
      <ymax>365</ymax>
    </bndbox>
    <confidence>0.873026</confidence>
  </object>
  <object>
    <name>TrafficSign</name>
    <bndbox>
      <xmin>1154</xmin>
      <ymin>332</ymin>
      <xmax>1187</xmax>
      <ymax>366</ymax>
    </bndbox>
    <confidence>0.890073</confidence>
  </object>
  <object>
    <name>Vehicle</name>
    <bndbox>
      <xmin>1219</xmin>
      <ymin>422</ymin>
      <xmax>1432</xmax>
      <ymax>613</ymax>
    </bndbox>
    <confidence>0.921947</confidence>
  </object>
  <object>
    <name>Vehicle</name>
    <bndbox>
      <xmin>425</xmin>
      <ymin>513</ymin>
      <xmax>536</xmax>
      <ymax>556</ymax>
    </bndbox>
    <confidence>0.931518</confidence>
  </object>
  <object>
    <name>Vehicle</name>
    <bndbox>
      <xmin>1070</xmin>
      <ymin>527</ymin>
      <xmax>1147</xmax>
      <ymax>598</ymax>
    </bndbox>
    <confidence>0.932258</confidence>
  </object>
  <object>
    <name>Vehicle</name>
    <bndbox>
      <xmin>1319</xmin>
      <ymin>429</ymin>
      <xmax>1855</xmax>
      <ymax>793</ymax>
    </bndbox>
    <confidence>0.958354</confidence>
  </object>
  <object>
    <name>Vehicle</name>
    <bndbox>
      <xmin>1123</xmin>
      <ymin>509</ymin>
      <xmax>1285</xmax>
      <ymax>634</ymax>
    </bndbox>
    <confidence>0.963405</confidence>
  </object>
  <object>
    <name>Vehicle</name>
    <bndbox>
      <xmin>882</xmin>
      <ymin>511</ymin>
      <xmax>1066</xmax>
      <ymax>665</ymax>
    </bndbox>
    <confidence>0.966866</confidence>
  </object>
</annotation>
