<annotation>
  <folder>runs\detect\exp39</folder>
  <filename>2_20200615_112127_001320.jpg</filename>
  <source>
    <database>Unknown</database>
  </source>
  <size>
    <width>1920</width>
    <height>1080</height>
    <depth>3</depth>
  </size>
  <segmented>0</segmented>
  <object>
    <name>TrafficLight</name>
    <bndbox>
      <xmin>1131</xmin>
      <ymin>374</ymin>
      <xmax>1178</xmax>
      <ymax>388</ymax>
    </bndbox>
    <confidence>0.732358</confidence>
  </object>
  <object>
    <name>TrafficLight</name>
    <bndbox>
      <xmin>1004</xmin>
      <ymin>378</ymin>
      <xmax>1051</xmax>
      <ymax>391</ymax>
    </bndbox>
    <confidence>0.746556</confidence>
  </object>
  <object>
    <name>Pedestrian</name>
    <bndbox>
      <xmin>1568</xmin>
      <ymin>504</ymin>
      <xmax>1596</xmax>
      <ymax>580</ymax>
    </bndbox>
    <confidence>0.829659</confidence>
  </object>
  <object>
    <name>TrafficSign</name>
    <bndbox>
      <xmin>1075</xmin>
      <ymin>367</ymin>
      <xmax>1105</xmax>
      <ymax>397</ymax>
    </bndbox>
    <confidence>0.86885</confidence>
  </object>
</annotation>
