<annotation>
  <folder>runs\detect\exp39</folder>
  <filename>2_20200615_112127_003840.jpg</filename>
  <source>
    <database>Unknown</database>
  </source>
  <size>
    <width>1920</width>
    <height>1080</height>
    <depth>3</depth>
  </size>
  <segmented>0</segmented>
  <object>
    <name>Vehicle</name>
    <bndbox>
      <xmin>944</xmin>
      <ymin>535</ymin>
      <xmax>970</xmax>
      <ymax>560</ymax>
    </bndbox>
    <confidence>0.252054</confidence>
  </object>
  <object>
    <name>Vehicle</name>
    <bndbox>
      <xmin>837</xmin>
      <ymin>528</ymin>
      <xmax>864</xmax>
      <ymax>554</ymax>
    </bndbox>
    <confidence>0.353907</confidence>
  </object>
  <object>
    <name>Vehicle</name>
    <bndbox>
      <xmin>323</xmin>
      <ymin>482</ymin>
      <xmax>489</xmax>
      <ymax>596</ymax>
    </bndbox>
    <confidence>0.635375</confidence>
  </object>
  <object>
    <name>Vehicle</name>
    <bndbox>
      <xmin>995</xmin>
      <ymin>542</ymin>
      <xmax>1038</xmax>
      <ymax>578</ymax>
    </bndbox>
    <confidence>0.858604</confidence>
  </object>
  <object>
    <name>Vehicle</name>
    <bndbox>
      <xmin>1128</xmin>
      <ymin>552</ymin>
      <xmax>1186</xmax>
      <ymax>596</ymax>
    </bndbox>
    <confidence>0.922534</confidence>
  </object>
  <object>
    <name>Vehicle</name>
    <bndbox>
      <xmin>1181</xmin>
      <ymin>554</ymin>
      <xmax>1256</xmax>
      <ymax>610</ymax>
    </bndbox>
    <confidence>0.937665</confidence>
  </object>
  <object>
    <name>Vehicle</name>
    <bndbox>
      <xmin>1232</xmin>
      <ymin>556</ymin>
      <xmax>1303</xmax>
      <ymax>620</ymax>
    </bndbox>
    <confidence>0.938641</confidence>
  </object>
  <object>
    <name>Vehicle</name>
    <bndbox>
      <xmin>640</xmin>
      <ymin>555</ymin>
      <xmax>707</xmax>
      <ymax>602</ymax>
    </bndbox>
    <confidence>0.940546</confidence>
  </object>
  <object>
    <name>Vehicle</name>
    <bndbox>
      <xmin>1278</xmin>
      <ymin>550</ymin>
      <xmax>1366</xmax>
      <ymax>635</ymax>
    </bndbox>
    <confidence>0.943789</confidence>
  </object>
  <object>
    <name>Vehicle</name>
    <bndbox>
      <xmin>1333</xmin>
      <ymin>531</ymin>
      <xmax>1507</xmax>
      <ymax>652</ymax>
    </bndbox>
    <confidence>0.961115</confidence>
  </object>
  <object>
    <name>Vehicle</name>
    <bndbox>
      <xmin>205</xmin>
      <ymin>532</ymin>
      <xmax>416</xmax>
      <ymax>668</ymax>
    </bndbox>
    <confidence>0.962299</confidence>
  </object>
  <object>
    <name>Vehicle</name>
    <bndbox>
      <xmin>1685</xmin>
      <ymin>545</ymin>
      <xmax>1921</xmax>
      <ymax>745</ymax>
    </bndbox>
    <confidence>0.964709</confidence>
  </object>
  <object>
    <name>Vehicle</name>
    <bndbox>
      <xmin>1453</xmin>
      <ymin>549</ymin>
      <xmax>1697</xmax>
      <ymax>682</ymax>
    </bndbox>
    <confidence>0.97091</confidence>
  </object>
</annotation>
