<annotation>
  <folder>runs\detect\exp39</folder>
  <filename>2_20200615_112127_001260.jpg</filename>
  <source>
    <database>Unknown</database>
  </source>
  <size>
    <width>1920</width>
    <height>1080</height>
    <depth>3</depth>
  </size>
  <segmented>0</segmented>
  <object>
    <name>Pedestrian</name>
    <bndbox>
      <xmin>1410</xmin>
      <ymin>519</ymin>
      <xmax>1428</xmax>
      <ymax>568</ymax>
    </bndbox>
    <confidence>0.797961</confidence>
  </object>
</annotation>
