<annotation>
  <folder>runs\detect\exp2</folder>
  <filename>2_20200615_112127_003750.jpg</filename>
  <source>
    <database>Unknown</database>
  </source>
  <size>
    <width>1920</width>
    <height>1080</height>
    <depth>3</depth>
  </size>
  <segmented>0</segmented>
  <object>
    <name>Vehicle</name>
    <bndbox>
      <xmin>946</xmin>
      <ymin>528</ymin>
      <xmax>973</xmax>
      <ymax>553</ymax>
    </bndbox>
    <confidence>0.349259</confidence>
  </object>
  <object>
    <name>Vehicle</name>
    <bndbox>
      <xmin>434</xmin>
      <ymin>551</ymin>
      <xmax>507</xmax>
      <ymax>593</ymax>
    </bndbox>
    <confidence>0.739201</confidence>
  </object>
  <object>
    <name>Vehicle</name>
    <bndbox>
      <xmin>1080</xmin>
      <ymin>534</ymin>
      <xmax>1109</xmax>
      <ymax>562</ymax>
    </bndbox>
    <confidence>0.8037</confidence>
  </object>
  <object>
    <name>Vehicle</name>
    <bndbox>
      <xmin>1063</xmin>
      <ymin>533</ymin>
      <xmax>1091</xmax>
      <ymax>560</ymax>
    </bndbox>
    <confidence>0.805869</confidence>
  </object>
  <object>
    <name>Vehicle</name>
    <bndbox>
      <xmin>998</xmin>
      <ymin>532</ymin>
      <xmax>1036</xmax>
      <ymax>561</ymax>
    </bndbox>
    <confidence>0.858392</confidence>
  </object>
  <object>
    <name>Vehicle</name>
    <bndbox>
      <xmin>810</xmin>
      <ymin>532</ymin>
      <xmax>844</xmax>
      <ymax>561</ymax>
    </bndbox>
    <confidence>0.874127</confidence>
  </object>
  <object>
    <name>Vehicle</name>
    <bndbox>
      <xmin>1116</xmin>
      <ymin>525</ymin>
      <xmax>1170</xmax>
      <ymax>571</ymax>
    </bndbox>
    <confidence>0.88209</confidence>
  </object>
  <object>
    <name>TrafficSign</name>
    <bndbox>
      <xmin>1684</xmin>
      <ymin>312</ymin>
      <xmax>1732</xmax>
      <ymax>372</ymax>
    </bndbox>
    <confidence>0.894914</confidence>
  </object>
  <object>
    <name>TrafficSign</name>
    <bndbox>
      <xmin>1691</xmin>
      <ymin>369</ymin>
      <xmax>1742</xmax>
      <ymax>429</ymax>
    </bndbox>
    <confidence>0.907248</confidence>
  </object>
  <object>
    <name>Vehicle</name>
    <bndbox>
      <xmin>1159</xmin>
      <ymin>534</ymin>
      <xmax>1206</xmax>
      <ymax>579</ymax>
    </bndbox>
    <confidence>0.917151</confidence>
  </object>
  <object>
    <name>Vehicle</name>
    <bndbox>
      <xmin>1415</xmin>
      <ymin>514</ymin>
      <xmax>1509</xmax>
      <ymax>567</ymax>
    </bndbox>
    <confidence>0.92876</confidence>
  </object>
  <object>
    <name>Vehicle</name>
    <bndbox>
      <xmin>1588</xmin>
      <ymin>496</ymin>
      <xmax>1670</xmax>
      <ymax>552</ymax>
    </bndbox>
    <confidence>0.933011</confidence>
  </object>
  <object>
    <name>Vehicle</name>
    <bndbox>
      <xmin>1504</xmin>
      <ymin>499</ymin>
      <xmax>1594</xmax>
      <ymax>561</ymax>
    </bndbox>
    <confidence>0.936244</confidence>
  </object>
  <object>
    <name>Vehicle</name>
    <bndbox>
      <xmin>1186</xmin>
      <ymin>533</ymin>
      <xmax>1263</xmax>
      <ymax>582</ymax>
    </bndbox>
    <confidence>0.942167</confidence>
  </object>
  <object>
    <name>Vehicle</name>
    <bndbox>
      <xmin>1672</xmin>
      <ymin>510</ymin>
      <xmax>1872</xmax>
      <ymax>578</ymax>
    </bndbox>
    <confidence>0.954611</confidence>
  </object>
</annotation>
