<annotation>
  <folder>runs\detect\exp39</folder>
  <filename>2_20200615_112127_003780.jpg</filename>
  <source>
    <database>Unknown</database>
  </source>
  <size>
    <width>1920</width>
    <height>1080</height>
    <depth>3</depth>
  </size>
  <segmented>0</segmented>
  <object>
    <name>Vehicle</name>
    <bndbox>
      <xmin>427</xmin>
      <ymin>578</ymin>
      <xmax>462</xmax>
      <ymax>605</ymax>
    </bndbox>
    <confidence>0.287506</confidence>
  </object>
  <object>
    <name>Vehicle</name>
    <bndbox>
      <xmin>1133</xmin>
      <ymin>568</ymin>
      <xmax>1157</xmax>
      <ymax>609</ymax>
    </bndbox>
    <confidence>0.35099</confidence>
  </object>
  <object>
    <name>Vehicle</name>
    <bndbox>
      <xmin>496</xmin>
      <ymin>520</ymin>
      <xmax>582</xmax>
      <ymax>598</ymax>
    </bndbox>
    <confidence>0.728203</confidence>
  </object>
  <object>
    <name>Vehicle</name>
    <bndbox>
      <xmin>1118</xmin>
      <ymin>568</ymin>
      <xmax>1149</xmax>
      <ymax>608</ymax>
    </bndbox>
    <confidence>0.761347</confidence>
  </object>
  <object>
    <name>Vehicle</name>
    <bndbox>
      <xmin>992</xmin>
      <ymin>565</ymin>
      <xmax>1032</xmax>
      <ymax>595</ymax>
    </bndbox>
    <confidence>0.86373</confidence>
  </object>
  <object>
    <name>Vehicle</name>
    <bndbox>
      <xmin>1146</xmin>
      <ymin>559</ymin>
      <xmax>1212</xmax>
      <ymax>614</ymax>
    </bndbox>
    <confidence>0.872576</confidence>
  </object>
  <object>
    <name>Vehicle</name>
    <bndbox>
      <xmin>1073</xmin>
      <ymin>568</ymin>
      <xmax>1107</xmax>
      <ymax>598</ymax>
    </bndbox>
    <confidence>0.880396</confidence>
  </object>
  <object>
    <name>Vehicle</name>
    <bndbox>
      <xmin>1096</xmin>
      <ymin>569</ymin>
      <xmax>1130</xmax>
      <ymax>603</ymax>
    </bndbox>
    <confidence>0.887339</confidence>
  </object>
  <object>
    <name>Vehicle</name>
    <bndbox>
      <xmin>1174</xmin>
      <ymin>569</ymin>
      <xmax>1232</xmax>
      <ymax>621</ymax>
    </bndbox>
    <confidence>0.906357</confidence>
  </object>
  <object>
    <name>Vehicle</name>
    <bndbox>
      <xmin>754</xmin>
      <ymin>564</ymin>
      <xmax>800</xmax>
      <ymax>604</ymax>
    </bndbox>
    <confidence>0.913181</confidence>
  </object>
  <object>
    <name>Vehicle</name>
    <bndbox>
      <xmin>277</xmin>
      <ymin>583</ymin>
      <xmax>377</xmax>
      <ymax>638</ymax>
    </bndbox>
    <confidence>0.916792</confidence>
  </object>
  <object>
    <name>Vehicle</name>
    <bndbox>
      <xmin>1211</xmin>
      <ymin>569</ymin>
      <xmax>1283</xmax>
      <ymax>628</ymax>
    </bndbox>
    <confidence>0.929011</confidence>
  </object>
  <object>
    <name>Vehicle</name>
    <bndbox>
      <xmin>1688</xmin>
      <ymin>522</ymin>
      <xmax>1810</xmax>
      <ymax>604</ymax>
    </bndbox>
    <confidence>0.940478</confidence>
  </object>
  <object>
    <name>Vehicle</name>
    <bndbox>
      <xmin>1797</xmin>
      <ymin>520</ymin>
      <xmax>1914</xmax>
      <ymax>595</ymax>
    </bndbox>
    <confidence>0.942842</confidence>
  </object>
  <object>
    <name>Vehicle</name>
    <bndbox>
      <xmin>1255</xmin>
      <ymin>567</ymin>
      <xmax>1366</xmax>
      <ymax>634</ymax>
    </bndbox>
    <confidence>0.947017</confidence>
  </object>
  <object>
    <name>Vehicle</name>
    <bndbox>
      <xmin>1562</xmin>
      <ymin>541</ymin>
      <xmax>1703</xmax>
      <ymax>614</ymax>
    </bndbox>
    <confidence>0.949406</confidence>
  </object>
</annotation>
