<annotation>
  <folder>runs\detect\exp39</folder>
  <filename>2_20200615_112127_004650.jpg</filename>
  <source>
    <database>Unknown</database>
  </source>
  <size>
    <width>1920</width>
    <height>1080</height>
    <depth>3</depth>
  </size>
  <segmented>0</segmented>
  <object>
    <name>Vehicle</name>
    <bndbox>
      <xmin>611</xmin>
      <ymin>472</ymin>
      <xmax>780</xmax>
      <ymax>566</ymax>
    </bndbox>
    <confidence>0.82113</confidence>
  </object>
  <object>
    <name>TrafficLight</name>
    <bndbox>
      <xmin>1502</xmin>
      <ymin>219</ymin>
      <xmax>1595</xmax>
      <ymax>246</ymax>
    </bndbox>
    <confidence>0.860857</confidence>
  </object>
  <object>
    <name>TrafficLight</name>
    <bndbox>
      <xmin>1240</xmin>
      <ymin>221</ymin>
      <xmax>1338</xmax>
      <ymax>248</ymax>
    </bndbox>
    <confidence>0.882886</confidence>
  </object>
  <object>
    <name>TrafficSign</name>
    <bndbox>
      <xmin>1340</xmin>
      <ymin>186</ymin>
      <xmax>1399</xmax>
      <ymax>247</ymax>
    </bndbox>
    <confidence>0.914297</confidence>
  </object>
  <object>
    <name>Vehicle</name>
    <bndbox>
      <xmin>263</xmin>
      <ymin>499</ymin>
      <xmax>439</xmax>
      <ymax>567</ymax>
    </bndbox>
    <confidence>0.938532</confidence>
  </object>
  <object>
    <name>Vehicle</name>
    <bndbox>
      <xmin>1513</xmin>
      <ymin>274</ymin>
      <xmax>1920</xmax>
      <ymax>627</ymax>
    </bndbox>
    <confidence>0.942275</confidence>
  </object>
  <object>
    <name>Vehicle</name>
    <bndbox>
      <xmin>1527</xmin>
      <ymin>413</ymin>
      <xmax>1921</xmax>
      <ymax>987</ymax>
    </bndbox>
    <confidence>0.958416</confidence>
  </object>
  <object>
    <name>Vehicle</name>
    <bndbox>
      <xmin>1216</xmin>
      <ymin>524</ymin>
      <xmax>1447</xmax>
      <ymax>676</ymax>
    </bndbox>
    <confidence>0.963141</confidence>
  </object>
  <object>
    <name>Vehicle</name>
    <bndbox>
      <xmin>635</xmin>
      <ymin>501</ymin>
      <xmax>1118</xmax>
      <ymax>783</ymax>
    </bndbox>
    <confidence>0.970991</confidence>
  </object>
</annotation>
