<annotation>
  <folder>runs\detect\exp2</folder>
  <filename>2_20200615_112127_000570.jpg</filename>
  <source>
    <database>Unknown</database>
  </source>
  <size>
    <width>1920</width>
    <height>1080</height>
    <depth>3</depth>
  </size>
  <segmented>0</segmented>
  <object>
    <name>Vehicle</name>
    <bndbox>
      <xmin>974</xmin>
      <ymin>537</ymin>
      <xmax>1007</xmax>
      <ymax>566</ymax>
    </bndbox>
    <confidence>0.87783</confidence>
  </object>
  <object>
    <name>Vehicle</name>
    <bndbox>
      <xmin>615</xmin>
      <ymin>508</ymin>
      <xmax>711</xmax>
      <ymax>583</ymax>
    </bndbox>
    <confidence>0.880425</confidence>
  </object>
  <object>
    <name>Vehicle</name>
    <bndbox>
      <xmin>875</xmin>
      <ymin>545</ymin>
      <xmax>917</xmax>
      <ymax>575</ymax>
    </bndbox>
    <confidence>0.915968</confidence>
  </object>
  <object>
    <name>Vehicle</name>
    <bndbox>
      <xmin>428</xmin>
      <ymin>562</ymin>
      <xmax>505</xmax>
      <ymax>611</ymax>
    </bndbox>
    <confidence>0.927132</confidence>
  </object>
  <object>
    <name>Vehicle</name>
    <bndbox>
      <xmin>266</xmin>
      <ymin>533</ymin>
      <xmax>423</xmax>
      <ymax>630</ymax>
    </bndbox>
    <confidence>0.938806</confidence>
  </object>
  <object>
    <name>Vehicle</name>
    <bndbox>
      <xmin>799</xmin>
      <ymin>535</ymin>
      <xmax>875</xmax>
      <ymax>592</ymax>
    </bndbox>
    <confidence>0.945453</confidence>
  </object>
  <object>
    <name>Vehicle</name>
    <bndbox>
      <xmin>669</xmin>
      <ymin>541</ymin>
      <xmax>755</xmax>
      <ymax>602</ymax>
    </bndbox>
    <confidence>0.947834</confidence>
  </object>
  <object>
    <name>Vehicle</name>
    <bndbox>
      <xmin>1</xmin>
      <ymin>526</ymin>
      <xmax>262</xmax>
      <ymax>705</ymax>
    </bndbox>
    <confidence>0.966857</confidence>
  </object>
</annotation>
