<annotation>
  <folder>runs\detect\exp39</folder>
  <filename>2_20200615_112127_001410.jpg</filename>
  <source>
    <database>Unknown</database>
  </source>
  <size>
    <width>1920</width>
    <height>1080</height>
    <depth>3</depth>
  </size>
  <segmented>0</segmented>
  <object>
    <name>TrafficLight</name>
    <bndbox>
      <xmin>1116</xmin>
      <ymin>388</ymin>
      <xmax>1160</xmax>
      <ymax>402</ymax>
    </bndbox>
    <confidence>0.609144</confidence>
  </object>
  <object>
    <name>Vehicle</name>
    <bndbox>
      <xmin>1</xmin>
      <ymin>572</ymin>
      <xmax>42</xmax>
      <ymax>637</ymax>
    </bndbox>
    <confidence>0.828912</confidence>
  </object>
  <object>
    <name>TrafficLight</name>
    <bndbox>
      <xmin>1259</xmin>
      <ymin>165</ymin>
      <xmax>1362</xmax>
      <ymax>194</ymax>
    </bndbox>
    <confidence>0.857088</confidence>
  </object>
  <object>
    <name>TrafficLight</name>
    <bndbox>
      <xmin>970</xmin>
      <ymin>172</ymin>
      <xmax>1074</xmax>
      <ymax>202</ymax>
    </bndbox>
    <confidence>0.868651</confidence>
  </object>
  <object>
    <name>TrafficSign</name>
    <bndbox>
      <xmin>1132</xmin>
      <ymin>150</ymin>
      <xmax>1197</xmax>
      <ymax>217</ymax>
    </bndbox>
    <confidence>0.931919</confidence>
  </object>
</annotation>
