<annotation>
  <folder>runs\detect\exp2</folder>
  <filename>2_20200615_112127_000900.jpg</filename>
  <source>
    <database>Unknown</database>
  </source>
  <size>
    <width>1920</width>
    <height>1080</height>
    <depth>3</depth>
  </size>
  <segmented>0</segmented>
  <object>
    <name>Vehicle</name>
    <bndbox>
      <xmin>63</xmin>
      <ymin>560</ymin>
      <xmax>214</xmax>
      <ymax>644</ymax>
    </bndbox>
    <confidence>0.958585</confidence>
  </object>
  <object>
    <name>Vehicle</name>
    <bndbox>
      <xmin>1371</xmin>
      <ymin>520</ymin>
      <xmax>1512</xmax>
      <ymax>628</ymax>
    </bndbox>
    <confidence>0.961696</confidence>
  </object>
</annotation>
