<annotation>
  <folder>runs\detect\exp39</folder>
  <filename>2_20200615_112127_000420.jpg</filename>
  <source>
    <database>Unknown</database>
  </source>
  <size>
    <width>1920</width>
    <height>1080</height>
    <depth>3</depth>
  </size>
  <segmented>0</segmented>
  <object>
    <name>Vehicle</name>
    <bndbox>
      <xmin>1003</xmin>
      <ymin>545</ymin>
      <xmax>1034</xmax>
      <ymax>580</ymax>
    </bndbox>
    <confidence>0.571531</confidence>
  </object>
  <object>
    <name>Vehicle</name>
    <bndbox>
      <xmin>960</xmin>
      <ymin>561</ymin>
      <xmax>990</xmax>
      <ymax>587</ymax>
    </bndbox>
    <confidence>0.620216</confidence>
  </object>
  <object>
    <name>Vehicle</name>
    <bndbox>
      <xmin>813</xmin>
      <ymin>566</ymin>
      <xmax>842</xmax>
      <ymax>592</ymax>
    </bndbox>
    <confidence>0.666279</confidence>
  </object>
  <object>
    <name>Vehicle</name>
    <bndbox>
      <xmin>989</xmin>
      <ymin>555</ymin>
      <xmax>1028</xmax>
      <ymax>586</ymax>
    </bndbox>
    <confidence>0.813158</confidence>
  </object>
  <object>
    <name>Vehicle</name>
    <bndbox>
      <xmin>784</xmin>
      <ymin>568</ymin>
      <xmax>822</xmax>
      <ymax>595</ymax>
    </bndbox>
    <confidence>0.834543</confidence>
  </object>
  <object>
    <name>Vehicle</name>
    <bndbox>
      <xmin>836</xmin>
      <ymin>554</ymin>
      <xmax>884</xmax>
      <ymax>591</ymax>
    </bndbox>
    <confidence>0.854574</confidence>
  </object>
  <object>
    <name>Vehicle</name>
    <bndbox>
      <xmin>750</xmin>
      <ymin>569</ymin>
      <xmax>789</xmax>
      <ymax>597</ymax>
    </bndbox>
    <confidence>0.882315</confidence>
  </object>
  <object>
    <name>TrafficSign</name>
    <bndbox>
      <xmin>1144</xmin>
      <ymin>337</ymin>
      <xmax>1180</xmax>
      <ymax>373</ymax>
    </bndbox>
    <confidence>0.893199</confidence>
  </object>
  <object>
    <name>Vehicle</name>
    <bndbox>
      <xmin>568</xmin>
      <ymin>561</ymin>
      <xmax>631</xmax>
      <ymax>612</ymax>
    </bndbox>
    <confidence>0.910135</confidence>
  </object>
  <object>
    <name>Vehicle</name>
    <bndbox>
      <xmin>886</xmin>
      <ymin>525</ymin>
      <xmax>963</xmax>
      <ymax>592</ymax>
    </bndbox>
    <confidence>0.929772</confidence>
  </object>
  <object>
    <name>Vehicle</name>
    <bndbox>
      <xmin>501</xmin>
      <ymin>573</ymin>
      <xmax>583</xmax>
      <ymax>619</ymax>
    </bndbox>
    <confidence>0.931678</confidence>
  </object>
  <object>
    <name>Vehicle</name>
    <bndbox>
      <xmin>690</xmin>
      <ymin>563</ymin>
      <xmax>756</xmax>
      <ymax>608</ymax>
    </bndbox>
    <confidence>0.936764</confidence>
  </object>
  <object>
    <name>Vehicle</name>
    <bndbox>
      <xmin>187</xmin>
      <ymin>564</ymin>
      <xmax>429</xmax>
      <ymax>686</ymax>
    </bndbox>
    <confidence>0.96374</confidence>
  </object>
</annotation>
