<annotation>
  <folder>runs\detect\exp39</folder>
  <filename>2_20200615_112127_003480.jpg</filename>
  <source>
    <database>Unknown</database>
  </source>
  <size>
    <width>1920</width>
    <height>1080</height>
    <depth>3</depth>
  </size>
  <segmented>0</segmented>
  <object>
    <name>Vehicle</name>
    <bndbox>
      <xmin>895</xmin>
      <ymin>547</ymin>
      <xmax>920</xmax>
      <ymax>574</ymax>
    </bndbox>
    <confidence>0.321689</confidence>
  </object>
  <object>
    <name>Vehicle</name>
    <bndbox>
      <xmin>823</xmin>
      <ymin>534</ymin>
      <xmax>856</xmax>
      <ymax>578</ymax>
    </bndbox>
    <confidence>0.435684</confidence>
  </object>
  <object>
    <name>Vehicle</name>
    <bndbox>
      <xmin>871</xmin>
      <ymin>546</ymin>
      <xmax>899</xmax>
      <ymax>574</ymax>
    </bndbox>
    <confidence>0.635284</confidence>
  </object>
  <object>
    <name>Vehicle</name>
    <bndbox>
      <xmin>793</xmin>
      <ymin>555</ymin>
      <xmax>825</xmax>
      <ymax>584</ymax>
    </bndbox>
    <confidence>0.815062</confidence>
  </object>
  <object>
    <name>Vehicle</name>
    <bndbox>
      <xmin>831</xmin>
      <ymin>543</ymin>
      <xmax>877</xmax>
      <ymax>587</ymax>
    </bndbox>
    <confidence>0.858754</confidence>
  </object>
  <object>
    <name>Vehicle</name>
    <bndbox>
      <xmin>989</xmin>
      <ymin>548</ymin>
      <xmax>1028</xmax>
      <ymax>582</ymax>
    </bndbox>
    <confidence>0.878061</confidence>
  </object>
  <object>
    <name>Vehicle</name>
    <bndbox>
      <xmin>743</xmin>
      <ymin>553</ymin>
      <xmax>794</xmax>
      <ymax>593</ymax>
    </bndbox>
    <confidence>0.912433</confidence>
  </object>
  <object>
    <name>Vehicle</name>
    <bndbox>
      <xmin>500</xmin>
      <ymin>559</ymin>
      <xmax>615</xmax>
      <ymax>630</ymax>
    </bndbox>
    <confidence>0.952884</confidence>
  </object>
</annotation>
