<annotation>
  <folder>runs\detect\exp39</folder>
  <filename>2_20200615_112127_004260.jpg</filename>
  <source>
    <database>Unknown</database>
  </source>
  <size>
    <width>1920</width>
    <height>1080</height>
    <depth>3</depth>
  </size>
  <segmented>0</segmented>
  <object>
    <name>Vehicle</name>
    <bndbox>
      <xmin>1571</xmin>
      <ymin>502</ymin>
      <xmax>1639</xmax>
      <ymax>564</ymax>
    </bndbox>
    <confidence>0.274567</confidence>
  </object>
  <object>
    <name>Vehicle</name>
    <bndbox>
      <xmin>1059</xmin>
      <ymin>524</ymin>
      <xmax>1085</xmax>
      <ymax>567</ymax>
    </bndbox>
    <confidence>0.359199</confidence>
  </object>
  <object>
    <name>Vehicle</name>
    <bndbox>
      <xmin>1653</xmin>
      <ymin>503</ymin>
      <xmax>1710</xmax>
      <ymax>555</ymax>
    </bndbox>
    <confidence>0.627905</confidence>
  </object>
  <object>
    <name>Vehicle</name>
    <bndbox>
      <xmin>1696</xmin>
      <ymin>501</ymin>
      <xmax>1805</xmax>
      <ymax>559</ymax>
    </bndbox>
    <confidence>0.805835</confidence>
  </object>
  <object>
    <name>TrafficSign</name>
    <bndbox>
      <xmin>1080</xmin>
      <ymin>278</ymin>
      <xmax>1239</xmax>
      <ymax>340</ymax>
    </bndbox>
    <confidence>0.913202</confidence>
  </object>
  <object>
    <name>Vehicle</name>
    <bndbox>
      <xmin>992</xmin>
      <ymin>530</ymin>
      <xmax>1078</xmax>
      <ymax>599</ymax>
    </bndbox>
    <confidence>0.927233</confidence>
  </object>
  <object>
    <name>Vehicle</name>
    <bndbox>
      <xmin>295</xmin>
      <ymin>494</ymin>
      <xmax>496</xmax>
      <ymax>620</ymax>
    </bndbox>
    <confidence>0.928704</confidence>
  </object>
  <object>
    <name>Vehicle</name>
    <bndbox>
      <xmin>499</xmin>
      <ymin>507</ymin>
      <xmax>633</xmax>
      <ymax>599</ymax>
    </bndbox>
    <confidence>0.943849</confidence>
  </object>
  <object>
    <name>Vehicle</name>
    <bndbox>
      <xmin>726</xmin>
      <ymin>530</ymin>
      <xmax>878</xmax>
      <ymax>645</ymax>
    </bndbox>
    <confidence>0.960588</confidence>
  </object>
</annotation>
