<annotation>
  <folder>runs\detect\exp2</folder>
  <filename>2_20200615_112127_000450.jpg</filename>
  <source>
    <database>Unknown</database>
  </source>
  <size>
    <width>1920</width>
    <height>1080</height>
    <depth>3</depth>
  </size>
  <segmented>0</segmented>
  <object>
    <name>Vehicle</name>
    <bndbox>
      <xmin>928</xmin>
      <ymin>536</ymin>
      <xmax>962</xmax>
      <ymax>577</ymax>
    </bndbox>
    <confidence>0.859951</confidence>
  </object>
  <object>
    <name>TrafficSign</name>
    <bndbox>
      <xmin>1360</xmin>
      <ymin>428</ymin>
      <xmax>1396</xmax>
      <ymax>462</ymax>
    </bndbox>
    <confidence>0.863714</confidence>
  </object>
  <object>
    <name>Vehicle</name>
    <bndbox>
      <xmin>705</xmin>
      <ymin>562</ymin>
      <xmax>748</xmax>
      <ymax>593</ymax>
    </bndbox>
    <confidence>0.897756</confidence>
  </object>
  <object>
    <name>TrafficSign</name>
    <bndbox>
      <xmin>1160</xmin>
      <ymin>232</ymin>
      <xmax>1212</xmax>
      <ymax>285</ymax>
    </bndbox>
    <confidence>0.912668</confidence>
  </object>
  <object>
    <name>Vehicle</name>
    <bndbox>
      <xmin>869</xmin>
      <ymin>545</ymin>
      <xmax>929</xmax>
      <ymax>594</ymax>
    </bndbox>
    <confidence>0.914721</confidence>
  </object>
  <object>
    <name>Vehicle</name>
    <bndbox>
      <xmin>651</xmin>
      <ymin>565</ymin>
      <xmax>709</xmax>
      <ymax>598</ymax>
    </bndbox>
    <confidence>0.927819</confidence>
  </object>
  <object>
    <name>Vehicle</name>
    <bndbox>
      <xmin>740</xmin>
      <ymin>504</ymin>
      <xmax>857</xmax>
      <ymax>598</ymax>
    </bndbox>
    <confidence>0.942875</confidence>
  </object>
  <object>
    <name>Vehicle</name>
    <bndbox>
      <xmin>312</xmin>
      <ymin>570</ymin>
      <xmax>409</xmax>
      <ymax>631</ymax>
    </bndbox>
    <confidence>0.943353</confidence>
  </object>
  <object>
    <name>Vehicle</name>
    <bndbox>
      <xmin>387</xmin>
      <ymin>558</ymin>
      <xmax>507</xmax>
      <ymax>633</ymax>
    </bndbox>
    <confidence>0.953734</confidence>
  </object>
</annotation>
