<annotation>
  <folder>runs\detect\exp2</folder>
  <filename>2_20200615_112127_003600.jpg</filename>
  <source>
    <database>Unknown</database>
  </source>
  <size>
    <width>1920</width>
    <height>1080</height>
    <depth>3</depth>
  </size>
  <segmented>0</segmented>
  <object>
    <name>Vehicle</name>
    <bndbox>
      <xmin>723</xmin>
      <ymin>563</ymin>
      <xmax>749</xmax>
      <ymax>593</ymax>
    </bndbox>
    <confidence>0.437485</confidence>
  </object>
  <object>
    <name>Vehicle</name>
    <bndbox>
      <xmin>1018</xmin>
      <ymin>552</ymin>
      <xmax>1049</xmax>
      <ymax>578</ymax>
    </bndbox>
    <confidence>0.57134</confidence>
  </object>
  <object>
    <name>Vehicle</name>
    <bndbox>
      <xmin>787</xmin>
      <ymin>551</ymin>
      <xmax>815</xmax>
      <ymax>587</ymax>
    </bndbox>
    <confidence>0.690166</confidence>
  </object>
  <object>
    <name>Vehicle</name>
    <bndbox>
      <xmin>185</xmin>
      <ymin>541</ymin>
      <xmax>231</xmax>
      <ymax>590</ymax>
    </bndbox>
    <confidence>0.768885</confidence>
  </object>
  <object>
    <name>Vehicle</name>
    <bndbox>
      <xmin>973</xmin>
      <ymin>555</ymin>
      <xmax>1005</xmax>
      <ymax>582</ymax>
    </bndbox>
    <confidence>0.835284</confidence>
  </object>
  <object>
    <name>Vehicle</name>
    <bndbox>
      <xmin>813</xmin>
      <ymin>533</ymin>
      <xmax>864</xmax>
      <ymax>595</ymax>
    </bndbox>
    <confidence>0.884883</confidence>
  </object>
  <object>
    <name>Vehicle</name>
    <bndbox>
      <xmin>656</xmin>
      <ymin>531</ymin>
      <xmax>737</xmax>
      <ymax>611</ymax>
    </bndbox>
    <confidence>0.905324</confidence>
  </object>
  <object>
    <name>Vehicle</name>
    <bndbox>
      <xmin>741</xmin>
      <ymin>559</ymin>
      <xmax>791</xmax>
      <ymax>598</ymax>
    </bndbox>
    <confidence>0.910445</confidence>
  </object>
  <object>
    <name>Vehicle</name>
    <bndbox>
      <xmin>512</xmin>
      <ymin>524</ymin>
      <xmax>605</xmax>
      <ymax>600</ymax>
    </bndbox>
    <confidence>0.91187</confidence>
  </object>
  <object>
    <name>TrafficSign</name>
    <bndbox>
      <xmin>1430</xmin>
      <ymin>423</ymin>
      <xmax>1495</xmax>
      <ymax>481</ymax>
    </bndbox>
    <confidence>0.91307</confidence>
  </object>
  <object>
    <name>Vehicle</name>
    <bndbox>
      <xmin>510</xmin>
      <ymin>555</ymin>
      <xmax>648</xmax>
      <ymax>645</ymax>
    </bndbox>
    <confidence>0.955028</confidence>
  </object>
  <object>
    <name>Vehicle</name>
    <bndbox>
      <xmin>1</xmin>
      <ymin>462</ymin>
      <xmax>271</xmax>
      <ymax>779</ymax>
    </bndbox>
    <confidence>0.956429</confidence>
  </object>
  <object>
    <name>Vehicle</name>
    <bndbox>
      <xmin>232</xmin>
      <ymin>544</ymin>
      <xmax>410</xmax>
      <ymax>669</ymax>
    </bndbox>
    <confidence>0.957146</confidence>
  </object>
</annotation>
