<annotation>
  <folder>runs\detect\exp2</folder>
  <filename>2_20200615_112127_004230.jpg</filename>
  <source>
    <database>Unknown</database>
  </source>
  <size>
    <width>1920</width>
    <height>1080</height>
    <depth>3</depth>
  </size>
  <segmented>0</segmented>
  <object>
    <name>Vehicle</name>
    <bndbox>
      <xmin>1043</xmin>
      <ymin>525</ymin>
      <xmax>1070</xmax>
      <ymax>564</ymax>
    </bndbox>
    <confidence>0.791189</confidence>
  </object>
  <object>
    <name>TrafficSign</name>
    <bndbox>
      <xmin>1049</xmin>
      <ymin>354</ymin>
      <xmax>1160</xmax>
      <ymax>398</ymax>
    </bndbox>
    <confidence>0.876514</confidence>
  </object>
  <object>
    <name>Vehicle</name>
    <bndbox>
      <xmin>450</xmin>
      <ymin>486</ymin>
      <xmax>587</xmax>
      <ymax>604</ymax>
    </bndbox>
    <confidence>0.926335</confidence>
  </object>
  <object>
    <name>Vehicle</name>
    <bndbox>
      <xmin>980</xmin>
      <ymin>531</ymin>
      <xmax>1056</xmax>
      <ymax>594</ymax>
    </bndbox>
    <confidence>0.936602</confidence>
  </object>
  <object>
    <name>Vehicle</name>
    <bndbox>
      <xmin>581</xmin>
      <ymin>515</ymin>
      <xmax>680</xmax>
      <ymax>589</ymax>
    </bndbox>
    <confidence>0.943689</confidence>
  </object>
  <object>
    <name>Vehicle</name>
    <bndbox>
      <xmin>689</xmin>
      <ymin>531</ymin>
      <xmax>855</xmax>
      <ymax>655</ymax>
    </bndbox>
    <confidence>0.968713</confidence>
  </object>
</annotation>
