<annotation>
  <folder>runs\detect\exp39</folder>
  <filename>2_20200615_112127_004290.jpg</filename>
  <source>
    <database>Unknown</database>
  </source>
  <size>
    <width>1920</width>
    <height>1080</height>
    <depth>3</depth>
  </size>
  <segmented>0</segmented>
  <object>
    <name>TrafficSign</name>
    <bndbox>
      <xmin>1142</xmin>
      <ymin>153</ymin>
      <xmax>1202</xmax>
      <ymax>237</ymax>
    </bndbox>
    <confidence>0.342089</confidence>
  </object>
  <object>
    <name>Vehicle</name>
    <bndbox>
      <xmin>1023</xmin>
      <ymin>514</ymin>
      <xmax>1102</xmax>
      <ymax>561</ymax>
    </bndbox>
    <confidence>0.443141</confidence>
  </object>
  <object>
    <name>Vehicle</name>
    <bndbox>
      <xmin>1699</xmin>
      <ymin>493</ymin>
      <xmax>1818</xmax>
      <ymax>572</ymax>
    </bndbox>
    <confidence>0.445561</confidence>
  </object>
  <object>
    <name>TrafficSign</name>
    <bndbox>
      <xmin>1139</xmin>
      <ymin>151</ymin>
      <xmax>1377</xmax>
      <ymax>240</ymax>
    </bndbox>
    <confidence>0.916104</confidence>
  </object>
  <object>
    <name>Vehicle</name>
    <bndbox>
      <xmin>1010</xmin>
      <ymin>532</ymin>
      <xmax>1103</xmax>
      <ymax>606</ymax>
    </bndbox>
    <confidence>0.929014</confidence>
  </object>
  <object>
    <name>Vehicle</name>
    <bndbox>
      <xmin>69</xmin>
      <ymin>474</ymin>
      <xmax>367</xmax>
      <ymax>645</ymax>
    </bndbox>
    <confidence>0.940482</confidence>
  </object>
  <object>
    <name>Vehicle</name>
    <bndbox>
      <xmin>395</xmin>
      <ymin>500</ymin>
      <xmax>573</xmax>
      <ymax>613</ymax>
    </bndbox>
    <confidence>0.954345</confidence>
  </object>
  <object>
    <name>Vehicle</name>
    <bndbox>
      <xmin>758</xmin>
      <ymin>531</ymin>
      <xmax>901</xmax>
      <ymax>641</ymax>
    </bndbox>
    <confidence>0.959745</confidence>
  </object>
</annotation>
