<annotation>
  <folder>runs\detect\exp39</folder>
  <filename>2_20200615_112127_003120.jpg</filename>
  <source>
    <database>Unknown</database>
  </source>
  <size>
    <width>1920</width>
    <height>1080</height>
    <depth>3</depth>
  </size>
  <segmented>0</segmented>
  <object>
    <name>Vehicle</name>
    <bndbox>
      <xmin>900</xmin>
      <ymin>529</ymin>
      <xmax>928</xmax>
      <ymax>557</ymax>
    </bndbox>
    <confidence>0.702813</confidence>
  </object>
  <object>
    <name>Vehicle</name>
    <bndbox>
      <xmin>1016</xmin>
      <ymin>526</ymin>
      <xmax>1044</xmax>
      <ymax>558</ymax>
    </bndbox>
    <confidence>0.813836</confidence>
  </object>
  <object>
    <name>TrafficLight</name>
    <bndbox>
      <xmin>1190</xmin>
      <ymin>322</ymin>
      <xmax>1252</xmax>
      <ymax>339</ymax>
    </bndbox>
    <confidence>0.855733</confidence>
  </object>
  <object>
    <name>Vehicle</name>
    <bndbox>
      <xmin>755</xmin>
      <ymin>543</ymin>
      <xmax>798</xmax>
      <ymax>576</ymax>
    </bndbox>
    <confidence>0.896056</confidence>
  </object>
  <object>
    <name>Vehicle</name>
    <bndbox>
      <xmin>1392</xmin>
      <ymin>451</ymin>
      <xmax>1914</xmax>
      <ymax>795</ymax>
    </bndbox>
    <confidence>0.973003</confidence>
  </object>
</annotation>
