<annotation>
  <folder>runs\detect\exp2</folder>
  <filename>2_20200615_112127_003480.jpg</filename>
  <source>
    <database>Unknown</database>
  </source>
  <size>
    <width>1920</width>
    <height>1080</height>
    <depth>3</depth>
  </size>
  <segmented>0</segmented>
  <object>
    <name>Vehicle</name>
    <bndbox>
      <xmin>895</xmin>
      <ymin>547</ymin>
      <xmax>920</xmax>
      <ymax>574</ymax>
    </bndbox>
    <confidence>0.322246</confidence>
  </object>
  <object>
    <name>Vehicle</name>
    <bndbox>
      <xmin>821</xmin>
      <ymin>534</ymin>
      <xmax>855</xmax>
      <ymax>579</ymax>
    </bndbox>
    <confidence>0.475626</confidence>
  </object>
  <object>
    <name>Vehicle</name>
    <bndbox>
      <xmin>871</xmin>
      <ymin>546</ymin>
      <xmax>899</xmax>
      <ymax>574</ymax>
    </bndbox>
    <confidence>0.65264</confidence>
  </object>
  <object>
    <name>Vehicle</name>
    <bndbox>
      <xmin>793</xmin>
      <ymin>555</ymin>
      <xmax>825</xmax>
      <ymax>584</ymax>
    </bndbox>
    <confidence>0.810244</confidence>
  </object>
  <object>
    <name>Vehicle</name>
    <bndbox>
      <xmin>831</xmin>
      <ymin>542</ymin>
      <xmax>877</xmax>
      <ymax>587</ymax>
    </bndbox>
    <confidence>0.866926</confidence>
  </object>
  <object>
    <name>Vehicle</name>
    <bndbox>
      <xmin>987</xmin>
      <ymin>548</ymin>
      <xmax>1027</xmax>
      <ymax>582</ymax>
    </bndbox>
    <confidence>0.885036</confidence>
  </object>
  <object>
    <name>Vehicle</name>
    <bndbox>
      <xmin>743</xmin>
      <ymin>553</ymin>
      <xmax>794</xmax>
      <ymax>593</ymax>
    </bndbox>
    <confidence>0.916748</confidence>
  </object>
  <object>
    <name>Vehicle</name>
    <bndbox>
      <xmin>500</xmin>
      <ymin>559</ymin>
      <xmax>615</xmax>
      <ymax>630</ymax>
    </bndbox>
    <confidence>0.957255</confidence>
  </object>
</annotation>
