<annotation>
  <folder>runs\detect\exp39</folder>
  <filename>2_20200615_112127_004230.jpg</filename>
  <source>
    <database>Unknown</database>
  </source>
  <size>
    <width>1920</width>
    <height>1080</height>
    <depth>3</depth>
  </size>
  <segmented>0</segmented>
  <object>
    <name>Vehicle</name>
    <bndbox>
      <xmin>1043</xmin>
      <ymin>525</ymin>
      <xmax>1070</xmax>
      <ymax>564</ymax>
    </bndbox>
    <confidence>0.776613</confidence>
  </object>
  <object>
    <name>TrafficSign</name>
    <bndbox>
      <xmin>1049</xmin>
      <ymin>354</ymin>
      <xmax>1160</xmax>
      <ymax>398</ymax>
    </bndbox>
    <confidence>0.860432</confidence>
  </object>
  <object>
    <name>Vehicle</name>
    <bndbox>
      <xmin>450</xmin>
      <ymin>485</ymin>
      <xmax>587</xmax>
      <ymax>604</ymax>
    </bndbox>
    <confidence>0.923899</confidence>
  </object>
  <object>
    <name>Vehicle</name>
    <bndbox>
      <xmin>981</xmin>
      <ymin>531</ymin>
      <xmax>1058</xmax>
      <ymax>594</ymax>
    </bndbox>
    <confidence>0.932091</confidence>
  </object>
  <object>
    <name>Vehicle</name>
    <bndbox>
      <xmin>581</xmin>
      <ymin>515</ymin>
      <xmax>680</xmax>
      <ymax>589</ymax>
    </bndbox>
    <confidence>0.940139</confidence>
  </object>
  <object>
    <name>Vehicle</name>
    <bndbox>
      <xmin>689</xmin>
      <ymin>530</ymin>
      <xmax>855</xmax>
      <ymax>655</ymax>
    </bndbox>
    <confidence>0.964308</confidence>
  </object>
</annotation>
