<annotation>
  <folder>runs\detect\exp2</folder>
  <filename>2_20200615_112127_000030.jpg</filename>
  <source>
    <database>Unknown</database>
  </source>
  <size>
    <width>1920</width>
    <height>1080</height>
    <depth>3</depth>
  </size>
  <segmented>0</segmented>
  <object>
    <name>Vehicle</name>
    <bndbox>
      <xmin>669</xmin>
      <ymin>497</ymin>
      <xmax>861</xmax>
      <ymax>622</ymax>
    </bndbox>
    <confidence>0.825342</confidence>
  </object>
  <object>
    <name>Vehicle</name>
    <bndbox>
      <xmin>894</xmin>
      <ymin>539</ymin>
      <xmax>950</xmax>
      <ymax>591</ymax>
    </bndbox>
    <confidence>0.916573</confidence>
  </object>
</annotation>
