<annotation>
  <folder>runs\detect\exp2</folder>
  <filename>2_20200615_112127_003810.jpg</filename>
  <source>
    <database>Unknown</database>
  </source>
  <size>
    <width>1920</width>
    <height>1080</height>
    <depth>3</depth>
  </size>
  <segmented>0</segmented>
  <object>
    <name>Vehicle</name>
    <bndbox>
      <xmin>419</xmin>
      <ymin>499</ymin>
      <xmax>547</xmax>
      <ymax>596</ymax>
    </bndbox>
    <confidence>0.775964</confidence>
  </object>
  <object>
    <name>Vehicle</name>
    <bndbox>
      <xmin>1000</xmin>
      <ymin>556</ymin>
      <xmax>1041</xmax>
      <ymax>589</ymax>
    </bndbox>
    <confidence>0.866788</confidence>
  </object>
  <object>
    <name>Vehicle</name>
    <bndbox>
      <xmin>1168</xmin>
      <ymin>565</ymin>
      <xmax>1206</xmax>
      <ymax>613</ymax>
    </bndbox>
    <confidence>0.898573</confidence>
  </object>
  <object>
    <name>Vehicle</name>
    <bndbox>
      <xmin>1192</xmin>
      <ymin>561</ymin>
      <xmax>1237</xmax>
      <ymax>619</ymax>
    </bndbox>
    <confidence>0.910859</confidence>
  </object>
  <object>
    <name>Vehicle</name>
    <bndbox>
      <xmin>757</xmin>
      <ymin>561</ymin>
      <xmax>799</xmax>
      <ymax>593</ymax>
    </bndbox>
    <confidence>0.911027</confidence>
  </object>
  <object>
    <name>Vehicle</name>
    <bndbox>
      <xmin>1103</xmin>
      <ymin>563</ymin>
      <xmax>1147</xmax>
      <ymax>599</ymax>
    </bndbox>
    <confidence>0.9204</confidence>
  </object>
  <object>
    <name>Vehicle</name>
    <bndbox>
      <xmin>1136</xmin>
      <ymin>563</ymin>
      <xmax>1185</xmax>
      <ymax>607</ymax>
    </bndbox>
    <confidence>0.920496</confidence>
  </object>
  <object>
    <name>Vehicle</name>
    <bndbox>
      <xmin>1218</xmin>
      <ymin>549</ymin>
      <xmax>1315</xmax>
      <ymax>627</ymax>
    </bndbox>
    <confidence>0.943769</confidence>
  </object>
  <object>
    <name>Vehicle</name>
    <bndbox>
      <xmin>632</xmin>
      <ymin>552</ymin>
      <xmax>711</xmax>
      <ymax>615</ymax>
    </bndbox>
    <confidence>0.944952</confidence>
  </object>
  <object>
    <name>Vehicle</name>
    <bndbox>
      <xmin>1270</xmin>
      <ymin>562</ymin>
      <xmax>1375</xmax>
      <ymax>639</ymax>
    </bndbox>
    <confidence>0.952116</confidence>
  </object>
  <object>
    <name>Vehicle</name>
    <bndbox>
      <xmin>2</xmin>
      <ymin>565</ymin>
      <xmax>137</xmax>
      <ymax>642</ymax>
    </bndbox>
    <confidence>0.956361</confidence>
  </object>
  <object>
    <name>Vehicle</name>
    <bndbox>
      <xmin>1348</xmin>
      <ymin>562</ymin>
      <xmax>1483</xmax>
      <ymax>656</ymax>
    </bndbox>
    <confidence>0.957133</confidence>
  </object>
  <object>
    <name>Vehicle</name>
    <bndbox>
      <xmin>1446</xmin>
      <ymin>558</ymin>
      <xmax>1661</xmax>
      <ymax>674</ymax>
    </bndbox>
    <confidence>0.966618</confidence>
  </object>
</annotation>
