<annotation>
  <folder>runs\detect\exp39</folder>
  <filename>2_20200615_112127_000660.jpg</filename>
  <source>
    <database>Unknown</database>
  </source>
  <size>
    <width>1920</width>
    <height>1080</height>
    <depth>3</depth>
  </size>
  <segmented>0</segmented>
  <object>
    <name>Vehicle</name>
    <bndbox>
      <xmin>965</xmin>
      <ymin>529</ymin>
      <xmax>1004</xmax>
      <ymax>568</ymax>
    </bndbox>
    <confidence>0.870013</confidence>
  </object>
  <object>
    <name>Vehicle</name>
    <bndbox>
      <xmin>887</xmin>
      <ymin>540</ymin>
      <xmax>931</xmax>
      <ymax>577</ymax>
    </bndbox>
    <confidence>0.886153</confidence>
  </object>
  <object>
    <name>Vehicle</name>
    <bndbox>
      <xmin>689</xmin>
      <ymin>549</ymin>
      <xmax>759</xmax>
      <ymax>600</ymax>
    </bndbox>
    <confidence>0.94043</confidence>
  </object>
  <object>
    <name>Vehicle</name>
    <bndbox>
      <xmin>19</xmin>
      <ymin>470</ymin>
      <xmax>285</xmax>
      <ymax>623</ymax>
    </bndbox>
    <confidence>0.946114</confidence>
  </object>
  <object>
    <name>Vehicle</name>
    <bndbox>
      <xmin>380</xmin>
      <ymin>525</ymin>
      <xmax>557</xmax>
      <ymax>646</ymax>
    </bndbox>
    <confidence>0.947799</confidence>
  </object>
</annotation>
