<annotation>
  <folder>runs\detect\exp39</folder>
  <filename>2_20200615_112127_003900.jpg</filename>
  <source>
    <database>Unknown</database>
  </source>
  <size>
    <width>1920</width>
    <height>1080</height>
    <depth>3</depth>
  </size>
  <segmented>0</segmented>
  <object>
    <name>Pedestrian</name>
    <bndbox>
      <xmin>1364</xmin>
      <ymin>503</ymin>
      <xmax>1381</xmax>
      <ymax>536</ymax>
    </bndbox>
    <confidence>0.273545</confidence>
  </object>
  <object>
    <name>TrafficSign</name>
    <bndbox>
      <xmin>1350</xmin>
      <ymin>419</ymin>
      <xmax>1384</xmax>
      <ymax>457</ymax>
    </bndbox>
    <confidence>0.477497</confidence>
  </object>
  <object>
    <name>Vehicle</name>
    <bndbox>
      <xmin>835</xmin>
      <ymin>518</ymin>
      <xmax>868</xmax>
      <ymax>545</ymax>
    </bndbox>
    <confidence>0.616717</confidence>
  </object>
  <object>
    <name>Vehicle</name>
    <bndbox>
      <xmin>1013</xmin>
      <ymin>528</ymin>
      <xmax>1057</xmax>
      <ymax>563</ymax>
    </bndbox>
    <confidence>0.868119</confidence>
  </object>
  <object>
    <name>Vehicle</name>
    <bndbox>
      <xmin>1</xmin>
      <ymin>418</ymin>
      <xmax>139</xmax>
      <ymax>593</ymax>
    </bndbox>
    <confidence>0.868777</confidence>
  </object>
  <object>
    <name>Vehicle</name>
    <bndbox>
      <xmin>1290</xmin>
      <ymin>534</ymin>
      <xmax>1431</xmax>
      <ymax>624</ymax>
    </bndbox>
    <confidence>0.959099</confidence>
  </object>
  <object>
    <name>Vehicle</name>
    <bndbox>
      <xmin>1524</xmin>
      <ymin>527</ymin>
      <xmax>1835</xmax>
      <ymax>692</ymax>
    </bndbox>
    <confidence>0.960945</confidence>
  </object>
</annotation>
