<annotation>
  <folder>runs\detect\exp39</folder>
  <filename>2_20200615_112127_003630.jpg</filename>
  <source>
    <database>Unknown</database>
  </source>
  <size>
    <width>1920</width>
    <height>1080</height>
    <depth>3</depth>
  </size>
  <segmented>0</segmented>
  <object>
    <name>Vehicle</name>
    <bndbox>
      <xmin>803</xmin>
      <ymin>553</ymin>
      <xmax>827</xmax>
      <ymax>584</ymax>
    </bndbox>
    <confidence>0.337486</confidence>
  </object>
  <object>
    <name>Vehicle</name>
    <bndbox>
      <xmin>1213</xmin>
      <ymin>541</ymin>
      <xmax>1252</xmax>
      <ymax>565</ymax>
    </bndbox>
    <confidence>0.515159</confidence>
  </object>
  <object>
    <name>Vehicle</name>
    <bndbox>
      <xmin>982</xmin>
      <ymin>545</ymin>
      <xmax>1013</xmax>
      <ymax>572</ymax>
    </bndbox>
    <confidence>0.740467</confidence>
  </object>
  <object>
    <name>Vehicle</name>
    <bndbox>
      <xmin>806</xmin>
      <ymin>542</ymin>
      <xmax>848</xmax>
      <ymax>582</ymax>
    </bndbox>
    <confidence>0.756472</confidence>
  </object>
  <object>
    <name>Vehicle</name>
    <bndbox>
      <xmin>1027</xmin>
      <ymin>543</ymin>
      <xmax>1059</xmax>
      <ymax>571</ymax>
    </bndbox>
    <confidence>0.801192</confidence>
  </object>
  <object>
    <name>Vehicle</name>
    <bndbox>
      <xmin>718</xmin>
      <ymin>508</ymin>
      <xmax>808</xmax>
      <ymax>609</ymax>
    </bndbox>
    <confidence>0.933851</confidence>
  </object>
  <object>
    <name>Vehicle</name>
    <bndbox>
      <xmin>605</xmin>
      <ymin>552</ymin>
      <xmax>692</xmax>
      <ymax>614</ymax>
    </bndbox>
    <confidence>0.936483</confidence>
  </object>
  <object>
    <name>Vehicle</name>
    <bndbox>
      <xmin>347</xmin>
      <ymin>493</ymin>
      <xmax>532</xmax>
      <ymax>650</ymax>
    </bndbox>
    <confidence>0.954552</confidence>
  </object>
  <object>
    <name>Vehicle</name>
    <bndbox>
      <xmin>53</xmin>
      <ymin>483</ymin>
      <xmax>284</xmax>
      <ymax>669</ymax>
    </bndbox>
    <confidence>0.959766</confidence>
  </object>
</annotation>
