<annotation>
  <folder>runs\detect\exp39</folder>
  <filename>2_20200615_112127_004680.jpg</filename>
  <source>
    <database>Unknown</database>
  </source>
  <size>
    <width>1920</width>
    <height>1080</height>
    <depth>3</depth>
  </size>
  <segmented>0</segmented>
  <object>
    <name>Vehicle</name>
    <bndbox>
      <xmin>1039</xmin>
      <ymin>529</ymin>
      <xmax>1089</xmax>
      <ymax>566</ymax>
    </bndbox>
    <confidence>0.854235</confidence>
  </object>
  <object>
    <name>TrafficLight</name>
    <bndbox>
      <xmin>1270</xmin>
      <ymin>198</ymin>
      <xmax>1375</xmax>
      <ymax>227</ymax>
    </bndbox>
    <confidence>0.875302</confidence>
  </object>
  <object>
    <name>TrafficLight</name>
    <bndbox>
      <xmin>1552</xmin>
      <ymin>199</ymin>
      <xmax>1653</xmax>
      <ymax>227</ymax>
    </bndbox>
    <confidence>0.884964</confidence>
  </object>
  <object>
    <name>Vehicle</name>
    <bndbox>
      <xmin>1700</xmin>
      <ymin>451</ymin>
      <xmax>1920</xmax>
      <ymax>952</ymax>
    </bndbox>
    <confidence>0.899969</confidence>
  </object>
  <object>
    <name>Vehicle</name>
    <bndbox>
      <xmin>789</xmin>
      <ymin>480</ymin>
      <xmax>935</xmax>
      <ymax>569</ymax>
    </bndbox>
    <confidence>0.909921</confidence>
  </object>
  <object>
    <name>TrafficSign</name>
    <bndbox>
      <xmin>1377</xmin>
      <ymin>162</ymin>
      <xmax>1441</xmax>
      <ymax>227</ymax>
    </bndbox>
    <confidence>0.937017</confidence>
  </object>
  <object>
    <name>Vehicle</name>
    <bndbox>
      <xmin>1580</xmin>
      <ymin>247</ymin>
      <xmax>1920</xmax>
      <ymax>684</ymax>
    </bndbox>
    <confidence>0.947945</confidence>
  </object>
  <object>
    <name>Vehicle</name>
    <bndbox>
      <xmin>138</xmin>
      <ymin>510</ymin>
      <xmax>790</xmax>
      <ymax>801</ymax>
    </bndbox>
    <confidence>0.961057</confidence>
  </object>
  <object>
    <name>Vehicle</name>
    <bndbox>
      <xmin>1249</xmin>
      <ymin>527</ymin>
      <xmax>1514</xmax>
      <ymax>698</ymax>
    </bndbox>
    <confidence>0.969572</confidence>
  </object>
</annotation>
