<annotation>
  <folder>runs\detect\exp39</folder>
  <filename>2_20200615_112127_003180.jpg</filename>
  <source>
    <database>Unknown</database>
  </source>
  <size>
    <width>1920</width>
    <height>1080</height>
    <depth>3</depth>
  </size>
  <segmented>0</segmented>
  <object>
    <name>Vehicle</name>
    <bndbox>
      <xmin>993</xmin>
      <ymin>541</ymin>
      <xmax>1020</xmax>
      <ymax>565</ymax>
    </bndbox>
    <confidence>0.362485</confidence>
  </object>
  <object>
    <name>Vehicle</name>
    <bndbox>
      <xmin>841</xmin>
      <ymin>536</ymin>
      <xmax>876</xmax>
      <ymax>572</ymax>
    </bndbox>
    <confidence>0.873435</confidence>
  </object>
  <object>
    <name>TrafficLight</name>
    <bndbox>
      <xmin>1207</xmin>
      <ymin>300</ymin>
      <xmax>1279</xmax>
      <ymax>322</ymax>
    </bndbox>
    <confidence>0.884772</confidence>
  </object>
  <object>
    <name>Vehicle</name>
    <bndbox>
      <xmin>533</xmin>
      <ymin>554</ymin>
      <xmax>620</xmax>
      <ymax>609</ymax>
    </bndbox>
    <confidence>0.944143</confidence>
  </object>
  <object>
    <name>Vehicle</name>
    <bndbox>
      <xmin>1193</xmin>
      <ymin>510</ymin>
      <xmax>1388</xmax>
      <ymax>652</ymax>
    </bndbox>
    <confidence>0.965118</confidence>
  </object>
</annotation>
