<annotation>
  <folder>runs\detect\exp39</folder>
  <filename>2_20200615_112127_000540.jpg</filename>
  <source>
    <database>Unknown</database>
  </source>
  <size>
    <width>1920</width>
    <height>1080</height>
    <depth>3</depth>
  </size>
  <segmented>0</segmented>
  <object>
    <name>Vehicle</name>
    <bndbox>
      <xmin>580</xmin>
      <ymin>562</ymin>
      <xmax>631</xmax>
      <ymax>600</ymax>
    </bndbox>
    <confidence>0.856917</confidence>
  </object>
  <object>
    <name>Vehicle</name>
    <bndbox>
      <xmin>695</xmin>
      <ymin>516</ymin>
      <xmax>774</xmax>
      <ymax>578</ymax>
    </bndbox>
    <confidence>0.871169</confidence>
  </object>
  <object>
    <name>Vehicle</name>
    <bndbox>
      <xmin>388</xmin>
      <ymin>564</ymin>
      <xmax>455</xmax>
      <ymax>617</ymax>
    </bndbox>
    <confidence>0.906762</confidence>
  </object>
  <object>
    <name>Vehicle</name>
    <bndbox>
      <xmin>916</xmin>
      <ymin>544</ymin>
      <xmax>962</xmax>
      <ymax>579</ymax>
    </bndbox>
    <confidence>0.910283</confidence>
  </object>
  <object>
    <name>Vehicle</name>
    <bndbox>
      <xmin>828</xmin>
      <ymin>545</ymin>
      <xmax>882</xmax>
      <ymax>585</ymax>
    </bndbox>
    <confidence>0.924198</confidence>
  </object>
  <object>
    <name>Vehicle</name>
    <bndbox>
      <xmin>657</xmin>
      <ymin>543</ymin>
      <xmax>746</xmax>
      <ymax>608</ymax>
    </bndbox>
    <confidence>0.942375</confidence>
  </object>
  <object>
    <name>Vehicle</name>
    <bndbox>
      <xmin>274</xmin>
      <ymin>568</ymin>
      <xmax>394</xmax>
      <ymax>630</ymax>
    </bndbox>
    <confidence>0.947244</confidence>
  </object>
  <object>
    <name>Vehicle</name>
    <bndbox>
      <xmin>101</xmin>
      <ymin>572</ymin>
      <xmax>260</xmax>
      <ymax>646</ymax>
    </bndbox>
    <confidence>0.948208</confidence>
  </object>
  <object>
    <name>Vehicle</name>
    <bndbox>
      <xmin>452</xmin>
      <ymin>504</ymin>
      <xmax>581</xmax>
      <ymax>623</ymax>
    </bndbox>
    <confidence>0.950638</confidence>
  </object>
</annotation>
