<annotation>
  <folder>runs\detect\exp2</folder>
  <filename>2_20200615_112127_000420.jpg</filename>
  <source>
    <database>Unknown</database>
  </source>
  <size>
    <width>1920</width>
    <height>1080</height>
    <depth>3</depth>
  </size>
  <segmented>0</segmented>
  <object>
    <name>Vehicle</name>
    <bndbox>
      <xmin>1002</xmin>
      <ymin>545</ymin>
      <xmax>1034</xmax>
      <ymax>581</ymax>
    </bndbox>
    <confidence>0.605565</confidence>
  </object>
  <object>
    <name>Vehicle</name>
    <bndbox>
      <xmin>960</xmin>
      <ymin>561</ymin>
      <xmax>990</xmax>
      <ymax>587</ymax>
    </bndbox>
    <confidence>0.626689</confidence>
  </object>
  <object>
    <name>Vehicle</name>
    <bndbox>
      <xmin>813</xmin>
      <ymin>566</ymin>
      <xmax>842</xmax>
      <ymax>592</ymax>
    </bndbox>
    <confidence>0.676722</confidence>
  </object>
  <object>
    <name>Vehicle</name>
    <bndbox>
      <xmin>989</xmin>
      <ymin>555</ymin>
      <xmax>1028</xmax>
      <ymax>586</ymax>
    </bndbox>
    <confidence>0.821869</confidence>
  </object>
  <object>
    <name>Vehicle</name>
    <bndbox>
      <xmin>784</xmin>
      <ymin>568</ymin>
      <xmax>822</xmax>
      <ymax>595</ymax>
    </bndbox>
    <confidence>0.840023</confidence>
  </object>
  <object>
    <name>Vehicle</name>
    <bndbox>
      <xmin>836</xmin>
      <ymin>554</ymin>
      <xmax>884</xmax>
      <ymax>591</ymax>
    </bndbox>
    <confidence>0.861131</confidence>
  </object>
  <object>
    <name>Vehicle</name>
    <bndbox>
      <xmin>750</xmin>
      <ymin>569</ymin>
      <xmax>789</xmax>
      <ymax>597</ymax>
    </bndbox>
    <confidence>0.892497</confidence>
  </object>
  <object>
    <name>TrafficSign</name>
    <bndbox>
      <xmin>1144</xmin>
      <ymin>337</ymin>
      <xmax>1180</xmax>
      <ymax>373</ymax>
    </bndbox>
    <confidence>0.898959</confidence>
  </object>
  <object>
    <name>Vehicle</name>
    <bndbox>
      <xmin>568</xmin>
      <ymin>561</ymin>
      <xmax>631</xmax>
      <ymax>612</ymax>
    </bndbox>
    <confidence>0.916259</confidence>
  </object>
  <object>
    <name>Vehicle</name>
    <bndbox>
      <xmin>886</xmin>
      <ymin>525</ymin>
      <xmax>963</xmax>
      <ymax>592</ymax>
    </bndbox>
    <confidence>0.932862</confidence>
  </object>
  <object>
    <name>Vehicle</name>
    <bndbox>
      <xmin>501</xmin>
      <ymin>573</ymin>
      <xmax>583</xmax>
      <ymax>619</ymax>
    </bndbox>
    <confidence>0.935178</confidence>
  </object>
  <object>
    <name>Vehicle</name>
    <bndbox>
      <xmin>689</xmin>
      <ymin>563</ymin>
      <xmax>754</xmax>
      <ymax>608</ymax>
    </bndbox>
    <confidence>0.940148</confidence>
  </object>
  <object>
    <name>Vehicle</name>
    <bndbox>
      <xmin>187</xmin>
      <ymin>564</ymin>
      <xmax>429</xmax>
      <ymax>686</ymax>
    </bndbox>
    <confidence>0.967497</confidence>
  </object>
</annotation>
