<annotation>
  <folder>runs\detect\exp39</folder>
  <filename>2_20200615_112127_004140.jpg</filename>
  <source>
    <database>Unknown</database>
  </source>
  <size>
    <width>1920</width>
    <height>1080</height>
    <depth>3</depth>
  </size>
  <segmented>0</segmented>
  <object>
    <name>TrafficSign</name>
    <bndbox>
      <xmin>995</xmin>
      <ymin>444</ymin>
      <xmax>1058</xmax>
      <ymax>469</ymax>
    </bndbox>
    <confidence>0.578494</confidence>
  </object>
  <object>
    <name>Vehicle</name>
    <bndbox>
      <xmin>1421</xmin>
      <ymin>531</ymin>
      <xmax>1460</xmax>
      <ymax>563</ymax>
    </bndbox>
    <confidence>0.582134</confidence>
  </object>
  <object>
    <name>Vehicle</name>
    <bndbox>
      <xmin>969</xmin>
      <ymin>538</ymin>
      <xmax>1036</xmax>
      <ymax>588</ymax>
    </bndbox>
    <confidence>0.922913</confidence>
  </object>
  <object>
    <name>Vehicle</name>
    <bndbox>
      <xmin>554</xmin>
      <ymin>525</ymin>
      <xmax>775</xmax>
      <ymax>684</ymax>
    </bndbox>
    <confidence>0.973722</confidence>
  </object>
</annotation>
