<annotation>
  <folder>runs\detect\exp2</folder>
  <filename>2_20200615_112127_003300.jpg</filename>
  <source>
    <database>Unknown</database>
  </source>
  <size>
    <width>1920</width>
    <height>1080</height>
    <depth>3</depth>
  </size>
  <segmented>0</segmented>
  <object>
    <name>Vehicle</name>
    <bndbox>
      <xmin>763</xmin>
      <ymin>527</ymin>
      <xmax>791</xmax>
      <ymax>565</ymax>
    </bndbox>
    <confidence>0.747914</confidence>
  </object>
  <object>
    <name>TrafficSign</name>
    <bndbox>
      <xmin>1161</xmin>
      <ymin>327</ymin>
      <xmax>1197</xmax>
      <ymax>362</ymax>
    </bndbox>
    <confidence>0.903662</confidence>
  </object>
  <object>
    <name>TrafficSign</name>
    <bndbox>
      <xmin>1783</xmin>
      <ymin>386</ymin>
      <xmax>1839</xmax>
      <ymax>444</ymax>
    </bndbox>
    <confidence>0.914316</confidence>
  </object>
  <object>
    <name>Vehicle</name>
    <bndbox>
      <xmin>1014</xmin>
      <ymin>527</ymin>
      <xmax>1094</xmax>
      <ymax>592</ymax>
    </bndbox>
    <confidence>0.947394</confidence>
  </object>
  <object>
    <name>Vehicle</name>
    <bndbox>
      <xmin>122</xmin>
      <ymin>471</ymin>
      <xmax>356</xmax>
      <ymax>649</ymax>
    </bndbox>
    <confidence>0.956066</confidence>
  </object>
</annotation>
