<annotation>
  <folder>runs\detect\exp2</folder>
  <filename>2_20200615_112127_001020.jpg</filename>
  <source>
    <database>Unknown</database>
  </source>
  <size>
    <width>1920</width>
    <height>1080</height>
    <depth>3</depth>
  </size>
  <segmented>0</segmented>
  <object>
    <name>TrafficSign</name>
    <bndbox>
      <xmin>1070</xmin>
      <ymin>327</ymin>
      <xmax>1206</xmax>
      <ymax>381</ymax>
    </bndbox>
    <confidence>0.877304</confidence>
  </object>
</annotation>
