<annotation>
  <folder>runs\detect\exp2</folder>
  <filename>2_20200615_112127_004500.jpg</filename>
  <source>
    <database>Unknown</database>
  </source>
  <size>
    <width>1920</width>
    <height>1080</height>
    <depth>3</depth>
  </size>
  <segmented>0</segmented>
  <object>
    <name>Vehicle</name>
    <bndbox>
      <xmin>1179</xmin>
      <ymin>458</ymin>
      <xmax>1323</xmax>
      <ymax>545</ymax>
    </bndbox>
    <confidence>0.794352</confidence>
  </object>
  <object>
    <name>TrafficLight</name>
    <bndbox>
      <xmin>1081</xmin>
      <ymin>395</ymin>
      <xmax>1129</xmax>
      <ymax>409</ymax>
    </bndbox>
    <confidence>0.815022</confidence>
  </object>
  <object>
    <name>TrafficLight</name>
    <bndbox>
      <xmin>1210</xmin>
      <ymin>392</ymin>
      <xmax>1256</xmax>
      <ymax>406</ymax>
    </bndbox>
    <confidence>0.817886</confidence>
  </object>
  <object>
    <name>Vehicle</name>
    <bndbox>
      <xmin>349</xmin>
      <ymin>529</ymin>
      <xmax>444</xmax>
      <ymax>570</ymax>
    </bndbox>
    <confidence>0.879037</confidence>
  </object>
  <object>
    <name>TrafficSign</name>
    <bndbox>
      <xmin>1129</xmin>
      <ymin>378</ymin>
      <xmax>1159</xmax>
      <ymax>409</ymax>
    </bndbox>
    <confidence>0.89309</confidence>
  </object>
  <object>
    <name>Vehicle</name>
    <bndbox>
      <xmin>1059</xmin>
      <ymin>544</ymin>
      <xmax>1109</xmax>
      <ymax>602</ymax>
    </bndbox>
    <confidence>0.914305</confidence>
  </object>
  <object>
    <name>Vehicle</name>
    <bndbox>
      <xmin>1183</xmin>
      <ymin>470</ymin>
      <xmax>1359</xmax>
      <ymax>682</ymax>
    </bndbox>
    <confidence>0.949459</confidence>
  </object>
  <object>
    <name>Vehicle</name>
    <bndbox>
      <xmin>1090</xmin>
      <ymin>529</ymin>
      <xmax>1198</xmax>
      <ymax>622</ymax>
    </bndbox>
    <confidence>0.94982</confidence>
  </object>
  <object>
    <name>Vehicle</name>
    <bndbox>
      <xmin>897</xmin>
      <ymin>530</ymin>
      <xmax>1065</xmax>
      <ymax>669</ymax>
    </bndbox>
    <confidence>0.961859</confidence>
  </object>
  <object>
    <name>Vehicle</name>
    <bndbox>
      <xmin>1279</xmin>
      <ymin>486</ymin>
      <xmax>1688</xmax>
      <ymax>767</ymax>
    </bndbox>
    <confidence>0.973279</confidence>
  </object>
</annotation>
