<annotation>
  <folder>runs\detect\exp39</folder>
  <filename>2_20200615_112127_003720.jpg</filename>
  <source>
    <database>Unknown</database>
  </source>
  <size>
    <width>1920</width>
    <height>1080</height>
    <depth>3</depth>
  </size>
  <segmented>0</segmented>
  <object>
    <name>Vehicle</name>
    <bndbox>
      <xmin>455</xmin>
      <ymin>527</ymin>
      <xmax>537</xmax>
      <ymax>589</ymax>
    </bndbox>
    <confidence>0.339651</confidence>
  </object>
  <object>
    <name>Vehicle</name>
    <bndbox>
      <xmin>842</xmin>
      <ymin>533</ymin>
      <xmax>868</xmax>
      <ymax>558</ymax>
    </bndbox>
    <confidence>0.454221</confidence>
  </object>
  <object>
    <name>Vehicle</name>
    <bndbox>
      <xmin>536</xmin>
      <ymin>546</ymin>
      <xmax>581</xmax>
      <ymax>585</ymax>
    </bndbox>
    <confidence>0.549564</confidence>
  </object>
  <object>
    <name>TrafficSign</name>
    <bndbox>
      <xmin>1390</xmin>
      <ymin>449</ymin>
      <xmax>1419</xmax>
      <ymax>482</ymax>
    </bndbox>
    <confidence>0.771302</confidence>
  </object>
  <object>
    <name>Vehicle</name>
    <bndbox>
      <xmin>1090</xmin>
      <ymin>535</ymin>
      <xmax>1131</xmax>
      <ymax>573</ymax>
    </bndbox>
    <confidence>0.808867</confidence>
  </object>
  <object>
    <name>TrafficSign</name>
    <bndbox>
      <xmin>1385</xmin>
      <ymin>415</ymin>
      <xmax>1414</xmax>
      <ymax>451</ymax>
    </bndbox>
    <confidence>0.816926</confidence>
  </object>
  <object>
    <name>Vehicle</name>
    <bndbox>
      <xmin>1442</xmin>
      <ymin>512</ymin>
      <xmax>1511</xmax>
      <ymax>557</ymax>
    </bndbox>
    <confidence>0.833866</confidence>
  </object>
  <object>
    <name>Vehicle</name>
    <bndbox>
      <xmin>1118</xmin>
      <ymin>541</ymin>
      <xmax>1151</xmax>
      <ymax>576</ymax>
    </bndbox>
    <confidence>0.834866</confidence>
  </object>
  <object>
    <name>Vehicle</name>
    <bndbox>
      <xmin>994</xmin>
      <ymin>535</ymin>
      <xmax>1030</xmax>
      <ymax>565</ymax>
    </bndbox>
    <confidence>0.849002</confidence>
  </object>
  <object>
    <name>Vehicle</name>
    <bndbox>
      <xmin>1322</xmin>
      <ymin>525</ymin>
      <xmax>1383</xmax>
      <ymax>567</ymax>
    </bndbox>
    <confidence>0.895941</confidence>
  </object>
  <object>
    <name>Vehicle</name>
    <bndbox>
      <xmin>1</xmin>
      <ymin>508</ymin>
      <xmax>97</xmax>
      <ymax>727</ymax>
    </bndbox>
    <confidence>0.909723</confidence>
  </object>
  <object>
    <name>Vehicle</name>
    <bndbox>
      <xmin>1136</xmin>
      <ymin>541</ymin>
      <xmax>1193</xmax>
      <ymax>579</ymax>
    </bndbox>
    <confidence>0.910226</confidence>
  </object>
  <object>
    <name>Vehicle</name>
    <bndbox>
      <xmin>1486</xmin>
      <ymin>525</ymin>
      <xmax>1628</xmax>
      <ymax>574</ymax>
    </bndbox>
    <confidence>0.928753</confidence>
  </object>
  <object>
    <name>Vehicle</name>
    <bndbox>
      <xmin>255</xmin>
      <ymin>513</ymin>
      <xmax>410</xmax>
      <ymax>636</ymax>
    </bndbox>
    <confidence>0.951151</confidence>
  </object>
  <object>
    <name>Vehicle</name>
    <bndbox>
      <xmin>366</xmin>
      <ymin>552</ymin>
      <xmax>515</xmax>
      <ymax>640</ymax>
    </bndbox>
    <confidence>0.95942</confidence>
  </object>
</annotation>
