<annotation>
  <folder>runs\detect\exp39</folder>
  <filename>2_20200615_112127_001050.jpg</filename>
  <source>
    <database>Unknown</database>
  </source>
  <size>
    <width>1920</width>
    <height>1080</height>
    <depth>3</depth>
  </size>
  <segmented>0</segmented>
  <object>
    <name>TrafficSign</name>
    <bndbox>
      <xmin>1072</xmin>
      <ymin>181</ymin>
      <xmax>1128</xmax>
      <ymax>262</ymax>
    </bndbox>
    <confidence>0.258137</confidence>
  </object>
  <object>
    <name>Pedestrian</name>
    <bndbox>
      <xmin>1266</xmin>
      <ymin>528</ymin>
      <xmax>1279</xmax>
      <ymax>560</ymax>
    </bndbox>
    <confidence>0.481606</confidence>
  </object>
  <object>
    <name>Vehicle</name>
    <bndbox>
      <xmin>1154</xmin>
      <ymin>530</ymin>
      <xmax>1187</xmax>
      <ymax>558</ymax>
    </bndbox>
    <confidence>0.814701</confidence>
  </object>
  <object>
    <name>TrafficSign</name>
    <bndbox>
      <xmin>1071</xmin>
      <ymin>176</ymin>
      <xmax>1294</xmax>
      <ymax>262</ymax>
    </bndbox>
    <confidence>0.906293</confidence>
  </object>
</annotation>
