<annotation>
  <folder>runs\detect\exp39</folder>
  <filename>2_20200615_112127_003930.jpg</filename>
  <source>
    <database>Unknown</database>
  </source>
  <size>
    <width>1920</width>
    <height>1080</height>
    <depth>3</depth>
  </size>
  <segmented>0</segmented>
  <object>
    <name>Vehicle</name>
    <bndbox>
      <xmin>848</xmin>
      <ymin>519</ymin>
      <xmax>881</xmax>
      <ymax>547</ymax>
    </bndbox>
    <confidence>0.693992</confidence>
  </object>
  <object>
    <name>Vehicle</name>
    <bndbox>
      <xmin>0</xmin>
      <ymin>651</ymin>
      <xmax>68</xmax>
      <ymax>968</ymax>
    </bndbox>
    <confidence>0.746945</confidence>
  </object>
  <object>
    <name>Vehicle</name>
    <bndbox>
      <xmin>1039</xmin>
      <ymin>525</ymin>
      <xmax>1084</xmax>
      <ymax>564</ymax>
    </bndbox>
    <confidence>0.873857</confidence>
  </object>
  <object>
    <name>Vehicle</name>
    <bndbox>
      <xmin>1666</xmin>
      <ymin>521</ymin>
      <xmax>1921</xmax>
      <ymax>728</ymax>
    </bndbox>
    <confidence>0.962952</confidence>
  </object>
</annotation>
