<annotation>
  <folder>runs\detect\exp39</folder>
  <filename>2_20200615_112127_003870.jpg</filename>
  <source>
    <database>Unknown</database>
  </source>
  <size>
    <width>1920</width>
    <height>1080</height>
    <depth>3</depth>
  </size>
  <segmented>0</segmented>
  <object>
    <name>Vehicle</name>
    <bndbox>
      <xmin>818</xmin>
      <ymin>516</ymin>
      <xmax>848</xmax>
      <ymax>542</ymax>
    </bndbox>
    <confidence>0.461141</confidence>
  </object>
  <object>
    <name>Vehicle</name>
    <bndbox>
      <xmin>133</xmin>
      <ymin>451</ymin>
      <xmax>348</xmax>
      <ymax>588</ymax>
    </bndbox>
    <confidence>0.853623</confidence>
  </object>
  <object>
    <name>Vehicle</name>
    <bndbox>
      <xmin>985</xmin>
      <ymin>525</ymin>
      <xmax>1028</xmax>
      <ymax>562</ymax>
    </bndbox>
    <confidence>0.864898</confidence>
  </object>
  <object>
    <name>Vehicle</name>
    <bndbox>
      <xmin>1169</xmin>
      <ymin>534</ymin>
      <xmax>1256</xmax>
      <ymax>593</ymax>
    </bndbox>
    <confidence>0.948732</confidence>
  </object>
  <object>
    <name>Vehicle</name>
    <bndbox>
      <xmin>1264</xmin>
      <ymin>532</ymin>
      <xmax>1397</xmax>
      <ymax>618</ymax>
    </bndbox>
    <confidence>0.954522</confidence>
  </object>
  <object>
    <name>Vehicle</name>
    <bndbox>
      <xmin>1376</xmin>
      <ymin>534</ymin>
      <xmax>1541</xmax>
      <ymax>643</ymax>
    </bndbox>
    <confidence>0.954742</confidence>
  </object>
  <object>
    <name>Vehicle</name>
    <bndbox>
      <xmin>1714</xmin>
      <ymin>467</ymin>
      <xmax>1921</xmax>
      <ymax>751</ymax>
    </bndbox>
    <confidence>0.956445</confidence>
  </object>
  <object>
    <name>Vehicle</name>
    <bndbox>
      <xmin>187</xmin>
      <ymin>550</ymin>
      <xmax>378</xmax>
      <ymax>659</ymax>
    </bndbox>
    <confidence>0.959954</confidence>
  </object>
  <object>
    <name>Vehicle</name>
    <bndbox>
      <xmin>1511</xmin>
      <ymin>516</ymin>
      <xmax>1781</xmax>
      <ymax>684</ymax>
    </bndbox>
    <confidence>0.963696</confidence>
  </object>
</annotation>
