<annotation>
  <folder>runs\detect\exp2</folder>
  <filename>2_20200615_112127_004620.jpg</filename>
  <source>
    <database>Unknown</database>
  </source>
  <size>
    <width>1920</width>
    <height>1080</height>
    <depth>3</depth>
  </size>
  <segmented>0</segmented>
  <object>
    <name>Vehicle</name>
    <bndbox>
      <xmin>1671</xmin>
      <ymin>280</ymin>
      <xmax>1921</xmax>
      <ymax>654</ymax>
    </bndbox>
    <confidence>0.752698</confidence>
  </object>
  <object>
    <name>Vehicle</name>
    <bndbox>
      <xmin>1387</xmin>
      <ymin>281</ymin>
      <xmax>1919</xmax>
      <ymax>612</ymax>
    </bndbox>
    <confidence>0.797816</confidence>
  </object>
  <object>
    <name>TrafficSign</name>
    <bndbox>
      <xmin>1241</xmin>
      <ymin>213</ymin>
      <xmax>1295</xmax>
      <ymax>269</ymax>
    </bndbox>
    <confidence>0.928761</confidence>
  </object>
  <object>
    <name>Vehicle</name>
    <bndbox>
      <xmin>9</xmin>
      <ymin>501</ymin>
      <xmax>178</xmax>
      <ymax>565</ymax>
    </bndbox>
    <confidence>0.933995</confidence>
  </object>
  <object>
    <name>Vehicle</name>
    <bndbox>
      <xmin>357</xmin>
      <ymin>469</ymin>
      <xmax>532</xmax>
      <ymax>564</ymax>
    </bndbox>
    <confidence>0.938815</confidence>
  </object>
  <object>
    <name>Vehicle</name>
    <bndbox>
      <xmin>1121</xmin>
      <ymin>520</ymin>
      <xmax>1316</xmax>
      <ymax>653</ymax>
    </bndbox>
    <confidence>0.968451</confidence>
  </object>
  <object>
    <name>Vehicle</name>
    <bndbox>
      <xmin>1325</xmin>
      <ymin>451</ymin>
      <xmax>1916</xmax>
      <ymax>837</ymax>
    </bndbox>
    <confidence>0.971298</confidence>
  </object>
  <object>
    <name>Vehicle</name>
    <bndbox>
      <xmin>792</xmin>
      <ymin>498</ymin>
      <xmax>1098</xmax>
      <ymax>760</ymax>
    </bndbox>
    <confidence>0.97299</confidence>
  </object>
</annotation>
