<annotation>
  <folder>runs\detect\exp39</folder>
  <filename>2_20200615_112127_000480.jpg</filename>
  <source>
    <database>Unknown</database>
  </source>
  <size>
    <width>1920</width>
    <height>1080</height>
    <depth>3</depth>
  </size>
  <segmented>0</segmented>
  <object>
    <name>Vehicle</name>
    <bndbox>
      <xmin>982</xmin>
      <ymin>543</ymin>
      <xmax>1013</xmax>
      <ymax>568</ymax>
    </bndbox>
    <confidence>0.543409</confidence>
  </object>
  <object>
    <name>Vehicle</name>
    <bndbox>
      <xmin>750</xmin>
      <ymin>554</ymin>
      <xmax>777</xmax>
      <ymax>582</ymax>
    </bndbox>
    <confidence>0.680368</confidence>
  </object>
  <object>
    <name>Vehicle</name>
    <bndbox>
      <xmin>828</xmin>
      <ymin>525</ymin>
      <xmax>874</xmax>
      <ymax>577</ymax>
    </bndbox>
    <confidence>0.874951</confidence>
  </object>
  <object>
    <name>Vehicle</name>
    <bndbox>
      <xmin>920</xmin>
      <ymin>545</ymin>
      <xmax>957</xmax>
      <ymax>573</ymax>
    </bndbox>
    <confidence>0.881513</confidence>
  </object>
  <object>
    <name>TrafficSign</name>
    <bndbox>
      <xmin>1615</xmin>
      <ymin>323</ymin>
      <xmax>1675</xmax>
      <ymax>385</ymax>
    </bndbox>
    <confidence>0.914894</confidence>
  </object>
  <object>
    <name>TrafficSign</name>
    <bndbox>
      <xmin>1250</xmin>
      <ymin>0</ymin>
      <xmax>1343</xmax>
      <ymax>55</ymax>
    </bndbox>
    <confidence>0.925741</confidence>
  </object>
  <object>
    <name>Vehicle</name>
    <bndbox>
      <xmin>698</xmin>
      <ymin>549</ymin>
      <xmax>758</xmax>
      <ymax>596</ymax>
    </bndbox>
    <confidence>0.929014</confidence>
  </object>
  <object>
    <name>Vehicle</name>
    <bndbox>
      <xmin>139</xmin>
      <ymin>547</ymin>
      <xmax>270</xmax>
      <ymax>636</ymax>
    </bndbox>
    <confidence>0.946501</confidence>
  </object>
  <object>
    <name>Vehicle</name>
    <bndbox>
      <xmin>396</xmin>
      <ymin>454</ymin>
      <xmax>642</xmax>
      <ymax>632</ymax>
    </bndbox>
    <confidence>0.946569</confidence>
  </object>
  <object>
    <name>Vehicle</name>
    <bndbox>
      <xmin>0</xmin>
      <ymin>568</ymin>
      <xmax>158</xmax>
      <ymax>654</ymax>
    </bndbox>
    <confidence>0.94843</confidence>
  </object>
  <object>
    <name>Vehicle</name>
    <bndbox>
      <xmin>547</xmin>
      <ymin>525</ymin>
      <xmax>705</xmax>
      <ymax>635</ymax>
    </bndbox>
    <confidence>0.961693</confidence>
  </object>
</annotation>
