<annotation>
  <folder>runs\detect\exp39</folder>
  <filename>2_20200615_112127_004560.jpg</filename>
  <source>
    <database>Unknown</database>
  </source>
  <size>
    <width>1920</width>
    <height>1080</height>
    <depth>3</depth>
  </size>
  <segmented>0</segmented>
  <object>
    <name>Vehicle</name>
    <bndbox>
      <xmin>2</xmin>
      <ymin>516</ymin>
      <xmax>35</xmax>
      <ymax>561</ymax>
    </bndbox>
    <confidence>0.647027</confidence>
  </object>
  <object>
    <name>TrafficLight</name>
    <bndbox>
      <xmin>1108</xmin>
      <ymin>334</ymin>
      <xmax>1170</xmax>
      <ymax>353</ymax>
    </bndbox>
    <confidence>0.819836</confidence>
  </object>
  <object>
    <name>Vehicle</name>
    <bndbox>
      <xmin>132</xmin>
      <ymin>494</ymin>
      <xmax>277</xmax>
      <ymax>569</ymax>
    </bndbox>
    <confidence>0.830476</confidence>
  </object>
  <object>
    <name>TrafficLight</name>
    <bndbox>
      <xmin>1287</xmin>
      <ymin>332</ymin>
      <xmax>1352</xmax>
      <ymax>350</ymax>
    </bndbox>
    <confidence>0.845463</confidence>
  </object>
  <object>
    <name>Vehicle</name>
    <bndbox>
      <xmin>1688</xmin>
      <ymin>313</ymin>
      <xmax>1921</xmax>
      <ymax>983</ymax>
    </bndbox>
    <confidence>0.895165</confidence>
  </object>
  <object>
    <name>TrafficSign</name>
    <bndbox>
      <xmin>1175</xmin>
      <ymin>310</ymin>
      <xmax>1216</xmax>
      <ymax>351</ymax>
    </bndbox>
    <confidence>0.911032</confidence>
  </object>
  <object>
    <name>Vehicle</name>
    <bndbox>
      <xmin>536</xmin>
      <ymin>524</ymin>
      <xmax>656</xmax>
      <ymax>569</ymax>
    </bndbox>
    <confidence>0.941692</confidence>
  </object>
  <object>
    <name>Vehicle</name>
    <bndbox>
      <xmin>1080</xmin>
      <ymin>538</ymin>
      <xmax>1186</xmax>
      <ymax>625</ymax>
    </bndbox>
    <confidence>0.948246</confidence>
  </object>
  <object>
    <name>Vehicle</name>
    <bndbox>
      <xmin>1257</xmin>
      <ymin>403</ymin>
      <xmax>1624</xmax>
      <ymax>645</ymax>
    </bndbox>
    <confidence>0.953036</confidence>
  </object>
  <object>
    <name>Vehicle</name>
    <bndbox>
      <xmin>859</xmin>
      <ymin>521</ymin>
      <xmax>1067</xmax>
      <ymax>699</ymax>
    </bndbox>
    <confidence>0.961656</confidence>
  </object>
  <object>
    <name>Vehicle</name>
    <bndbox>
      <xmin>1161</xmin>
      <ymin>512</ymin>
      <xmax>1389</xmax>
      <ymax>682</ymax>
    </bndbox>
    <confidence>0.965905</confidence>
  </object>
</annotation>
