<annotation>
  <folder>runs\detect\exp2</folder>
  <filename>2_20200615_112127_004590.jpg</filename>
  <source>
    <database>Unknown</database>
  </source>
  <size>
    <width>1920</width>
    <height>1080</height>
    <depth>3</depth>
  </size>
  <segmented>0</segmented>
  <object>
    <name>TrafficLight</name>
    <bndbox>
      <xmin>1127</xmin>
      <ymin>285</ymin>
      <xmax>1205</xmax>
      <ymax>308</ymax>
    </bndbox>
    <confidence>0.886305</confidence>
  </object>
  <object>
    <name>Vehicle</name>
    <bndbox>
      <xmin>691</xmin>
      <ymin>515</ymin>
      <xmax>801</xmax>
      <ymax>561</ymax>
    </bndbox>
    <confidence>0.887891</confidence>
  </object>
  <object>
    <name>TrafficLight</name>
    <bndbox>
      <xmin>1339</xmin>
      <ymin>283</ymin>
      <xmax>1414</xmax>
      <ymax>303</ymax>
    </bndbox>
    <confidence>0.889608</confidence>
  </object>
  <object>
    <name>Vehicle</name>
    <bndbox>
      <xmin>1</xmin>
      <ymin>504</ymin>
      <xmax>65</xmax>
      <ymax>563</ymax>
    </bndbox>
    <confidence>0.905023</confidence>
  </object>
  <object>
    <name>TrafficSign</name>
    <bndbox>
      <xmin>1207</xmin>
      <ymin>257</ymin>
      <xmax>1255</xmax>
      <ymax>306</ymax>
    </bndbox>
    <confidence>0.905703</confidence>
  </object>
  <object>
    <name>Vehicle</name>
    <bndbox>
      <xmin>215</xmin>
      <ymin>473</ymin>
      <xmax>379</xmax>
      <ymax>565</ymax>
    </bndbox>
    <confidence>0.941717</confidence>
  </object>
  <object>
    <name>Vehicle</name>
    <bndbox>
      <xmin>1321</xmin>
      <ymin>348</ymin>
      <xmax>1868</xmax>
      <ymax>678</ymax>
    </bndbox>
    <confidence>0.957359</confidence>
  </object>
  <object>
    <name>Vehicle</name>
    <bndbox>
      <xmin>1098</xmin>
      <ymin>527</ymin>
      <xmax>1246</xmax>
      <ymax>638</ymax>
    </bndbox>
    <confidence>0.961609</confidence>
  </object>
  <object>
    <name>Vehicle</name>
    <bndbox>
      <xmin>1232</xmin>
      <ymin>484</ymin>
      <xmax>1606</xmax>
      <ymax>743</ymax>
    </bndbox>
    <confidence>0.962562</confidence>
  </object>
  <object>
    <name>Vehicle</name>
    <bndbox>
      <xmin>823</xmin>
      <ymin>509</ymin>
      <xmax>1076</xmax>
      <ymax>726</ymax>
    </bndbox>
    <confidence>0.969975</confidence>
  </object>
</annotation>
