<annotation>
  <folder>runs\detect\exp39</folder>
  <filename>2_20200615_112127_000060.jpg</filename>
  <source>
    <database>Unknown</database>
  </source>
  <size>
    <width>1920</width>
    <height>1080</height>
    <depth>3</depth>
  </size>
  <segmented>0</segmented>
  <object>
    <name>Vehicle</name>
    <bndbox>
      <xmin>74</xmin>
      <ymin>419</ymin>
      <xmax>580</xmax>
      <ymax>693</ymax>
    </bndbox>
    <confidence>0.930263</confidence>
  </object>
  <object>
    <name>Vehicle</name>
    <bndbox>
      <xmin>625</xmin>
      <ymin>528</ymin>
      <xmax>717</xmax>
      <ymax>611</ymax>
    </bndbox>
    <confidence>0.935184</confidence>
  </object>
</annotation>
