<annotation>
  <folder>runs\detect\exp39</folder>
  <filename>2_20200615_112127_003690.jpg</filename>
  <source>
    <database>Unknown</database>
  </source>
  <size>
    <width>1920</width>
    <height>1080</height>
    <depth>3</depth>
  </size>
  <segmented>0</segmented>
  <object>
    <name>Vehicle</name>
    <bndbox>
      <xmin>3</xmin>
      <ymin>273</ymin>
      <xmax>106</xmax>
      <ymax>318</ymax>
    </bndbox>
    <confidence>0.311854</confidence>
  </object>
  <object>
    <name>Vehicle</name>
    <bndbox>
      <xmin>1099</xmin>
      <ymin>542</ymin>
      <xmax>1129</xmax>
      <ymax>572</ymax>
    </bndbox>
    <confidence>0.506915</confidence>
  </object>
  <object>
    <name>Vehicle</name>
    <bndbox>
      <xmin>1270</xmin>
      <ymin>533</ymin>
      <xmax>1315</xmax>
      <ymax>563</ymax>
    </bndbox>
    <confidence>0.703352</confidence>
  </object>
  <object>
    <name>Vehicle</name>
    <bndbox>
      <xmin>1082</xmin>
      <ymin>536</ymin>
      <xmax>1119</xmax>
      <ymax>570</ymax>
    </bndbox>
    <confidence>0.70374</confidence>
  </object>
  <object>
    <name>Vehicle</name>
    <bndbox>
      <xmin>1375</xmin>
      <ymin>523</ymin>
      <xmax>1418</xmax>
      <ymax>558</ymax>
    </bndbox>
    <confidence>0.766039</confidence>
  </object>
  <object>
    <name>Vehicle</name>
    <bndbox>
      <xmin>1002</xmin>
      <ymin>536</ymin>
      <xmax>1037</xmax>
      <ymax>565</ymax>
    </bndbox>
    <confidence>0.804308</confidence>
  </object>
  <object>
    <name>Vehicle</name>
    <bndbox>
      <xmin>619</xmin>
      <ymin>527</ymin>
      <xmax>666</xmax>
      <ymax>592</ymax>
    </bndbox>
    <confidence>0.846432</confidence>
  </object>
  <object>
    <name>Vehicle</name>
    <bndbox>
      <xmin>337</xmin>
      <ymin>504</ymin>
      <xmax>497</xmax>
      <ymax>596</ymax>
    </bndbox>
    <confidence>0.849788</confidence>
  </object>
  <object>
    <name>Vehicle</name>
    <bndbox>
      <xmin>1320</xmin>
      <ymin>524</ymin>
      <xmax>1362</xmax>
      <ymax>563</ymax>
    </bndbox>
    <confidence>0.856588</confidence>
  </object>
  <object>
    <name>Vehicle</name>
    <bndbox>
      <xmin>1386</xmin>
      <ymin>532</ymin>
      <xmax>1488</xmax>
      <ymax>572</ymax>
    </bndbox>
    <confidence>0.866438</confidence>
  </object>
  <object>
    <name>Vehicle</name>
    <bndbox>
      <xmin>1117</xmin>
      <ymin>543</ymin>
      <xmax>1164</xmax>
      <ymax>574</ymax>
    </bndbox>
    <confidence>0.870219</confidence>
  </object>
  <object>
    <name>Vehicle</name>
    <bndbox>
      <xmin>666</xmin>
      <ymin>550</ymin>
      <xmax>732</xmax>
      <ymax>594</ymax>
    </bndbox>
    <confidence>0.925203</confidence>
  </object>
  <object>
    <name>Vehicle</name>
    <bndbox>
      <xmin>342</xmin>
      <ymin>551</ymin>
      <xmax>502</xmax>
      <ymax>645</ymax>
    </bndbox>
    <confidence>0.950623</confidence>
  </object>
  <object>
    <name>Vehicle</name>
    <bndbox>
      <xmin>525</xmin>
      <ymin>530</ymin>
      <xmax>633</xmax>
      <ymax>615</ymax>
    </bndbox>
    <confidence>0.952846</confidence>
  </object>
</annotation>
