<annotation>
  <folder>runs\detect\exp2</folder>
  <filename>2_20200615_112127_001380.jpg</filename>
  <source>
    <database>Unknown</database>
  </source>
  <size>
    <width>1920</width>
    <height>1080</height>
    <depth>3</depth>
  </size>
  <segmented>0</segmented>
  <object>
    <name>TrafficLight</name>
    <bndbox>
      <xmin>1211</xmin>
      <ymin>267</ymin>
      <xmax>1288</xmax>
      <ymax>290</ymax>
    </bndbox>
    <confidence>0.868902</confidence>
  </object>
  <object>
    <name>TrafficLight</name>
    <bndbox>
      <xmin>998</xmin>
      <ymin>275</ymin>
      <xmax>1075</xmax>
      <ymax>296</ymax>
    </bndbox>
    <confidence>0.869952</confidence>
  </object>
  <object>
    <name>TrafficSign</name>
    <bndbox>
      <xmin>1119</xmin>
      <ymin>257</ymin>
      <xmax>1167</xmax>
      <ymax>306</ymax>
    </bndbox>
    <confidence>0.924713</confidence>
  </object>
  <object>
    <name>Vehicle</name>
    <bndbox>
      <xmin>17</xmin>
      <ymin>564</ymin>
      <xmax>140</xmax>
      <ymax>625</ymax>
    </bndbox>
    <confidence>0.930391</confidence>
  </object>
</annotation>
