<annotation>
  <folder>runs\detect\exp2</folder>
  <filename>2_20200615_112127_004440.jpg</filename>
  <source>
    <database>Unknown</database>
  </source>
  <size>
    <width>1920</width>
    <height>1080</height>
    <depth>3</depth>
  </size>
  <segmented>0</segmented>
  <object>
    <name>Vehicle</name>
    <bndbox>
      <xmin>1094</xmin>
      <ymin>536</ymin>
      <xmax>1118</xmax>
      <ymax>577</ymax>
    </bndbox>
    <confidence>0.308354</confidence>
  </object>
  <object>
    <name>Vehicle</name>
    <bndbox>
      <xmin>1184</xmin>
      <ymin>479</ymin>
      <xmax>1289</xmax>
      <ymax>580</ymax>
    </bndbox>
    <confidence>0.874535</confidence>
  </object>
  <object>
    <name>Vehicle</name>
    <bndbox>
      <xmin>1108</xmin>
      <ymin>530</ymin>
      <xmax>1147</xmax>
      <ymax>588</ymax>
    </bndbox>
    <confidence>0.889706</confidence>
  </object>
  <object>
    <name>Vehicle</name>
    <bndbox>
      <xmin>1135</xmin>
      <ymin>512</ymin>
      <xmax>1215</xmax>
      <ymax>604</ymax>
    </bndbox>
    <confidence>0.895969</confidence>
  </object>
  <object>
    <name>Vehicle</name>
    <bndbox>
      <xmin>1149</xmin>
      <ymin>518</ymin>
      <xmax>1276</xmax>
      <ymax>620</ymax>
    </bndbox>
    <confidence>0.948771</confidence>
  </object>
  <object>
    <name>Vehicle</name>
    <bndbox>
      <xmin>955</xmin>
      <ymin>520</ymin>
      <xmax>1103</xmax>
      <ymax>639</ymax>
    </bndbox>
    <confidence>0.960448</confidence>
  </object>
  <object>
    <name>Vehicle</name>
    <bndbox>
      <xmin>1287</xmin>
      <ymin>470</ymin>
      <xmax>1688</xmax>
      <ymax>747</ymax>
    </bndbox>
    <confidence>0.964675</confidence>
  </object>
</annotation>
