<annotation>
  <folder>runs\detect\exp2</folder>
  <filename>2_20200615_112127_000750.jpg</filename>
  <source>
    <database>Unknown</database>
  </source>
  <size>
    <width>1920</width>
    <height>1080</height>
    <depth>3</depth>
  </size>
  <segmented>0</segmented>
  <object>
    <name>Vehicle</name>
    <bndbox>
      <xmin>958</xmin>
      <ymin>530</ymin>
      <xmax>995</xmax>
      <ymax>571</ymax>
    </bndbox>
    <confidence>0.906238</confidence>
  </object>
  <object>
    <name>Vehicle</name>
    <bndbox>
      <xmin>201</xmin>
      <ymin>459</ymin>
      <xmax>448</xmax>
      <ymax>665</ymax>
    </bndbox>
    <confidence>0.965361</confidence>
  </object>
</annotation>
