<annotation>
  <folder>runs\detect\exp39</folder>
  <filename>2_20200615_112127_004470.jpg</filename>
  <source>
    <database>Unknown</database>
  </source>
  <size>
    <width>1920</width>
    <height>1080</height>
    <depth>3</depth>
  </size>
  <segmented>0</segmented>
  <object>
    <name>Vehicle</name>
    <bndbox>
      <xmin>1184</xmin>
      <ymin>474</ymin>
      <xmax>1301</xmax>
      <ymax>511</ymax>
    </bndbox>
    <confidence>0.578193</confidence>
  </object>
  <object>
    <name>TrafficSign</name>
    <bndbox>
      <xmin>1128</xmin>
      <ymin>402</ymin>
      <xmax>1153</xmax>
      <ymax>428</ymax>
    </bndbox>
    <confidence>0.837714</confidence>
  </object>
  <object>
    <name>Vehicle</name>
    <bndbox>
      <xmin>1071</xmin>
      <ymin>545</ymin>
      <xmax>1105</xmax>
      <ymax>592</ymax>
    </bndbox>
    <confidence>0.837816</confidence>
  </object>
  <object>
    <name>Vehicle</name>
    <bndbox>
      <xmin>1141</xmin>
      <ymin>509</ymin>
      <xmax>1238</xmax>
      <ymax>636</ymax>
    </bndbox>
    <confidence>0.913406</confidence>
  </object>
  <object>
    <name>Vehicle</name>
    <bndbox>
      <xmin>1088</xmin>
      <ymin>534</ymin>
      <xmax>1157</xmax>
      <ymax>608</ymax>
    </bndbox>
    <confidence>0.93007</confidence>
  </object>
  <object>
    <name>Vehicle</name>
    <bndbox>
      <xmin>925</xmin>
      <ymin>530</ymin>
      <xmax>1083</xmax>
      <ymax>658</ymax>
    </bndbox>
    <confidence>0.958601</confidence>
  </object>
  <object>
    <name>Vehicle</name>
    <bndbox>
      <xmin>1477</xmin>
      <ymin>399</ymin>
      <xmax>1921</xmax>
      <ymax>998</ymax>
    </bndbox>
    <confidence>0.960927</confidence>
  </object>
  <object>
    <name>Vehicle</name>
    <bndbox>
      <xmin>1178</xmin>
      <ymin>511</ymin>
      <xmax>1386</xmax>
      <ymax>668</ymax>
    </bndbox>
    <confidence>0.966199</confidence>
  </object>
</annotation>
