<annotation>
  <folder>runs\detect\exp39</folder>
  <filename>2_20200615_112127_003420.jpg</filename>
  <source>
    <database>Unknown</database>
  </source>
  <size>
    <width>1920</width>
    <height>1080</height>
    <depth>3</depth>
  </size>
  <segmented>0</segmented>
  <object>
    <name>Vehicle</name>
    <bndbox>
      <xmin>893</xmin>
      <ymin>546</ymin>
      <xmax>920</xmax>
      <ymax>573</ymax>
    </bndbox>
    <confidence>0.516046</confidence>
  </object>
  <object>
    <name>Vehicle</name>
    <bndbox>
      <xmin>189</xmin>
      <ymin>410</ymin>
      <xmax>268</xmax>
      <ymax>468</ymax>
    </bndbox>
    <confidence>0.769248</confidence>
  </object>
  <object>
    <name>Vehicle</name>
    <bndbox>
      <xmin>85</xmin>
      <ymin>414</ymin>
      <xmax>192</xmax>
      <ymax>466</ymax>
    </bndbox>
    <confidence>0.853954</confidence>
  </object>
  <object>
    <name>Vehicle</name>
    <bndbox>
      <xmin>772</xmin>
      <ymin>557</ymin>
      <xmax>816</xmax>
      <ymax>587</ymax>
    </bndbox>
    <confidence>0.8808</confidence>
  </object>
  <object>
    <name>Vehicle</name>
    <bndbox>
      <xmin>1013</xmin>
      <ymin>545</ymin>
      <xmax>1061</xmax>
      <ymax>585</ymax>
    </bndbox>
    <confidence>0.914253</confidence>
  </object>
  <object>
    <name>Vehicle</name>
    <bndbox>
      <xmin>658</xmin>
      <ymin>532</ymin>
      <xmax>735</xmax>
      <ymax>601</ymax>
    </bndbox>
    <confidence>0.917821</confidence>
  </object>
  <object>
    <name>Vehicle</name>
    <bndbox>
      <xmin>445</xmin>
      <ymin>523</ymin>
      <xmax>550</xmax>
      <ymax>620</ymax>
    </bndbox>
    <confidence>0.938587</confidence>
  </object>
</annotation>
