<annotation>
  <folder>runs\detect\exp39</folder>
  <filename>2_20200615_112127_003360.jpg</filename>
  <source>
    <database>Unknown</database>
  </source>
  <size>
    <width>1920</width>
    <height>1080</height>
    <depth>3</depth>
  </size>
  <segmented>0</segmented>
  <object>
    <name>Vehicle</name>
    <bndbox>
      <xmin>475</xmin>
      <ymin>463</ymin>
      <xmax>529</xmax>
      <ymax>495</ymax>
    </bndbox>
    <confidence>0.2534</confidence>
  </object>
  <object>
    <name>Vehicle</name>
    <bndbox>
      <xmin>303</xmin>
      <ymin>458</ymin>
      <xmax>379</xmax>
      <ymax>497</ymax>
    </bndbox>
    <confidence>0.266575</confidence>
  </object>
  <object>
    <name>TrafficSign</name>
    <bndbox>
      <xmin>1295</xmin>
      <ymin>459</ymin>
      <xmax>1322</xmax>
      <ymax>504</ymax>
    </bndbox>
    <confidence>0.375232</confidence>
  </object>
  <object>
    <name>Vehicle</name>
    <bndbox>
      <xmin>360</xmin>
      <ymin>451</ymin>
      <xmax>433</xmax>
      <ymax>487</ymax>
    </bndbox>
    <confidence>0.379244</confidence>
  </object>
  <object>
    <name>Vehicle</name>
    <bndbox>
      <xmin>791</xmin>
      <ymin>550</ymin>
      <xmax>826</xmax>
      <ymax>585</ymax>
    </bndbox>
    <confidence>0.85009</confidence>
  </object>
  <object>
    <name>TrafficSign</name>
    <bndbox>
      <xmin>1538</xmin>
      <ymin>416</ymin>
      <xmax>1574</xmax>
      <ymax>455</ymax>
    </bndbox>
    <confidence>0.884006</confidence>
  </object>
  <object>
    <name>Vehicle</name>
    <bndbox>
      <xmin>693</xmin>
      <ymin>542</ymin>
      <xmax>739</xmax>
      <ymax>595</ymax>
    </bndbox>
    <confidence>0.899814</confidence>
  </object>
  <object>
    <name>TrafficSign</name>
    <bndbox>
      <xmin>1315</xmin>
      <ymin>190</ymin>
      <xmax>1374</xmax>
      <ymax>250</ymax>
    </bndbox>
    <confidence>0.922287</confidence>
  </object>
  <object>
    <name>Vehicle</name>
    <bndbox>
      <xmin>1018</xmin>
      <ymin>548</ymin>
      <xmax>1078</xmax>
      <ymax>597</ymax>
    </bndbox>
    <confidence>0.926089</confidence>
  </object>
</annotation>
