<annotation>
  <folder>runs\detect\exp39</folder>
  <filename>2_20200615_112127_000870.jpg</filename>
  <source>
    <database>Unknown</database>
  </source>
  <size>
    <width>1920</width>
    <height>1080</height>
    <depth>3</depth>
  </size>
  <segmented>0</segmented>
  <object>
    <name>Vehicle</name>
    <bndbox>
      <xmin>398</xmin>
      <ymin>554</ymin>
      <xmax>491</xmax>
      <ymax>611</ymax>
    </bndbox>
    <confidence>0.94434</confidence>
  </object>
  <object>
    <name>Vehicle</name>
    <bndbox>
      <xmin>1272</xmin>
      <ymin>529</ymin>
      <xmax>1353</xmax>
      <ymax>598</ymax>
    </bndbox>
    <confidence>0.945187</confidence>
  </object>
</annotation>
