<annotation>
  <folder>runs\detect\exp2</folder>
  <filename>2_20200615_112127_000540.jpg</filename>
  <source>
    <database>Unknown</database>
  </source>
  <size>
    <width>1920</width>
    <height>1080</height>
    <depth>3</depth>
  </size>
  <segmented>0</segmented>
  <object>
    <name>Vehicle</name>
    <bndbox>
      <xmin>580</xmin>
      <ymin>562</ymin>
      <xmax>631</xmax>
      <ymax>600</ymax>
    </bndbox>
    <confidence>0.863918</confidence>
  </object>
  <object>
    <name>Vehicle</name>
    <bndbox>
      <xmin>695</xmin>
      <ymin>516</ymin>
      <xmax>774</xmax>
      <ymax>578</ymax>
    </bndbox>
    <confidence>0.893055</confidence>
  </object>
  <object>
    <name>Vehicle</name>
    <bndbox>
      <xmin>388</xmin>
      <ymin>564</ymin>
      <xmax>455</xmax>
      <ymax>617</ymax>
    </bndbox>
    <confidence>0.910368</confidence>
  </object>
  <object>
    <name>Vehicle</name>
    <bndbox>
      <xmin>916</xmin>
      <ymin>544</ymin>
      <xmax>962</xmax>
      <ymax>579</ymax>
    </bndbox>
    <confidence>0.915903</confidence>
  </object>
  <object>
    <name>Vehicle</name>
    <bndbox>
      <xmin>828</xmin>
      <ymin>545</ymin>
      <xmax>882</xmax>
      <ymax>585</ymax>
    </bndbox>
    <confidence>0.927875</confidence>
  </object>
  <object>
    <name>Vehicle</name>
    <bndbox>
      <xmin>655</xmin>
      <ymin>544</ymin>
      <xmax>745</xmax>
      <ymax>608</ymax>
    </bndbox>
    <confidence>0.946217</confidence>
  </object>
  <object>
    <name>Vehicle</name>
    <bndbox>
      <xmin>274</xmin>
      <ymin>568</ymin>
      <xmax>394</xmax>
      <ymax>630</ymax>
    </bndbox>
    <confidence>0.951038</confidence>
  </object>
  <object>
    <name>Vehicle</name>
    <bndbox>
      <xmin>101</xmin>
      <ymin>572</ymin>
      <xmax>260</xmax>
      <ymax>647</ymax>
    </bndbox>
    <confidence>0.952593</confidence>
  </object>
  <object>
    <name>Vehicle</name>
    <bndbox>
      <xmin>452</xmin>
      <ymin>504</ymin>
      <xmax>581</xmax>
      <ymax>623</ymax>
    </bndbox>
    <confidence>0.955033</confidence>
  </object>
</annotation>
