<annotation>
  <folder>runs\detect\exp2</folder>
  <filename>2_20200615_112127_004200.jpg</filename>
  <source>
    <database>Unknown</database>
  </source>
  <size>
    <width>1920</width>
    <height>1080</height>
    <depth>3</depth>
  </size>
  <segmented>0</segmented>
  <object>
    <name>Vehicle</name>
    <bndbox>
      <xmin>1892</xmin>
      <ymin>505</ymin>
      <xmax>1920</xmax>
      <ymax>574</ymax>
    </bndbox>
    <confidence>0.511999</confidence>
  </object>
  <object>
    <name>Vehicle</name>
    <bndbox>
      <xmin>1692</xmin>
      <ymin>522</ymin>
      <xmax>1818</xmax>
      <ymax>573</ymax>
    </bndbox>
    <confidence>0.625873</confidence>
  </object>
  <object>
    <name>Vehicle</name>
    <bndbox>
      <xmin>1013</xmin>
      <ymin>531</ymin>
      <xmax>1040</xmax>
      <ymax>570</ymax>
    </bndbox>
    <confidence>0.751088</confidence>
  </object>
  <object>
    <name>TrafficSign</name>
    <bndbox>
      <xmin>1012</xmin>
      <ymin>402</ymin>
      <xmax>1101</xmax>
      <ymax>436</ymax>
    </bndbox>
    <confidence>0.820868</confidence>
  </object>
  <object>
    <name>Vehicle</name>
    <bndbox>
      <xmin>1626</xmin>
      <ymin>515</ymin>
      <xmax>1707</xmax>
      <ymax>574</ymax>
    </bndbox>
    <confidence>0.845639</confidence>
  </object>
  <object>
    <name>Vehicle</name>
    <bndbox>
      <xmin>619</xmin>
      <ymin>526</ymin>
      <xmax>686</xmax>
      <ymax>591</ymax>
    </bndbox>
    <confidence>0.846779</confidence>
  </object>
  <object>
    <name>Vehicle</name>
    <bndbox>
      <xmin>525</xmin>
      <ymin>522</ymin>
      <xmax>632</xmax>
      <ymax>599</ymax>
    </bndbox>
    <confidence>0.926566</confidence>
  </object>
  <object>
    <name>Vehicle</name>
    <bndbox>
      <xmin>955</xmin>
      <ymin>540</ymin>
      <xmax>1027</xmax>
      <ymax>599</ymax>
    </bndbox>
    <confidence>0.932009</confidence>
  </object>
  <object>
    <name>Vehicle</name>
    <bndbox>
      <xmin>634</xmin>
      <ymin>533</ymin>
      <xmax>814</xmax>
      <ymax>666</ymax>
    </bndbox>
    <confidence>0.967525</confidence>
  </object>
</annotation>
