<annotation>
  <folder>runs\detect\exp39</folder>
  <filename>2_20200615_112127_003660.jpg</filename>
  <source>
    <database>Unknown</database>
  </source>
  <size>
    <width>1920</width>
    <height>1080</height>
    <depth>3</depth>
  </size>
  <segmented>0</segmented>
  <object>
    <name>Vehicle</name>
    <bndbox>
      <xmin>1251</xmin>
      <ymin>546</ymin>
      <xmax>1289</xmax>
      <ymax>571</ymax>
    </bndbox>
    <confidence>0.411042</confidence>
  </object>
  <object>
    <name>Vehicle</name>
    <bndbox>
      <xmin>1090</xmin>
      <ymin>545</ymin>
      <xmax>1126</xmax>
      <ymax>574</ymax>
    </bndbox>
    <confidence>0.622022</confidence>
  </object>
  <object>
    <name>Vehicle</name>
    <bndbox>
      <xmin>980</xmin>
      <ymin>547</ymin>
      <xmax>1010</xmax>
      <ymax>573</ymax>
    </bndbox>
    <confidence>0.665941</confidence>
  </object>
  <object>
    <name>Vehicle</name>
    <bndbox>
      <xmin>634</xmin>
      <ymin>536</ymin>
      <xmax>702</xmax>
      <ymax>599</ymax>
    </bndbox>
    <confidence>0.763507</confidence>
  </object>
  <object>
    <name>Vehicle</name>
    <bndbox>
      <xmin>1120</xmin>
      <ymin>551</ymin>
      <xmax>1161</xmax>
      <ymax>577</ymax>
    </bndbox>
    <confidence>0.782674</confidence>
  </object>
  <object>
    <name>Vehicle</name>
    <bndbox>
      <xmin>1293</xmin>
      <ymin>534</ymin>
      <xmax>1334</xmax>
      <ymax>567</ymax>
    </bndbox>
    <confidence>0.812982</confidence>
  </object>
  <object>
    <name>Vehicle</name>
    <bndbox>
      <xmin>1027</xmin>
      <ymin>545</ymin>
      <xmax>1060</xmax>
      <ymax>574</ymax>
    </bndbox>
    <confidence>0.842118</confidence>
  </object>
  <object>
    <name>Vehicle</name>
    <bndbox>
      <xmin>789</xmin>
      <ymin>557</ymin>
      <xmax>832</xmax>
      <ymax>589</ymax>
    </bndbox>
    <confidence>0.891665</confidence>
  </object>
  <object>
    <name>Vehicle</name>
    <bndbox>
      <xmin>733</xmin>
      <ymin>545</ymin>
      <xmax>789</xmax>
      <ymax>594</ymax>
    </bndbox>
    <confidence>0.911599</confidence>
  </object>
  <object>
    <name>Vehicle</name>
    <bndbox>
      <xmin>678</xmin>
      <ymin>558</ymin>
      <xmax>748</xmax>
      <ymax>604</ymax>
    </bndbox>
    <confidence>0.926541</confidence>
  </object>
  <object>
    <name>Vehicle</name>
    <bndbox>
      <xmin>558</xmin>
      <ymin>549</ymin>
      <xmax>665</xmax>
      <ymax>624</ymax>
    </bndbox>
    <confidence>0.949127</confidence>
  </object>
  <object>
    <name>Vehicle</name>
    <bndbox>
      <xmin>257</xmin>
      <ymin>444</ymin>
      <xmax>553</xmax>
      <ymax>703</ymax>
    </bndbox>
    <confidence>0.960804</confidence>
  </object>
  <object>
    <name>Vehicle</name>
    <bndbox>
      <xmin>1</xmin>
      <ymin>549</ymin>
      <xmax>267</xmax>
      <ymax>708</ymax>
    </bndbox>
    <confidence>0.965905</confidence>
  </object>
</annotation>
