<annotation>
  <folder>runs\detect\exp2</folder>
  <filename>2_20200615_112127_004170.jpg</filename>
  <source>
    <database>Unknown</database>
  </source>
  <size>
    <width>1920</width>
    <height>1080</height>
    <depth>3</depth>
  </size>
  <segmented>0</segmented>
  <object>
    <name>Vehicle</name>
    <bndbox>
      <xmin>1543</xmin>
      <ymin>527</ymin>
      <xmax>1600</xmax>
      <ymax>566</ymax>
    </bndbox>
    <confidence>0.385942</confidence>
  </object>
  <object>
    <name>Vehicle</name>
    <bndbox>
      <xmin>599</xmin>
      <ymin>523</ymin>
      <xmax>655</xmax>
      <ymax>572</ymax>
    </bndbox>
    <confidence>0.799335</confidence>
  </object>
  <object>
    <name>TrafficSign</name>
    <bndbox>
      <xmin>999</xmin>
      <ymin>424</ymin>
      <xmax>1075</xmax>
      <ymax>454</ymax>
    </bndbox>
    <confidence>0.816402</confidence>
  </object>
  <object>
    <name>Vehicle</name>
    <bndbox>
      <xmin>1466</xmin>
      <ymin>523</ymin>
      <xmax>1519</xmax>
      <ymax>566</ymax>
    </bndbox>
    <confidence>0.831458</confidence>
  </object>
  <object>
    <name>Vehicle</name>
    <bndbox>
      <xmin>956</xmin>
      <ymin>537</ymin>
      <xmax>1025</xmax>
      <ymax>592</ymax>
    </bndbox>
    <confidence>0.930356</confidence>
  </object>
  <object>
    <name>Vehicle</name>
    <bndbox>
      <xmin>595</xmin>
      <ymin>528</ymin>
      <xmax>791</xmax>
      <ymax>672</ymax>
    </bndbox>
    <confidence>0.968733</confidence>
  </object>
</annotation>
