<annotation>
  <folder>runs\detect\exp2</folder>
  <filename>2_20200615_112127_001200.jpg</filename>
  <source>
    <database>Unknown</database>
  </source>
  <size>
    <width>1920</width>
    <height>1080</height>
    <depth>3</depth>
  </size>
  <segmented>0</segmented>
  <object>
    <name>Vehicle</name>
    <bndbox>
      <xmin>1276</xmin>
      <ymin>540</ymin>
      <xmax>1345</xmax>
      <ymax>580</ymax>
    </bndbox>
    <confidence>0.723026</confidence>
  </object>
  <object>
    <name>Pedestrian</name>
    <bndbox>
      <xmin>1518</xmin>
      <ymin>530</ymin>
      <xmax>1540</xmax>
      <ymax>614</ymax>
    </bndbox>
    <confidence>0.792814</confidence>
  </object>
</annotation>
