<annotation>
  <folder>runs\detect\exp39</folder>
  <filename>2_20200615_112127_003540.jpg</filename>
  <source>
    <database>Unknown</database>
  </source>
  <size>
    <width>1920</width>
    <height>1080</height>
    <depth>3</depth>
  </size>
  <segmented>0</segmented>
  <object>
    <name>Vehicle</name>
    <bndbox>
      <xmin>1010</xmin>
      <ymin>544</ymin>
      <xmax>1039</xmax>
      <ymax>569</ymax>
    </bndbox>
    <confidence>0.257596</confidence>
  </object>
  <object>
    <name>Vehicle</name>
    <bndbox>
      <xmin>874</xmin>
      <ymin>545</ymin>
      <xmax>903</xmax>
      <ymax>575</ymax>
    </bndbox>
    <confidence>0.724328</confidence>
  </object>
  <object>
    <name>TrafficSign</name>
    <bndbox>
      <xmin>1176</xmin>
      <ymin>489</ymin>
      <xmax>1206</xmax>
      <ymax>515</ymax>
    </bndbox>
    <confidence>0.844054</confidence>
  </object>
  <object>
    <name>Vehicle</name>
    <bndbox>
      <xmin>735</xmin>
      <ymin>551</ymin>
      <xmax>786</xmax>
      <ymax>592</ymax>
    </bndbox>
    <confidence>0.854399</confidence>
  </object>
  <object>
    <name>Vehicle</name>
    <bndbox>
      <xmin>965</xmin>
      <ymin>546</ymin>
      <xmax>999</xmax>
      <ymax>576</ymax>
    </bndbox>
    <confidence>0.860523</confidence>
  </object>
  <object>
    <name>Vehicle</name>
    <bndbox>
      <xmin>799</xmin>
      <ymin>540</ymin>
      <xmax>847</xmax>
      <ymax>586</ymax>
    </bndbox>
    <confidence>0.896656</confidence>
  </object>
  <object>
    <name>Vehicle</name>
    <bndbox>
      <xmin>638</xmin>
      <ymin>514</ymin>
      <xmax>717</xmax>
      <ymax>606</ymax>
    </bndbox>
    <confidence>0.925669</confidence>
  </object>
  <object>
    <name>Vehicle</name>
    <bndbox>
      <xmin>29</xmin>
      <ymin>542</ymin>
      <xmax>278</xmax>
      <ymax>697</ymax>
    </bndbox>
    <confidence>0.958984</confidence>
  </object>
  <object>
    <name>Vehicle</name>
    <bndbox>
      <xmin>268</xmin>
      <ymin>501</ymin>
      <xmax>538</xmax>
      <ymax>689</ymax>
    </bndbox>
    <confidence>0.965517</confidence>
  </object>
</annotation>
