<annotation>
  <folder>runs\detect\exp2</folder>
  <filename>2_20200615_112127_000390.jpg</filename>
  <source>
    <database>Unknown</database>
  </source>
  <size>
    <width>1920</width>
    <height>1080</height>
    <depth>3</depth>
  </size>
  <segmented>0</segmented>
  <object>
    <name>Vehicle</name>
    <bndbox>
      <xmin>880</xmin>
      <ymin>545</ymin>
      <xmax>921</xmax>
      <ymax>577</ymax>
    </bndbox>
    <confidence>0.848663</confidence>
  </object>
  <object>
    <name>TrafficSign</name>
    <bndbox>
      <xmin>1128</xmin>
      <ymin>382</ymin>
      <xmax>1155</xmax>
      <ymax>410</ymax>
    </bndbox>
    <confidence>0.885505</confidence>
  </object>
  <object>
    <name>Vehicle</name>
    <bndbox>
      <xmin>842</xmin>
      <ymin>553</ymin>
      <xmax>884</xmax>
      <ymax>583</ymax>
    </bndbox>
    <confidence>0.895211</confidence>
  </object>
  <object>
    <name>Vehicle</name>
    <bndbox>
      <xmin>974</xmin>
      <ymin>523</ymin>
      <xmax>1031</xmax>
      <ymax>573</ymax>
    </bndbox>
    <confidence>0.917585</confidence>
  </object>
  <object>
    <name>Vehicle</name>
    <bndbox>
      <xmin>670</xmin>
      <ymin>552</ymin>
      <xmax>720</xmax>
      <ymax>594</ymax>
    </bndbox>
    <confidence>0.92816</confidence>
  </object>
  <object>
    <name>Vehicle</name>
    <bndbox>
      <xmin>623</xmin>
      <ymin>560</ymin>
      <xmax>686</xmax>
      <ymax>597</ymax>
    </bndbox>
    <confidence>0.932337</confidence>
  </object>
  <object>
    <name>Vehicle</name>
    <bndbox>
      <xmin>780</xmin>
      <ymin>551</ymin>
      <xmax>848</xmax>
      <ymax>594</ymax>
    </bndbox>
    <confidence>0.939322</confidence>
  </object>
</annotation>
