<annotation>
  <folder>runs\detect\exp2</folder>
  <filename>2_20200615_112127_001050.jpg</filename>
  <source>
    <database>Unknown</database>
  </source>
  <size>
    <width>1920</width>
    <height>1080</height>
    <depth>3</depth>
  </size>
  <segmented>0</segmented>
  <object>
    <name>TrafficSign</name>
    <bndbox>
      <xmin>1072</xmin>
      <ymin>180</ymin>
      <xmax>1130</xmax>
      <ymax>262</ymax>
    </bndbox>
    <confidence>0.368207</confidence>
  </object>
  <object>
    <name>Pedestrian</name>
    <bndbox>
      <xmin>1266</xmin>
      <ymin>529</ymin>
      <xmax>1279</xmax>
      <ymax>560</ymax>
    </bndbox>
    <confidence>0.482466</confidence>
  </object>
  <object>
    <name>Vehicle</name>
    <bndbox>
      <xmin>1153</xmin>
      <ymin>530</ymin>
      <xmax>1188</xmax>
      <ymax>557</ymax>
    </bndbox>
    <confidence>0.826376</confidence>
  </object>
  <object>
    <name>TrafficSign</name>
    <bndbox>
      <xmin>1071</xmin>
      <ymin>176</ymin>
      <xmax>1294</xmax>
      <ymax>262</ymax>
    </bndbox>
    <confidence>0.90762</confidence>
  </object>
</annotation>
