<annotation>
  <folder>runs\detect\exp39</folder>
  <filename>2_20200615_112127_004590.jpg</filename>
  <source>
    <database>Unknown</database>
  </source>
  <size>
    <width>1920</width>
    <height>1080</height>
    <depth>3</depth>
  </size>
  <segmented>0</segmented>
  <object>
    <name>Vehicle</name>
    <bndbox>
      <xmin>691</xmin>
      <ymin>515</ymin>
      <xmax>801</xmax>
      <ymax>561</ymax>
    </bndbox>
    <confidence>0.871395</confidence>
  </object>
  <object>
    <name>TrafficLight</name>
    <bndbox>
      <xmin>1127</xmin>
      <ymin>285</ymin>
      <xmax>1205</xmax>
      <ymax>308</ymax>
    </bndbox>
    <confidence>0.875329</confidence>
  </object>
  <object>
    <name>TrafficLight</name>
    <bndbox>
      <xmin>1339</xmin>
      <ymin>283</ymin>
      <xmax>1414</xmax>
      <ymax>303</ymax>
    </bndbox>
    <confidence>0.882064</confidence>
  </object>
  <object>
    <name>Vehicle</name>
    <bndbox>
      <xmin>1</xmin>
      <ymin>504</ymin>
      <xmax>65</xmax>
      <ymax>563</ymax>
    </bndbox>
    <confidence>0.897217</confidence>
  </object>
  <object>
    <name>TrafficSign</name>
    <bndbox>
      <xmin>1207</xmin>
      <ymin>257</ymin>
      <xmax>1255</xmax>
      <ymax>306</ymax>
    </bndbox>
    <confidence>0.898857</confidence>
  </object>
  <object>
    <name>Vehicle</name>
    <bndbox>
      <xmin>215</xmin>
      <ymin>473</ymin>
      <xmax>379</xmax>
      <ymax>565</ymax>
    </bndbox>
    <confidence>0.936558</confidence>
  </object>
  <object>
    <name>Vehicle</name>
    <bndbox>
      <xmin>1322</xmin>
      <ymin>348</ymin>
      <xmax>1867</xmax>
      <ymax>679</ymax>
    </bndbox>
    <confidence>0.948939</confidence>
  </object>
  <object>
    <name>Vehicle</name>
    <bndbox>
      <xmin>1098</xmin>
      <ymin>527</ymin>
      <xmax>1246</xmax>
      <ymax>638</ymax>
    </bndbox>
    <confidence>0.957675</confidence>
  </object>
  <object>
    <name>Vehicle</name>
    <bndbox>
      <xmin>1232</xmin>
      <ymin>484</ymin>
      <xmax>1606</xmax>
      <ymax>744</ymax>
    </bndbox>
    <confidence>0.958413</confidence>
  </object>
  <object>
    <name>Vehicle</name>
    <bndbox>
      <xmin>823</xmin>
      <ymin>509</ymin>
      <xmax>1076</xmax>
      <ymax>727</ymax>
    </bndbox>
    <confidence>0.96633</confidence>
  </object>
</annotation>
