<annotation>
  <folder>runs\detect\exp39</folder>
  <filename>2_20200615_112127_000630.jpg</filename>
  <source>
    <database>Unknown</database>
  </source>
  <size>
    <width>1920</width>
    <height>1080</height>
    <depth>3</depth>
  </size>
  <segmented>0</segmented>
  <object>
    <name>Vehicle</name>
    <bndbox>
      <xmin>982</xmin>
      <ymin>541</ymin>
      <xmax>1015</xmax>
      <ymax>569</ymax>
    </bndbox>
    <confidence>0.814947</confidence>
  </object>
  <object>
    <name>Vehicle</name>
    <bndbox>
      <xmin>1042</xmin>
      <ymin>531</ymin>
      <xmax>1072</xmax>
      <ymax>563</ymax>
    </bndbox>
    <confidence>0.815254</confidence>
  </object>
  <object>
    <name>Vehicle</name>
    <bndbox>
      <xmin>864</xmin>
      <ymin>548</ymin>
      <xmax>906</xmax>
      <ymax>581</ymax>
    </bndbox>
    <confidence>0.903869</confidence>
  </object>
  <object>
    <name>Vehicle</name>
    <bndbox>
      <xmin>753</xmin>
      <ymin>534</ymin>
      <xmax>825</xmax>
      <ymax>594</ymax>
    </bndbox>
    <confidence>0.905774</confidence>
  </object>
  <object>
    <name>Vehicle</name>
    <bndbox>
      <xmin>307</xmin>
      <ymin>490</ymin>
      <xmax>489</xmax>
      <ymax>593</ymax>
    </bndbox>
    <confidence>0.915335</confidence>
  </object>
  <object>
    <name>Vehicle</name>
    <bndbox>
      <xmin>212</xmin>
      <ymin>554</ymin>
      <xmax>427</xmax>
      <ymax>667</ymax>
    </bndbox>
    <confidence>0.963044</confidence>
  </object>
</annotation>
