<annotation>
  <folder>runs\detect\exp39</folder>
  <filename>2_20200615_112127_000360.jpg</filename>
  <source>
    <database>Unknown</database>
  </source>
  <size>
    <width>1920</width>
    <height>1080</height>
    <depth>3</depth>
  </size>
  <segmented>0</segmented>
  <object>
    <name>Vehicle</name>
    <bndbox>
      <xmin>901</xmin>
      <ymin>557</ymin>
      <xmax>931</xmax>
      <ymax>586</ymax>
    </bndbox>
    <confidence>0.370141</confidence>
  </object>
  <object>
    <name>Vehicle</name>
    <bndbox>
      <xmin>990</xmin>
      <ymin>541</ymin>
      <xmax>1017</xmax>
      <ymax>578</ymax>
    </bndbox>
    <confidence>0.484351</confidence>
  </object>
  <object>
    <name>Vehicle</name>
    <bndbox>
      <xmin>917</xmin>
      <ymin>561</ymin>
      <xmax>960</xmax>
      <ymax>588</ymax>
    </bndbox>
    <confidence>0.79476</confidence>
  </object>
  <object>
    <name>Vehicle</name>
    <bndbox>
      <xmin>1015</xmin>
      <ymin>540</ymin>
      <xmax>1062</xmax>
      <ymax>580</ymax>
    </bndbox>
    <confidence>0.876264</confidence>
  </object>
  <object>
    <name>Vehicle</name>
    <bndbox>
      <xmin>725</xmin>
      <ymin>559</ymin>
      <xmax>766</xmax>
      <ymax>596</ymax>
    </bndbox>
    <confidence>0.888753</confidence>
  </object>
  <object>
    <name>Vehicle</name>
    <bndbox>
      <xmin>689</xmin>
      <ymin>568</ymin>
      <xmax>740</xmax>
      <ymax>598</ymax>
    </bndbox>
    <confidence>0.893081</confidence>
  </object>
  <object>
    <name>Vehicle</name>
    <bndbox>
      <xmin>313</xmin>
      <ymin>499</ymin>
      <xmax>504</xmax>
      <ymax>652</ymax>
    </bndbox>
    <confidence>0.960404</confidence>
  </object>
</annotation>
