<annotation>
  <folder>runs\detect\exp39</folder>
  <filename>2_20200615_112127_000390.jpg</filename>
  <source>
    <database>Unknown</database>
  </source>
  <size>
    <width>1920</width>
    <height>1080</height>
    <depth>3</depth>
  </size>
  <segmented>0</segmented>
  <object>
    <name>Vehicle</name>
    <bndbox>
      <xmin>881</xmin>
      <ymin>545</ymin>
      <xmax>922</xmax>
      <ymax>577</ymax>
    </bndbox>
    <confidence>0.837605</confidence>
  </object>
  <object>
    <name>TrafficSign</name>
    <bndbox>
      <xmin>1129</xmin>
      <ymin>381</ymin>
      <xmax>1157</xmax>
      <ymax>410</ymax>
    </bndbox>
    <confidence>0.877576</confidence>
  </object>
  <object>
    <name>Vehicle</name>
    <bndbox>
      <xmin>842</xmin>
      <ymin>553</ymin>
      <xmax>884</xmax>
      <ymax>583</ymax>
    </bndbox>
    <confidence>0.893999</confidence>
  </object>
  <object>
    <name>Vehicle</name>
    <bndbox>
      <xmin>974</xmin>
      <ymin>523</ymin>
      <xmax>1031</xmax>
      <ymax>573</ymax>
    </bndbox>
    <confidence>0.913662</confidence>
  </object>
  <object>
    <name>Vehicle</name>
    <bndbox>
      <xmin>670</xmin>
      <ymin>552</ymin>
      <xmax>720</xmax>
      <ymax>594</ymax>
    </bndbox>
    <confidence>0.92347</confidence>
  </object>
  <object>
    <name>Vehicle</name>
    <bndbox>
      <xmin>623</xmin>
      <ymin>560</ymin>
      <xmax>686</xmax>
      <ymax>597</ymax>
    </bndbox>
    <confidence>0.92844</confidence>
  </object>
  <object>
    <name>Vehicle</name>
    <bndbox>
      <xmin>780</xmin>
      <ymin>551</ymin>
      <xmax>848</xmax>
      <ymax>594</ymax>
    </bndbox>
    <confidence>0.937277</confidence>
  </object>
</annotation>
