<annotation>
  <folder>runs\detect\exp2</folder>
  <filename>2_20200615_112127_004080.jpg</filename>
  <source>
    <database>Unknown</database>
  </source>
  <size>
    <width>1920</width>
    <height>1080</height>
    <depth>3</depth>
  </size>
  <segmented>0</segmented>
  <object>
    <name>Vehicle</name>
    <bndbox>
      <xmin>988</xmin>
      <ymin>532</ymin>
      <xmax>1014</xmax>
      <ymax>562</ymax>
    </bndbox>
    <confidence>0.473658</confidence>
  </object>
  <object>
    <name>Vehicle</name>
    <bndbox>
      <xmin>957</xmin>
      <ymin>543</ymin>
      <xmax>986</xmax>
      <ymax>569</ymax>
    </bndbox>
    <confidence>0.63303</confidence>
  </object>
  <object>
    <name>Vehicle</name>
    <bndbox>
      <xmin>723</xmin>
      <ymin>530</ymin>
      <xmax>769</xmax>
      <ymax>574</ymax>
    </bndbox>
    <confidence>0.7771</confidence>
  </object>
  <object>
    <name>Vehicle</name>
    <bndbox>
      <xmin>757</xmin>
      <ymin>531</ymin>
      <xmax>794</xmax>
      <ymax>569</ymax>
    </bndbox>
    <confidence>0.823234</confidence>
  </object>
  <object>
    <name>Vehicle</name>
    <bndbox>
      <xmin>1009</xmin>
      <ymin>538</ymin>
      <xmax>1072</xmax>
      <ymax>586</ymax>
    </bndbox>
    <confidence>0.903712</confidence>
  </object>
  <object>
    <name>Vehicle</name>
    <bndbox>
      <xmin>392</xmin>
      <ymin>511</ymin>
      <xmax>711</xmax>
      <ymax>732</ymax>
    </bndbox>
    <confidence>0.972436</confidence>
  </object>
</annotation>
