<annotation>
  <folder>runs\detect\exp2</folder>
  <filename>2_20200615_112127_004260.jpg</filename>
  <source>
    <database>Unknown</database>
  </source>
  <size>
    <width>1920</width>
    <height>1080</height>
    <depth>3</depth>
  </size>
  <segmented>0</segmented>
  <object>
    <name>Vehicle</name>
    <bndbox>
      <xmin>1572</xmin>
      <ymin>502</ymin>
      <xmax>1640</xmax>
      <ymax>562</ymax>
    </bndbox>
    <confidence>0.265229</confidence>
  </object>
  <object>
    <name>Vehicle</name>
    <bndbox>
      <xmin>1060</xmin>
      <ymin>524</ymin>
      <xmax>1084</xmax>
      <ymax>567</ymax>
    </bndbox>
    <confidence>0.362626</confidence>
  </object>
  <object>
    <name>Vehicle</name>
    <bndbox>
      <xmin>1653</xmin>
      <ymin>503</ymin>
      <xmax>1711</xmax>
      <ymax>555</ymax>
    </bndbox>
    <confidence>0.610524</confidence>
  </object>
  <object>
    <name>Vehicle</name>
    <bndbox>
      <xmin>1696</xmin>
      <ymin>501</ymin>
      <xmax>1804</xmax>
      <ymax>560</ymax>
    </bndbox>
    <confidence>0.815181</confidence>
  </object>
  <object>
    <name>TrafficSign</name>
    <bndbox>
      <xmin>1080</xmin>
      <ymin>278</ymin>
      <xmax>1239</xmax>
      <ymax>340</ymax>
    </bndbox>
    <confidence>0.926815</confidence>
  </object>
  <object>
    <name>Vehicle</name>
    <bndbox>
      <xmin>992</xmin>
      <ymin>529</ymin>
      <xmax>1078</xmax>
      <ymax>599</ymax>
    </bndbox>
    <confidence>0.932264</confidence>
  </object>
  <object>
    <name>Vehicle</name>
    <bndbox>
      <xmin>295</xmin>
      <ymin>494</ymin>
      <xmax>498</xmax>
      <ymax>621</ymax>
    </bndbox>
    <confidence>0.934349</confidence>
  </object>
  <object>
    <name>Vehicle</name>
    <bndbox>
      <xmin>499</xmin>
      <ymin>507</ymin>
      <xmax>633</xmax>
      <ymax>599</ymax>
    </bndbox>
    <confidence>0.947091</confidence>
  </object>
  <object>
    <name>Vehicle</name>
    <bndbox>
      <xmin>726</xmin>
      <ymin>530</ymin>
      <xmax>878</xmax>
      <ymax>645</ymax>
    </bndbox>
    <confidence>0.964928</confidence>
  </object>
</annotation>
