<annotation>
  <folder>runs\detect\exp2</folder>
  <filename>2_20200615_112127_000510.jpg</filename>
  <source>
    <database>Unknown</database>
  </source>
  <size>
    <width>1920</width>
    <height>1080</height>
    <depth>3</depth>
  </size>
  <segmented>0</segmented>
  <object>
    <name>Vehicle</name>
    <bndbox>
      <xmin>693</xmin>
      <ymin>559</ymin>
      <xmax>727</xmax>
      <ymax>589</ymax>
    </bndbox>
    <confidence>0.739617</confidence>
  </object>
  <object>
    <name>Vehicle</name>
    <bndbox>
      <xmin>993</xmin>
      <ymin>547</ymin>
      <xmax>1026</xmax>
      <ymax>572</ymax>
    </bndbox>
    <confidence>0.7825</confidence>
  </object>
  <object>
    <name>Vehicle</name>
    <bndbox>
      <xmin>791</xmin>
      <ymin>520</ymin>
      <xmax>838</xmax>
      <ymax>576</ymax>
    </bndbox>
    <confidence>0.859003</confidence>
  </object>
  <object>
    <name>Vehicle</name>
    <bndbox>
      <xmin>614</xmin>
      <ymin>541</ymin>
      <xmax>695</xmax>
      <ymax>598</ymax>
    </bndbox>
    <confidence>0.91142</confidence>
  </object>
  <object>
    <name>Vehicle</name>
    <bndbox>
      <xmin>932</xmin>
      <ymin>547</ymin>
      <xmax>972</xmax>
      <ymax>576</ymax>
    </bndbox>
    <confidence>0.911423</confidence>
  </object>
  <object>
    <name>Vehicle</name>
    <bndbox>
      <xmin>847</xmin>
      <ymin>549</ymin>
      <xmax>897</xmax>
      <ymax>586</ymax>
    </bndbox>
    <confidence>0.916271</confidence>
  </object>
  <object>
    <name>Vehicle</name>
    <bndbox>
      <xmin>565</xmin>
      <ymin>561</ymin>
      <xmax>619</xmax>
      <ymax>602</ymax>
    </bndbox>
    <confidence>0.924665</confidence>
  </object>
  <object>
    <name>Vehicle</name>
    <bndbox>
      <xmin>493</xmin>
      <ymin>563</ymin>
      <xmax>573</xmax>
      <ymax>608</ymax>
    </bndbox>
    <confidence>0.931036</confidence>
  </object>
  <object>
    <name>Vehicle</name>
    <bndbox>
      <xmin>726</xmin>
      <ymin>525</ymin>
      <xmax>792</xmax>
      <ymax>595</ymax>
    </bndbox>
    <confidence>0.934028</confidence>
  </object>
  <object>
    <name>Vehicle</name>
    <bndbox>
      <xmin>325</xmin>
      <ymin>552</ymin>
      <xmax>495</xmax>
      <ymax>649</ymax>
    </bndbox>
    <confidence>0.963743</confidence>
  </object>
</annotation>
