<annotation>
  <folder>runs\detect\exp2</folder>
  <filename>2_20200615_112127_003870.jpg</filename>
  <source>
    <database>Unknown</database>
  </source>
  <size>
    <width>1920</width>
    <height>1080</height>
    <depth>3</depth>
  </size>
  <segmented>0</segmented>
  <object>
    <name>Vehicle</name>
    <bndbox>
      <xmin>818</xmin>
      <ymin>516</ymin>
      <xmax>848</xmax>
      <ymax>542</ymax>
    </bndbox>
    <confidence>0.467124</confidence>
  </object>
  <object>
    <name>Vehicle</name>
    <bndbox>
      <xmin>132</xmin>
      <ymin>451</ymin>
      <xmax>349</xmax>
      <ymax>587</ymax>
    </bndbox>
    <confidence>0.862962</confidence>
  </object>
  <object>
    <name>Vehicle</name>
    <bndbox>
      <xmin>985</xmin>
      <ymin>526</ymin>
      <xmax>1028</xmax>
      <ymax>562</ymax>
    </bndbox>
    <confidence>0.879686</confidence>
  </object>
  <object>
    <name>Vehicle</name>
    <bndbox>
      <xmin>1167</xmin>
      <ymin>534</ymin>
      <xmax>1255</xmax>
      <ymax>593</ymax>
    </bndbox>
    <confidence>0.95188</confidence>
  </object>
  <object>
    <name>Vehicle</name>
    <bndbox>
      <xmin>1377</xmin>
      <ymin>534</ymin>
      <xmax>1543</xmax>
      <ymax>643</ymax>
    </bndbox>
    <confidence>0.957265</confidence>
  </object>
  <object>
    <name>Vehicle</name>
    <bndbox>
      <xmin>1264</xmin>
      <ymin>532</ymin>
      <xmax>1397</xmax>
      <ymax>617</ymax>
    </bndbox>
    <confidence>0.958441</confidence>
  </object>
  <object>
    <name>Vehicle</name>
    <bndbox>
      <xmin>1714</xmin>
      <ymin>469</ymin>
      <xmax>1921</xmax>
      <ymax>750</ymax>
    </bndbox>
    <confidence>0.962004</confidence>
  </object>
  <object>
    <name>Vehicle</name>
    <bndbox>
      <xmin>187</xmin>
      <ymin>550</ymin>
      <xmax>378</xmax>
      <ymax>659</ymax>
    </bndbox>
    <confidence>0.964429</confidence>
  </object>
  <object>
    <name>Vehicle</name>
    <bndbox>
      <xmin>1511</xmin>
      <ymin>516</ymin>
      <xmax>1781</xmax>
      <ymax>684</ymax>
    </bndbox>
    <confidence>0.967533</confidence>
  </object>
</annotation>
