<annotation>
  <folder>runs\detect\exp2</folder>
  <filename>2_20200615_112127_004410.jpg</filename>
  <source>
    <database>Unknown</database>
  </source>
  <size>
    <width>1920</width>
    <height>1080</height>
    <depth>3</depth>
  </size>
  <segmented>0</segmented>
  <object>
    <name>Vehicle</name>
    <bndbox>
      <xmin>1120</xmin>
      <ymin>513</ymin>
      <xmax>1171</xmax>
      <ymax>547</ymax>
    </bndbox>
    <confidence>0.373555</confidence>
  </object>
  <object>
    <name>Vehicle</name>
    <bndbox>
      <xmin>1167</xmin>
      <ymin>490</ymin>
      <xmax>1246</xmax>
      <ymax>545</ymax>
    </bndbox>
    <confidence>0.770056</confidence>
  </object>
  <object>
    <name>Vehicle</name>
    <bndbox>
      <xmin>1098</xmin>
      <ymin>532</ymin>
      <xmax>1130</xmax>
      <ymax>579</ymax>
    </bndbox>
    <confidence>0.805421</confidence>
  </object>
  <object>
    <name>Vehicle</name>
    <bndbox>
      <xmin>1117</xmin>
      <ymin>522</ymin>
      <xmax>1209</xmax>
      <ymax>598</ymax>
    </bndbox>
    <confidence>0.925574</confidence>
  </object>
  <object>
    <name>Vehicle</name>
    <bndbox>
      <xmin>948</xmin>
      <ymin>520</ymin>
      <xmax>1086</xmax>
      <ymax>635</ymax>
    </bndbox>
    <confidence>0.959292</confidence>
  </object>
  <object>
    <name>Vehicle</name>
    <bndbox>
      <xmin>1193</xmin>
      <ymin>497</ymin>
      <xmax>1438</xmax>
      <ymax>676</ymax>
    </bndbox>
    <confidence>0.967803</confidence>
  </object>
</annotation>
