<annotation>
  <folder>runs\detect\exp39</folder>
  <filename>2_20200615_112127_003210.jpg</filename>
  <source>
    <database>Unknown</database>
  </source>
  <size>
    <width>1920</width>
    <height>1080</height>
    <depth>3</depth>
  </size>
  <segmented>0</segmented>
  <object>
    <name>TrafficSign</name>
    <bndbox>
      <xmin>1126</xmin>
      <ymin>408</ymin>
      <xmax>1151</xmax>
      <ymax>433</ymax>
    </bndbox>
    <confidence>0.769402</confidence>
  </object>
  <object>
    <name>TrafficLight</name>
    <bndbox>
      <xmin>1222</xmin>
      <ymin>264</ymin>
      <xmax>1306</xmax>
      <ymax>288</ymax>
    </bndbox>
    <confidence>0.880659</confidence>
  </object>
  <object>
    <name>TrafficSign</name>
    <bndbox>
      <xmin>1375</xmin>
      <ymin>481</ymin>
      <xmax>1403</xmax>
      <ymax>508</ymax>
    </bndbox>
    <confidence>0.881778</confidence>
  </object>
  <object>
    <name>Vehicle</name>
    <bndbox>
      <xmin>777</xmin>
      <ymin>533</ymin>
      <xmax>818</xmax>
      <ymax>578</ymax>
    </bndbox>
    <confidence>0.899956</confidence>
  </object>
  <object>
    <name>Vehicle</name>
    <bndbox>
      <xmin>156</xmin>
      <ymin>549</ymin>
      <xmax>332</xmax>
      <ymax>641</ymax>
    </bndbox>
    <confidence>0.959941</confidence>
  </object>
  <object>
    <name>Vehicle</name>
    <bndbox>
      <xmin>1124</xmin>
      <ymin>530</ymin>
      <xmax>1269</xmax>
      <ymax>640</ymax>
    </bndbox>
    <confidence>0.962686</confidence>
  </object>
</annotation>
