<annotation>
  <folder>runs\detect\exp2</folder>
  <filename>2_20200615_112127_003420.jpg</filename>
  <source>
    <database>Unknown</database>
  </source>
  <size>
    <width>1920</width>
    <height>1080</height>
    <depth>3</depth>
  </size>
  <segmented>0</segmented>
  <object>
    <name>Vehicle</name>
    <bndbox>
      <xmin>893</xmin>
      <ymin>546</ymin>
      <xmax>920</xmax>
      <ymax>573</ymax>
    </bndbox>
    <confidence>0.529605</confidence>
  </object>
  <object>
    <name>Vehicle</name>
    <bndbox>
      <xmin>838</xmin>
      <ymin>553</ymin>
      <xmax>867</xmax>
      <ymax>578</ymax>
    </bndbox>
    <confidence>0.608884</confidence>
  </object>
  <object>
    <name>Vehicle</name>
    <bndbox>
      <xmin>189</xmin>
      <ymin>410</ymin>
      <xmax>268</xmax>
      <ymax>468</ymax>
    </bndbox>
    <confidence>0.790775</confidence>
  </object>
  <object>
    <name>Vehicle</name>
    <bndbox>
      <xmin>86</xmin>
      <ymin>414</ymin>
      <xmax>191</xmax>
      <ymax>467</ymax>
    </bndbox>
    <confidence>0.869479</confidence>
  </object>
  <object>
    <name>Vehicle</name>
    <bndbox>
      <xmin>772</xmin>
      <ymin>557</ymin>
      <xmax>816</xmax>
      <ymax>587</ymax>
    </bndbox>
    <confidence>0.887142</confidence>
  </object>
  <object>
    <name>Vehicle</name>
    <bndbox>
      <xmin>1013</xmin>
      <ymin>545</ymin>
      <xmax>1061</xmax>
      <ymax>585</ymax>
    </bndbox>
    <confidence>0.918012</confidence>
  </object>
  <object>
    <name>Vehicle</name>
    <bndbox>
      <xmin>659</xmin>
      <ymin>533</ymin>
      <xmax>734</xmax>
      <ymax>602</ymax>
    </bndbox>
    <confidence>0.922582</confidence>
  </object>
  <object>
    <name>Vehicle</name>
    <bndbox>
      <xmin>445</xmin>
      <ymin>523</ymin>
      <xmax>550</xmax>
      <ymax>620</ymax>
    </bndbox>
    <confidence>0.943059</confidence>
  </object>
</annotation>
