<annotation>
  <folder>runs\detect\exp2</folder>
  <filename>2_20200615_112127_001350.jpg</filename>
  <source>
    <database>Unknown</database>
  </source>
  <size>
    <width>1920</width>
    <height>1080</height>
    <depth>3</depth>
  </size>
  <segmented>0</segmented>
  <object>
    <name>Pedestrian</name>
    <bndbox>
      <xmin>1748</xmin>
      <ymin>503</ymin>
      <xmax>1774</xmax>
      <ymax>603</ymax>
    </bndbox>
    <confidence>0.770058</confidence>
  </object>
  <object>
    <name>TrafficLight</name>
    <bndbox>
      <xmin>1159</xmin>
      <ymin>343</ymin>
      <xmax>1218</xmax>
      <ymax>360</ymax>
    </bndbox>
    <confidence>0.833727</confidence>
  </object>
  <object>
    <name>Vehicle</name>
    <bndbox>
      <xmin>213</xmin>
      <ymin>569</ymin>
      <xmax>263</xmax>
      <ymax>603</ymax>
    </bndbox>
    <confidence>0.846198</confidence>
  </object>
  <object>
    <name>TrafficLight</name>
    <bndbox>
      <xmin>999</xmin>
      <ymin>347</ymin>
      <xmax>1058</xmax>
      <ymax>362</ymax>
    </bndbox>
    <confidence>0.879897</confidence>
  </object>
  <object>
    <name>TrafficSign</name>
    <bndbox>
      <xmin>1090</xmin>
      <ymin>335</ymin>
      <xmax>1127</xmax>
      <ymax>372</ymax>
    </bndbox>
    <confidence>0.914121</confidence>
  </object>
</annotation>
