<annotation>
  <folder>runs\detect\exp39</folder>
  <filename>2_20200615_112127_004440.jpg</filename>
  <source>
    <database>Unknown</database>
  </source>
  <size>
    <width>1920</width>
    <height>1080</height>
    <depth>3</depth>
  </size>
  <segmented>0</segmented>
  <object>
    <name>Vehicle</name>
    <bndbox>
      <xmin>1094</xmin>
      <ymin>536</ymin>
      <xmax>1118</xmax>
      <ymax>577</ymax>
    </bndbox>
    <confidence>0.321929</confidence>
  </object>
  <object>
    <name>Vehicle</name>
    <bndbox>
      <xmin>1184</xmin>
      <ymin>480</ymin>
      <xmax>1289</xmax>
      <ymax>581</ymax>
    </bndbox>
    <confidence>0.852409</confidence>
  </object>
  <object>
    <name>Vehicle</name>
    <bndbox>
      <xmin>1107</xmin>
      <ymin>530</ymin>
      <xmax>1145</xmax>
      <ymax>588</ymax>
    </bndbox>
    <confidence>0.886048</confidence>
  </object>
  <object>
    <name>Vehicle</name>
    <bndbox>
      <xmin>1136</xmin>
      <ymin>511</ymin>
      <xmax>1215</xmax>
      <ymax>604</ymax>
    </bndbox>
    <confidence>0.88964</confidence>
  </object>
  <object>
    <name>Vehicle</name>
    <bndbox>
      <xmin>1149</xmin>
      <ymin>518</ymin>
      <xmax>1276</xmax>
      <ymax>620</ymax>
    </bndbox>
    <confidence>0.94401</confidence>
  </object>
  <object>
    <name>Vehicle</name>
    <bndbox>
      <xmin>955</xmin>
      <ymin>520</ymin>
      <xmax>1103</xmax>
      <ymax>639</ymax>
    </bndbox>
    <confidence>0.955985</confidence>
  </object>
  <object>
    <name>Vehicle</name>
    <bndbox>
      <xmin>1285</xmin>
      <ymin>471</ymin>
      <xmax>1687</xmax>
      <ymax>747</ymax>
    </bndbox>
    <confidence>0.959794</confidence>
  </object>
</annotation>
