<annotation>
  <folder>runs\detect\exp2</folder>
  <filename>2_20200615_112127_004380.jpg</filename>
  <source>
    <database>Unknown</database>
  </source>
  <size>
    <width>1920</width>
    <height>1080</height>
    <depth>3</depth>
  </size>
  <segmented>0</segmented>
  <object>
    <name>Vehicle</name>
    <bndbox>
      <xmin>1157</xmin>
      <ymin>498</ymin>
      <xmax>1268</xmax>
      <ymax>529</ymax>
    </bndbox>
    <confidence>0.32245</confidence>
  </object>
  <object>
    <name>Vehicle</name>
    <bndbox>
      <xmin>1085</xmin>
      <ymin>541</ymin>
      <xmax>1148</xmax>
      <ymax>599</ymax>
    </bndbox>
    <confidence>0.914931</confidence>
  </object>
  <object>
    <name>Vehicle</name>
    <bndbox>
      <xmin>910</xmin>
      <ymin>537</ymin>
      <xmax>1043</xmax>
      <ymax>645</ymax>
    </bndbox>
    <confidence>0.961713</confidence>
  </object>
  <object>
    <name>Vehicle</name>
    <bndbox>
      <xmin>1126</xmin>
      <ymin>522</ymin>
      <xmax>1299</xmax>
      <ymax>653</ymax>
    </bndbox>
    <confidence>0.963403</confidence>
  </object>
</annotation>
