<annotation>
  <folder>runs\detect\exp39</folder>
  <filename>2_20200615_112127_000690.jpg</filename>
  <source>
    <database>Unknown</database>
  </source>
  <size>
    <width>1920</width>
    <height>1080</height>
    <depth>3</depth>
  </size>
  <segmented>0</segmented>
  <object>
    <name>Vehicle</name>
    <bndbox>
      <xmin>1100</xmin>
      <ymin>525</ymin>
      <xmax>1125</xmax>
      <ymax>551</ymax>
    </bndbox>
    <confidence>0.634001</confidence>
  </object>
  <object>
    <name>Vehicle</name>
    <bndbox>
      <xmin>745</xmin>
      <ymin>527</ymin>
      <xmax>818</xmax>
      <ymax>585</ymax>
    </bndbox>
    <confidence>0.877597</confidence>
  </object>
  <object>
    <name>Vehicle</name>
    <bndbox>
      <xmin>874</xmin>
      <ymin>518</ymin>
      <xmax>927</xmax>
      <ymax>573</ymax>
    </bndbox>
    <confidence>0.914466</confidence>
  </object>
  <object>
    <name>Vehicle</name>
    <bndbox>
      <xmin>104</xmin>
      <ymin>548</ymin>
      <xmax>317</xmax>
      <ymax>679</ymax>
    </bndbox>
    <confidence>0.962714</confidence>
  </object>
</annotation>
