<annotation>
  <folder>runs\detect\exp2</folder>
  <filename>2_20200615_112127_004350.jpg</filename>
  <source>
    <database>Unknown</database>
  </source>
  <size>
    <width>1920</width>
    <height>1080</height>
    <depth>3</depth>
  </size>
  <segmented>0</segmented>
  <object>
    <name>Vehicle</name>
    <bndbox>
      <xmin>1117</xmin>
      <ymin>506</ymin>
      <xmax>1208</xmax>
      <ymax>536</ymax>
    </bndbox>
    <confidence>0.264026</confidence>
  </object>
  <object>
    <name>Vehicle</name>
    <bndbox>
      <xmin>1077</xmin>
      <ymin>537</ymin>
      <xmax>1118</xmax>
      <ymax>586</ymax>
    </bndbox>
    <confidence>0.848344</confidence>
  </object>
  <object>
    <name>Vehicle</name>
    <bndbox>
      <xmin>1098</xmin>
      <ymin>524</ymin>
      <xmax>1229</xmax>
      <ymax>628</ymax>
    </bndbox>
    <confidence>0.953767</confidence>
  </object>
  <object>
    <name>Vehicle</name>
    <bndbox>
      <xmin>881</xmin>
      <ymin>534</ymin>
      <xmax>1016</xmax>
      <ymax>640</ymax>
    </bndbox>
    <confidence>0.962592</confidence>
  </object>
  <object>
    <name>Vehicle</name>
    <bndbox>
      <xmin>1</xmin>
      <ymin>465</ymin>
      <xmax>351</xmax>
      <ymax>677</ymax>
    </bndbox>
    <confidence>0.963313</confidence>
  </object>
</annotation>
