<annotation>
  <folder>runs\detect\exp39</folder>
  <filename>2_20200615_112127_003240.jpg</filename>
  <source>
    <database>Unknown</database>
  </source>
  <size>
    <width>1920</width>
    <height>1080</height>
    <depth>3</depth>
  </size>
  <segmented>0</segmented>
  <object>
    <name>TrafficSign</name>
    <bndbox>
      <xmin>1425</xmin>
      <ymin>460</ymin>
      <xmax>1456</xmax>
      <ymax>492</ymax>
    </bndbox>
    <confidence>0.859683</confidence>
  </object>
  <object>
    <name>TrafficSign</name>
    <bndbox>
      <xmin>1119</xmin>
      <ymin>387</ymin>
      <xmax>1146</xmax>
      <ymax>414</ymax>
    </bndbox>
    <confidence>0.877818</confidence>
  </object>
  <object>
    <name>TrafficLight</name>
    <bndbox>
      <xmin>1258</xmin>
      <ymin>181</ymin>
      <xmax>1361</xmax>
      <ymax>211</ymax>
    </bndbox>
    <confidence>0.88397</confidence>
  </object>
  <object>
    <name>Vehicle</name>
    <bndbox>
      <xmin>691</xmin>
      <ymin>524</ymin>
      <xmax>748</xmax>
      <ymax>585</ymax>
    </bndbox>
    <confidence>0.917894</confidence>
  </object>
  <object>
    <name>Vehicle</name>
    <bndbox>
      <xmin>1067</xmin>
      <ymin>527</ymin>
      <xmax>1185</xmax>
      <ymax>619</ymax>
    </bndbox>
    <confidence>0.956244</confidence>
  </object>
</annotation>
