<annotation>
  <folder>runs\detect\exp2</folder>
  <filename>2_20200615_112127_003270.jpg</filename>
  <source>
    <database>Unknown</database>
  </source>
  <size>
    <width>1920</width>
    <height>1080</height>
    <depth>3</depth>
  </size>
  <segmented>0</segmented>
  <object>
    <name>TrafficSign</name>
    <bndbox>
      <xmin>1127</xmin>
      <ymin>414</ymin>
      <xmax>1157</xmax>
      <ymax>444</ymax>
    </bndbox>
    <confidence>0.909479</confidence>
  </object>
  <object>
    <name>TrafficSign</name>
    <bndbox>
      <xmin>1535</xmin>
      <ymin>485</ymin>
      <xmax>1574</xmax>
      <ymax>524</ymax>
    </bndbox>
    <confidence>0.914497</confidence>
  </object>
  <object>
    <name>Vehicle</name>
    <bndbox>
      <xmin>546</xmin>
      <ymin>561</ymin>
      <xmax>640</xmax>
      <ymax>648</ymax>
    </bndbox>
    <confidence>0.947706</confidence>
  </object>
  <object>
    <name>Vehicle</name>
    <bndbox>
      <xmin>1030</xmin>
      <ymin>578</ymin>
      <xmax>1126</xmax>
      <ymax>655</ymax>
    </bndbox>
    <confidence>0.950807</confidence>
  </object>
</annotation>
