<annotation>
  <folder>runs\detect\exp39</folder>
  <filename>2_20200615_112127_004050.jpg</filename>
  <source>
    <database>Unknown</database>
  </source>
  <size>
    <width>1920</width>
    <height>1080</height>
    <depth>3</depth>
  </size>
  <segmented>0</segmented>
  <object>
    <name>Vehicle</name>
    <bndbox>
      <xmin>992</xmin>
      <ymin>536</ymin>
      <xmax>1016</xmax>
      <ymax>564</ymax>
    </bndbox>
    <confidence>0.507314</confidence>
  </object>
  <object>
    <name>Vehicle</name>
    <bndbox>
      <xmin>781</xmin>
      <ymin>538</ymin>
      <xmax>813</xmax>
      <ymax>574</ymax>
    </bndbox>
    <confidence>0.673872</confidence>
  </object>
  <object>
    <name>Vehicle</name>
    <bndbox>
      <xmin>753</xmin>
      <ymin>537</ymin>
      <xmax>786</xmax>
      <ymax>577</ymax>
    </bndbox>
    <confidence>0.754337</confidence>
  </object>
  <object>
    <name>Vehicle</name>
    <bndbox>
      <xmin>1026</xmin>
      <ymin>543</ymin>
      <xmax>1082</xmax>
      <ymax>586</ymax>
    </bndbox>
    <confidence>0.91369</confidence>
  </object>
  <object>
    <name>Vehicle</name>
    <bndbox>
      <xmin>269</xmin>
      <ymin>516</ymin>
      <xmax>673</xmax>
      <ymax>779</ymax>
    </bndbox>
    <confidence>0.967694</confidence>
  </object>
</annotation>
