<annotation>
  <folder>runs\detect\exp39</folder>
  <filename>2_20200615_112127_004200.jpg</filename>
  <source>
    <database>Unknown</database>
  </source>
  <size>
    <width>1920</width>
    <height>1080</height>
    <depth>3</depth>
  </size>
  <segmented>0</segmented>
  <object>
    <name>Vehicle</name>
    <bndbox>
      <xmin>1892</xmin>
      <ymin>505</ymin>
      <xmax>1920</xmax>
      <ymax>574</ymax>
    </bndbox>
    <confidence>0.46963</confidence>
  </object>
  <object>
    <name>Vehicle</name>
    <bndbox>
      <xmin>1691</xmin>
      <ymin>522</ymin>
      <xmax>1816</xmax>
      <ymax>573</ymax>
    </bndbox>
    <confidence>0.676925</confidence>
  </object>
  <object>
    <name>Vehicle</name>
    <bndbox>
      <xmin>1013</xmin>
      <ymin>531</ymin>
      <xmax>1040</xmax>
      <ymax>570</ymax>
    </bndbox>
    <confidence>0.736342</confidence>
  </object>
  <object>
    <name>TrafficSign</name>
    <bndbox>
      <xmin>1013</xmin>
      <ymin>402</ymin>
      <xmax>1102</xmax>
      <ymax>436</ymax>
    </bndbox>
    <confidence>0.814933</confidence>
  </object>
  <object>
    <name>Vehicle</name>
    <bndbox>
      <xmin>1623</xmin>
      <ymin>515</ymin>
      <xmax>1706</xmax>
      <ymax>575</ymax>
    </bndbox>
    <confidence>0.815688</confidence>
  </object>
  <object>
    <name>Vehicle</name>
    <bndbox>
      <xmin>619</xmin>
      <ymin>526</ymin>
      <xmax>686</xmax>
      <ymax>591</ymax>
    </bndbox>
    <confidence>0.824537</confidence>
  </object>
  <object>
    <name>Vehicle</name>
    <bndbox>
      <xmin>527</xmin>
      <ymin>522</ymin>
      <xmax>634</xmax>
      <ymax>599</ymax>
    </bndbox>
    <confidence>0.922417</confidence>
  </object>
  <object>
    <name>Vehicle</name>
    <bndbox>
      <xmin>956</xmin>
      <ymin>540</ymin>
      <xmax>1028</xmax>
      <ymax>599</ymax>
    </bndbox>
    <confidence>0.927831</confidence>
  </object>
  <object>
    <name>Vehicle</name>
    <bndbox>
      <xmin>634</xmin>
      <ymin>533</ymin>
      <xmax>814</xmax>
      <ymax>666</ymax>
    </bndbox>
    <confidence>0.963086</confidence>
  </object>
</annotation>
