<annotation>
  <folder>runs\detect\exp39</folder>
  <filename>2_20200615_112127_004020.jpg</filename>
  <source>
    <database>Unknown</database>
  </source>
  <size>
    <width>1920</width>
    <height>1080</height>
    <depth>3</depth>
  </size>
  <segmented>0</segmented>
  <object>
    <name>Vehicle</name>
    <bndbox>
      <xmin>1002</xmin>
      <ymin>528</ymin>
      <xmax>1027</xmax>
      <ymax>556</ymax>
    </bndbox>
    <confidence>0.316464</confidence>
  </object>
  <object>
    <name>Vehicle</name>
    <bndbox>
      <xmin>788</xmin>
      <ymin>528</ymin>
      <xmax>833</xmax>
      <ymax>565</ymax>
    </bndbox>
    <confidence>0.682773</confidence>
  </object>
  <object>
    <name>Vehicle</name>
    <bndbox>
      <xmin>1038</xmin>
      <ymin>535</ymin>
      <xmax>1091</xmax>
      <ymax>577</ymax>
    </bndbox>
    <confidence>0.89736</confidence>
  </object>
  <object>
    <name>Vehicle</name>
    <bndbox>
      <xmin>89</xmin>
      <ymin>491</ymin>
      <xmax>613</xmax>
      <ymax>823</ymax>
    </bndbox>
    <confidence>0.965657</confidence>
  </object>
</annotation>
