<annotation>
  <folder>runs\detect\exp2</folder>
  <filename>2_20200615_112127_004650.jpg</filename>
  <source>
    <database>Unknown</database>
  </source>
  <size>
    <width>1920</width>
    <height>1080</height>
    <depth>3</depth>
  </size>
  <segmented>0</segmented>
  <object>
    <name>TrafficLight</name>
    <bndbox>
      <xmin>1136</xmin>
      <ymin>416</ymin>
      <xmax>1169</xmax>
      <ymax>428</ymax>
    </bndbox>
    <confidence>0.254989</confidence>
  </object>
  <object>
    <name>Vehicle</name>
    <bndbox>
      <xmin>610</xmin>
      <ymin>472</ymin>
      <xmax>780</xmax>
      <ymax>566</ymax>
    </bndbox>
    <confidence>0.841534</confidence>
  </object>
  <object>
    <name>TrafficLight</name>
    <bndbox>
      <xmin>1503</xmin>
      <ymin>219</ymin>
      <xmax>1597</xmax>
      <ymax>246</ymax>
    </bndbox>
    <confidence>0.874705</confidence>
  </object>
  <object>
    <name>TrafficLight</name>
    <bndbox>
      <xmin>1240</xmin>
      <ymin>221</ymin>
      <xmax>1338</xmax>
      <ymax>248</ymax>
    </bndbox>
    <confidence>0.892937</confidence>
  </object>
  <object>
    <name>TrafficSign</name>
    <bndbox>
      <xmin>1340</xmin>
      <ymin>186</ymin>
      <xmax>1399</xmax>
      <ymax>247</ymax>
    </bndbox>
    <confidence>0.92095</confidence>
  </object>
  <object>
    <name>Vehicle</name>
    <bndbox>
      <xmin>263</xmin>
      <ymin>499</ymin>
      <xmax>439</xmax>
      <ymax>567</ymax>
    </bndbox>
    <confidence>0.943276</confidence>
  </object>
  <object>
    <name>Vehicle</name>
    <bndbox>
      <xmin>1517</xmin>
      <ymin>271</ymin>
      <xmax>1921</xmax>
      <ymax>627</ymax>
    </bndbox>
    <confidence>0.947563</confidence>
  </object>
  <object>
    <name>Vehicle</name>
    <bndbox>
      <xmin>1529</xmin>
      <ymin>412</ymin>
      <xmax>1921</xmax>
      <ymax>987</ymax>
    </bndbox>
    <confidence>0.96321</confidence>
  </object>
  <object>
    <name>Vehicle</name>
    <bndbox>
      <xmin>1216</xmin>
      <ymin>524</ymin>
      <xmax>1447</xmax>
      <ymax>676</ymax>
    </bndbox>
    <confidence>0.966352</confidence>
  </object>
  <object>
    <name>Vehicle</name>
    <bndbox>
      <xmin>635</xmin>
      <ymin>501</ymin>
      <xmax>1118</xmax>
      <ymax>782</ymax>
    </bndbox>
    <confidence>0.973566</confidence>
  </object>
</annotation>
