<annotation>
  <folder>runs\detect\exp39</folder>
  <filename>2_20200615_112419_000570.jpg</filename>
  <source>
    <database>Unknown</database>
  </source>
  <size>
    <width>1920</width>
    <height>1080</height>
    <depth>3</depth>
  </size>
  <segmented>0</segmented>
  <object>
    <name>Pedestrian</name>
    <bndbox>
      <xmin>1242</xmin>
      <ymin>529</ymin>
      <xmax>1257</xmax>
      <ymax>567</ymax>
    </bndbox>
    <confidence>0.259087</confidence>
  </object>
  <object>
    <name>Vehicle</name>
    <bndbox>
      <xmin>762</xmin>
      <ymin>537</ymin>
      <xmax>792</xmax>
      <ymax>563</ymax>
    </bndbox>
    <confidence>0.389542</confidence>
  </object>
  <object>
    <name>Vehicle</name>
    <bndbox>
      <xmin>723</xmin>
      <ymin>544</ymin>
      <xmax>757</xmax>
      <ymax>570</ymax>
    </bndbox>
    <confidence>0.713407</confidence>
  </object>
  <object>
    <name>Vehicle</name>
    <bndbox>
      <xmin>689</xmin>
      <ymin>546</ymin>
      <xmax>726</xmax>
      <ymax>574</ymax>
    </bndbox>
    <confidence>0.852405</confidence>
  </object>
  <object>
    <name>Vehicle</name>
    <bndbox>
      <xmin>934</xmin>
      <ymin>530</ymin>
      <xmax>1054</xmax>
      <ymax>624</ymax>
    </bndbox>
    <confidence>0.949276</confidence>
  </object>
</annotation>
