<annotation>
  <folder>runs\detect\exp2</folder>
  <filename>2_20200615_112419_000180.jpg</filename>
  <source>
    <database>Unknown</database>
  </source>
  <size>
    <width>1920</width>
    <height>1080</height>
    <depth>3</depth>
  </size>
  <segmented>0</segmented>
  <object>
    <name>Vehicle</name>
    <bndbox>
      <xmin>810</xmin>
      <ymin>554</ymin>
      <xmax>837</xmax>
      <ymax>581</ymax>
    </bndbox>
    <confidence>0.574532</confidence>
  </object>
  <object>
    <name>Vehicle</name>
    <bndbox>
      <xmin>1045</xmin>
      <ymin>462</ymin>
      <xmax>1106</xmax>
      <ymax>603</ymax>
    </bndbox>
    <confidence>0.655711</confidence>
  </object>
  <object>
    <name>Vehicle</name>
    <bndbox>
      <xmin>754</xmin>
      <ymin>561</ymin>
      <xmax>787</xmax>
      <ymax>588</ymax>
    </bndbox>
    <confidence>0.80171</confidence>
  </object>
  <object>
    <name>Vehicle</name>
    <bndbox>
      <xmin>558</xmin>
      <ymin>564</ymin>
      <xmax>627</xmax>
      <ymax>610</ymax>
    </bndbox>
    <confidence>0.925762</confidence>
  </object>
  <object>
    <name>Vehicle</name>
    <bndbox>
      <xmin>603</xmin>
      <ymin>518</ymin>
      <xmax>701</xmax>
      <ymax>602</ymax>
    </bndbox>
    <confidence>0.931568</confidence>
  </object>
  <object>
    <name>Vehicle</name>
    <bndbox>
      <xmin>469</xmin>
      <ymin>555</ymin>
      <xmax>560</xmax>
      <ymax>619</ymax>
    </bndbox>
    <confidence>0.949561</confidence>
  </object>
  <object>
    <name>Vehicle</name>
    <bndbox>
      <xmin>353</xmin>
      <ymin>566</ymin>
      <xmax>476</xmax>
      <ymax>634</ymax>
    </bndbox>
    <confidence>0.957375</confidence>
  </object>
  <object>
    <name>Vehicle</name>
    <bndbox>
      <xmin>917</xmin>
      <ymin>548</ymin>
      <xmax>1040</xmax>
      <ymax>650</ymax>
    </bndbox>
    <confidence>0.958125</confidence>
  </object>
  <object>
    <name>Vehicle</name>
    <bndbox>
      <xmin>211</xmin>
      <ymin>567</ymin>
      <xmax>352</xmax>
      <ymax>652</ymax>
    </bndbox>
    <confidence>0.960413</confidence>
  </object>
  <object>
    <name>Vehicle</name>
    <bndbox>
      <xmin>1</xmin>
      <ymin>570</ymin>
      <xmax>195</xmax>
      <ymax>678</ymax>
    </bndbox>
    <confidence>0.961992</confidence>
  </object>
  <object>
    <name>Vehicle</name>
    <bndbox>
      <xmin>1081</xmin>
      <ymin>460</ymin>
      <xmax>1268</xmax>
      <ymax>628</ymax>
    </bndbox>
    <confidence>0.962721</confidence>
  </object>
</annotation>
