<annotation>
  <folder>runs\detect\exp39</folder>
  <filename>2_20200615_112419_000480.jpg</filename>
  <source>
    <database>Unknown</database>
  </source>
  <size>
    <width>1920</width>
    <height>1080</height>
    <depth>3</depth>
  </size>
  <segmented>0</segmented>
  <object>
    <name>Vehicle</name>
    <bndbox>
      <xmin>613</xmin>
      <ymin>541</ymin>
      <xmax>692</xmax>
      <ymax>606</ymax>
    </bndbox>
    <confidence>0.933922</confidence>
  </object>
  <object>
    <name>Vehicle</name>
    <bndbox>
      <xmin>902</xmin>
      <ymin>543</ymin>
      <xmax>995</xmax>
      <ymax>620</ymax>
    </bndbox>
    <confidence>0.941533</confidence>
  </object>
</annotation>
