<annotation>
  <folder>runs\detect\exp39</folder>
  <filename>2_20200615_112419_000270.jpg</filename>
  <source>
    <database>Unknown</database>
  </source>
  <size>
    <width>1920</width>
    <height>1080</height>
    <depth>3</depth>
  </size>
  <segmented>0</segmented>
  <object>
    <name>Vehicle</name>
    <bndbox>
      <xmin>918</xmin>
      <ymin>548</ymin>
      <xmax>951</xmax>
      <ymax>573</ymax>
    </bndbox>
    <confidence>0.679239</confidence>
  </object>
  <object>
    <name>Vehicle</name>
    <bndbox>
      <xmin>765</xmin>
      <ymin>550</ymin>
      <xmax>794</xmax>
      <ymax>586</ymax>
    </bndbox>
    <confidence>0.781969</confidence>
  </object>
  <object>
    <name>Vehicle</name>
    <bndbox>
      <xmin>845</xmin>
      <ymin>539</ymin>
      <xmax>892</xmax>
      <ymax>581</ymax>
    </bndbox>
    <confidence>0.909492</confidence>
  </object>
  <object>
    <name>Vehicle</name>
    <bndbox>
      <xmin>712</xmin>
      <ymin>550</ymin>
      <xmax>775</xmax>
      <ymax>597</ymax>
    </bndbox>
    <confidence>0.922889</confidence>
  </object>
  <object>
    <name>Vehicle</name>
    <bndbox>
      <xmin>1496</xmin>
      <ymin>143</ymin>
      <xmax>1920</xmax>
      <ymax>797</ymax>
    </bndbox>
    <confidence>0.93064</confidence>
  </object>
  <object>
    <name>Vehicle</name>
    <bndbox>
      <xmin>1030</xmin>
      <ymin>536</ymin>
      <xmax>1129</xmax>
      <ymax>611</ymax>
    </bndbox>
    <confidence>0.938901</confidence>
  </object>
  <object>
    <name>Vehicle</name>
    <bndbox>
      <xmin>521</xmin>
      <ymin>476</ymin>
      <xmax>697</xmax>
      <ymax>616</ymax>
    </bndbox>
    <confidence>0.950329</confidence>
  </object>
  <object>
    <name>Vehicle</name>
    <bndbox>
      <xmin>1288</xmin>
      <ymin>440</ymin>
      <xmax>1522</xmax>
      <ymax>635</ymax>
    </bndbox>
    <confidence>0.958614</confidence>
  </object>
  <object>
    <name>Vehicle</name>
    <bndbox>
      <xmin>388</xmin>
      <ymin>548</ymin>
      <xmax>542</xmax>
      <ymax>633</ymax>
    </bndbox>
    <confidence>0.959475</confidence>
  </object>
  <object>
    <name>Vehicle</name>
    <bndbox>
      <xmin>119</xmin>
      <ymin>530</ymin>
      <xmax>358</xmax>
      <ymax>660</ymax>
    </bndbox>
    <confidence>0.963927</confidence>
  </object>
</annotation>
