<annotation>
  <folder>runs\detect\exp39</folder>
  <filename>2_20200615_112419_000030.jpg</filename>
  <source>
    <database>Unknown</database>
  </source>
  <size>
    <width>1920</width>
    <height>1080</height>
    <depth>3</depth>
  </size>
  <segmented>0</segmented>
  <object>
    <name>TrafficSign</name>
    <bndbox>
      <xmin>50</xmin>
      <ymin>218</ymin>
      <xmax>119</xmax>
      <ymax>315</ymax>
    </bndbox>
    <confidence>0.918307</confidence>
  </object>
</annotation>
