<annotation>
  <folder>runs\detect\exp2</folder>
  <filename>2_20200615_112419_000630.jpg</filename>
  <source>
    <database>Unknown</database>
  </source>
  <size>
    <width>1920</width>
    <height>1080</height>
    <depth>3</depth>
  </size>
  <segmented>0</segmented>
  <object>
    <name>Vehicle</name>
    <bndbox>
      <xmin>622</xmin>
      <ymin>526</ymin>
      <xmax>654</xmax>
      <ymax>556</ymax>
    </bndbox>
    <confidence>0.378131</confidence>
  </object>
  <object>
    <name>Vehicle</name>
    <bndbox>
      <xmin>713</xmin>
      <ymin>530</ymin>
      <xmax>745</xmax>
      <ymax>559</ymax>
    </bndbox>
    <confidence>0.519193</confidence>
  </object>
  <object>
    <name>TrafficSign</name>
    <bndbox>
      <xmin>1230</xmin>
      <ymin>428</ymin>
      <xmax>1255</xmax>
      <ymax>454</ymax>
    </bndbox>
    <confidence>0.695302</confidence>
  </object>
  <object>
    <name>Vehicle</name>
    <bndbox>
      <xmin>695</xmin>
      <ymin>532</ymin>
      <xmax>724</xmax>
      <ymax>560</ymax>
    </bndbox>
    <confidence>0.708637</confidence>
  </object>
  <object>
    <name>Vehicle</name>
    <bndbox>
      <xmin>678</xmin>
      <ymin>536</ymin>
      <xmax>706</xmax>
      <ymax>564</ymax>
    </bndbox>
    <confidence>0.739385</confidence>
  </object>
  <object>
    <name>Vehicle</name>
    <bndbox>
      <xmin>643</xmin>
      <ymin>538</ymin>
      <xmax>688</xmax>
      <ymax>570</ymax>
    </bndbox>
    <confidence>0.890673</confidence>
  </object>
  <object>
    <name>Vehicle</name>
    <bndbox>
      <xmin>586</xmin>
      <ymin>542</ymin>
      <xmax>639</xmax>
      <ymax>577</ymax>
    </bndbox>
    <confidence>0.908545</confidence>
  </object>
  <object>
    <name>Vehicle</name>
    <bndbox>
      <xmin>945</xmin>
      <ymin>523</ymin>
      <xmax>1063</xmax>
      <ymax>617</ymax>
    </bndbox>
    <confidence>0.956249</confidence>
  </object>
</annotation>
