<annotation>
  <folder>runs\detect\exp39</folder>
  <filename>2_20200615_112419_000420.jpg</filename>
  <source>
    <database>Unknown</database>
  </source>
  <size>
    <width>1920</width>
    <height>1080</height>
    <depth>3</depth>
  </size>
  <segmented>0</segmented>
  <object>
    <name>Vehicle</name>
    <bndbox>
      <xmin>806</xmin>
      <ymin>535</ymin>
      <xmax>839</xmax>
      <ymax>566</ymax>
    </bndbox>
    <confidence>0.86868</confidence>
  </object>
  <object>
    <name>Vehicle</name>
    <bndbox>
      <xmin>925</xmin>
      <ymin>530</ymin>
      <xmax>1013</xmax>
      <ymax>600</ymax>
    </bndbox>
    <confidence>0.937601</confidence>
  </object>
  <object>
    <name>Vehicle</name>
    <bndbox>
      <xmin>162</xmin>
      <ymin>541</ymin>
      <xmax>379</xmax>
      <ymax>657</ymax>
    </bndbox>
    <confidence>0.963196</confidence>
  </object>
</annotation>
