<annotation>
  <folder>runs\detect\exp2</folder>
  <filename>2_20200615_112419_000360.jpg</filename>
  <source>
    <database>Unknown</database>
  </source>
  <size>
    <width>1920</width>
    <height>1080</height>
    <depth>3</depth>
  </size>
  <segmented>0</segmented>
  <object>
    <name>Vehicle</name>
    <bndbox>
      <xmin>700</xmin>
      <ymin>560</ymin>
      <xmax>768</xmax>
      <ymax>606</ymax>
    </bndbox>
    <confidence>0.939632</confidence>
  </object>
  <object>
    <name>Vehicle</name>
    <bndbox>
      <xmin>975</xmin>
      <ymin>549</ymin>
      <xmax>1061</xmax>
      <ymax>618</ymax>
    </bndbox>
    <confidence>0.944093</confidence>
  </object>
  <object>
    <name>Vehicle</name>
    <bndbox>
      <xmin>482</xmin>
      <ymin>532</ymin>
      <xmax>623</xmax>
      <ymax>635</ymax>
    </bndbox>
    <confidence>0.944559</confidence>
  </object>
  <object>
    <name>Vehicle</name>
    <bndbox>
      <xmin>85</xmin>
      <ymin>562</ymin>
      <xmax>295</xmax>
      <ymax>696</ymax>
    </bndbox>
    <confidence>0.964782</confidence>
  </object>
</annotation>
