<annotation>
  <folder>runs\detect\exp2</folder>
  <filename>2_20200615_112419_000570.jpg</filename>
  <source>
    <database>Unknown</database>
  </source>
  <size>
    <width>1920</width>
    <height>1080</height>
    <depth>3</depth>
  </size>
  <segmented>0</segmented>
  <object>
    <name>Pedestrian</name>
    <bndbox>
      <xmin>1242</xmin>
      <ymin>529</ymin>
      <xmax>1257</xmax>
      <ymax>567</ymax>
    </bndbox>
    <confidence>0.273441</confidence>
  </object>
  <object>
    <name>Vehicle</name>
    <bndbox>
      <xmin>762</xmin>
      <ymin>537</ymin>
      <xmax>792</xmax>
      <ymax>562</ymax>
    </bndbox>
    <confidence>0.382604</confidence>
  </object>
  <object>
    <name>Vehicle</name>
    <bndbox>
      <xmin>723</xmin>
      <ymin>544</ymin>
      <xmax>757</xmax>
      <ymax>570</ymax>
    </bndbox>
    <confidence>0.711029</confidence>
  </object>
  <object>
    <name>Vehicle</name>
    <bndbox>
      <xmin>688</xmin>
      <ymin>546</ymin>
      <xmax>725</xmax>
      <ymax>574</ymax>
    </bndbox>
    <confidence>0.862639</confidence>
  </object>
  <object>
    <name>Vehicle</name>
    <bndbox>
      <xmin>934</xmin>
      <ymin>530</ymin>
      <xmax>1054</xmax>
      <ymax>624</ymax>
    </bndbox>
    <confidence>0.95321</confidence>
  </object>
</annotation>
