<annotation>
  <folder>runs\detect\exp39</folder>
  <filename>2_20200615_112419_000630.jpg</filename>
  <source>
    <database>Unknown</database>
  </source>
  <size>
    <width>1920</width>
    <height>1080</height>
    <depth>3</depth>
  </size>
  <segmented>0</segmented>
  <object>
    <name>Vehicle</name>
    <bndbox>
      <xmin>622</xmin>
      <ymin>526</ymin>
      <xmax>654</xmax>
      <ymax>557</ymax>
    </bndbox>
    <confidence>0.354062</confidence>
  </object>
  <object>
    <name>Vehicle</name>
    <bndbox>
      <xmin>713</xmin>
      <ymin>530</ymin>
      <xmax>745</xmax>
      <ymax>559</ymax>
    </bndbox>
    <confidence>0.48923</confidence>
  </object>
  <object>
    <name>TrafficSign</name>
    <bndbox>
      <xmin>1230</xmin>
      <ymin>428</ymin>
      <xmax>1255</xmax>
      <ymax>454</ymax>
    </bndbox>
    <confidence>0.67203</confidence>
  </object>
  <object>
    <name>Vehicle</name>
    <bndbox>
      <xmin>697</xmin>
      <ymin>532</ymin>
      <xmax>725</xmax>
      <ymax>560</ymax>
    </bndbox>
    <confidence>0.696268</confidence>
  </object>
  <object>
    <name>Vehicle</name>
    <bndbox>
      <xmin>678</xmin>
      <ymin>536</ymin>
      <xmax>706</xmax>
      <ymax>564</ymax>
    </bndbox>
    <confidence>0.725663</confidence>
  </object>
  <object>
    <name>Vehicle</name>
    <bndbox>
      <xmin>643</xmin>
      <ymin>538</ymin>
      <xmax>688</xmax>
      <ymax>570</ymax>
    </bndbox>
    <confidence>0.884842</confidence>
  </object>
  <object>
    <name>Vehicle</name>
    <bndbox>
      <xmin>586</xmin>
      <ymin>542</ymin>
      <xmax>639</xmax>
      <ymax>577</ymax>
    </bndbox>
    <confidence>0.90466</confidence>
  </object>
  <object>
    <name>Vehicle</name>
    <bndbox>
      <xmin>945</xmin>
      <ymin>523</ymin>
      <xmax>1063</xmax>
      <ymax>617</ymax>
    </bndbox>
    <confidence>0.951335</confidence>
  </object>
</annotation>
