<annotation>
  <folder>runs\detect\exp39</folder>
  <filename>2_20200615_112419_000690.jpg</filename>
  <source>
    <database>Unknown</database>
  </source>
  <size>
    <width>1920</width>
    <height>1080</height>
    <depth>3</depth>
  </size>
  <segmented>0</segmented>
  <object>
    <name>Vehicle</name>
    <bndbox>
      <xmin>1424</xmin>
      <ymin>522</ymin>
      <xmax>1486</xmax>
      <ymax>557</ymax>
    </bndbox>
    <confidence>0.284058</confidence>
  </object>
  <object>
    <name>Vehicle</name>
    <bndbox>
      <xmin>1514</xmin>
      <ymin>444</ymin>
      <xmax>1651</xmax>
      <ymax>549</ymax>
    </bndbox>
    <confidence>0.654686</confidence>
  </object>
  <object>
    <name>Vehicle</name>
    <bndbox>
      <xmin>683</xmin>
      <ymin>544</ymin>
      <xmax>715</xmax>
      <ymax>571</ymax>
    </bndbox>
    <confidence>0.657176</confidence>
  </object>
  <object>
    <name>Vehicle</name>
    <bndbox>
      <xmin>665</xmin>
      <ymin>545</ymin>
      <xmax>692</xmax>
      <ymax>574</ymax>
    </bndbox>
    <confidence>0.703571</confidence>
  </object>
  <object>
    <name>Vehicle</name>
    <bndbox>
      <xmin>624</xmin>
      <ymin>541</ymin>
      <xmax>671</xmax>
      <ymax>577</ymax>
    </bndbox>
    <confidence>0.839846</confidence>
  </object>
  <object>
    <name>Vehicle</name>
    <bndbox>
      <xmin>1123</xmin>
      <ymin>533</ymin>
      <xmax>1163</xmax>
      <ymax>561</ymax>
    </bndbox>
    <confidence>0.845953</confidence>
  </object>
  <object>
    <name>Vehicle</name>
    <bndbox>
      <xmin>608</xmin>
      <ymin>547</ymin>
      <xmax>649</xmax>
      <ymax>580</ymax>
    </bndbox>
    <confidence>0.857304</confidence>
  </object>
  <object>
    <name>Vehicle</name>
    <bndbox>
      <xmin>576</xmin>
      <ymin>550</ymin>
      <xmax>618</xmax>
      <ymax>585</ymax>
    </bndbox>
    <confidence>0.866048</confidence>
  </object>
  <object>
    <name>Vehicle</name>
    <bndbox>
      <xmin>731</xmin>
      <ymin>543</ymin>
      <xmax>770</xmax>
      <ymax>572</ymax>
    </bndbox>
    <confidence>0.880694</confidence>
  </object>
  <object>
    <name>TrafficSign</name>
    <bndbox>
      <xmin>1525</xmin>
      <ymin>332</ymin>
      <xmax>1576</xmax>
      <ymax>384</ymax>
    </bndbox>
    <confidence>0.904937</confidence>
  </object>
  <object>
    <name>Vehicle</name>
    <bndbox>
      <xmin>521</xmin>
      <ymin>552</ymin>
      <xmax>584</xmax>
      <ymax>592</ymax>
    </bndbox>
    <confidence>0.920582</confidence>
  </object>
  <object>
    <name>Vehicle</name>
    <bndbox>
      <xmin>414</xmin>
      <ymin>555</ymin>
      <xmax>495</xmax>
      <ymax>605</ymax>
    </bndbox>
    <confidence>0.936048</confidence>
  </object>
  <object>
    <name>Vehicle</name>
    <bndbox>
      <xmin>949</xmin>
      <ymin>539</ymin>
      <xmax>1049</xmax>
      <ymax>619</ymax>
    </bndbox>
    <confidence>0.943924</confidence>
  </object>
</annotation>
