<annotation>
  <folder>runs\detect\exp39</folder>
  <filename>2_20200615_112419_000540.jpg</filename>
  <source>
    <database>Unknown</database>
  </source>
  <size>
    <width>1920</width>
    <height>1080</height>
    <depth>3</depth>
  </size>
  <segmented>0</segmented>
  <object>
    <name>Vehicle</name>
    <bndbox>
      <xmin>720</xmin>
      <ymin>550</ymin>
      <xmax>754</xmax>
      <ymax>576</ymax>
    </bndbox>
    <confidence>0.778532</confidence>
  </object>
  <object>
    <name>Vehicle</name>
    <bndbox>
      <xmin>931</xmin>
      <ymin>538</ymin>
      <xmax>1041</xmax>
      <ymax>626</ymax>
    </bndbox>
    <confidence>0.948264</confidence>
  </object>
</annotation>
