<annotation>
  <folder>runs\detect\exp2</folder>
  <filename>2_20200615_112419_000480.jpg</filename>
  <source>
    <database>Unknown</database>
  </source>
  <size>
    <width>1920</width>
    <height>1080</height>
    <depth>3</depth>
  </size>
  <segmented>0</segmented>
  <object>
    <name>Vehicle</name>
    <bndbox>
      <xmin>613</xmin>
      <ymin>541</ymin>
      <xmax>692</xmax>
      <ymax>606</ymax>
    </bndbox>
    <confidence>0.937528</confidence>
  </object>
  <object>
    <name>Vehicle</name>
    <bndbox>
      <xmin>901</xmin>
      <ymin>544</ymin>
      <xmax>997</xmax>
      <ymax>620</ymax>
    </bndbox>
    <confidence>0.945392</confidence>
  </object>
</annotation>
