<annotation>
  <folder>runs\detect\exp2</folder>
  <filename>2_20200615_112419_000690.jpg</filename>
  <source>
    <database>Unknown</database>
  </source>
  <size>
    <width>1920</width>
    <height>1080</height>
    <depth>3</depth>
  </size>
  <segmented>0</segmented>
  <object>
    <name>Vehicle</name>
    <bndbox>
      <xmin>1425</xmin>
      <ymin>522</ymin>
      <xmax>1487</xmax>
      <ymax>557</ymax>
    </bndbox>
    <confidence>0.268231</confidence>
  </object>
  <object>
    <name>Vehicle</name>
    <bndbox>
      <xmin>683</xmin>
      <ymin>544</ymin>
      <xmax>715</xmax>
      <ymax>571</ymax>
    </bndbox>
    <confidence>0.670084</confidence>
  </object>
  <object>
    <name>Vehicle</name>
    <bndbox>
      <xmin>1514</xmin>
      <ymin>444</ymin>
      <xmax>1651</xmax>
      <ymax>548</ymax>
    </bndbox>
    <confidence>0.710826</confidence>
  </object>
  <object>
    <name>Vehicle</name>
    <bndbox>
      <xmin>665</xmin>
      <ymin>545</ymin>
      <xmax>692</xmax>
      <ymax>574</ymax>
    </bndbox>
    <confidence>0.729312</confidence>
  </object>
  <object>
    <name>Vehicle</name>
    <bndbox>
      <xmin>624</xmin>
      <ymin>541</ymin>
      <xmax>671</xmax>
      <ymax>577</ymax>
    </bndbox>
    <confidence>0.847489</confidence>
  </object>
  <object>
    <name>Vehicle</name>
    <bndbox>
      <xmin>1123</xmin>
      <ymin>533</ymin>
      <xmax>1163</xmax>
      <ymax>561</ymax>
    </bndbox>
    <confidence>0.853347</confidence>
  </object>
  <object>
    <name>Vehicle</name>
    <bndbox>
      <xmin>608</xmin>
      <ymin>547</ymin>
      <xmax>649</xmax>
      <ymax>580</ymax>
    </bndbox>
    <confidence>0.869658</confidence>
  </object>
  <object>
    <name>Vehicle</name>
    <bndbox>
      <xmin>575</xmin>
      <ymin>550</ymin>
      <xmax>618</xmax>
      <ymax>586</ymax>
    </bndbox>
    <confidence>0.874779</confidence>
  </object>
  <object>
    <name>Vehicle</name>
    <bndbox>
      <xmin>731</xmin>
      <ymin>543</ymin>
      <xmax>770</xmax>
      <ymax>572</ymax>
    </bndbox>
    <confidence>0.887496</confidence>
  </object>
  <object>
    <name>TrafficSign</name>
    <bndbox>
      <xmin>1525</xmin>
      <ymin>332</ymin>
      <xmax>1576</xmax>
      <ymax>384</ymax>
    </bndbox>
    <confidence>0.909897</confidence>
  </object>
  <object>
    <name>Vehicle</name>
    <bndbox>
      <xmin>521</xmin>
      <ymin>552</ymin>
      <xmax>584</xmax>
      <ymax>592</ymax>
    </bndbox>
    <confidence>0.926079</confidence>
  </object>
  <object>
    <name>Vehicle</name>
    <bndbox>
      <xmin>414</xmin>
      <ymin>555</ymin>
      <xmax>495</xmax>
      <ymax>605</ymax>
    </bndbox>
    <confidence>0.938309</confidence>
  </object>
  <object>
    <name>Vehicle</name>
    <bndbox>
      <xmin>949</xmin>
      <ymin>541</ymin>
      <xmax>1049</xmax>
      <ymax>621</ymax>
    </bndbox>
    <confidence>0.948976</confidence>
  </object>
</annotation>
