<annotation>
  <folder>runs\detect\exp39</folder>
  <filename>2_20200615_112419_000660.jpg</filename>
  <source>
    <database>Unknown</database>
  </source>
  <size>
    <width>1920</width>
    <height>1080</height>
    <depth>3</depth>
  </size>
  <segmented>0</segmented>
  <object>
    <name>Vehicle</name>
    <bndbox>
      <xmin>728</xmin>
      <ymin>537</ymin>
      <xmax>757</xmax>
      <ymax>563</ymax>
    </bndbox>
    <confidence>0.285323</confidence>
  </object>
  <object>
    <name>Vehicle</name>
    <bndbox>
      <xmin>1796</xmin>
      <ymin>517</ymin>
      <xmax>1862</xmax>
      <ymax>547</ymax>
    </bndbox>
    <confidence>0.520457</confidence>
  </object>
  <object>
    <name>Vehicle</name>
    <bndbox>
      <xmin>1783</xmin>
      <ymin>534</ymin>
      <xmax>1921</xmax>
      <ymax>599</ymax>
    </bndbox>
    <confidence>0.53677</confidence>
  </object>
  <object>
    <name>Vehicle</name>
    <bndbox>
      <xmin>1393</xmin>
      <ymin>453</ymin>
      <xmax>1524</xmax>
      <ymax>568</ymax>
    </bndbox>
    <confidence>0.578997</confidence>
  </object>
  <object>
    <name>Vehicle</name>
    <bndbox>
      <xmin>1127</xmin>
      <ymin>528</ymin>
      <xmax>1159</xmax>
      <ymax>553</ymax>
    </bndbox>
    <confidence>0.626266</confidence>
  </object>
  <object>
    <name>Vehicle</name>
    <bndbox>
      <xmin>686</xmin>
      <ymin>538</ymin>
      <xmax>724</xmax>
      <ymax>570</ymax>
    </bndbox>
    <confidence>0.822963</confidence>
  </object>
  <object>
    <name>Vehicle</name>
    <bndbox>
      <xmin>666</xmin>
      <ymin>543</ymin>
      <xmax>700</xmax>
      <ymax>572</ymax>
    </bndbox>
    <confidence>0.833801</confidence>
  </object>
  <object>
    <name>TrafficSign</name>
    <bndbox>
      <xmin>1344</xmin>
      <ymin>401</ymin>
      <xmax>1378</xmax>
      <ymax>435</ymax>
    </bndbox>
    <confidence>0.86392</confidence>
  </object>
  <object>
    <name>Vehicle</name>
    <bndbox>
      <xmin>643</xmin>
      <ymin>544</ymin>
      <xmax>679</xmax>
      <ymax>575</ymax>
    </bndbox>
    <confidence>0.865106</confidence>
  </object>
  <object>
    <name>Vehicle</name>
    <bndbox>
      <xmin>600</xmin>
      <ymin>545</ymin>
      <xmax>654</xmax>
      <ymax>580</ymax>
    </bndbox>
    <confidence>0.887172</confidence>
  </object>
  <object>
    <name>Vehicle</name>
    <bndbox>
      <xmin>525</xmin>
      <ymin>550</ymin>
      <xmax>590</xmax>
      <ymax>592</ymax>
    </bndbox>
    <confidence>0.932456</confidence>
  </object>
  <object>
    <name>Vehicle</name>
    <bndbox>
      <xmin>964</xmin>
      <ymin>533</ymin>
      <xmax>1073</xmax>
      <ymax>620</ymax>
    </bndbox>
    <confidence>0.94877</confidence>
  </object>
</annotation>
