<annotation>
  <folder>runs\detect\exp39</folder>
  <filename>2_20200615_112419_000330.jpg</filename>
  <source>
    <database>Unknown</database>
  </source>
  <size>
    <width>1920</width>
    <height>1080</height>
    <depth>3</depth>
  </size>
  <segmented>0</segmented>
  <object>
    <name>Vehicle</name>
    <bndbox>
      <xmin>1709</xmin>
      <ymin>271</ymin>
      <xmax>1921</xmax>
      <ymax>774</ymax>
    </bndbox>
    <confidence>0.842388</confidence>
  </object>
  <object>
    <name>Vehicle</name>
    <bndbox>
      <xmin>378</xmin>
      <ymin>566</ymin>
      <xmax>447</xmax>
      <ymax>646</ymax>
    </bndbox>
    <confidence>0.850035</confidence>
  </object>
  <object>
    <name>Vehicle</name>
    <bndbox>
      <xmin>801</xmin>
      <ymin>561</ymin>
      <xmax>851</xmax>
      <ymax>596</ymax>
    </bndbox>
    <confidence>0.918059</confidence>
  </object>
  <object>
    <name>Vehicle</name>
    <bndbox>
      <xmin>660</xmin>
      <ymin>545</ymin>
      <xmax>755</xmax>
      <ymax>615</ymax>
    </bndbox>
    <confidence>0.921808</confidence>
  </object>
  <object>
    <name>Vehicle</name>
    <bndbox>
      <xmin>995</xmin>
      <ymin>551</ymin>
      <xmax>1082</xmax>
      <ymax>619</ymax>
    </bndbox>
    <confidence>0.937309</confidence>
  </object>
  <object>
    <name>Vehicle</name>
    <bndbox>
      <xmin>425</xmin>
      <ymin>567</ymin>
      <xmax>548</xmax>
      <ymax>654</ymax>
    </bndbox>
    <confidence>0.953145</confidence>
  </object>
  <object>
    <name>Vehicle</name>
    <bndbox>
      <xmin>1</xmin>
      <ymin>427</ymin>
      <xmax>401</xmax>
      <ymax>707</ymax>
    </bndbox>
    <confidence>0.960991</confidence>
  </object>
</annotation>
