<annotation>
  <folder>runs\detect\exp2</folder>
  <filename>2_20200615_112419_000300.jpg</filename>
  <source>
    <database>Unknown</database>
  </source>
  <size>
    <width>1920</width>
    <height>1080</height>
    <depth>3</depth>
  </size>
  <segmented>0</segmented>
  <object>
    <name>Vehicle</name>
    <bndbox>
      <xmin>1</xmin>
      <ymin>573</ymin>
      <xmax>31</xmax>
      <ymax>735</ymax>
    </bndbox>
    <confidence>0.695239</confidence>
  </object>
  <object>
    <name>Vehicle</name>
    <bndbox>
      <xmin>889</xmin>
      <ymin>570</ymin>
      <xmax>927</xmax>
      <ymax>599</ymax>
    </bndbox>
    <confidence>0.888454</confidence>
  </object>
  <object>
    <name>Vehicle</name>
    <bndbox>
      <xmin>790</xmin>
      <ymin>558</ymin>
      <xmax>855</xmax>
      <ymax>611</ymax>
    </bndbox>
    <confidence>0.919618</confidence>
  </object>
  <object>
    <name>Vehicle</name>
    <bndbox>
      <xmin>1026</xmin>
      <ymin>556</ymin>
      <xmax>1118</xmax>
      <ymax>629</ymax>
    </bndbox>
    <confidence>0.944232</confidence>
  </object>
  <object>
    <name>Vehicle</name>
    <bndbox>
      <xmin>621</xmin>
      <ymin>573</ymin>
      <xmax>705</xmax>
      <ymax>635</ymax>
    </bndbox>
    <confidence>0.945569</confidence>
  </object>
  <object>
    <name>Vehicle</name>
    <bndbox>
      <xmin>1399</xmin>
      <ymin>412</ymin>
      <xmax>1842</xmax>
      <ymax>691</ymax>
    </bndbox>
    <confidence>0.961467</confidence>
  </object>
  <object>
    <name>Vehicle</name>
    <bndbox>
      <xmin>376</xmin>
      <ymin>483</ymin>
      <xmax>621</xmax>
      <ymax>662</ymax>
    </bndbox>
    <confidence>0.965993</confidence>
  </object>
  <object>
    <name>Vehicle</name>
    <bndbox>
      <xmin>134</xmin>
      <ymin>579</ymin>
      <xmax>376</xmax>
      <ymax>702</ymax>
    </bndbox>
    <confidence>0.966642</confidence>
  </object>
</annotation>
