<annotation>
  <folder>runs\detect\exp2</folder>
  <filename>2_20200615_112419_000600.jpg</filename>
  <source>
    <database>Unknown</database>
  </source>
  <size>
    <width>1920</width>
    <height>1080</height>
    <depth>3</depth>
  </size>
  <segmented>0</segmented>
  <object>
    <name>Vehicle</name>
    <bndbox>
      <xmin>713</xmin>
      <ymin>548</ymin>
      <xmax>740</xmax>
      <ymax>575</ymax>
    </bndbox>
    <confidence>0.317554</confidence>
  </object>
  <object>
    <name>Vehicle</name>
    <bndbox>
      <xmin>728</xmin>
      <ymin>547</ymin>
      <xmax>754</xmax>
      <ymax>573</ymax>
    </bndbox>
    <confidence>0.396102</confidence>
  </object>
  <object>
    <name>Vehicle</name>
    <bndbox>
      <xmin>742</xmin>
      <ymin>544</ymin>
      <xmax>771</xmax>
      <ymax>571</ymax>
    </bndbox>
    <confidence>0.465286</confidence>
  </object>
  <object>
    <name>Vehicle</name>
    <bndbox>
      <xmin>687</xmin>
      <ymin>550</ymin>
      <xmax>722</xmax>
      <ymax>579</ymax>
    </bndbox>
    <confidence>0.8411</confidence>
  </object>
  <object>
    <name>Vehicle</name>
    <bndbox>
      <xmin>644</xmin>
      <ymin>556</ymin>
      <xmax>687</xmax>
      <ymax>587</ymax>
    </bndbox>
    <confidence>0.886311</confidence>
  </object>
  <object>
    <name>Vehicle</name>
    <bndbox>
      <xmin>941</xmin>
      <ymin>533</ymin>
      <xmax>1064</xmax>
      <ymax>631</ymax>
    </bndbox>
    <confidence>0.954436</confidence>
  </object>
</annotation>
