<annotation>
  <folder>runs\detect\exp39</folder>
  <filename>2_20200615_112419_000120.jpg</filename>
  <source>
    <database>Unknown</database>
  </source>
  <size>
    <width>1920</width>
    <height>1080</height>
    <depth>3</depth>
  </size>
  <segmented>0</segmented>
  <object>
    <name>Vehicle</name>
    <bndbox>
      <xmin>932</xmin>
      <ymin>486</ymin>
      <xmax>969</xmax>
      <ymax>584</ymax>
    </bndbox>
    <confidence>0.313999</confidence>
  </object>
  <object>
    <name>Vehicle</name>
    <bndbox>
      <xmin>444</xmin>
      <ymin>560</ymin>
      <xmax>488</xmax>
      <ymax>608</ymax>
    </bndbox>
    <confidence>0.894516</confidence>
  </object>
  <object>
    <name>Vehicle</name>
    <bndbox>
      <xmin>539</xmin>
      <ymin>558</ymin>
      <xmax>590</xmax>
      <ymax>596</ymax>
    </bndbox>
    <confidence>0.910702</confidence>
  </object>
  <object>
    <name>Vehicle</name>
    <bndbox>
      <xmin>583</xmin>
      <ymin>524</ymin>
      <xmax>654</xmax>
      <ymax>591</ymax>
    </bndbox>
    <confidence>0.91728</confidence>
  </object>
  <object>
    <name>Vehicle</name>
    <bndbox>
      <xmin>478</xmin>
      <ymin>553</ymin>
      <xmax>541</xmax>
      <ymax>602</ymax>
    </bndbox>
    <confidence>0.935459</confidence>
  </object>
  <object>
    <name>Vehicle</name>
    <bndbox>
      <xmin>221</xmin>
      <ymin>564</ymin>
      <xmax>330</xmax>
      <ymax>635</ymax>
    </bndbox>
    <confidence>0.941306</confidence>
  </object>
  <object>
    <name>Vehicle</name>
    <bndbox>
      <xmin>951</xmin>
      <ymin>484</ymin>
      <xmax>1085</xmax>
      <ymax>608</ymax>
    </bndbox>
    <confidence>0.949472</confidence>
  </object>
  <object>
    <name>Vehicle</name>
    <bndbox>
      <xmin>323</xmin>
      <ymin>553</ymin>
      <xmax>462</xmax>
      <ymax>634</ymax>
    </bndbox>
    <confidence>0.953549</confidence>
  </object>
  <object>
    <name>Vehicle</name>
    <bndbox>
      <xmin>49</xmin>
      <ymin>549</ymin>
      <xmax>223</xmax>
      <ymax>652</ymax>
    </bndbox>
    <confidence>0.958297</confidence>
  </object>
  <object>
    <name>Vehicle</name>
    <bndbox>
      <xmin>800</xmin>
      <ymin>537</ymin>
      <xmax>962</xmax>
      <ymax>669</ymax>
    </bndbox>
    <confidence>0.959759</confidence>
  </object>
</annotation>
