<annotation>
  <folder>runs\detect\exp2</folder>
  <filename>2_20200615_112419_000270.jpg</filename>
  <source>
    <database>Unknown</database>
  </source>
  <size>
    <width>1920</width>
    <height>1080</height>
    <depth>3</depth>
  </size>
  <segmented>0</segmented>
  <object>
    <name>Vehicle</name>
    <bndbox>
      <xmin>918</xmin>
      <ymin>548</ymin>
      <xmax>950</xmax>
      <ymax>573</ymax>
    </bndbox>
    <confidence>0.68839</confidence>
  </object>
  <object>
    <name>Vehicle</name>
    <bndbox>
      <xmin>765</xmin>
      <ymin>550</ymin>
      <xmax>794</xmax>
      <ymax>586</ymax>
    </bndbox>
    <confidence>0.795214</confidence>
  </object>
  <object>
    <name>Vehicle</name>
    <bndbox>
      <xmin>845</xmin>
      <ymin>539</ymin>
      <xmax>892</xmax>
      <ymax>581</ymax>
    </bndbox>
    <confidence>0.912787</confidence>
  </object>
  <object>
    <name>Vehicle</name>
    <bndbox>
      <xmin>712</xmin>
      <ymin>550</ymin>
      <xmax>775</xmax>
      <ymax>597</ymax>
    </bndbox>
    <confidence>0.92773</confidence>
  </object>
  <object>
    <name>Vehicle</name>
    <bndbox>
      <xmin>1498</xmin>
      <ymin>144</ymin>
      <xmax>1921</xmax>
      <ymax>798</ymax>
    </bndbox>
    <confidence>0.93861</confidence>
  </object>
  <object>
    <name>Vehicle</name>
    <bndbox>
      <xmin>1030</xmin>
      <ymin>536</ymin>
      <xmax>1129</xmax>
      <ymax>611</ymax>
    </bndbox>
    <confidence>0.944453</confidence>
  </object>
  <object>
    <name>Vehicle</name>
    <bndbox>
      <xmin>522</xmin>
      <ymin>477</ymin>
      <xmax>699</xmax>
      <ymax>616</ymax>
    </bndbox>
    <confidence>0.954408</confidence>
  </object>
  <object>
    <name>Vehicle</name>
    <bndbox>
      <xmin>387</xmin>
      <ymin>548</ymin>
      <xmax>543</xmax>
      <ymax>633</ymax>
    </bndbox>
    <confidence>0.962117</confidence>
  </object>
  <object>
    <name>Vehicle</name>
    <bndbox>
      <xmin>1288</xmin>
      <ymin>440</ymin>
      <xmax>1522</xmax>
      <ymax>635</ymax>
    </bndbox>
    <confidence>0.963498</confidence>
  </object>
  <object>
    <name>Vehicle</name>
    <bndbox>
      <xmin>119</xmin>
      <ymin>531</ymin>
      <xmax>357</xmax>
      <ymax>660</ymax>
    </bndbox>
    <confidence>0.968077</confidence>
  </object>
</annotation>
