<annotation>
  <folder>runs\detect\exp2</folder>
  <filename>2_20200615_112419_000450.jpg</filename>
  <source>
    <database>Unknown</database>
  </source>
  <size>
    <width>1920</width>
    <height>1080</height>
    <depth>3</depth>
  </size>
  <segmented>0</segmented>
  <object>
    <name>Vehicle</name>
    <bndbox>
      <xmin>745</xmin>
      <ymin>557</ymin>
      <xmax>793</xmax>
      <ymax>599</ymax>
    </bndbox>
    <confidence>0.888119</confidence>
  </object>
  <object>
    <name>Vehicle</name>
    <bndbox>
      <xmin>920</xmin>
      <ymin>555</ymin>
      <xmax>1013</xmax>
      <ymax>628</ymax>
    </bndbox>
    <confidence>0.942592</confidence>
  </object>
</annotation>
