<annotation>
  <folder>runs\detect\exp39</folder>
  <filename>2_20200615_112419_000300.jpg</filename>
  <source>
    <database>Unknown</database>
  </source>
  <size>
    <width>1920</width>
    <height>1080</height>
    <depth>3</depth>
  </size>
  <segmented>0</segmented>
  <object>
    <name>Vehicle</name>
    <bndbox>
      <xmin>1</xmin>
      <ymin>572</ymin>
      <xmax>31</xmax>
      <ymax>736</ymax>
    </bndbox>
    <confidence>0.655152</confidence>
  </object>
  <object>
    <name>Vehicle</name>
    <bndbox>
      <xmin>888</xmin>
      <ymin>571</ymin>
      <xmax>925</xmax>
      <ymax>599</ymax>
    </bndbox>
    <confidence>0.882637</confidence>
  </object>
  <object>
    <name>Vehicle</name>
    <bndbox>
      <xmin>790</xmin>
      <ymin>558</ymin>
      <xmax>855</xmax>
      <ymax>611</ymax>
    </bndbox>
    <confidence>0.916456</confidence>
  </object>
  <object>
    <name>Vehicle</name>
    <bndbox>
      <xmin>1028</xmin>
      <ymin>556</ymin>
      <xmax>1119</xmax>
      <ymax>628</ymax>
    </bndbox>
    <confidence>0.939726</confidence>
  </object>
  <object>
    <name>Vehicle</name>
    <bndbox>
      <xmin>621</xmin>
      <ymin>573</ymin>
      <xmax>705</xmax>
      <ymax>635</ymax>
    </bndbox>
    <confidence>0.942197</confidence>
  </object>
  <object>
    <name>Vehicle</name>
    <bndbox>
      <xmin>1399</xmin>
      <ymin>412</ymin>
      <xmax>1843</xmax>
      <ymax>691</ymax>
    </bndbox>
    <confidence>0.956863</confidence>
  </object>
  <object>
    <name>Vehicle</name>
    <bndbox>
      <xmin>376</xmin>
      <ymin>483</ymin>
      <xmax>621</xmax>
      <ymax>663</ymax>
    </bndbox>
    <confidence>0.962508</confidence>
  </object>
  <object>
    <name>Vehicle</name>
    <bndbox>
      <xmin>134</xmin>
      <ymin>579</ymin>
      <xmax>376</xmax>
      <ymax>702</ymax>
    </bndbox>
    <confidence>0.963396</confidence>
  </object>
</annotation>
