<annotation>
  <folder>runs\detect\exp39</folder>
  <filename>2_20200615_112419_000390.jpg</filename>
  <source>
    <database>Unknown</database>
  </source>
  <size>
    <width>1920</width>
    <height>1080</height>
    <depth>3</depth>
  </size>
  <segmented>0</segmented>
  <object>
    <name>Vehicle</name>
    <bndbox>
      <xmin>858</xmin>
      <ymin>544</ymin>
      <xmax>885</xmax>
      <ymax>569</ymax>
    </bndbox>
    <confidence>0.630414</confidence>
  </object>
  <object>
    <name>Vehicle</name>
    <bndbox>
      <xmin>948</xmin>
      <ymin>538</ymin>
      <xmax>1035</xmax>
      <ymax>607</ymax>
    </bndbox>
    <confidence>0.936058</confidence>
  </object>
  <object>
    <name>Vehicle</name>
    <bndbox>
      <xmin>46</xmin>
      <ymin>498</ymin>
      <xmax>332</xmax>
      <ymax>681</ymax>
    </bndbox>
    <confidence>0.945923</confidence>
  </object>
  <object>
    <name>Vehicle</name>
    <bndbox>
      <xmin>512</xmin>
      <ymin>550</ymin>
      <xmax>624</xmax>
      <ymax>619</ymax>
    </bndbox>
    <confidence>0.955414</confidence>
  </object>
</annotation>
