<annotation>
  <folder>runs\detect\exp2</folder>
  <filename>2_20200615_112419_000090.jpg</filename>
  <source>
    <database>Unknown</database>
  </source>
  <size>
    <width>1920</width>
    <height>1080</height>
    <depth>3</depth>
  </size>
  <segmented>0</segmented>
  <object>
    <name>Vehicle</name>
    <bndbox>
      <xmin>348</xmin>
      <ymin>573</ymin>
      <xmax>385</xmax>
      <ymax>607</ymax>
    </bndbox>
    <confidence>0.848275</confidence>
  </object>
  <object>
    <name>Vehicle</name>
    <bndbox>
      <xmin>229</xmin>
      <ymin>576</ymin>
      <xmax>286</xmax>
      <ymax>622</ymax>
    </bndbox>
    <confidence>0.912117</confidence>
  </object>
  <object>
    <name>Vehicle</name>
    <bndbox>
      <xmin>380</xmin>
      <ymin>542</ymin>
      <xmax>445</xmax>
      <ymax>603</ymax>
    </bndbox>
    <confidence>0.918611</confidence>
  </object>
  <object>
    <name>Vehicle</name>
    <bndbox>
      <xmin>77</xmin>
      <ymin>578</ymin>
      <xmax>164</xmax>
      <ymax>642</ymax>
    </bndbox>
    <confidence>0.92836</confidence>
  </object>
  <object>
    <name>Vehicle</name>
    <bndbox>
      <xmin>158</xmin>
      <ymin>575</ymin>
      <xmax>231</xmax>
      <ymax>631</ymax>
    </bndbox>
    <confidence>0.945775</confidence>
  </object>
  <object>
    <name>Vehicle</name>
    <bndbox>
      <xmin>273</xmin>
      <ymin>569</ymin>
      <xmax>360</xmax>
      <ymax>625</ymax>
    </bndbox>
    <confidence>0.948109</confidence>
  </object>
  <object>
    <name>Vehicle</name>
    <bndbox>
      <xmin>723</xmin>
      <ymin>504</ymin>
      <xmax>838</xmax>
      <ymax>615</ymax>
    </bndbox>
    <confidence>0.948944</confidence>
  </object>
  <object>
    <name>Vehicle</name>
    <bndbox>
      <xmin>1</xmin>
      <ymin>567</ymin>
      <xmax>84</xmax>
      <ymax>654</ymax>
    </bndbox>
    <confidence>0.950377</confidence>
  </object>
  <object>
    <name>Vehicle</name>
    <bndbox>
      <xmin>581</xmin>
      <ymin>546</ymin>
      <xmax>776</xmax>
      <ymax>704</ymax>
    </bndbox>
    <confidence>0.967923</confidence>
  </object>
</annotation>
