<annotation>
  <folder>runs\detect\exp2</folder>
  <filename>2_20200615_112419_000210.jpg</filename>
  <source>
    <database>Unknown</database>
  </source>
  <size>
    <width>1920</width>
    <height>1080</height>
    <depth>3</depth>
  </size>
  <segmented>0</segmented>
  <object>
    <name>Vehicle</name>
    <bndbox>
      <xmin>1112</xmin>
      <ymin>494</ymin>
      <xmax>1174</xmax>
      <ymax>601</ymax>
    </bndbox>
    <confidence>0.782238</confidence>
  </object>
  <object>
    <name>Vehicle</name>
    <bndbox>
      <xmin>833</xmin>
      <ymin>545</ymin>
      <xmax>863</xmax>
      <ymax>574</ymax>
    </bndbox>
    <confidence>0.812778</confidence>
  </object>
  <object>
    <name>Vehicle</name>
    <bndbox>
      <xmin>758</xmin>
      <ymin>554</ymin>
      <xmax>795</xmax>
      <ymax>585</ymax>
    </bndbox>
    <confidence>0.876343</confidence>
  </object>
  <object>
    <name>Vehicle</name>
    <bndbox>
      <xmin>594</xmin>
      <ymin>500</ymin>
      <xmax>713</xmax>
      <ymax>598</ymax>
    </bndbox>
    <confidence>0.939309</confidence>
  </object>
  <object>
    <name>Vehicle</name>
    <bndbox>
      <xmin>20</xmin>
      <ymin>554</ymin>
      <xmax>221</xmax>
      <ymax>669</ymax>
    </bndbox>
    <confidence>0.94147</confidence>
  </object>
  <object>
    <name>Vehicle</name>
    <bndbox>
      <xmin>535</xmin>
      <ymin>554</ymin>
      <xmax>623</xmax>
      <ymax>610</ymax>
    </bndbox>
    <confidence>0.943252</confidence>
  </object>
  <object>
    <name>Vehicle</name>
    <bndbox>
      <xmin>966</xmin>
      <ymin>537</ymin>
      <xmax>1080</xmax>
      <ymax>627</ymax>
    </bndbox>
    <confidence>0.9531</confidence>
  </object>
  <object>
    <name>Vehicle</name>
    <bndbox>
      <xmin>413</xmin>
      <ymin>544</ymin>
      <xmax>536</xmax>
      <ymax>621</ymax>
    </bndbox>
    <confidence>0.956683</confidence>
  </object>
  <object>
    <name>Vehicle</name>
    <bndbox>
      <xmin>252</xmin>
      <ymin>555</ymin>
      <xmax>412</xmax>
      <ymax>640</ymax>
    </bndbox>
    <confidence>0.965285</confidence>
  </object>
  <object>
    <name>Vehicle</name>
    <bndbox>
      <xmin>1160</xmin>
      <ymin>419</ymin>
      <xmax>1426</xmax>
      <ymax>641</ymax>
    </bndbox>
    <confidence>0.970206</confidence>
  </object>
</annotation>
