<annotation>
  <folder>runs\detect\exp2</folder>
  <filename>2_20200615_112419_000510.jpg</filename>
  <source>
    <database>Unknown</database>
  </source>
  <size>
    <width>1920</width>
    <height>1080</height>
    <depth>3</depth>
  </size>
  <segmented>0</segmented>
  <object>
    <name>Vehicle</name>
    <bndbox>
      <xmin>889</xmin>
      <ymin>536</ymin>
      <xmax>992</xmax>
      <ymax>617</ymax>
    </bndbox>
    <confidence>0.951188</confidence>
  </object>
  <object>
    <name>Vehicle</name>
    <bndbox>
      <xmin>291</xmin>
      <ymin>521</ymin>
      <xmax>470</xmax>
      <ymax>642</ymax>
    </bndbox>
    <confidence>0.955091</confidence>
  </object>
</annotation>
