<annotation>
  <folder>runs\detect\exp39</folder>
  <filename>2_20200615_112419_000090.jpg</filename>
  <source>
    <database>Unknown</database>
  </source>
  <size>
    <width>1920</width>
    <height>1080</height>
    <depth>3</depth>
  </size>
  <segmented>0</segmented>
  <object>
    <name>Vehicle</name>
    <bndbox>
      <xmin>348</xmin>
      <ymin>573</ymin>
      <xmax>385</xmax>
      <ymax>607</ymax>
    </bndbox>
    <confidence>0.839306</confidence>
  </object>
  <object>
    <name>Vehicle</name>
    <bndbox>
      <xmin>229</xmin>
      <ymin>576</ymin>
      <xmax>286</xmax>
      <ymax>622</ymax>
    </bndbox>
    <confidence>0.908857</confidence>
  </object>
  <object>
    <name>Vehicle</name>
    <bndbox>
      <xmin>380</xmin>
      <ymin>542</ymin>
      <xmax>445</xmax>
      <ymax>603</ymax>
    </bndbox>
    <confidence>0.914649</confidence>
  </object>
  <object>
    <name>Vehicle</name>
    <bndbox>
      <xmin>77</xmin>
      <ymin>578</ymin>
      <xmax>164</xmax>
      <ymax>642</ymax>
    </bndbox>
    <confidence>0.924745</confidence>
  </object>
  <object>
    <name>Vehicle</name>
    <bndbox>
      <xmin>158</xmin>
      <ymin>575</ymin>
      <xmax>232</xmax>
      <ymax>631</ymax>
    </bndbox>
    <confidence>0.942698</confidence>
  </object>
  <object>
    <name>Vehicle</name>
    <bndbox>
      <xmin>723</xmin>
      <ymin>504</ymin>
      <xmax>838</xmax>
      <ymax>615</ymax>
    </bndbox>
    <confidence>0.945076</confidence>
  </object>
  <object>
    <name>Vehicle</name>
    <bndbox>
      <xmin>271</xmin>
      <ymin>569</ymin>
      <xmax>358</xmax>
      <ymax>625</ymax>
    </bndbox>
    <confidence>0.945132</confidence>
  </object>
  <object>
    <name>Vehicle</name>
    <bndbox>
      <xmin>1</xmin>
      <ymin>567</ymin>
      <xmax>84</xmax>
      <ymax>654</ymax>
    </bndbox>
    <confidence>0.946418</confidence>
  </object>
  <object>
    <name>Vehicle</name>
    <bndbox>
      <xmin>582</xmin>
      <ymin>546</ymin>
      <xmax>778</xmax>
      <ymax>704</ymax>
    </bndbox>
    <confidence>0.963825</confidence>
  </object>
</annotation>
