<annotation>
  <folder>runs\detect\exp2</folder>
  <filename>2_20200615_112419_000660.jpg</filename>
  <source>
    <database>Unknown</database>
  </source>
  <size>
    <width>1920</width>
    <height>1080</height>
    <depth>3</depth>
  </size>
  <segmented>0</segmented>
  <object>
    <name>Vehicle</name>
    <bndbox>
      <xmin>727</xmin>
      <ymin>537</ymin>
      <xmax>757</xmax>
      <ymax>563</ymax>
    </bndbox>
    <confidence>0.362144</confidence>
  </object>
  <object>
    <name>Vehicle</name>
    <bndbox>
      <xmin>1797</xmin>
      <ymin>517</ymin>
      <xmax>1864</xmax>
      <ymax>547</ymax>
    </bndbox>
    <confidence>0.531975</confidence>
  </object>
  <object>
    <name>Vehicle</name>
    <bndbox>
      <xmin>1783</xmin>
      <ymin>534</ymin>
      <xmax>1921</xmax>
      <ymax>597</ymax>
    </bndbox>
    <confidence>0.58115</confidence>
  </object>
  <object>
    <name>Vehicle</name>
    <bndbox>
      <xmin>1394</xmin>
      <ymin>453</ymin>
      <xmax>1523</xmax>
      <ymax>567</ymax>
    </bndbox>
    <confidence>0.594157</confidence>
  </object>
  <object>
    <name>Vehicle</name>
    <bndbox>
      <xmin>1127</xmin>
      <ymin>528</ymin>
      <xmax>1159</xmax>
      <ymax>553</ymax>
    </bndbox>
    <confidence>0.651585</confidence>
  </object>
  <object>
    <name>Vehicle</name>
    <bndbox>
      <xmin>686</xmin>
      <ymin>538</ymin>
      <xmax>724</xmax>
      <ymax>570</ymax>
    </bndbox>
    <confidence>0.8402</confidence>
  </object>
  <object>
    <name>Vehicle</name>
    <bndbox>
      <xmin>666</xmin>
      <ymin>543</ymin>
      <xmax>700</xmax>
      <ymax>572</ymax>
    </bndbox>
    <confidence>0.848812</confidence>
  </object>
  <object>
    <name>TrafficSign</name>
    <bndbox>
      <xmin>1344</xmin>
      <ymin>401</ymin>
      <xmax>1378</xmax>
      <ymax>435</ymax>
    </bndbox>
    <confidence>0.870983</confidence>
  </object>
  <object>
    <name>Vehicle</name>
    <bndbox>
      <xmin>643</xmin>
      <ymin>544</ymin>
      <xmax>678</xmax>
      <ymax>575</ymax>
    </bndbox>
    <confidence>0.871629</confidence>
  </object>
  <object>
    <name>Vehicle</name>
    <bndbox>
      <xmin>600</xmin>
      <ymin>545</ymin>
      <xmax>654</xmax>
      <ymax>580</ymax>
    </bndbox>
    <confidence>0.895953</confidence>
  </object>
  <object>
    <name>Vehicle</name>
    <bndbox>
      <xmin>523</xmin>
      <ymin>550</ymin>
      <xmax>589</xmax>
      <ymax>592</ymax>
    </bndbox>
    <confidence>0.935714</confidence>
  </object>
  <object>
    <name>Vehicle</name>
    <bndbox>
      <xmin>964</xmin>
      <ymin>533</ymin>
      <xmax>1073</xmax>
      <ymax>620</ymax>
    </bndbox>
    <confidence>0.952593</confidence>
  </object>
</annotation>
