<annotation>
  <folder>runs\detect\exp39</folder>
  <filename>2_20200615_112419_000060.jpg</filename>
  <source>
    <database>Unknown</database>
  </source>
  <size>
    <width>1920</width>
    <height>1080</height>
    <depth>3</depth>
  </size>
  <segmented>0</segmented>
  <object>
    <name>TrafficSign</name>
    <bndbox>
      <xmin>1458</xmin>
      <ymin>80</ymin>
      <xmax>1545</xmax>
      <ymax>208</ymax>
    </bndbox>
    <confidence>0.92312</confidence>
  </object>
</annotation>
