<annotation>
  <folder>runs\detect\exp39</folder>
  <filename>2_20200615_112419_000450.jpg</filename>
  <source>
    <database>Unknown</database>
  </source>
  <size>
    <width>1920</width>
    <height>1080</height>
    <depth>3</depth>
  </size>
  <segmented>0</segmented>
  <object>
    <name>Vehicle</name>
    <bndbox>
      <xmin>745</xmin>
      <ymin>557</ymin>
      <xmax>792</xmax>
      <ymax>599</ymax>
    </bndbox>
    <confidence>0.881341</confidence>
  </object>
  <object>
    <name>Vehicle</name>
    <bndbox>
      <xmin>921</xmin>
      <ymin>555</ymin>
      <xmax>1012</xmax>
      <ymax>628</ymax>
    </bndbox>
    <confidence>0.937733</confidence>
  </object>
</annotation>
