<annotation>
  <folder>runs\detect\exp2</folder>
  <filename>2_20200615_112419_000150.jpg</filename>
  <source>
    <database>Unknown</database>
  </source>
  <size>
    <width>1920</width>
    <height>1080</height>
    <depth>3</depth>
  </size>
  <segmented>0</segmented>
  <object>
    <name>Vehicle</name>
    <bndbox>
      <xmin>1022</xmin>
      <ymin>494</ymin>
      <xmax>1058</xmax>
      <ymax>597</ymax>
    </bndbox>
    <confidence>0.665054</confidence>
  </object>
  <object>
    <name>Vehicle</name>
    <bndbox>
      <xmin>1</xmin>
      <ymin>547</ymin>
      <xmax>106</xmax>
      <ymax>660</ymax>
    </bndbox>
    <confidence>0.78202</confidence>
  </object>
  <object>
    <name>Vehicle</name>
    <bndbox>
      <xmin>621</xmin>
      <ymin>522</ymin>
      <xmax>708</xmax>
      <ymax>598</ymax>
    </bndbox>
    <confidence>0.923178</confidence>
  </object>
  <object>
    <name>Vehicle</name>
    <bndbox>
      <xmin>577</xmin>
      <ymin>562</ymin>
      <xmax>636</xmax>
      <ymax>604</ymax>
    </bndbox>
    <confidence>0.92808</confidence>
  </object>
  <object>
    <name>Vehicle</name>
    <bndbox>
      <xmin>226</xmin>
      <ymin>565</ymin>
      <xmax>310</xmax>
      <ymax>643</ymax>
    </bndbox>
    <confidence>0.940671</confidence>
  </object>
  <object>
    <name>Vehicle</name>
    <bndbox>
      <xmin>505</xmin>
      <ymin>555</ymin>
      <xmax>580</xmax>
      <ymax>611</ymax>
    </bndbox>
    <confidence>0.943957</confidence>
  </object>
  <object>
    <name>Vehicle</name>
    <bndbox>
      <xmin>418</xmin>
      <ymin>562</ymin>
      <xmax>514</xmax>
      <ymax>621</ymax>
    </bndbox>
    <confidence>0.946148</confidence>
  </object>
  <object>
    <name>Vehicle</name>
    <bndbox>
      <xmin>311</xmin>
      <ymin>564</ymin>
      <xmax>422</xmax>
      <ymax>636</ymax>
    </bndbox>
    <confidence>0.953806</confidence>
  </object>
  <object>
    <name>Vehicle</name>
    <bndbox>
      <xmin>886</xmin>
      <ymin>545</ymin>
      <xmax>1023</xmax>
      <ymax>657</ymax>
    </bndbox>
    <confidence>0.957695</confidence>
  </object>
  <object>
    <name>Vehicle</name>
    <bndbox>
      <xmin>1044</xmin>
      <ymin>474</ymin>
      <xmax>1198</xmax>
      <ymax>618</ymax>
    </bndbox>
    <confidence>0.959774</confidence>
  </object>
  <object>
    <name>Vehicle</name>
    <bndbox>
      <xmin>0</xmin>
      <ymin>547</ymin>
      <xmax>261</xmax>
      <ymax>688</ymax>
    </bndbox>
    <confidence>0.964628</confidence>
  </object>
</annotation>
