<annotation>
  <folder>runs\detect\exp39</folder>
  <filename>2_20200615_112419_000240.jpg</filename>
  <source>
    <database>Unknown</database>
  </source>
  <size>
    <width>1920</width>
    <height>1080</height>
    <depth>3</depth>
  </size>
  <segmented>0</segmented>
  <object>
    <name>Vehicle</name>
    <bndbox>
      <xmin>325</xmin>
      <ymin>561</ymin>
      <xmax>365</xmax>
      <ymax>592</ymax>
    </bndbox>
    <confidence>0.410955</confidence>
  </object>
  <object>
    <name>Vehicle</name>
    <bndbox>
      <xmin>1</xmin>
      <ymin>555</ymin>
      <xmax>73</xmax>
      <ymax>605</ymax>
    </bndbox>
    <confidence>0.695707</confidence>
  </object>
  <object>
    <name>Vehicle</name>
    <bndbox>
      <xmin>67</xmin>
      <ymin>557</ymin>
      <xmax>149</xmax>
      <ymax>599</ymax>
    </bndbox>
    <confidence>0.71278</confidence>
  </object>
  <object>
    <name>Vehicle</name>
    <bndbox>
      <xmin>1198</xmin>
      <ymin>473</ymin>
      <xmax>1296</xmax>
      <ymax>620</ymax>
    </bndbox>
    <confidence>0.769701</confidence>
  </object>
  <object>
    <name>Vehicle</name>
    <bndbox>
      <xmin>859</xmin>
      <ymin>550</ymin>
      <xmax>895</xmax>
      <ymax>586</ymax>
    </bndbox>
    <confidence>0.810251</confidence>
  </object>
  <object>
    <name>Vehicle</name>
    <bndbox>
      <xmin>800</xmin>
      <ymin>558</ymin>
      <xmax>833</xmax>
      <ymax>587</ymax>
    </bndbox>
    <confidence>0.838986</confidence>
  </object>
  <object>
    <name>Vehicle</name>
    <bndbox>
      <xmin>762</xmin>
      <ymin>559</ymin>
      <xmax>808</xmax>
      <ymax>597</ymax>
    </bndbox>
    <confidence>0.915521</confidence>
  </object>
  <object>
    <name>Vehicle</name>
    <bndbox>
      <xmin>589</xmin>
      <ymin>500</ymin>
      <xmax>730</xmax>
      <ymax>614</ymax>
    </bndbox>
    <confidence>0.943182</confidence>
  </object>
  <object>
    <name>Vehicle</name>
    <bndbox>
      <xmin>1013</xmin>
      <ymin>543</ymin>
      <xmax>1121</xmax>
      <ymax>625</ymax>
    </bndbox>
    <confidence>0.948352</confidence>
  </object>
  <object>
    <name>Vehicle</name>
    <bndbox>
      <xmin>505</xmin>
      <ymin>562</ymin>
      <xmax>619</xmax>
      <ymax>627</ymax>
    </bndbox>
    <confidence>0.948403</confidence>
  </object>
  <object>
    <name>Vehicle</name>
    <bndbox>
      <xmin>343</xmin>
      <ymin>550</ymin>
      <xmax>501</xmax>
      <ymax>644</ymax>
    </bndbox>
    <confidence>0.957721</confidence>
  </object>
  <object>
    <name>Vehicle</name>
    <bndbox>
      <xmin>87</xmin>
      <ymin>563</ymin>
      <xmax>317</xmax>
      <ymax>675</ymax>
    </bndbox>
    <confidence>0.962528</confidence>
  </object>
  <object>
    <name>Vehicle</name>
    <bndbox>
      <xmin>1282</xmin>
      <ymin>356</ymin>
      <xmax>1717</xmax>
      <ymax>683</ymax>
    </bndbox>
    <confidence>0.96941</confidence>
  </object>
</annotation>
