<annotation>
  <folder>runs\detect\exp39</folder>
  <filename>2_20200615_112020_000090.jpg</filename>
  <source>
    <database>Unknown</database>
  </source>
  <size>
    <width>1920</width>
    <height>1080</height>
    <depth>3</depth>
  </size>
  <segmented>0</segmented>
  <object>
    <name>Vehicle</name>
    <bndbox>
      <xmin>1047</xmin>
      <ymin>538</ymin>
      <xmax>1078</xmax>
      <ymax>564</ymax>
    </bndbox>
    <confidence>0.497117</confidence>
  </object>
  <object>
    <name>Vehicle</name>
    <bndbox>
      <xmin>196</xmin>
      <ymin>318</ymin>
      <xmax>612</xmax>
      <ymax>667</ymax>
    </bndbox>
    <confidence>0.954317</confidence>
  </object>
</annotation>
