<annotation>
  <folder>runs\detect\exp2</folder>
  <filename>2_20200615_112020_000360.jpg</filename>
  <source>
    <database>Unknown</database>
  </source>
  <size>
    <width>1920</width>
    <height>1080</height>
    <depth>3</depth>
  </size>
  <segmented>0</segmented>
  <object>
    <name>Vehicle</name>
    <bndbox>
      <xmin>1113</xmin>
      <ymin>530</ymin>
      <xmax>1139</xmax>
      <ymax>559</ymax>
    </bndbox>
    <confidence>0.399472</confidence>
  </object>
  <object>
    <name>Vehicle</name>
    <bndbox>
      <xmin>1158</xmin>
      <ymin>519</ymin>
      <xmax>1190</xmax>
      <ymax>552</ymax>
    </bndbox>
    <confidence>0.668189</confidence>
  </object>
  <object>
    <name>Vehicle</name>
    <bndbox>
      <xmin>1028</xmin>
      <ymin>509</ymin>
      <xmax>1080</xmax>
      <ymax>565</ymax>
    </bndbox>
    <confidence>0.740888</confidence>
  </object>
  <object>
    <name>Vehicle</name>
    <bndbox>
      <xmin>228</xmin>
      <ymin>494</ymin>
      <xmax>508</xmax>
      <ymax>670</ymax>
    </bndbox>
    <confidence>0.958368</confidence>
  </object>
  <object>
    <name>Vehicle</name>
    <bndbox>
      <xmin>646</xmin>
      <ymin>394</ymin>
      <xmax>886</xmax>
      <ymax>632</ymax>
    </bndbox>
    <confidence>0.959085</confidence>
  </object>
</annotation>
