<annotation>
  <folder>runs\detect\exp2</folder>
  <filename>2_20200615_112020_000150.jpg</filename>
  <source>
    <database>Unknown</database>
  </source>
  <size>
    <width>1920</width>
    <height>1080</height>
    <depth>3</depth>
  </size>
  <segmented>0</segmented>
  <object>
    <name>Vehicle</name>
    <bndbox>
      <xmin>803</xmin>
      <ymin>471</ymin>
      <xmax>910</xmax>
      <ymax>585</ymax>
    </bndbox>
    <confidence>0.943652</confidence>
  </object>
  <object>
    <name>Vehicle</name>
    <bndbox>
      <xmin>416</xmin>
      <ymin>464</ymin>
      <xmax>626</xmax>
      <ymax>642</ymax>
    </bndbox>
    <confidence>0.96465</confidence>
  </object>
</annotation>
