<annotation>
  <folder>runs\detect\exp2</folder>
  <filename>2_20200615_112020_000090.jpg</filename>
  <source>
    <database>Unknown</database>
  </source>
  <size>
    <width>1920</width>
    <height>1080</height>
    <depth>3</depth>
  </size>
  <segmented>0</segmented>
  <object>
    <name>Vehicle</name>
    <bndbox>
      <xmin>1046</xmin>
      <ymin>538</ymin>
      <xmax>1079</xmax>
      <ymax>564</ymax>
    </bndbox>
    <confidence>0.528716</confidence>
  </object>
  <object>
    <name>Vehicle</name>
    <bndbox>
      <xmin>196</xmin>
      <ymin>318</ymin>
      <xmax>612</xmax>
      <ymax>666</ymax>
    </bndbox>
    <confidence>0.95977</confidence>
  </object>
</annotation>
