<annotation>
  <folder>runs\detect\exp2</folder>
  <filename>2_20200615_112020_000540.jpg</filename>
  <source>
    <database>Unknown</database>
  </source>
  <size>
    <width>1920</width>
    <height>1080</height>
    <depth>3</depth>
  </size>
  <segmented>0</segmented>
  <object>
    <name>Vehicle</name>
    <bndbox>
      <xmin>1108</xmin>
      <ymin>516</ymin>
      <xmax>1144</xmax>
      <ymax>557</ymax>
    </bndbox>
    <confidence>0.531878</confidence>
  </object>
  <object>
    <name>Vehicle</name>
    <bndbox>
      <xmin>805</xmin>
      <ymin>538</ymin>
      <xmax>869</xmax>
      <ymax>586</ymax>
    </bndbox>
    <confidence>0.930187</confidence>
  </object>
  <object>
    <name>Vehicle</name>
    <bndbox>
      <xmin>598</xmin>
      <ymin>526</ymin>
      <xmax>732</xmax>
      <ymax>619</ymax>
    </bndbox>
    <confidence>0.962138</confidence>
  </object>
</annotation>
