<annotation>
  <folder>runs\detect\exp39</folder>
  <filename>2_20200615_112020_000690.jpg</filename>
  <source>
    <database>Unknown</database>
  </source>
  <size>
    <width>1920</width>
    <height>1080</height>
    <depth>3</depth>
  </size>
  <segmented>0</segmented>
  <object>
    <name>Vehicle</name>
    <bndbox>
      <xmin>1019</xmin>
      <ymin>533</ymin>
      <xmax>1051</xmax>
      <ymax>561</ymax>
    </bndbox>
    <confidence>0.822733</confidence>
  </object>
  <object>
    <name>Vehicle</name>
    <bndbox>
      <xmin>815</xmin>
      <ymin>420</ymin>
      <xmax>977</xmax>
      <ymax>605</ymax>
    </bndbox>
    <confidence>0.938116</confidence>
  </object>
  <object>
    <name>Vehicle</name>
    <bndbox>
      <xmin>137</xmin>
      <ymin>529</ymin>
      <xmax>435</xmax>
      <ymax>680</ymax>
    </bndbox>
    <confidence>0.969265</confidence>
  </object>
</annotation>
