<annotation>
  <folder>runs\detect\exp39</folder>
  <filename>2_20200615_112020_000450.jpg</filename>
  <source>
    <database>Unknown</database>
  </source>
  <size>
    <width>1920</width>
    <height>1080</height>
    <depth>3</depth>
  </size>
  <segmented>0</segmented>
  <object>
    <name>Vehicle</name>
    <bndbox>
      <xmin>1118</xmin>
      <ymin>520</ymin>
      <xmax>1147</xmax>
      <ymax>559</ymax>
    </bndbox>
    <confidence>0.737834</confidence>
  </object>
  <object>
    <name>Vehicle</name>
    <bndbox>
      <xmin>874</xmin>
      <ymin>526</ymin>
      <xmax>932</xmax>
      <ymax>577</ymax>
    </bndbox>
    <confidence>0.886301</confidence>
  </object>
  <object>
    <name>Vehicle</name>
    <bndbox>
      <xmin>1009</xmin>
      <ymin>496</ymin>
      <xmax>1071</xmax>
      <ymax>569</ymax>
    </bndbox>
    <confidence>0.899972</confidence>
  </object>
</annotation>
