<annotation>
  <folder>runs\detect\exp2</folder>
  <filename>2_20200615_112020_000510.jpg</filename>
  <source>
    <database>Unknown</database>
  </source>
  <size>
    <width>1920</width>
    <height>1080</height>
    <depth>3</depth>
  </size>
  <segmented>0</segmented>
  <object>
    <name>Vehicle</name>
    <bndbox>
      <xmin>1084</xmin>
      <ymin>510</ymin>
      <xmax>1125</xmax>
      <ymax>560</ymax>
    </bndbox>
    <confidence>0.460438</confidence>
  </object>
  <object>
    <name>Vehicle</name>
    <bndbox>
      <xmin>994</xmin>
      <ymin>530</ymin>
      <xmax>1028</xmax>
      <ymax>564</ymax>
    </bndbox>
    <confidence>0.689845</confidence>
  </object>
  <object>
    <name>Vehicle</name>
    <bndbox>
      <xmin>666</xmin>
      <ymin>539</ymin>
      <xmax>763</xmax>
      <ymax>609</ymax>
    </bndbox>
    <confidence>0.948837</confidence>
  </object>
  <object>
    <name>Vehicle</name>
    <bndbox>
      <xmin>109</xmin>
      <ymin>506</ymin>
      <xmax>430</xmax>
      <ymax>698</ymax>
    </bndbox>
    <confidence>0.967762</confidence>
  </object>
</annotation>
