<annotation>
  <folder>runs\detect\exp2</folder>
  <filename>2_20200615_112020_000750.jpg</filename>
  <source>
    <database>Unknown</database>
  </source>
  <size>
    <width>1920</width>
    <height>1080</height>
    <depth>3</depth>
  </size>
  <segmented>0</segmented>
  <object>
    <name>Vehicle</name>
    <bndbox>
      <xmin>813</xmin>
      <ymin>536</ymin>
      <xmax>883</xmax>
      <ymax>581</ymax>
    </bndbox>
    <confidence>0.93873</confidence>
  </object>
</annotation>
