<annotation>
  <folder>runs\detect\exp2</folder>
  <filename>2_20200615_112020_000480.jpg</filename>
  <source>
    <database>Unknown</database>
  </source>
  <size>
    <width>1920</width>
    <height>1080</height>
    <depth>3</depth>
  </size>
  <segmented>0</segmented>
  <object>
    <name>Vehicle</name>
    <bndbox>
      <xmin>1138</xmin>
      <ymin>521</ymin>
      <xmax>1169</xmax>
      <ymax>555</ymax>
    </bndbox>
    <confidence>0.644225</confidence>
  </object>
  <object>
    <name>Vehicle</name>
    <bndbox>
      <xmin>936</xmin>
      <ymin>529</ymin>
      <xmax>983</xmax>
      <ymax>570</ymax>
    </bndbox>
    <confidence>0.803818</confidence>
  </object>
  <object>
    <name>Vehicle</name>
    <bndbox>
      <xmin>1051</xmin>
      <ymin>506</ymin>
      <xmax>1098</xmax>
      <ymax>565</ymax>
    </bndbox>
    <confidence>0.859392</confidence>
  </object>
  <object>
    <name>Vehicle</name>
    <bndbox>
      <xmin>293</xmin>
      <ymin>532</ymin>
      <xmax>505</xmax>
      <ymax>670</ymax>
    </bndbox>
    <confidence>0.966091</confidence>
  </object>
</annotation>
