<annotation>
  <folder>runs\detect\exp2</folder>
  <filename>2_20200615_112020_000780.jpg</filename>
  <source>
    <database>Unknown</database>
  </source>
  <size>
    <width>1920</width>
    <height>1080</height>
    <depth>3</depth>
  </size>
  <segmented>0</segmented>
  <object>
    <name>Vehicle</name>
    <bndbox>
      <xmin>904</xmin>
      <ymin>535</ymin>
      <xmax>952</xmax>
      <ymax>569</ymax>
    </bndbox>
    <confidence>0.914659</confidence>
  </object>
</annotation>
