<annotation>
  <folder>runs\detect\exp2</folder>
  <filename>2_20200615_112020_000180.jpg</filename>
  <source>
    <database>Unknown</database>
  </source>
  <size>
    <width>1920</width>
    <height>1080</height>
    <depth>3</depth>
  </size>
  <segmented>0</segmented>
  <object>
    <name>Vehicle</name>
    <bndbox>
      <xmin>894</xmin>
      <ymin>492</ymin>
      <xmax>964</xmax>
      <ymax>574</ymax>
    </bndbox>
    <confidence>0.927243</confidence>
  </object>
  <object>
    <name>Vehicle</name>
    <bndbox>
      <xmin>739</xmin>
      <ymin>504</ymin>
      <xmax>837</xmax>
      <ymax>597</ymax>
    </bndbox>
    <confidence>0.945909</confidence>
  </object>
  <object>
    <name>Vehicle</name>
    <bndbox>
      <xmin>3</xmin>
      <ymin>143</ymin>
      <xmax>620</xmax>
      <ymax>792</ymax>
    </bndbox>
    <confidence>0.956759</confidence>
  </object>
</annotation>
