<annotation>
  <folder>runs\detect\exp2</folder>
  <filename>2_20200615_112020_000720.jpg</filename>
  <source>
    <database>Unknown</database>
  </source>
  <size>
    <width>1920</width>
    <height>1080</height>
    <depth>3</depth>
  </size>
  <segmented>0</segmented>
  <object>
    <name>Vehicle</name>
    <bndbox>
      <xmin>902</xmin>
      <ymin>451</ymin>
      <xmax>1014</xmax>
      <ymax>588</ymax>
    </bndbox>
    <confidence>0.902692</confidence>
  </object>
  <object>
    <name>Vehicle</name>
    <bndbox>
      <xmin>638</xmin>
      <ymin>537</ymin>
      <xmax>755</xmax>
      <ymax>608</ymax>
    </bndbox>
    <confidence>0.953149</confidence>
  </object>
</annotation>
