<annotation>
  <folder>runs\detect\exp2</folder>
  <filename>2_20200615_112020_000600.jpg</filename>
  <source>
    <database>Unknown</database>
  </source>
  <size>
    <width>1920</width>
    <height>1080</height>
    <depth>3</depth>
  </size>
  <segmented>0</segmented>
  <object>
    <name>Vehicle</name>
    <bndbox>
      <xmin>949</xmin>
      <ymin>539</ymin>
      <xmax>984</xmax>
      <ymax>569</ymax>
    </bndbox>
    <confidence>0.883896</confidence>
  </object>
  <object>
    <name>Vehicle</name>
    <bndbox>
      <xmin>865</xmin>
      <ymin>535</ymin>
      <xmax>926</xmax>
      <ymax>581</ymax>
    </bndbox>
    <confidence>0.931127</confidence>
  </object>
  <object>
    <name>Vehicle</name>
    <bndbox>
      <xmin>499</xmin>
      <ymin>539</ymin>
      <xmax>668</xmax>
      <ymax>634</ymax>
    </bndbox>
    <confidence>0.96712</confidence>
  </object>
</annotation>
