<annotation>
  <folder>runs\detect\exp39</folder>
  <filename>2_20200615_112020_000510.jpg</filename>
  <source>
    <database>Unknown</database>
  </source>
  <size>
    <width>1920</width>
    <height>1080</height>
    <depth>3</depth>
  </size>
  <segmented>0</segmented>
  <object>
    <name>Vehicle</name>
    <bndbox>
      <xmin>1085</xmin>
      <ymin>510</ymin>
      <xmax>1124</xmax>
      <ymax>560</ymax>
    </bndbox>
    <confidence>0.466177</confidence>
  </object>
  <object>
    <name>Vehicle</name>
    <bndbox>
      <xmin>994</xmin>
      <ymin>530</ymin>
      <xmax>1027</xmax>
      <ymax>564</ymax>
    </bndbox>
    <confidence>0.661239</confidence>
  </object>
  <object>
    <name>Vehicle</name>
    <bndbox>
      <xmin>667</xmin>
      <ymin>539</ymin>
      <xmax>763</xmax>
      <ymax>609</ymax>
    </bndbox>
    <confidence>0.944903</confidence>
  </object>
  <object>
    <name>Vehicle</name>
    <bndbox>
      <xmin>107</xmin>
      <ymin>506</ymin>
      <xmax>429</xmax>
      <ymax>697</ymax>
    </bndbox>
    <confidence>0.964579</confidence>
  </object>
</annotation>
