<annotation>
  <folder>runs\detect\exp39</folder>
  <filename>2_20200615_112020_000210.jpg</filename>
  <source>
    <database>Unknown</database>
  </source>
  <size>
    <width>1920</width>
    <height>1080</height>
    <depth>3</depth>
  </size>
  <segmented>0</segmented>
  <object>
    <name>Vehicle</name>
    <bndbox>
      <xmin>951</xmin>
      <ymin>502</ymin>
      <xmax>1011</xmax>
      <ymax>566</ymax>
    </bndbox>
    <confidence>0.905178</confidence>
  </object>
  <object>
    <name>Vehicle</name>
    <bndbox>
      <xmin>854</xmin>
      <ymin>514</ymin>
      <xmax>919</xmax>
      <ymax>581</ymax>
    </bndbox>
    <confidence>0.919804</confidence>
  </object>
  <object>
    <name>Vehicle</name>
    <bndbox>
      <xmin>608</xmin>
      <ymin>409</ymin>
      <xmax>850</xmax>
      <ymax>653</ymax>
    </bndbox>
    <confidence>0.961168</confidence>
  </object>
  <object>
    <name>Vehicle</name>
    <bndbox>
      <xmin>231</xmin>
      <ymin>534</ymin>
      <xmax>478</xmax>
      <ymax>673</ymax>
    </bndbox>
    <confidence>0.961196</confidence>
  </object>
</annotation>
