<annotation>
  <folder>runs\detect\exp2</folder>
  <filename>2_20200615_112020_000270.jpg</filename>
  <source>
    <database>Unknown</database>
  </source>
  <size>
    <width>1920</width>
    <height>1080</height>
    <depth>3</depth>
  </size>
  <segmented>0</segmented>
  <object>
    <name>Vehicle</name>
    <bndbox>
      <xmin>1050</xmin>
      <ymin>511</ymin>
      <xmax>1092</xmax>
      <ymax>556</ymax>
    </bndbox>
    <confidence>0.743713</confidence>
  </object>
  <object>
    <name>Vehicle</name>
    <bndbox>
      <xmin>992</xmin>
      <ymin>525</ymin>
      <xmax>1027</xmax>
      <ymax>565</ymax>
    </bndbox>
    <confidence>0.851393</confidence>
  </object>
  <object>
    <name>Vehicle</name>
    <bndbox>
      <xmin>901</xmin>
      <ymin>490</ymin>
      <xmax>991</xmax>
      <ymax>591</ymax>
    </bndbox>
    <confidence>0.93244</confidence>
  </object>
  <object>
    <name>Vehicle</name>
    <bndbox>
      <xmin>806</xmin>
      <ymin>538</ymin>
      <xmax>873</xmax>
      <ymax>582</ymax>
    </bndbox>
    <confidence>0.934685</confidence>
  </object>
</annotation>
