<annotation>
  <folder>runs\detect\exp39</folder>
  <filename>2_20200615_112020_000390.jpg</filename>
  <source>
    <database>Unknown</database>
  </source>
  <size>
    <width>1920</width>
    <height>1080</height>
    <depth>3</depth>
  </size>
  <segmented>0</segmented>
  <object>
    <name>Vehicle</name>
    <bndbox>
      <xmin>1064</xmin>
      <ymin>519</ymin>
      <xmax>1099</xmax>
      <ymax>563</ymax>
    </bndbox>
    <confidence>0.706153</confidence>
  </object>
  <object>
    <name>Vehicle</name>
    <bndbox>
      <xmin>633</xmin>
      <ymin>516</ymin>
      <xmax>760</xmax>
      <ymax>611</ymax>
    </bndbox>
    <confidence>0.847441</confidence>
  </object>
  <object>
    <name>Vehicle</name>
    <bndbox>
      <xmin>855</xmin>
      <ymin>460</ymin>
      <xmax>980</xmax>
      <ymax>598</ymax>
    </bndbox>
    <confidence>0.937301</confidence>
  </object>
</annotation>
