<annotation>
  <folder>runs\detect\exp39</folder>
  <filename>2_20200615_112020_000630.jpg</filename>
  <source>
    <database>Unknown</database>
  </source>
  <size>
    <width>1920</width>
    <height>1080</height>
    <depth>3</depth>
  </size>
  <segmented>0</segmented>
  <object>
    <name>TrafficSign</name>
    <bndbox>
      <xmin>941</xmin>
      <ymin>448</ymin>
      <xmax>978</xmax>
      <ymax>487</ymax>
    </bndbox>
    <confidence>0.55155</confidence>
  </object>
  <object>
    <name>Vehicle</name>
    <bndbox>
      <xmin>993</xmin>
      <ymin>537</ymin>
      <xmax>1024</xmax>
      <ymax>563</ymax>
    </bndbox>
    <confidence>0.641477</confidence>
  </object>
  <object>
    <name>Vehicle</name>
    <bndbox>
      <xmin>924</xmin>
      <ymin>533</ymin>
      <xmax>973</xmax>
      <ymax>570</ymax>
    </bndbox>
    <confidence>0.89107</confidence>
  </object>
  <object>
    <name>Vehicle</name>
    <bndbox>
      <xmin>768</xmin>
      <ymin>540</ymin>
      <xmax>836</xmax>
      <ymax>596</ymax>
    </bndbox>
    <confidence>0.93082</confidence>
  </object>
  <object>
    <name>Vehicle</name>
    <bndbox>
      <xmin>6</xmin>
      <ymin>29</ymin>
      <xmax>799</xmax>
      <ymax>773</ymax>
    </bndbox>
    <confidence>0.946587</confidence>
  </object>
</annotation>
