<annotation>
  <folder>runs\detect\exp2</folder>
  <filename>2_20200615_112020_000420.jpg</filename>
  <source>
    <database>Unknown</database>
  </source>
  <size>
    <width>1920</width>
    <height>1080</height>
    <depth>3</depth>
  </size>
  <segmented>0</segmented>
  <object>
    <name>Vehicle</name>
    <bndbox>
      <xmin>1090</xmin>
      <ymin>520</ymin>
      <xmax>1126</xmax>
      <ymax>559</ymax>
    </bndbox>
    <confidence>0.755131</confidence>
  </object>
  <object>
    <name>Vehicle</name>
    <bndbox>
      <xmin>944</xmin>
      <ymin>486</ymin>
      <xmax>1032</xmax>
      <ymax>580</ymax>
    </bndbox>
    <confidence>0.909219</confidence>
  </object>
  <object>
    <name>Vehicle</name>
    <bndbox>
      <xmin>779</xmin>
      <ymin>522</ymin>
      <xmax>863</xmax>
      <ymax>590</ymax>
    </bndbox>
    <confidence>0.934784</confidence>
  </object>
</annotation>
