<annotation>
  <folder>runs\detect\exp39</folder>
  <filename>2_20200615_112020_000330.jpg</filename>
  <source>
    <database>Unknown</database>
  </source>
  <size>
    <width>1920</width>
    <height>1080</height>
    <depth>3</depth>
  </size>
  <segmented>0</segmented>
  <object>
    <name>Vehicle</name>
    <bndbox>
      <xmin>974</xmin>
      <ymin>537</ymin>
      <xmax>1002</xmax>
      <ymax>565</ymax>
    </bndbox>
    <confidence>0.576206</confidence>
  </object>
  <object>
    <name>Vehicle</name>
    <bndbox>
      <xmin>1000</xmin>
      <ymin>507</ymin>
      <xmax>1054</xmax>
      <ymax>572</ymax>
    </bndbox>
    <confidence>0.872493</confidence>
  </object>
  <object>
    <name>Vehicle</name>
    <bndbox>
      <xmin>3</xmin>
      <ymin>6</ymin>
      <xmax>617</xmax>
      <ymax>810</ymax>
    </bndbox>
    <confidence>0.957433</confidence>
  </object>
</annotation>
