<annotation>
  <folder>runs\detect\exp2</folder>
  <filename>2_20200615_112020_000630.jpg</filename>
  <source>
    <database>Unknown</database>
  </source>
  <size>
    <width>1920</width>
    <height>1080</height>
    <depth>3</depth>
  </size>
  <segmented>0</segmented>
  <object>
    <name>TrafficSign</name>
    <bndbox>
      <xmin>941</xmin>
      <ymin>448</ymin>
      <xmax>978</xmax>
      <ymax>487</ymax>
    </bndbox>
    <confidence>0.583337</confidence>
  </object>
  <object>
    <name>Vehicle</name>
    <bndbox>
      <xmin>992</xmin>
      <ymin>537</ymin>
      <xmax>1022</xmax>
      <ymax>563</ymax>
    </bndbox>
    <confidence>0.666721</confidence>
  </object>
  <object>
    <name>Vehicle</name>
    <bndbox>
      <xmin>924</xmin>
      <ymin>533</ymin>
      <xmax>973</xmax>
      <ymax>570</ymax>
    </bndbox>
    <confidence>0.89996</confidence>
  </object>
  <object>
    <name>Vehicle</name>
    <bndbox>
      <xmin>768</xmin>
      <ymin>540</ymin>
      <xmax>836</xmax>
      <ymax>596</ymax>
    </bndbox>
    <confidence>0.935023</confidence>
  </object>
  <object>
    <name>Vehicle</name>
    <bndbox>
      <xmin>4</xmin>
      <ymin>29</ymin>
      <xmax>799</xmax>
      <ymax>775</ymax>
    </bndbox>
    <confidence>0.952343</confidence>
  </object>
</annotation>
