<annotation>
  <folder>runs\detect\exp39</folder>
  <filename>2_20200615_112020_000180.jpg</filename>
  <source>
    <database>Unknown</database>
  </source>
  <size>
    <width>1920</width>
    <height>1080</height>
    <depth>3</depth>
  </size>
  <segmented>0</segmented>
  <object>
    <name>Vehicle</name>
    <bndbox>
      <xmin>895</xmin>
      <ymin>492</ymin>
      <xmax>966</xmax>
      <ymax>574</ymax>
    </bndbox>
    <confidence>0.921895</confidence>
  </object>
  <object>
    <name>Vehicle</name>
    <bndbox>
      <xmin>740</xmin>
      <ymin>504</ymin>
      <xmax>838</xmax>
      <ymax>597</ymax>
    </bndbox>
    <confidence>0.941275</confidence>
  </object>
  <object>
    <name>Vehicle</name>
    <bndbox>
      <xmin>3</xmin>
      <ymin>143</ymin>
      <xmax>620</xmax>
      <ymax>793</ymax>
    </bndbox>
    <confidence>0.952833</confidence>
  </object>
</annotation>
