<annotation>
  <folder>runs\detect\exp2</folder>
  <filename>2_20200615_112020_000330.jpg</filename>
  <source>
    <database>Unknown</database>
  </source>
  <size>
    <width>1920</width>
    <height>1080</height>
    <depth>3</depth>
  </size>
  <segmented>0</segmented>
  <object>
    <name>Vehicle</name>
    <bndbox>
      <xmin>973</xmin>
      <ymin>537</ymin>
      <xmax>1000</xmax>
      <ymax>565</ymax>
    </bndbox>
    <confidence>0.620897</confidence>
  </object>
  <object>
    <name>Vehicle</name>
    <bndbox>
      <xmin>999</xmin>
      <ymin>507</ymin>
      <xmax>1054</xmax>
      <ymax>572</ymax>
    </bndbox>
    <confidence>0.881487</confidence>
  </object>
  <object>
    <name>Vehicle</name>
    <bndbox>
      <xmin>3</xmin>
      <ymin>6</ymin>
      <xmax>617</xmax>
      <ymax>811</ymax>
    </bndbox>
    <confidence>0.960693</confidence>
  </object>
</annotation>
