<annotation>
  <folder>runs\detect\exp39</folder>
  <filename>2_20200615_112020_000270.jpg</filename>
  <source>
    <database>Unknown</database>
  </source>
  <size>
    <width>1920</width>
    <height>1080</height>
    <depth>3</depth>
  </size>
  <segmented>0</segmented>
  <object>
    <name>Vehicle</name>
    <bndbox>
      <xmin>1050</xmin>
      <ymin>511</ymin>
      <xmax>1091</xmax>
      <ymax>556</ymax>
    </bndbox>
    <confidence>0.751515</confidence>
  </object>
  <object>
    <name>Vehicle</name>
    <bndbox>
      <xmin>994</xmin>
      <ymin>525</ymin>
      <xmax>1028</xmax>
      <ymax>565</ymax>
    </bndbox>
    <confidence>0.830621</confidence>
  </object>
  <object>
    <name>Vehicle</name>
    <bndbox>
      <xmin>902</xmin>
      <ymin>490</ymin>
      <xmax>993</xmax>
      <ymax>591</ymax>
    </bndbox>
    <confidence>0.926883</confidence>
  </object>
  <object>
    <name>Vehicle</name>
    <bndbox>
      <xmin>806</xmin>
      <ymin>538</ymin>
      <xmax>872</xmax>
      <ymax>582</ymax>
    </bndbox>
    <confidence>0.928527</confidence>
  </object>
</annotation>
