<annotation>
  <folder>runs\detect\exp39</folder>
  <filename>2_20200615_112020_000570.jpg</filename>
  <source>
    <database>Unknown</database>
  </source>
  <size>
    <width>1920</width>
    <height>1080</height>
    <depth>3</depth>
  </size>
  <segmented>0</segmented>
  <object>
    <name>Vehicle</name>
    <bndbox>
      <xmin>1135</xmin>
      <ymin>516</ymin>
      <xmax>1170</xmax>
      <ymax>554</ymax>
    </bndbox>
    <confidence>0.51222</confidence>
  </object>
  <object>
    <name>Vehicle</name>
    <bndbox>
      <xmin>888</xmin>
      <ymin>540</ymin>
      <xmax>935</xmax>
      <ymax>577</ymax>
    </bndbox>
    <confidence>0.904753</confidence>
  </object>
  <object>
    <name>Vehicle</name>
    <bndbox>
      <xmin>769</xmin>
      <ymin>531</ymin>
      <xmax>854</xmax>
      <ymax>594</ymax>
    </bndbox>
    <confidence>0.942228</confidence>
  </object>
</annotation>
