<annotation>
  <folder>runs\detect\exp2</folder>
  <filename>2_20200615_112020_000300.jpg</filename>
  <source>
    <database>Unknown</database>
  </source>
  <size>
    <width>1920</width>
    <height>1080</height>
    <depth>3</depth>
  </size>
  <segmented>0</segmented>
  <object>
    <name>Vehicle</name>
    <bndbox>
      <xmin>1038</xmin>
      <ymin>525</ymin>
      <xmax>1068</xmax>
      <ymax>561</ymax>
    </bndbox>
    <confidence>0.768296</confidence>
  </object>
  <object>
    <name>Vehicle</name>
    <bndbox>
      <xmin>956</xmin>
      <ymin>503</ymin>
      <xmax>1022</xmax>
      <ymax>580</ymax>
    </bndbox>
    <confidence>0.894942</confidence>
  </object>
  <object>
    <name>Vehicle</name>
    <bndbox>
      <xmin>900</xmin>
      <ymin>540</ymin>
      <xmax>949</xmax>
      <ymax>573</ymax>
    </bndbox>
    <confidence>0.908482</confidence>
  </object>
</annotation>
