<annotation>
  <folder>runs\detect\exp2</folder>
  <filename>2_20200615_112020_000120.jpg</filename>
  <source>
    <database>Unknown</database>
  </source>
  <size>
    <width>1920</width>
    <height>1080</height>
    <depth>3</depth>
  </size>
  <segmented>0</segmented>
  <object>
    <name>Vehicle</name>
    <bndbox>
      <xmin>663</xmin>
      <ymin>442</ymin>
      <xmax>826</xmax>
      <ymax>605</ymax>
    </bndbox>
    <confidence>0.955389</confidence>
  </object>
</annotation>
