<annotation>
  <folder>runs\detect\exp2</folder>
  <filename>2_20200615_112020_000660.jpg</filename>
  <source>
    <database>Unknown</database>
  </source>
  <size>
    <width>1920</width>
    <height>1080</height>
    <depth>3</depth>
  </size>
  <segmented>0</segmented>
  <object>
    <name>Vehicle</name>
    <bndbox>
      <xmin>978</xmin>
      <ymin>533</ymin>
      <xmax>1018</xmax>
      <ymax>564</ymax>
    </bndbox>
    <confidence>0.845088</confidence>
  </object>
  <object>
    <name>Vehicle</name>
    <bndbox>
      <xmin>637</xmin>
      <ymin>354</ymin>
      <xmax>929</xmax>
      <ymax>640</ymax>
    </bndbox>
    <confidence>0.961891</confidence>
  </object>
</annotation>
