<annotation>
  <folder>runs\detect\exp2</folder>
  <filename>2_20200615_112020_000240.jpg</filename>
  <source>
    <database>Unknown</database>
  </source>
  <size>
    <width>1920</width>
    <height>1080</height>
    <depth>3</depth>
  </size>
  <segmented>0</segmented>
  <object>
    <name>Vehicle</name>
    <bndbox>
      <xmin>934</xmin>
      <ymin>520</ymin>
      <xmax>980</xmax>
      <ymax>571</ymax>
    </bndbox>
    <confidence>0.831651</confidence>
  </object>
  <object>
    <name>Vehicle</name>
    <bndbox>
      <xmin>1003</xmin>
      <ymin>506</ymin>
      <xmax>1055</xmax>
      <ymax>561</ymax>
    </bndbox>
    <confidence>0.841649</confidence>
  </object>
  <object>
    <name>Vehicle</name>
    <bndbox>
      <xmin>649</xmin>
      <ymin>541</ymin>
      <xmax>753</xmax>
      <ymax>607</ymax>
    </bndbox>
    <confidence>0.951402</confidence>
  </object>
  <object>
    <name>Vehicle</name>
    <bndbox>
      <xmin>810</xmin>
      <ymin>468</ymin>
      <xmax>943</xmax>
      <ymax>610</ymax>
    </bndbox>
    <confidence>0.954955</confidence>
  </object>
</annotation>
