<annotation>
  <folder>runs\detect\exp39</folder>
  <filename>1_20200615_112419_006570.jpg</filename>
  <source>
    <database>Unknown</database>
  </source>
  <size>
    <width>1920</width>
    <height>1080</height>
    <depth>3</depth>
  </size>
  <segmented>0</segmented>
  <object>
    <name>Vehicle</name>
    <bndbox>
      <xmin>943</xmin>
      <ymin>362</ymin>
      <xmax>998</xmax>
      <ymax>407</ymax>
    </bndbox>
    <confidence>0.285656</confidence>
  </object>
  <object>
    <name>Vehicle</name>
    <bndbox>
      <xmin>941</xmin>
      <ymin>390</ymin>
      <xmax>1006</xmax>
      <ymax>429</ymax>
    </bndbox>
    <confidence>0.47824</confidence>
  </object>
  <object>
    <name>Vehicle</name>
    <bndbox>
      <xmin>935</xmin>
      <ymin>428</ymin>
      <xmax>1027</xmax>
      <ymax>492</ymax>
    </bndbox>
    <confidence>0.576422</confidence>
  </object>
  <object>
    <name>Vehicle</name>
    <bndbox>
      <xmin>658</xmin>
      <ymin>385</ymin>
      <xmax>724</xmax>
      <ymax>444</ymax>
    </bndbox>
    <confidence>0.61092</confidence>
  </object>
  <object>
    <name>Vehicle</name>
    <bndbox>
      <xmin>911</xmin>
      <ymin>355</ymin>
      <xmax>943</xmax>
      <ymax>385</ymax>
    </bndbox>
    <confidence>0.833137</confidence>
  </object>
  <object>
    <name>Vehicle</name>
    <bndbox>
      <xmin>884</xmin>
      <ymin>358</ymin>
      <xmax>927</xmax>
      <ymax>392</ymax>
    </bndbox>
    <confidence>0.866471</confidence>
  </object>
  <object>
    <name>Vehicle</name>
    <bndbox>
      <xmin>860</xmin>
      <ymin>442</ymin>
      <xmax>1029</xmax>
      <ymax>577</ymax>
    </bndbox>
    <confidence>0.964764</confidence>
  </object>
</annotation>
