<annotation>
  <folder>runs\detect\exp39</folder>
  <filename>1_20200615_112419_003240.jpg</filename>
  <source>
    <database>Unknown</database>
  </source>
  <size>
    <width>1920</width>
    <height>1080</height>
    <depth>3</depth>
  </size>
  <segmented>0</segmented>
  <object>
    <name>Pedestrian</name>
    <bndbox>
      <xmin>1289</xmin>
      <ymin>472</ymin>
      <xmax>1308</xmax>
      <ymax>529</ymax>
    </bndbox>
    <confidence>0.281175</confidence>
  </object>
  <object>
    <name>Pedestrian</name>
    <bndbox>
      <xmin>1374</xmin>
      <ymin>457</ymin>
      <xmax>1396</xmax>
      <ymax>527</ymax>
    </bndbox>
    <confidence>0.663105</confidence>
  </object>
  <object>
    <name>Vehicle</name>
    <bndbox>
      <xmin>761</xmin>
      <ymin>507</ymin>
      <xmax>792</xmax>
      <ymax>542</ymax>
    </bndbox>
    <confidence>0.66572</confidence>
  </object>
  <object>
    <name>Vehicle</name>
    <bndbox>
      <xmin>459</xmin>
      <ymin>508</ymin>
      <xmax>492</xmax>
      <ymax>535</ymax>
    </bndbox>
    <confidence>0.779209</confidence>
  </object>
  <object>
    <name>Vehicle</name>
    <bndbox>
      <xmin>712</xmin>
      <ymin>507</ymin>
      <xmax>746</xmax>
      <ymax>538</ymax>
    </bndbox>
    <confidence>0.807466</confidence>
  </object>
  <object>
    <name>Vehicle</name>
    <bndbox>
      <xmin>615</xmin>
      <ymin>503</ymin>
      <xmax>668</xmax>
      <ymax>536</ymax>
    </bndbox>
    <confidence>0.821611</confidence>
  </object>
  <object>
    <name>Vehicle</name>
    <bndbox>
      <xmin>733</xmin>
      <ymin>507</ymin>
      <xmax>772</xmax>
      <ymax>539</ymax>
    </bndbox>
    <confidence>0.876616</confidence>
  </object>
  <object>
    <name>Vehicle</name>
    <bndbox>
      <xmin>984</xmin>
      <ymin>478</ymin>
      <xmax>1074</xmax>
      <ymax>558</ymax>
    </bndbox>
    <confidence>0.896491</confidence>
  </object>
  <object>
    <name>Vehicle</name>
    <bndbox>
      <xmin>774</xmin>
      <ymin>490</ymin>
      <xmax>885</xmax>
      <ymax>576</ymax>
    </bndbox>
    <confidence>0.945801</confidence>
  </object>
</annotation>
