<annotation>
  <folder>runs\detect\exp2</folder>
  <filename>1_20200615_112419_005640.jpg</filename>
  <source>
    <database>Unknown</database>
  </source>
  <size>
    <width>1920</width>
    <height>1080</height>
    <depth>3</depth>
  </size>
  <segmented>0</segmented>
  <object>
    <name>Vehicle</name>
    <bndbox>
      <xmin>734</xmin>
      <ymin>493</ymin>
      <xmax>767</xmax>
      <ymax>518</ymax>
    </bndbox>
    <confidence>0.37675</confidence>
  </object>
  <object>
    <name>Pedestrian</name>
    <bndbox>
      <xmin>1027</xmin>
      <ymin>480</ymin>
      <xmax>1040</xmax>
      <ymax>512</ymax>
    </bndbox>
    <confidence>0.437177</confidence>
  </object>
  <object>
    <name>Vehicle</name>
    <bndbox>
      <xmin>768</xmin>
      <ymin>489</ymin>
      <xmax>800</xmax>
      <ymax>514</ymax>
    </bndbox>
    <confidence>0.459721</confidence>
  </object>
  <object>
    <name>Vehicle</name>
    <bndbox>
      <xmin>569</xmin>
      <ymin>473</ymin>
      <xmax>613</xmax>
      <ymax>502</ymax>
    </bndbox>
    <confidence>0.531848</confidence>
  </object>
  <object>
    <name>Vehicle</name>
    <bndbox>
      <xmin>850</xmin>
      <ymin>491</ymin>
      <xmax>882</xmax>
      <ymax>520</ymax>
    </bndbox>
    <confidence>0.646211</confidence>
  </object>
  <object>
    <name>Vehicle</name>
    <bndbox>
      <xmin>632</xmin>
      <ymin>500</ymin>
      <xmax>673</xmax>
      <ymax>536</ymax>
    </bndbox>
    <confidence>0.868458</confidence>
  </object>
  <object>
    <name>TrafficSign</name>
    <bndbox>
      <xmin>1048</xmin>
      <ymin>333</ymin>
      <xmax>1078</xmax>
      <ymax>363</ymax>
    </bndbox>
    <confidence>0.882059</confidence>
  </object>
  <object>
    <name>Vehicle</name>
    <bndbox>
      <xmin>827</xmin>
      <ymin>497</ymin>
      <xmax>876</xmax>
      <ymax>535</ymax>
    </bndbox>
    <confidence>0.895512</confidence>
  </object>
  <object>
    <name>TrafficSign</name>
    <bndbox>
      <xmin>1360</xmin>
      <ymin>289</ymin>
      <xmax>1403</xmax>
      <ymax>333</ymax>
    </bndbox>
    <confidence>0.904664</confidence>
  </object>
  <object>
    <name>Vehicle</name>
    <bndbox>
      <xmin>918</xmin>
      <ymin>492</ymin>
      <xmax>962</xmax>
      <ymax>535</ymax>
    </bndbox>
    <confidence>0.910225</confidence>
  </object>
  <object>
    <name>Vehicle</name>
    <bndbox>
      <xmin>664</xmin>
      <ymin>448</ymin>
      <xmax>732</xmax>
      <ymax>541</ymax>
    </bndbox>
    <confidence>0.913624</confidence>
  </object>
  <object>
    <name>Vehicle</name>
    <bndbox>
      <xmin>942</xmin>
      <ymin>503</ymin>
      <xmax>1015</xmax>
      <ymax>557</ymax>
    </bndbox>
    <confidence>0.93881</confidence>
  </object>
  <object>
    <name>Vehicle</name>
    <bndbox>
      <xmin>540</xmin>
      <ymin>503</ymin>
      <xmax>628</xmax>
      <ymax>572</ymax>
    </bndbox>
    <confidence>0.940759</confidence>
  </object>
  <object>
    <name>Vehicle</name>
    <bndbox>
      <xmin>1</xmin>
      <ymin>435</ymin>
      <xmax>349</xmax>
      <ymax>980</ymax>
    </bndbox>
    <confidence>0.967733</confidence>
  </object>
</annotation>
