<annotation>
  <folder>runs\detect\exp2</folder>
  <filename>1_20200615_112419_006060.jpg</filename>
  <source>
    <database>Unknown</database>
  </source>
  <size>
    <width>1920</width>
    <height>1080</height>
    <depth>3</depth>
  </size>
  <segmented>0</segmented>
  <object>
    <name>TrafficSign</name>
    <bndbox>
      <xmin>505</xmin>
      <ymin>367</ymin>
      <xmax>536</xmax>
      <ymax>401</ymax>
    </bndbox>
    <confidence>0.269245</confidence>
  </object>
  <object>
    <name>Vehicle</name>
    <bndbox>
      <xmin>545</xmin>
      <ymin>569</ymin>
      <xmax>596</xmax>
      <ymax>601</ymax>
    </bndbox>
    <confidence>0.862849</confidence>
  </object>
  <object>
    <name>Vehicle</name>
    <bndbox>
      <xmin>637</xmin>
      <ymin>568</ymin>
      <xmax>691</xmax>
      <ymax>600</ymax>
    </bndbox>
    <confidence>0.865962</confidence>
  </object>
  <object>
    <name>TrafficSign</name>
    <bndbox>
      <xmin>475</xmin>
      <ymin>195</ymin>
      <xmax>510</xmax>
      <ymax>230</ymax>
    </bndbox>
    <confidence>0.870164</confidence>
  </object>
  <object>
    <name>TrafficSign</name>
    <bndbox>
      <xmin>481</xmin>
      <ymin>353</ymin>
      <xmax>516</xmax>
      <ymax>389</ymax>
    </bndbox>
    <confidence>0.870658</confidence>
  </object>
  <object>
    <name>TrafficSign</name>
    <bndbox>
      <xmin>477</xmin>
      <ymin>249</ymin>
      <xmax>513</xmax>
      <ymax>284</ymax>
    </bndbox>
    <confidence>0.881449</confidence>
  </object>
  <object>
    <name>TrafficSign</name>
    <bndbox>
      <xmin>478</xmin>
      <ymin>320</ymin>
      <xmax>514</xmax>
      <ymax>354</ymax>
    </bndbox>
    <confidence>0.898068</confidence>
  </object>
  <object>
    <name>TrafficSign</name>
    <bndbox>
      <xmin>477</xmin>
      <ymin>284</ymin>
      <xmax>513</xmax>
      <ymax>320</ymax>
    </bndbox>
    <confidence>0.909756</confidence>
  </object>
  <object>
    <name>Vehicle</name>
    <bndbox>
      <xmin>680</xmin>
      <ymin>453</ymin>
      <xmax>1085</xmax>
      <ymax>767</ymax>
    </bndbox>
    <confidence>0.968321</confidence>
  </object>
</annotation>
