<annotation>
  <folder>runs\detect\exp39</folder>
  <filename>1_20200615_112419_005250.jpg</filename>
  <source>
    <database>Unknown</database>
  </source>
  <size>
    <width>1920</width>
    <height>1080</height>
    <depth>3</depth>
  </size>
  <segmented>0</segmented>
  <object>
    <name>Vehicle</name>
    <bndbox>
      <xmin>1316</xmin>
      <ymin>497</ymin>
      <xmax>1361</xmax>
      <ymax>539</ymax>
    </bndbox>
    <confidence>0.251183</confidence>
  </object>
  <object>
    <name>Pedestrian</name>
    <bndbox>
      <xmin>1377</xmin>
      <ymin>486</ymin>
      <xmax>1400</xmax>
      <ymax>548</ymax>
    </bndbox>
    <confidence>0.383522</confidence>
  </object>
  <object>
    <name>Pedestrian</name>
    <bndbox>
      <xmin>555</xmin>
      <ymin>517</ymin>
      <xmax>567</xmax>
      <ymax>547</ymax>
    </bndbox>
    <confidence>0.415656</confidence>
  </object>
  <object>
    <name>Pedestrian</name>
    <bndbox>
      <xmin>1399</xmin>
      <ymin>478</ymin>
      <xmax>1425</xmax>
      <ymax>552</ymax>
    </bndbox>
    <confidence>0.765227</confidence>
  </object>
  <object>
    <name>Pedestrian</name>
    <bndbox>
      <xmin>76</xmin>
      <ymin>524</ymin>
      <xmax>100</xmax>
      <ymax>588</ymax>
    </bndbox>
    <confidence>0.78833</confidence>
  </object>
  <object>
    <name>TrafficLight</name>
    <bndbox>
      <xmin>1044</xmin>
      <ymin>27</ymin>
      <xmax>1189</xmax>
      <ymax>66</ymax>
    </bndbox>
    <confidence>0.866012</confidence>
  </object>
  <object>
    <name>TrafficSign</name>
    <bndbox>
      <xmin>1028</xmin>
      <ymin>343</ymin>
      <xmax>1054</xmax>
      <ymax>369</ymax>
    </bndbox>
    <confidence>0.869765</confidence>
  </object>
  <object>
    <name>TrafficLight</name>
    <bndbox>
      <xmin>909</xmin>
      <ymin>269</ymin>
      <xmax>978</xmax>
      <ymax>289</ymax>
    </bndbox>
    <confidence>0.879331</confidence>
  </object>
  <object>
    <name>TrafficLight</name>
    <bndbox>
      <xmin>653</xmin>
      <ymin>42</ymin>
      <xmax>795</xmax>
      <ymax>81</ymax>
    </bndbox>
    <confidence>0.89874</confidence>
  </object>
  <object>
    <name>TrafficSign</name>
    <bndbox>
      <xmin>1101</xmin>
      <ymin>213</ymin>
      <xmax>1144</xmax>
      <ymax>257</ymax>
    </bndbox>
    <confidence>0.907161</confidence>
  </object>
  <object>
    <name>Vehicle</name>
    <bndbox>
      <xmin>681</xmin>
      <ymin>474</ymin>
      <xmax>753</xmax>
      <ymax>561</ymax>
    </bndbox>
    <confidence>0.916806</confidence>
  </object>
  <object>
    <name>Vehicle</name>
    <bndbox>
      <xmin>809</xmin>
      <ymin>500</ymin>
      <xmax>880</xmax>
      <ymax>563</ymax>
    </bndbox>
    <confidence>0.931891</confidence>
  </object>
  <object>
    <name>Vehicle</name>
    <bndbox>
      <xmin>1</xmin>
      <ymin>473</ymin>
      <xmax>72</xmax>
      <ymax>617</ymax>
    </bndbox>
    <confidence>0.933238</confidence>
  </object>
  <object>
    <name>TrafficSign</name>
    <bndbox>
      <xmin>879</xmin>
      <ymin>9</ymin>
      <xmax>967</xmax>
      <ymax>97</ymax>
    </bndbox>
    <confidence>0.939111</confidence>
  </object>
  <object>
    <name>Vehicle</name>
    <bndbox>
      <xmin>635</xmin>
      <ymin>499</ymin>
      <xmax>725</xmax>
      <ymax>569</ymax>
    </bndbox>
    <confidence>0.94253</confidence>
  </object>
  <object>
    <name>Vehicle</name>
    <bndbox>
      <xmin>179</xmin>
      <ymin>527</ymin>
      <xmax>292</xmax>
      <ymax>597</ymax>
    </bndbox>
    <confidence>0.951391</confidence>
  </object>
  <object>
    <name>Vehicle</name>
    <bndbox>
      <xmin>840</xmin>
      <ymin>465</ymin>
      <xmax>1134</xmax>
      <ymax>709</ymax>
    </bndbox>
    <confidence>0.96304</confidence>
  </object>
</annotation>
