<annotation>
  <folder>runs\detect\exp39</folder>
  <filename>1_20200615_112419_005730.jpg</filename>
  <source>
    <database>Unknown</database>
  </source>
  <size>
    <width>1920</width>
    <height>1080</height>
    <depth>3</depth>
  </size>
  <segmented>0</segmented>
  <object>
    <name>Vehicle</name>
    <bndbox>
      <xmin>114</xmin>
      <ymin>389</ymin>
      <xmax>141</xmax>
      <ymax>424</ymax>
    </bndbox>
    <confidence>0.27747</confidence>
  </object>
  <object>
    <name>Pedestrian</name>
    <bndbox>
      <xmin>1055</xmin>
      <ymin>403</ymin>
      <xmax>1077</xmax>
      <ymax>455</ymax>
    </bndbox>
    <confidence>0.665054</confidence>
  </object>
  <object>
    <name>Vehicle</name>
    <bndbox>
      <xmin>655</xmin>
      <ymin>433</ymin>
      <xmax>681</xmax>
      <ymax>465</ymax>
    </bndbox>
    <confidence>0.741354</confidence>
  </object>
  <object>
    <name>Vehicle</name>
    <bndbox>
      <xmin>467</xmin>
      <ymin>389</ymin>
      <xmax>498</xmax>
      <ymax>417</ymax>
    </bndbox>
    <confidence>0.765246</confidence>
  </object>
  <object>
    <name>Vehicle</name>
    <bndbox>
      <xmin>498</xmin>
      <ymin>401</ymin>
      <xmax>531</xmax>
      <ymax>429</ymax>
    </bndbox>
    <confidence>0.808297</confidence>
  </object>
  <object>
    <name>TrafficSign</name>
    <bndbox>
      <xmin>762</xmin>
      <ymin>293</ymin>
      <xmax>845</xmax>
      <ymax>325</ymax>
    </bndbox>
    <confidence>0.813725</confidence>
  </object>
  <object>
    <name>Vehicle</name>
    <bndbox>
      <xmin>491</xmin>
      <ymin>424</ymin>
      <xmax>530</xmax>
      <ymax>452</ymax>
    </bndbox>
    <confidence>0.834695</confidence>
  </object>
  <object>
    <name>Vehicle</name>
    <bndbox>
      <xmin>611</xmin>
      <ymin>432</ymin>
      <xmax>662</xmax>
      <ymax>471</ymax>
    </bndbox>
    <confidence>0.848404</confidence>
  </object>
  <object>
    <name>Vehicle</name>
    <bndbox>
      <xmin>546</xmin>
      <ymin>418</ymin>
      <xmax>586</xmax>
      <ymax>448</ymax>
    </bndbox>
    <confidence>0.88351</confidence>
  </object>
  <object>
    <name>TrafficSign</name>
    <bndbox>
      <xmin>1690</xmin>
      <ymin>190</ymin>
      <xmax>1759</xmax>
      <ymax>263</ymax>
    </bndbox>
    <confidence>0.888937</confidence>
  </object>
  <object>
    <name>Vehicle</name>
    <bndbox>
      <xmin>405</xmin>
      <ymin>425</ymin>
      <xmax>452</xmax>
      <ymax>475</ymax>
    </bndbox>
    <confidence>0.904564</confidence>
  </object>
  <object>
    <name>Vehicle</name>
    <bndbox>
      <xmin>759</xmin>
      <ymin>421</ymin>
      <xmax>819</xmax>
      <ymax>474</ymax>
    </bndbox>
    <confidence>0.922647</confidence>
  </object>
  <object>
    <name>Vehicle</name>
    <bndbox>
      <xmin>820</xmin>
      <ymin>431</ymin>
      <xmax>916</xmax>
      <ymax>500</ymax>
    </bndbox>
    <confidence>0.948132</confidence>
  </object>
</annotation>
