<annotation>
  <folder>runs\detect\exp2</folder>
  <filename>1_20200615_112419_005940.jpg</filename>
  <source>
    <database>Unknown</database>
  </source>
  <size>
    <width>1920</width>
    <height>1080</height>
    <depth>3</depth>
  </size>
  <segmented>0</segmented>
  <object>
    <name>Vehicle</name>
    <bndbox>
      <xmin>77</xmin>
      <ymin>465</ymin>
      <xmax>116</xmax>
      <ymax>513</ymax>
    </bndbox>
    <confidence>0.890059</confidence>
  </object>
  <object>
    <name>Vehicle</name>
    <bndbox>
      <xmin>626</xmin>
      <ymin>445</ymin>
      <xmax>669</xmax>
      <ymax>485</ymax>
    </bndbox>
    <confidence>0.892601</confidence>
  </object>
  <object>
    <name>Vehicle</name>
    <bndbox>
      <xmin>570</xmin>
      <ymin>441</ymin>
      <xmax>627</xmax>
      <ymax>487</ymax>
    </bndbox>
    <confidence>0.91801</confidence>
  </object>
  <object>
    <name>Vehicle</name>
    <bndbox>
      <xmin>698</xmin>
      <ymin>442</ymin>
      <xmax>770</xmax>
      <ymax>491</ymax>
    </bndbox>
    <confidence>0.92953</confidence>
  </object>
  <object>
    <name>Vehicle</name>
    <bndbox>
      <xmin>781</xmin>
      <ymin>431</ymin>
      <xmax>886</xmax>
      <ymax>527</ymax>
    </bndbox>
    <confidence>0.9501</confidence>
  </object>
  <object>
    <name>Vehicle</name>
    <bndbox>
      <xmin>1334</xmin>
      <ymin>448</ymin>
      <xmax>1467</xmax>
      <ymax>545</ymax>
    </bndbox>
    <confidence>0.952315</confidence>
  </object>
  <object>
    <name>Vehicle</name>
    <bndbox>
      <xmin>1</xmin>
      <ymin>422</ymin>
      <xmax>79</xmax>
      <ymax>524</ymax>
    </bndbox>
    <confidence>0.952938</confidence>
  </object>
  <object>
    <name>Vehicle</name>
    <bndbox>
      <xmin>838</xmin>
      <ymin>452</ymin>
      <xmax>1059</xmax>
      <ymax>618</ymax>
    </bndbox>
    <confidence>0.969864</confidence>
  </object>
</annotation>
