<annotation>
  <folder>runs\detect\exp2</folder>
  <filename>1_20200615_112419_004380.jpg</filename>
  <source>
    <database>Unknown</database>
  </source>
  <size>
    <width>1920</width>
    <height>1080</height>
    <depth>3</depth>
  </size>
  <segmented>0</segmented>
  <object>
    <name>Pedestrian</name>
    <bndbox>
      <xmin>101</xmin>
      <ymin>586</ymin>
      <xmax>116</xmax>
      <ymax>653</ymax>
    </bndbox>
    <confidence>0.371682</confidence>
  </object>
  <object>
    <name>Pedestrian</name>
    <bndbox>
      <xmin>107</xmin>
      <ymin>584</ymin>
      <xmax>134</xmax>
      <ymax>654</ymax>
    </bndbox>
    <confidence>0.737745</confidence>
  </object>
  <object>
    <name>Vehicle</name>
    <bndbox>
      <xmin>755</xmin>
      <ymin>600</ymin>
      <xmax>786</xmax>
      <ymax>627</ymax>
    </bndbox>
    <confidence>0.746701</confidence>
  </object>
  <object>
    <name>TrafficLight</name>
    <bndbox>
      <xmin>1062</xmin>
      <ymin>350</ymin>
      <xmax>1126</xmax>
      <ymax>369</ymax>
    </bndbox>
    <confidence>0.794944</confidence>
  </object>
  <object>
    <name>TrafficSign</name>
    <bndbox>
      <xmin>1147</xmin>
      <ymin>418</ymin>
      <xmax>1174</xmax>
      <ymax>445</ymax>
    </bndbox>
    <confidence>0.878162</confidence>
  </object>
  <object>
    <name>TrafficLight</name>
    <bndbox>
      <xmin>1346</xmin>
      <ymin>82</ymin>
      <xmax>1482</xmax>
      <ymax>120</ymax>
    </bndbox>
    <confidence>0.902807</confidence>
  </object>
  <object>
    <name>TrafficLight</name>
    <bndbox>
      <xmin>970</xmin>
      <ymin>91</ymin>
      <xmax>1108</xmax>
      <ymax>129</ymax>
    </bndbox>
    <confidence>0.903144</confidence>
  </object>
  <object>
    <name>Vehicle</name>
    <bndbox>
      <xmin>1114</xmin>
      <ymin>559</ymin>
      <xmax>1180</xmax>
      <ymax>630</ymax>
    </bndbox>
    <confidence>0.925512</confidence>
  </object>
  <object>
    <name>TrafficSign</name>
    <bndbox>
      <xmin>1179</xmin>
      <ymin>37</ymin>
      <xmax>1267</xmax>
      <ymax>123</ymax>
    </bndbox>
    <confidence>0.940536</confidence>
  </object>
  <object>
    <name>Vehicle</name>
    <bndbox>
      <xmin>422</xmin>
      <ymin>427</ymin>
      <xmax>762</xmax>
      <ymax>702</ymax>
    </bndbox>
    <confidence>0.964378</confidence>
  </object>
  <object>
    <name>Vehicle</name>
    <bndbox>
      <xmin>845</xmin>
      <ymin>487</ymin>
      <xmax>1127</xmax>
      <ymax>717</ymax>
    </bndbox>
    <confidence>0.970256</confidence>
  </object>
</annotation>
