<annotation>
  <folder>runs\detect\exp39</folder>
  <filename>1_20200615_112419_004860.jpg</filename>
  <source>
    <database>Unknown</database>
  </source>
  <size>
    <width>1920</width>
    <height>1080</height>
    <depth>3</depth>
  </size>
  <segmented>0</segmented>
  <object>
    <name>TrafficSign</name>
    <bndbox>
      <xmin>1009</xmin>
      <ymin>250</ymin>
      <xmax>1037</xmax>
      <ymax>291</ymax>
    </bndbox>
    <confidence>0.444639</confidence>
  </object>
  <object>
    <name>Vehicle</name>
    <bndbox>
      <xmin>753</xmin>
      <ymin>424</ymin>
      <xmax>788</xmax>
      <ymax>453</ymax>
    </bndbox>
    <confidence>0.4581</confidence>
  </object>
  <object>
    <name>Vehicle</name>
    <bndbox>
      <xmin>824</xmin>
      <ymin>427</ymin>
      <xmax>855</xmax>
      <ymax>466</ymax>
    </bndbox>
    <confidence>0.591415</confidence>
  </object>
  <object>
    <name>Vehicle</name>
    <bndbox>
      <xmin>810</xmin>
      <ymin>437</ymin>
      <xmax>842</xmax>
      <ymax>467</ymax>
    </bndbox>
    <confidence>0.760529</confidence>
  </object>
  <object>
    <name>Vehicle</name>
    <bndbox>
      <xmin>770</xmin>
      <ymin>442</ymin>
      <xmax>805</xmax>
      <ymax>470</ymax>
    </bndbox>
    <confidence>0.78022</confidence>
  </object>
  <object>
    <name>Pedestrian</name>
    <bndbox>
      <xmin>258</xmin>
      <ymin>448</ymin>
      <xmax>280</xmax>
      <ymax>509</ymax>
    </bndbox>
    <confidence>0.800427</confidence>
  </object>
  <object>
    <name>TrafficSign</name>
    <bndbox>
      <xmin>1010</xmin>
      <ymin>247</ymin>
      <xmax>1091</xmax>
      <ymax>290</ymax>
    </bndbox>
    <confidence>0.832684</confidence>
  </object>
  <object>
    <name>Vehicle</name>
    <bndbox>
      <xmin>662</xmin>
      <ymin>433</ymin>
      <xmax>707</xmax>
      <ymax>478</ymax>
    </bndbox>
    <confidence>0.865742</confidence>
  </object>
  <object>
    <name>TrafficSign</name>
    <bndbox>
      <xmin>1245</xmin>
      <ymin>235</ymin>
      <xmax>1274</xmax>
      <ymax>263</ymax>
    </bndbox>
    <confidence>0.877153</confidence>
  </object>
  <object>
    <name>Vehicle</name>
    <bndbox>
      <xmin>695</xmin>
      <ymin>429</ymin>
      <xmax>773</xmax>
      <ymax>491</ymax>
    </bndbox>
    <confidence>0.925717</confidence>
  </object>
  <object>
    <name>Vehicle</name>
    <bndbox>
      <xmin>938</xmin>
      <ymin>429</ymin>
      <xmax>1015</xmax>
      <ymax>491</ymax>
    </bndbox>
    <confidence>0.929308</confidence>
  </object>
  <object>
    <name>Vehicle</name>
    <bndbox>
      <xmin>1</xmin>
      <ymin>473</ymin>
      <xmax>162</xmax>
      <ymax>625</ymax>
    </bndbox>
    <confidence>0.961695</confidence>
  </object>
  <object>
    <name>Vehicle</name>
    <bndbox>
      <xmin>445</xmin>
      <ymin>434</ymin>
      <xmax>711</xmax>
      <ymax>636</ymax>
    </bndbox>
    <confidence>0.963681</confidence>
  </object>
</annotation>
