<annotation>
  <folder>runs\detect\exp2</folder>
  <filename>1_20200615_112419_006570.jpg</filename>
  <source>
    <database>Unknown</database>
  </source>
  <size>
    <width>1920</width>
    <height>1080</height>
    <depth>3</depth>
  </size>
  <segmented>0</segmented>
  <object>
    <name>Vehicle</name>
    <bndbox>
      <xmin>943</xmin>
      <ymin>362</ymin>
      <xmax>998</xmax>
      <ymax>406</ymax>
    </bndbox>
    <confidence>0.272667</confidence>
  </object>
  <object>
    <name>Vehicle</name>
    <bndbox>
      <xmin>941</xmin>
      <ymin>390</ymin>
      <xmax>1007</xmax>
      <ymax>429</ymax>
    </bndbox>
    <confidence>0.538889</confidence>
  </object>
  <object>
    <name>Vehicle</name>
    <bndbox>
      <xmin>935</xmin>
      <ymin>431</ymin>
      <xmax>1027</xmax>
      <ymax>492</ymax>
    </bndbox>
    <confidence>0.57902</confidence>
  </object>
  <object>
    <name>Vehicle</name>
    <bndbox>
      <xmin>658</xmin>
      <ymin>385</ymin>
      <xmax>726</xmax>
      <ymax>444</ymax>
    </bndbox>
    <confidence>0.659621</confidence>
  </object>
  <object>
    <name>Vehicle</name>
    <bndbox>
      <xmin>911</xmin>
      <ymin>355</ymin>
      <xmax>943</xmax>
      <ymax>385</ymax>
    </bndbox>
    <confidence>0.842857</confidence>
  </object>
  <object>
    <name>Vehicle</name>
    <bndbox>
      <xmin>884</xmin>
      <ymin>358</ymin>
      <xmax>927</xmax>
      <ymax>392</ymax>
    </bndbox>
    <confidence>0.871697</confidence>
  </object>
  <object>
    <name>Vehicle</name>
    <bndbox>
      <xmin>861</xmin>
      <ymin>442</ymin>
      <xmax>1031</xmax>
      <ymax>577</ymax>
    </bndbox>
    <confidence>0.968243</confidence>
  </object>
</annotation>
