<annotation>
  <folder>runs\detect\exp2</folder>
  <filename>1_20200615_112419_006090.jpg</filename>
  <source>
    <database>Unknown</database>
  </source>
  <size>
    <width>1920</width>
    <height>1080</height>
    <depth>3</depth>
  </size>
  <segmented>0</segmented>
  <object>
    <name>Vehicle</name>
    <bndbox>
      <xmin>1056</xmin>
      <ymin>519</ymin>
      <xmax>1112</xmax>
      <ymax>566</ymax>
    </bndbox>
    <confidence>0.405039</confidence>
  </object>
  <object>
    <name>Vehicle</name>
    <bndbox>
      <xmin>250</xmin>
      <ymin>548</ymin>
      <xmax>334</xmax>
      <ymax>625</ymax>
    </bndbox>
    <confidence>0.837904</confidence>
  </object>
  <object>
    <name>TrafficSign</name>
    <bndbox>
      <xmin>461</xmin>
      <ymin>325</ymin>
      <xmax>507</xmax>
      <ymax>367</ymax>
    </bndbox>
    <confidence>0.889961</confidence>
  </object>
  <object>
    <name>TrafficSign</name>
    <bndbox>
      <xmin>373</xmin>
      <ymin>76</ymin>
      <xmax>420</xmax>
      <ymax>122</ymax>
    </bndbox>
    <confidence>0.893983</confidence>
  </object>
  <object>
    <name>TrafficSign</name>
    <bndbox>
      <xmin>378</xmin>
      <ymin>147</ymin>
      <xmax>425</xmax>
      <ymax>195</ymax>
    </bndbox>
    <confidence>0.904437</confidence>
  </object>
  <object>
    <name>TrafficSign</name>
    <bndbox>
      <xmin>383</xmin>
      <ymin>291</ymin>
      <xmax>430</xmax>
      <ymax>338</ymax>
    </bndbox>
    <confidence>0.910834</confidence>
  </object>
  <object>
    <name>Vehicle</name>
    <bndbox>
      <xmin>644</xmin>
      <ymin>556</ymin>
      <xmax>703</xmax>
      <ymax>611</ymax>
    </bndbox>
    <confidence>0.917624</confidence>
  </object>
  <object>
    <name>TrafficSign</name>
    <bndbox>
      <xmin>380</xmin>
      <ymin>243</ymin>
      <xmax>427</xmax>
      <ymax>289</ymax>
    </bndbox>
    <confidence>0.917669</confidence>
  </object>
  <object>
    <name>TrafficSign</name>
    <bndbox>
      <xmin>379</xmin>
      <ymin>195</ymin>
      <xmax>427</xmax>
      <ymax>243</ymax>
    </bndbox>
    <confidence>0.921792</confidence>
  </object>
  <object>
    <name>Vehicle</name>
    <bndbox>
      <xmin>684</xmin>
      <ymin>459</ymin>
      <xmax>1057</xmax>
      <ymax>747</ymax>
    </bndbox>
    <confidence>0.971243</confidence>
  </object>
</annotation>
