<annotation>
  <folder>runs\detect\exp2</folder>
  <filename>1_20200615_112419_003420.jpg</filename>
  <source>
    <database>Unknown</database>
  </source>
  <size>
    <width>1920</width>
    <height>1080</height>
    <depth>3</depth>
  </size>
  <segmented>0</segmented>
  <object>
    <name>Vehicle</name>
    <bndbox>
      <xmin>734</xmin>
      <ymin>519</ymin>
      <xmax>848</xmax>
      <ymax>608</ymax>
    </bndbox>
    <confidence>0.801021</confidence>
  </object>
  <object>
    <name>TrafficSign</name>
    <bndbox>
      <xmin>794</xmin>
      <ymin>356</ymin>
      <xmax>824</xmax>
      <ymax>386</ymax>
    </bndbox>
    <confidence>0.900112</confidence>
  </object>
  <object>
    <name>Vehicle</name>
    <bndbox>
      <xmin>1017</xmin>
      <ymin>524</ymin>
      <xmax>1055</xmax>
      <ymax>582</ymax>
    </bndbox>
    <confidence>0.906119</confidence>
  </object>
  <object>
    <name>Vehicle</name>
    <bndbox>
      <xmin>1044</xmin>
      <ymin>506</ymin>
      <xmax>1137</xmax>
      <ymax>585</ymax>
    </bndbox>
    <confidence>0.935799</confidence>
  </object>
  <object>
    <name>Vehicle</name>
    <bndbox>
      <xmin>1242</xmin>
      <ymin>514</ymin>
      <xmax>1359</xmax>
      <ymax>609</ymax>
    </bndbox>
    <confidence>0.956115</confidence>
  </object>
  <object>
    <name>Vehicle</name>
    <bndbox>
      <xmin>1317</xmin>
      <ymin>513</ymin>
      <xmax>1472</xmax>
      <ymax>624</ymax>
    </bndbox>
    <confidence>0.962743</confidence>
  </object>
  <object>
    <name>Vehicle</name>
    <bndbox>
      <xmin>1446</xmin>
      <ymin>506</ymin>
      <xmax>1625</xmax>
      <ymax>638</ymax>
    </bndbox>
    <confidence>0.964932</confidence>
  </object>
</annotation>
