<annotation>
  <folder>runs\detect\exp2</folder>
  <filename>1_20200615_112419_003240.jpg</filename>
  <source>
    <database>Unknown</database>
  </source>
  <size>
    <width>1920</width>
    <height>1080</height>
    <depth>3</depth>
  </size>
  <segmented>0</segmented>
  <object>
    <name>Pedestrian</name>
    <bndbox>
      <xmin>1289</xmin>
      <ymin>472</ymin>
      <xmax>1308</xmax>
      <ymax>529</ymax>
    </bndbox>
    <confidence>0.264898</confidence>
  </object>
  <object>
    <name>Pedestrian</name>
    <bndbox>
      <xmin>1374</xmin>
      <ymin>457</ymin>
      <xmax>1396</xmax>
      <ymax>528</ymax>
    </bndbox>
    <confidence>0.662505</confidence>
  </object>
  <object>
    <name>Vehicle</name>
    <bndbox>
      <xmin>761</xmin>
      <ymin>507</ymin>
      <xmax>792</xmax>
      <ymax>542</ymax>
    </bndbox>
    <confidence>0.702678</confidence>
  </object>
  <object>
    <name>Vehicle</name>
    <bndbox>
      <xmin>459</xmin>
      <ymin>508</ymin>
      <xmax>493</xmax>
      <ymax>535</ymax>
    </bndbox>
    <confidence>0.784071</confidence>
  </object>
  <object>
    <name>Vehicle</name>
    <bndbox>
      <xmin>710</xmin>
      <ymin>507</ymin>
      <xmax>745</xmax>
      <ymax>538</ymax>
    </bndbox>
    <confidence>0.825016</confidence>
  </object>
  <object>
    <name>Vehicle</name>
    <bndbox>
      <xmin>615</xmin>
      <ymin>503</ymin>
      <xmax>668</xmax>
      <ymax>536</ymax>
    </bndbox>
    <confidence>0.825771</confidence>
  </object>
  <object>
    <name>Vehicle</name>
    <bndbox>
      <xmin>733</xmin>
      <ymin>507</ymin>
      <xmax>772</xmax>
      <ymax>539</ymax>
    </bndbox>
    <confidence>0.88286</confidence>
  </object>
  <object>
    <name>Vehicle</name>
    <bndbox>
      <xmin>984</xmin>
      <ymin>478</ymin>
      <xmax>1074</xmax>
      <ymax>558</ymax>
    </bndbox>
    <confidence>0.909762</confidence>
  </object>
  <object>
    <name>Vehicle</name>
    <bndbox>
      <xmin>774</xmin>
      <ymin>490</ymin>
      <xmax>885</xmax>
      <ymax>576</ymax>
    </bndbox>
    <confidence>0.949724</confidence>
  </object>
</annotation>
