<annotation>
  <folder>runs\detect\exp2</folder>
  <filename>1_20200615_112419_004020.jpg</filename>
  <source>
    <database>Unknown</database>
  </source>
  <size>
    <width>1920</width>
    <height>1080</height>
    <depth>3</depth>
  </size>
  <segmented>0</segmented>
  <object>
    <name>Vehicle</name>
    <bndbox>
      <xmin>281</xmin>
      <ymin>500</ymin>
      <xmax>329</xmax>
      <ymax>549</ymax>
    </bndbox>
    <confidence>0.849885</confidence>
  </object>
  <object>
    <name>Vehicle</name>
    <bndbox>
      <xmin>491</xmin>
      <ymin>481</ymin>
      <xmax>667</xmax>
      <ymax>606</ymax>
    </bndbox>
    <confidence>0.966459</confidence>
  </object>
  <object>
    <name>Vehicle</name>
    <bndbox>
      <xmin>668</xmin>
      <ymin>460</ymin>
      <xmax>944</xmax>
      <ymax>685</ymax>
    </bndbox>
    <confidence>0.967551</confidence>
  </object>
</annotation>
