<annotation>
  <folder>runs\detect\exp2</folder>
  <filename>1_20200615_112419_000240.jpg</filename>
  <source>
    <database>Unknown</database>
  </source>
  <size>
    <width>1920</width>
    <height>1080</height>
    <depth>3</depth>
  </size>
  <segmented>0</segmented>
  <object>
    <name>Vehicle</name>
    <bndbox>
      <xmin>1004</xmin>
      <ymin>503</ymin>
      <xmax>1032</xmax>
      <ymax>530</ymax>
    </bndbox>
    <confidence>0.765006</confidence>
  </object>
  <object>
    <name>Vehicle</name>
    <bndbox>
      <xmin>720</xmin>
      <ymin>498</ymin>
      <xmax>798</xmax>
      <ymax>570</ymax>
    </bndbox>
    <confidence>0.920115</confidence>
  </object>
  <object>
    <name>Vehicle</name>
    <bndbox>
      <xmin>843</xmin>
      <ymin>517</ymin>
      <xmax>896</xmax>
      <ymax>556</ymax>
    </bndbox>
    <confidence>0.924464</confidence>
  </object>
  <object>
    <name>Vehicle</name>
    <bndbox>
      <xmin>609</xmin>
      <ymin>520</ymin>
      <xmax>673</xmax>
      <ymax>574</ymax>
    </bndbox>
    <confidence>0.936412</confidence>
  </object>
  <object>
    <name>Vehicle</name>
    <bndbox>
      <xmin>1573</xmin>
      <ymin>129</ymin>
      <xmax>1920</xmax>
      <ymax>756</ymax>
    </bndbox>
    <confidence>0.950302</confidence>
  </object>
  <object>
    <name>Vehicle</name>
    <bndbox>
      <xmin>530</xmin>
      <ymin>520</ymin>
      <xmax>623</xmax>
      <ymax>596</ymax>
    </bndbox>
    <confidence>0.952069</confidence>
  </object>
  <object>
    <name>Vehicle</name>
    <bndbox>
      <xmin>1411</xmin>
      <ymin>331</ymin>
      <xmax>1607</xmax>
      <ymax>635</ymax>
    </bndbox>
    <confidence>0.95768</confidence>
  </object>
  <object>
    <name>Vehicle</name>
    <bndbox>
      <xmin>186</xmin>
      <ymin>406</ymin>
      <xmax>463</xmax>
      <ymax>627</ymax>
    </bndbox>
    <confidence>0.957914</confidence>
  </object>
  <object>
    <name>Vehicle</name>
    <bndbox>
      <xmin>22</xmin>
      <ymin>525</ymin>
      <xmax>246</xmax>
      <ymax>657</ymax>
    </bndbox>
    <confidence>0.965992</confidence>
  </object>
  <object>
    <name>Vehicle</name>
    <bndbox>
      <xmin>1042</xmin>
      <ymin>483</ymin>
      <xmax>1256</xmax>
      <ymax>651</ymax>
    </bndbox>
    <confidence>0.970028</confidence>
  </object>
</annotation>
