<annotation>
  <folder>runs\detect\exp2</folder>
  <filename>1_20200615_112419_005250.jpg</filename>
  <source>
    <database>Unknown</database>
  </source>
  <size>
    <width>1920</width>
    <height>1080</height>
    <depth>3</depth>
  </size>
  <segmented>0</segmented>
  <object>
    <name>Vehicle</name>
    <bndbox>
      <xmin>1316</xmin>
      <ymin>497</ymin>
      <xmax>1361</xmax>
      <ymax>538</ymax>
    </bndbox>
    <confidence>0.276625</confidence>
  </object>
  <object>
    <name>Pedestrian</name>
    <bndbox>
      <xmin>1377</xmin>
      <ymin>486</ymin>
      <xmax>1400</xmax>
      <ymax>549</ymax>
    </bndbox>
    <confidence>0.382121</confidence>
  </object>
  <object>
    <name>Pedestrian</name>
    <bndbox>
      <xmin>555</xmin>
      <ymin>517</ymin>
      <xmax>567</xmax>
      <ymax>547</ymax>
    </bndbox>
    <confidence>0.402791</confidence>
  </object>
  <object>
    <name>Pedestrian</name>
    <bndbox>
      <xmin>1399</xmin>
      <ymin>478</ymin>
      <xmax>1425</xmax>
      <ymax>552</ymax>
    </bndbox>
    <confidence>0.771666</confidence>
  </object>
  <object>
    <name>Pedestrian</name>
    <bndbox>
      <xmin>76</xmin>
      <ymin>523</ymin>
      <xmax>100</xmax>
      <ymax>588</ymax>
    </bndbox>
    <confidence>0.7997</confidence>
  </object>
  <object>
    <name>TrafficSign</name>
    <bndbox>
      <xmin>1028</xmin>
      <ymin>343</ymin>
      <xmax>1054</xmax>
      <ymax>369</ymax>
    </bndbox>
    <confidence>0.874354</confidence>
  </object>
  <object>
    <name>TrafficLight</name>
    <bndbox>
      <xmin>1044</xmin>
      <ymin>26</ymin>
      <xmax>1189</xmax>
      <ymax>65</ymax>
    </bndbox>
    <confidence>0.882559</confidence>
  </object>
  <object>
    <name>TrafficLight</name>
    <bndbox>
      <xmin>909</xmin>
      <ymin>269</ymin>
      <xmax>978</xmax>
      <ymax>289</ymax>
    </bndbox>
    <confidence>0.887554</confidence>
  </object>
  <object>
    <name>TrafficLight</name>
    <bndbox>
      <xmin>653</xmin>
      <ymin>42</ymin>
      <xmax>795</xmax>
      <ymax>81</ymax>
    </bndbox>
    <confidence>0.907335</confidence>
  </object>
  <object>
    <name>TrafficSign</name>
    <bndbox>
      <xmin>1101</xmin>
      <ymin>213</ymin>
      <xmax>1144</xmax>
      <ymax>257</ymax>
    </bndbox>
    <confidence>0.910462</confidence>
  </object>
  <object>
    <name>Vehicle</name>
    <bndbox>
      <xmin>681</xmin>
      <ymin>474</ymin>
      <xmax>753</xmax>
      <ymax>561</ymax>
    </bndbox>
    <confidence>0.921888</confidence>
  </object>
  <object>
    <name>Vehicle</name>
    <bndbox>
      <xmin>809</xmin>
      <ymin>500</ymin>
      <xmax>880</xmax>
      <ymax>563</ymax>
    </bndbox>
    <confidence>0.934453</confidence>
  </object>
  <object>
    <name>Vehicle</name>
    <bndbox>
      <xmin>1</xmin>
      <ymin>473</ymin>
      <xmax>71</xmax>
      <ymax>616</ymax>
    </bndbox>
    <confidence>0.941241</confidence>
  </object>
  <object>
    <name>TrafficSign</name>
    <bndbox>
      <xmin>880</xmin>
      <ymin>9</ymin>
      <xmax>969</xmax>
      <ymax>97</ymax>
    </bndbox>
    <confidence>0.942317</confidence>
  </object>
  <object>
    <name>Vehicle</name>
    <bndbox>
      <xmin>633</xmin>
      <ymin>499</ymin>
      <xmax>724</xmax>
      <ymax>569</ymax>
    </bndbox>
    <confidence>0.946781</confidence>
  </object>
  <object>
    <name>Vehicle</name>
    <bndbox>
      <xmin>179</xmin>
      <ymin>527</ymin>
      <xmax>292</xmax>
      <ymax>596</ymax>
    </bndbox>
    <confidence>0.955892</confidence>
  </object>
  <object>
    <name>Vehicle</name>
    <bndbox>
      <xmin>841</xmin>
      <ymin>465</ymin>
      <xmax>1133</xmax>
      <ymax>709</ymax>
    </bndbox>
    <confidence>0.966832</confidence>
  </object>
</annotation>
