<annotation>
  <folder>runs\detect\exp2</folder>
  <filename>1_20200615_112419_001200.jpg</filename>
  <source>
    <database>Unknown</database>
  </source>
  <size>
    <width>1920</width>
    <height>1080</height>
    <depth>3</depth>
  </size>
  <segmented>0</segmented>
  <object>
    <name>Vehicle</name>
    <bndbox>
      <xmin>350</xmin>
      <ymin>432</ymin>
      <xmax>438</xmax>
      <ymax>498</ymax>
    </bndbox>
    <confidence>0.281648</confidence>
  </object>
  <object>
    <name>TrafficLight</name>
    <bndbox>
      <xmin>1103</xmin>
      <ymin>334</ymin>
      <xmax>1149</xmax>
      <ymax>349</ymax>
    </bndbox>
    <confidence>0.791671</confidence>
  </object>
  <object>
    <name>TrafficLight</name>
    <bndbox>
      <xmin>978</xmin>
      <ymin>337</ymin>
      <xmax>1024</xmax>
      <ymax>350</ymax>
    </bndbox>
    <confidence>0.824972</confidence>
  </object>
  <object>
    <name>TrafficSign</name>
    <bndbox>
      <xmin>1051</xmin>
      <ymin>327</ymin>
      <xmax>1079</xmax>
      <ymax>356</ymax>
    </bndbox>
    <confidence>0.900947</confidence>
  </object>
  <object>
    <name>Vehicle</name>
    <bndbox>
      <xmin>629</xmin>
      <ymin>440</ymin>
      <xmax>879</xmax>
      <ymax>545</ymax>
    </bndbox>
    <confidence>0.955441</confidence>
  </object>
  <object>
    <name>Vehicle</name>
    <bndbox>
      <xmin>256</xmin>
      <ymin>513</ymin>
      <xmax>402</xmax>
      <ymax>609</ymax>
    </bndbox>
    <confidence>0.962655</confidence>
  </object>
  <object>
    <name>Vehicle</name>
    <bndbox>
      <xmin>914</xmin>
      <ymin>475</ymin>
      <xmax>1091</xmax>
      <ymax>619</ymax>
    </bndbox>
    <confidence>0.966124</confidence>
  </object>
</annotation>
