<annotation>
  <folder>runs\detect\exp39</folder>
  <filename>1_20200615_112419_001410.jpg</filename>
  <source>
    <database>Unknown</database>
  </source>
  <size>
    <width>1920</width>
    <height>1080</height>
    <depth>3</depth>
  </size>
  <segmented>0</segmented>
  <object>
    <name>TrafficSign</name>
    <bndbox>
      <xmin>1151</xmin>
      <ymin>383</ymin>
      <xmax>1178</xmax>
      <ymax>410</ymax>
    </bndbox>
    <confidence>0.679793</confidence>
  </object>
  <object>
    <name>TrafficLight</name>
    <bndbox>
      <xmin>1105</xmin>
      <ymin>338</ymin>
      <xmax>1164</xmax>
      <ymax>356</ymax>
    </bndbox>
    <confidence>0.788988</confidence>
  </object>
  <object>
    <name>TrafficSign</name>
    <bndbox>
      <xmin>1146</xmin>
      <ymin>166</ymin>
      <xmax>1207</xmax>
      <ymax>229</ymax>
    </bndbox>
    <confidence>0.91488</confidence>
  </object>
  <object>
    <name>Vehicle</name>
    <bndbox>
      <xmin>680</xmin>
      <ymin>541</ymin>
      <xmax>737</xmax>
      <ymax>589</ymax>
    </bndbox>
    <confidence>0.918361</confidence>
  </object>
  <object>
    <name>Vehicle</name>
    <bndbox>
      <xmin>898</xmin>
      <ymin>520</ymin>
      <xmax>1098</xmax>
      <ymax>682</ymax>
    </bndbox>
    <confidence>0.96184</confidence>
  </object>
</annotation>
