<annotation>
  <folder>runs\detect\exp2</folder>
  <filename>1_20200615_112419_000690.jpg</filename>
  <source>
    <database>Unknown</database>
  </source>
  <size>
    <width>1920</width>
    <height>1080</height>
    <depth>3</depth>
  </size>
  <segmented>0</segmented>
  <object>
    <name>TrafficSign</name>
    <bndbox>
      <xmin>999</xmin>
      <ymin>351</ymin>
      <xmax>1066</xmax>
      <ymax>380</ymax>
    </bndbox>
    <confidence>0.396538</confidence>
  </object>
  <object>
    <name>Vehicle</name>
    <bndbox>
      <xmin>171</xmin>
      <ymin>481</ymin>
      <xmax>233</xmax>
      <ymax>507</ymax>
    </bndbox>
    <confidence>0.473045</confidence>
  </object>
  <object>
    <name>Vehicle</name>
    <bndbox>
      <xmin>83</xmin>
      <ymin>472</ymin>
      <xmax>164</xmax>
      <ymax>511</ymax>
    </bndbox>
    <confidence>0.749386</confidence>
  </object>
  <object>
    <name>Vehicle</name>
    <bndbox>
      <xmin>466</xmin>
      <ymin>487</ymin>
      <xmax>544</xmax>
      <ymax>544</ymax>
    </bndbox>
    <confidence>0.849333</confidence>
  </object>
  <object>
    <name>Vehicle</name>
    <bndbox>
      <xmin>1793</xmin>
      <ymin>442</ymin>
      <xmax>1920</xmax>
      <ymax>518</ymax>
    </bndbox>
    <confidence>0.878196</confidence>
  </object>
  <object>
    <name>Vehicle</name>
    <bndbox>
      <xmin>404</xmin>
      <ymin>488</ymin>
      <xmax>444</xmax>
      <ymax>534</ymax>
    </bndbox>
    <confidence>0.886174</confidence>
  </object>
  <object>
    <name>Vehicle</name>
    <bndbox>
      <xmin>244</xmin>
      <ymin>483</ymin>
      <xmax>347</xmax>
      <ymax>556</ymax>
    </bndbox>
    <confidence>0.922805</confidence>
  </object>
  <object>
    <name>Vehicle</name>
    <bndbox>
      <xmin>339</xmin>
      <ymin>491</ymin>
      <xmax>387</xmax>
      <ymax>548</ymax>
    </bndbox>
    <confidence>0.924683</confidence>
  </object>
  <object>
    <name>Vehicle</name>
    <bndbox>
      <xmin>366</xmin>
      <ymin>490</ymin>
      <xmax>423</xmax>
      <ymax>542</ymax>
    </bndbox>
    <confidence>0.925851</confidence>
  </object>
  <object>
    <name>Vehicle</name>
    <bndbox>
      <xmin>1254</xmin>
      <ymin>466</ymin>
      <xmax>1332</xmax>
      <ymax>523</ymax>
    </bndbox>
    <confidence>0.932301</confidence>
  </object>
  <object>
    <name>Vehicle</name>
    <bndbox>
      <xmin>157</xmin>
      <ymin>504</ymin>
      <xmax>242</xmax>
      <ymax>572</ymax>
    </bndbox>
    <confidence>0.940402</confidence>
  </object>
  <object>
    <name>Vehicle</name>
    <bndbox>
      <xmin>220</xmin>
      <ymin>496</ymin>
      <xmax>302</xmax>
      <ymax>563</ymax>
    </bndbox>
    <confidence>0.942229</confidence>
  </object>
  <object>
    <name>Vehicle</name>
    <bndbox>
      <xmin>47</xmin>
      <ymin>506</ymin>
      <xmax>176</xmax>
      <ymax>586</ymax>
    </bndbox>
    <confidence>0.957298</confidence>
  </object>
  <object>
    <name>Vehicle</name>
    <bndbox>
      <xmin>913</xmin>
      <ymin>480</ymin>
      <xmax>1112</xmax>
      <ymax>640</ymax>
    </bndbox>
    <confidence>0.967835</confidence>
  </object>
</annotation>
