<annotation>
  <folder>runs\detect\exp39</folder>
  <filename>1_20200615_112419_005460.jpg</filename>
  <source>
    <database>Unknown</database>
  </source>
  <size>
    <width>1920</width>
    <height>1080</height>
    <depth>3</depth>
  </size>
  <segmented>0</segmented>
  <object>
    <name>Vehicle</name>
    <bndbox>
      <xmin>912</xmin>
      <ymin>341</ymin>
      <xmax>1069</xmax>
      <ymax>387</ymax>
    </bndbox>
    <confidence>0.36071</confidence>
  </object>
  <object>
    <name>Vehicle</name>
    <bndbox>
      <xmin>912</xmin>
      <ymin>492</ymin>
      <xmax>971</xmax>
      <ymax>539</ymax>
    </bndbox>
    <confidence>0.923138</confidence>
  </object>
  <object>
    <name>Vehicle</name>
    <bndbox>
      <xmin>837</xmin>
      <ymin>491</ymin>
      <xmax>888</xmax>
      <ymax>532</ymax>
    </bndbox>
    <confidence>0.927853</confidence>
  </object>
  <object>
    <name>Vehicle</name>
    <bndbox>
      <xmin>25</xmin>
      <ymin>502</ymin>
      <xmax>225</xmax>
      <ymax>630</ymax>
    </bndbox>
    <confidence>0.962386</confidence>
  </object>
  <object>
    <name>Vehicle</name>
    <bndbox>
      <xmin>464</xmin>
      <ymin>470</ymin>
      <xmax>711</xmax>
      <ymax>655</ymax>
    </bndbox>
    <confidence>0.969091</confidence>
  </object>
</annotation>
