<annotation>
  <folder>runs\detect\exp39</folder>
  <filename>1_20200615_112419_000600.jpg</filename>
  <source>
    <database>Unknown</database>
  </source>
  <size>
    <width>1920</width>
    <height>1080</height>
    <depth>3</depth>
  </size>
  <segmented>0</segmented>
  <object>
    <name>Vehicle</name>
    <bndbox>
      <xmin>562</xmin>
      <ymin>489</ymin>
      <xmax>594</xmax>
      <ymax>525</ymax>
    </bndbox>
    <confidence>0.263857</confidence>
  </object>
  <object>
    <name>TrafficSign</name>
    <bndbox>
      <xmin>1021</xmin>
      <ymin>363</ymin>
      <xmax>1068</xmax>
      <ymax>388</ymax>
    </bndbox>
    <confidence>0.368958</confidence>
  </object>
  <object>
    <name>Vehicle</name>
    <bndbox>
      <xmin>318</xmin>
      <ymin>480</ymin>
      <xmax>381</xmax>
      <ymax>513</ymax>
    </bndbox>
    <confidence>0.768237</confidence>
  </object>
  <object>
    <name>Vehicle</name>
    <bndbox>
      <xmin>545</xmin>
      <ymin>490</ymin>
      <xmax>584</xmax>
      <ymax>528</ymax>
    </bndbox>
    <confidence>0.773573</confidence>
  </object>
  <object>
    <name>Vehicle</name>
    <bndbox>
      <xmin>534</xmin>
      <ymin>492</ymin>
      <xmax>563</xmax>
      <ymax>535</ymax>
    </bndbox>
    <confidence>0.804954</confidence>
  </object>
  <object>
    <name>Vehicle</name>
    <bndbox>
      <xmin>437</xmin>
      <ymin>504</ymin>
      <xmax>484</xmax>
      <ymax>550</ymax>
    </bndbox>
    <confidence>0.877464</confidence>
  </object>
  <object>
    <name>TrafficSign</name>
    <bndbox>
      <xmin>1383</xmin>
      <ymin>323</ymin>
      <xmax>1424</xmax>
      <ymax>362</ymax>
    </bndbox>
    <confidence>0.881925</confidence>
  </object>
  <object>
    <name>Vehicle</name>
    <bndbox>
      <xmin>1211</xmin>
      <ymin>460</ymin>
      <xmax>1262</xmax>
      <ymax>502</ymax>
    </bndbox>
    <confidence>0.882421</confidence>
  </object>
  <object>
    <name>Vehicle</name>
    <bndbox>
      <xmin>462</xmin>
      <ymin>496</ymin>
      <xmax>515</xmax>
      <ymax>544</ymax>
    </bndbox>
    <confidence>0.897435</confidence>
  </object>
  <object>
    <name>Vehicle</name>
    <bndbox>
      <xmin>483</xmin>
      <ymin>487</ymin>
      <xmax>543</xmax>
      <ymax>540</ymax>
    </bndbox>
    <confidence>0.90972</confidence>
  </object>
  <object>
    <name>Vehicle</name>
    <bndbox>
      <xmin>713</xmin>
      <ymin>473</ymin>
      <xmax>754</xmax>
      <ymax>505</ymax>
    </bndbox>
    <confidence>0.909868</confidence>
  </object>
  <object>
    <name>Vehicle</name>
    <bndbox>
      <xmin>376</xmin>
      <ymin>505</ymin>
      <xmax>455</xmax>
      <ymax>561</ymax>
    </bndbox>
    <confidence>0.942736</confidence>
  </object>
  <object>
    <name>Vehicle</name>
    <bndbox>
      <xmin>288</xmin>
      <ymin>512</ymin>
      <xmax>380</xmax>
      <ymax>575</ymax>
    </bndbox>
    <confidence>0.945447</confidence>
  </object>
  <object>
    <name>Vehicle</name>
    <bndbox>
      <xmin>899</xmin>
      <ymin>461</ymin>
      <xmax>1142</xmax>
      <ymax>662</ymax>
    </bndbox>
    <confidence>0.966891</confidence>
  </object>
</annotation>
