<annotation>
  <folder>runs\detect\exp39</folder>
  <filename>1_20200615_112419_001020.jpg</filename>
  <source>
    <database>Unknown</database>
  </source>
  <size>
    <width>1920</width>
    <height>1080</height>
    <depth>3</depth>
  </size>
  <segmented>0</segmented>
  <object>
    <name>Vehicle</name>
    <bndbox>
      <xmin>654</xmin>
      <ymin>509</ymin>
      <xmax>717</xmax>
      <ymax>535</ymax>
    </bndbox>
    <confidence>0.827923</confidence>
  </object>
  <object>
    <name>Vehicle</name>
    <bndbox>
      <xmin>909</xmin>
      <ymin>478</ymin>
      <xmax>1067</xmax>
      <ymax>605</ymax>
    </bndbox>
    <confidence>0.962277</confidence>
  </object>
</annotation>
