<annotation>
  <folder>runs\detect\exp39</folder>
  <filename>1_20200615_112419_002460.jpg</filename>
  <source>
    <database>Unknown</database>
  </source>
  <size>
    <width>1920</width>
    <height>1080</height>
    <depth>3</depth>
  </size>
  <segmented>0</segmented>
  <object>
    <name>TrafficSign</name>
    <bndbox>
      <xmin>1342</xmin>
      <ymin>428</ymin>
      <xmax>1368</xmax>
      <ymax>454</ymax>
    </bndbox>
    <confidence>0.784972</confidence>
  </object>
  <object>
    <name>Vehicle</name>
    <bndbox>
      <xmin>123</xmin>
      <ymin>539</ymin>
      <xmax>159</xmax>
      <ymax>634</ymax>
    </bndbox>
    <confidence>0.836263</confidence>
  </object>
  <object>
    <name>Vehicle</name>
    <bndbox>
      <xmin>825</xmin>
      <ymin>516</ymin>
      <xmax>868</xmax>
      <ymax>548</ymax>
    </bndbox>
    <confidence>0.876822</confidence>
  </object>
  <object>
    <name>TrafficLight</name>
    <bndbox>
      <xmin>1171</xmin>
      <ymin>168</ymin>
      <xmax>1273</xmax>
      <ymax>198</ymax>
    </bndbox>
    <confidence>0.882306</confidence>
  </object>
  <object>
    <name>Vehicle</name>
    <bndbox>
      <xmin>652</xmin>
      <ymin>512</ymin>
      <xmax>686</xmax>
      <ymax>556</ymax>
    </bndbox>
    <confidence>0.886403</confidence>
  </object>
  <object>
    <name>TrafficSign</name>
    <bndbox>
      <xmin>1202</xmin>
      <ymin>290</ymin>
      <xmax>1239</xmax>
      <ymax>327</ymax>
    </bndbox>
    <confidence>0.906515</confidence>
  </object>
  <object>
    <name>Vehicle</name>
    <bndbox>
      <xmin>455</xmin>
      <ymin>518</ymin>
      <xmax>547</xmax>
      <ymax>595</ymax>
    </bndbox>
    <confidence>0.944879</confidence>
  </object>
  <object>
    <name>Vehicle</name>
    <bndbox>
      <xmin>566</xmin>
      <ymin>511</ymin>
      <xmax>671</xmax>
      <ymax>598</ymax>
    </bndbox>
    <confidence>0.947871</confidence>
  </object>
  <object>
    <name>Vehicle</name>
    <bndbox>
      <xmin>1</xmin>
      <ymin>510</ymin>
      <xmax>148</xmax>
      <ymax>669</ymax>
    </bndbox>
    <confidence>0.953709</confidence>
  </object>
  <object>
    <name>Vehicle</name>
    <bndbox>
      <xmin>302</xmin>
      <ymin>512</ymin>
      <xmax>445</xmax>
      <ymax>619</ymax>
    </bndbox>
    <confidence>0.957955</confidence>
  </object>
  <object>
    <name>Vehicle</name>
    <bndbox>
      <xmin>822</xmin>
      <ymin>481</ymin>
      <xmax>1171</xmax>
      <ymax>772</ymax>
    </bndbox>
    <confidence>0.965112</confidence>
  </object>
</annotation>
