<annotation>
  <folder>runs\detect\exp2</folder>
  <filename>1_20200615_112419_004290.jpg</filename>
  <source>
    <database>Unknown</database>
  </source>
  <size>
    <width>1920</width>
    <height>1080</height>
    <depth>3</depth>
  </size>
  <segmented>0</segmented>
  <object>
    <name>Pedestrian</name>
    <bndbox>
      <xmin>337</xmin>
      <ymin>581</ymin>
      <xmax>355</xmax>
      <ymax>621</ymax>
    </bndbox>
    <confidence>0.612459</confidence>
  </object>
  <object>
    <name>TrafficLight</name>
    <bndbox>
      <xmin>1036</xmin>
      <ymin>409</ymin>
      <xmax>1081</xmax>
      <ymax>422</ymax>
    </bndbox>
    <confidence>0.710103</confidence>
  </object>
  <object>
    <name>TrafficLight</name>
    <bndbox>
      <xmin>1173</xmin>
      <ymin>280</ymin>
      <xmax>1248</xmax>
      <ymax>300</ymax>
    </bndbox>
    <confidence>0.832778</confidence>
  </object>
  <object>
    <name>Vehicle</name>
    <bndbox>
      <xmin>670</xmin>
      <ymin>571</ymin>
      <xmax>721</xmax>
      <ymax>603</ymax>
    </bndbox>
    <confidence>0.85846</confidence>
  </object>
  <object>
    <name>TrafficSign</name>
    <bndbox>
      <xmin>1082</xmin>
      <ymin>256</ymin>
      <xmax>1130</xmax>
      <ymax>303</ymax>
    </bndbox>
    <confidence>0.926359</confidence>
  </object>
  <object>
    <name>Vehicle</name>
    <bndbox>
      <xmin>719</xmin>
      <ymin>458</ymin>
      <xmax>847</xmax>
      <ymax>603</ymax>
    </bndbox>
    <confidence>0.940405</confidence>
  </object>
  <object>
    <name>Vehicle</name>
    <bndbox>
      <xmin>1126</xmin>
      <ymin>512</ymin>
      <xmax>1249</xmax>
      <ymax>597</ymax>
    </bndbox>
    <confidence>0.950206</confidence>
  </object>
  <object>
    <name>Vehicle</name>
    <bndbox>
      <xmin>832</xmin>
      <ymin>443</ymin>
      <xmax>1106</xmax>
      <ymax>667</ymax>
    </bndbox>
    <confidence>0.968608</confidence>
  </object>
</annotation>
