<annotation>
  <folder>runs\detect\exp39</folder>
  <filename>1_20200615_112419_007620.jpg</filename>
  <source>
    <database>Unknown</database>
  </source>
  <size>
    <width>1920</width>
    <height>1080</height>
    <depth>3</depth>
  </size>
  <segmented>0</segmented>
  <object>
    <name>Vehicle</name>
    <bndbox>
      <xmin>1177</xmin>
      <ymin>496</ymin>
      <xmax>1279</xmax>
      <ymax>572</ymax>
    </bndbox>
    <confidence>0.948839</confidence>
  </object>
  <object>
    <name>Vehicle</name>
    <bndbox>
      <xmin>1317</xmin>
      <ymin>473</ymin>
      <xmax>1530</xmax>
      <ymax>640</ymax>
    </bndbox>
    <confidence>0.969675</confidence>
  </object>
</annotation>
