<annotation>
  <folder>runs\detect\exp39</folder>
  <filename>1_20200615_112419_004770.jpg</filename>
  <source>
    <database>Unknown</database>
  </source>
  <size>
    <width>1920</width>
    <height>1080</height>
    <depth>3</depth>
  </size>
  <segmented>0</segmented>
  <object>
    <name>Vehicle</name>
    <bndbox>
      <xmin>789</xmin>
      <ymin>451</ymin>
      <xmax>820</xmax>
      <ymax>482</ymax>
    </bndbox>
    <confidence>0.474202</confidence>
  </object>
  <object>
    <name>TrafficSign</name>
    <bndbox>
      <xmin>984</xmin>
      <ymin>342</ymin>
      <xmax>1038</xmax>
      <ymax>372</ymax>
    </bndbox>
    <confidence>0.737925</confidence>
  </object>
  <object>
    <name>Vehicle</name>
    <bndbox>
      <xmin>706</xmin>
      <ymin>469</ymin>
      <xmax>751</xmax>
      <ymax>505</ymax>
    </bndbox>
    <confidence>0.840535</confidence>
  </object>
  <object>
    <name>Vehicle</name>
    <bndbox>
      <xmin>820</xmin>
      <ymin>456</ymin>
      <xmax>857</xmax>
      <ymax>485</ymax>
    </bndbox>
    <confidence>0.852724</confidence>
  </object>
  <object>
    <name>Vehicle</name>
    <bndbox>
      <xmin>757</xmin>
      <ymin>463</ymin>
      <xmax>794</xmax>
      <ymax>491</ymax>
    </bndbox>
    <confidence>0.858229</confidence>
  </object>
  <object>
    <name>Vehicle</name>
    <bndbox>
      <xmin>879</xmin>
      <ymin>461</ymin>
      <xmax>922</xmax>
      <ymax>493</ymax>
    </bndbox>
    <confidence>0.866941</confidence>
  </object>
  <object>
    <name>Vehicle</name>
    <bndbox>
      <xmin>929</xmin>
      <ymin>476</ymin>
      <xmax>1004</xmax>
      <ymax>536</ymax>
    </bndbox>
    <confidence>0.930706</confidence>
  </object>
  <object>
    <name>Vehicle</name>
    <bndbox>
      <xmin>467</xmin>
      <ymin>480</ymin>
      <xmax>545</xmax>
      <ymax>542</ymax>
    </bndbox>
    <confidence>0.939261</confidence>
  </object>
  <object>
    <name>Vehicle</name>
    <bndbox>
      <xmin>537</xmin>
      <ymin>473</ymin>
      <xmax>760</xmax>
      <ymax>642</ymax>
    </bndbox>
    <confidence>0.965748</confidence>
  </object>
</annotation>
