<annotation>
  <folder>runs\detect\exp2</folder>
  <filename>1_20200615_112419_001380.jpg</filename>
  <source>
    <database>Unknown</database>
  </source>
  <size>
    <width>1920</width>
    <height>1080</height>
    <depth>3</depth>
  </size>
  <segmented>0</segmented>
  <object>
    <name>TrafficLight</name>
    <bndbox>
      <xmin>1088</xmin>
      <ymin>328</ymin>
      <xmax>1145</xmax>
      <ymax>344</ymax>
    </bndbox>
    <confidence>0.825253</confidence>
  </object>
  <object>
    <name>TrafficSign</name>
    <bndbox>
      <xmin>1135</xmin>
      <ymin>366</ymin>
      <xmax>1160</xmax>
      <ymax>392</ymax>
    </bndbox>
    <confidence>0.833732</confidence>
  </object>
  <object>
    <name>Vehicle</name>
    <bndbox>
      <xmin>704</xmin>
      <ymin>517</ymin>
      <xmax>754</xmax>
      <ymax>560</ymax>
    </bndbox>
    <confidence>0.913787</confidence>
  </object>
  <object>
    <name>TrafficSign</name>
    <bndbox>
      <xmin>1118</xmin>
      <ymin>183</ymin>
      <xmax>1175</xmax>
      <ymax>238</ymax>
    </bndbox>
    <confidence>0.936415</confidence>
  </object>
  <object>
    <name>Vehicle</name>
    <bndbox>
      <xmin>894</xmin>
      <ymin>496</ymin>
      <xmax>1087</xmax>
      <ymax>652</ymax>
    </bndbox>
    <confidence>0.966042</confidence>
  </object>
</annotation>
