<annotation>
  <folder>runs\detect\exp2</folder>
  <filename>1_20200615_112419_002820.jpg</filename>
  <source>
    <database>Unknown</database>
  </source>
  <size>
    <width>1920</width>
    <height>1080</height>
    <depth>3</depth>
  </size>
  <segmented>0</segmented>
  <object>
    <name>Vehicle</name>
    <bndbox>
      <xmin>341</xmin>
      <ymin>549</ymin>
      <xmax>368</xmax>
      <ymax>579</ymax>
    </bndbox>
    <confidence>0.770554</confidence>
  </object>
  <object>
    <name>Vehicle</name>
    <bndbox>
      <xmin>669</xmin>
      <ymin>546</ymin>
      <xmax>704</xmax>
      <ymax>574</ymax>
    </bndbox>
    <confidence>0.836178</confidence>
  </object>
  <object>
    <name>Vehicle</name>
    <bndbox>
      <xmin>455</xmin>
      <ymin>546</ymin>
      <xmax>492</xmax>
      <ymax>573</ymax>
    </bndbox>
    <confidence>0.851219</confidence>
  </object>
  <object>
    <name>Vehicle</name>
    <bndbox>
      <xmin>281</xmin>
      <ymin>548</ymin>
      <xmax>323</xmax>
      <ymax>582</ymax>
    </bndbox>
    <confidence>0.908222</confidence>
  </object>
  <object>
    <name>Vehicle</name>
    <bndbox>
      <xmin>1</xmin>
      <ymin>542</ymin>
      <xmax>49</xmax>
      <ymax>694</ymax>
    </bndbox>
    <confidence>0.910773</confidence>
  </object>
  <object>
    <name>Vehicle</name>
    <bndbox>
      <xmin>360</xmin>
      <ymin>490</ymin>
      <xmax>445</xmax>
      <ymax>600</ymax>
    </bndbox>
    <confidence>0.920773</confidence>
  </object>
  <object>
    <name>Vehicle</name>
    <bndbox>
      <xmin>700</xmin>
      <ymin>535</ymin>
      <xmax>768</xmax>
      <ymax>588</ymax>
    </bndbox>
    <confidence>0.938791</confidence>
  </object>
  <object>
    <name>Vehicle</name>
    <bndbox>
      <xmin>820</xmin>
      <ymin>511</ymin>
      <xmax>1017</xmax>
      <ymax>670</ymax>
    </bndbox>
    <confidence>0.967603</confidence>
  </object>
</annotation>
