<annotation>
  <folder>runs\detect\exp39</folder>
  <filename>1_20200615_112419_000690.jpg</filename>
  <source>
    <database>Unknown</database>
  </source>
  <size>
    <width>1920</width>
    <height>1080</height>
    <depth>3</depth>
  </size>
  <segmented>0</segmented>
  <object>
    <name>Vehicle</name>
    <bndbox>
      <xmin>171</xmin>
      <ymin>481</ymin>
      <xmax>233</xmax>
      <ymax>507</ymax>
    </bndbox>
    <confidence>0.444933</confidence>
  </object>
  <object>
    <name>TrafficSign</name>
    <bndbox>
      <xmin>1004</xmin>
      <ymin>351</ymin>
      <xmax>1065</xmax>
      <ymax>379</ymax>
    </bndbox>
    <confidence>0.480826</confidence>
  </object>
  <object>
    <name>Vehicle</name>
    <bndbox>
      <xmin>82</xmin>
      <ymin>472</ymin>
      <xmax>165</xmax>
      <ymax>511</ymax>
    </bndbox>
    <confidence>0.736001</confidence>
  </object>
  <object>
    <name>Vehicle</name>
    <bndbox>
      <xmin>466</xmin>
      <ymin>487</ymin>
      <xmax>544</xmax>
      <ymax>543</ymax>
    </bndbox>
    <confidence>0.843561</confidence>
  </object>
  <object>
    <name>Vehicle</name>
    <bndbox>
      <xmin>1793</xmin>
      <ymin>442</ymin>
      <xmax>1920</xmax>
      <ymax>519</ymax>
    </bndbox>
    <confidence>0.860878</confidence>
  </object>
  <object>
    <name>Vehicle</name>
    <bndbox>
      <xmin>403</xmin>
      <ymin>488</ymin>
      <xmax>442</xmax>
      <ymax>534</ymax>
    </bndbox>
    <confidence>0.875043</confidence>
  </object>
  <object>
    <name>Vehicle</name>
    <bndbox>
      <xmin>244</xmin>
      <ymin>483</ymin>
      <xmax>347</xmax>
      <ymax>556</ymax>
    </bndbox>
    <confidence>0.913824</confidence>
  </object>
  <object>
    <name>Vehicle</name>
    <bndbox>
      <xmin>339</xmin>
      <ymin>491</ymin>
      <xmax>387</xmax>
      <ymax>548</ymax>
    </bndbox>
    <confidence>0.919091</confidence>
  </object>
  <object>
    <name>Vehicle</name>
    <bndbox>
      <xmin>366</xmin>
      <ymin>490</ymin>
      <xmax>423</xmax>
      <ymax>542</ymax>
    </bndbox>
    <confidence>0.919761</confidence>
  </object>
  <object>
    <name>Vehicle</name>
    <bndbox>
      <xmin>1254</xmin>
      <ymin>466</ymin>
      <xmax>1332</xmax>
      <ymax>523</ymax>
    </bndbox>
    <confidence>0.92936</confidence>
  </object>
  <object>
    <name>Vehicle</name>
    <bndbox>
      <xmin>157</xmin>
      <ymin>504</ymin>
      <xmax>242</xmax>
      <ymax>572</ymax>
    </bndbox>
    <confidence>0.936425</confidence>
  </object>
  <object>
    <name>Vehicle</name>
    <bndbox>
      <xmin>220</xmin>
      <ymin>496</ymin>
      <xmax>302</xmax>
      <ymax>563</ymax>
    </bndbox>
    <confidence>0.938175</confidence>
  </object>
  <object>
    <name>Vehicle</name>
    <bndbox>
      <xmin>47</xmin>
      <ymin>506</ymin>
      <xmax>176</xmax>
      <ymax>586</ymax>
    </bndbox>
    <confidence>0.953076</confidence>
  </object>
  <object>
    <name>Vehicle</name>
    <bndbox>
      <xmin>913</xmin>
      <ymin>480</ymin>
      <xmax>1112</xmax>
      <ymax>640</ymax>
    </bndbox>
    <confidence>0.963425</confidence>
  </object>
</annotation>
