<annotation>
  <folder>runs\detect\exp2</folder>
  <filename>1_20200615_112419_005760.jpg</filename>
  <source>
    <database>Unknown</database>
  </source>
  <size>
    <width>1920</width>
    <height>1080</height>
    <depth>3</depth>
  </size>
  <segmented>0</segmented>
  <object>
    <name>Vehicle</name>
    <bndbox>
      <xmin>564</xmin>
      <ymin>436</ymin>
      <xmax>601</xmax>
      <ymax>463</ymax>
    </bndbox>
    <confidence>0.642927</confidence>
  </object>
  <object>
    <name>Pedestrian</name>
    <bndbox>
      <xmin>117</xmin>
      <ymin>453</ymin>
      <xmax>130</xmax>
      <ymax>489</ymax>
    </bndbox>
    <confidence>0.723441</confidence>
  </object>
  <object>
    <name>Pedestrian</name>
    <bndbox>
      <xmin>1138</xmin>
      <ymin>427</ymin>
      <xmax>1165</xmax>
      <ymax>480</ymax>
    </bndbox>
    <confidence>0.751086</confidence>
  </object>
  <object>
    <name>TrafficSign</name>
    <bndbox>
      <xmin>757</xmin>
      <ymin>285</ymin>
      <xmax>867</xmax>
      <ymax>328</ymax>
    </bndbox>
    <confidence>0.771007</confidence>
  </object>
  <object>
    <name>Vehicle</name>
    <bndbox>
      <xmin>521</xmin>
      <ymin>461</ymin>
      <xmax>577</xmax>
      <ymax>497</ymax>
    </bndbox>
    <confidence>0.779327</confidence>
  </object>
  <object>
    <name>Vehicle</name>
    <bndbox>
      <xmin>415</xmin>
      <ymin>412</ymin>
      <xmax>445</xmax>
      <ymax>443</ymax>
    </bndbox>
    <confidence>0.804856</confidence>
  </object>
  <object>
    <name>Vehicle</name>
    <bndbox>
      <xmin>439</xmin>
      <ymin>425</ymin>
      <xmax>475</xmax>
      <ymax>452</ymax>
    </bndbox>
    <confidence>0.839897</confidence>
  </object>
  <object>
    <name>Vehicle</name>
    <bndbox>
      <xmin>406</xmin>
      <ymin>446</ymin>
      <xmax>448</xmax>
      <ymax>475</ymax>
    </bndbox>
    <confidence>0.847246</confidence>
  </object>
  <object>
    <name>Vehicle</name>
    <bndbox>
      <xmin>568</xmin>
      <ymin>461</ymin>
      <xmax>611</xmax>
      <ymax>495</ymax>
    </bndbox>
    <confidence>0.887021</confidence>
  </object>
  <object>
    <name>Vehicle</name>
    <bndbox>
      <xmin>468</xmin>
      <ymin>442</ymin>
      <xmax>509</xmax>
      <ymax>472</ymax>
    </bndbox>
    <confidence>0.902167</confidence>
  </object>
  <object>
    <name>Vehicle</name>
    <bndbox>
      <xmin>685</xmin>
      <ymin>455</ymin>
      <xmax>752</xmax>
      <ymax>513</ymax>
    </bndbox>
    <confidence>0.934346</confidence>
  </object>
  <object>
    <name>Vehicle</name>
    <bndbox>
      <xmin>762</xmin>
      <ymin>454</ymin>
      <xmax>867</xmax>
      <ymax>530</ymax>
    </bndbox>
    <confidence>0.93976</confidence>
  </object>
  <object>
    <name>Vehicle</name>
    <bndbox>
      <xmin>294</xmin>
      <ymin>445</ymin>
      <xmax>371</xmax>
      <ymax>526</ymax>
    </bndbox>
    <confidence>0.942926</confidence>
  </object>
</annotation>
