<annotation>
  <folder>runs\detect\exp2</folder>
  <filename>1_20200615_112419_000450.jpg</filename>
  <source>
    <database>Unknown</database>
  </source>
  <size>
    <width>1920</width>
    <height>1080</height>
    <depth>3</depth>
  </size>
  <segmented>0</segmented>
  <object>
    <name>Vehicle</name>
    <bndbox>
      <xmin>644</xmin>
      <ymin>528</ymin>
      <xmax>672</xmax>
      <ymax>558</ymax>
    </bndbox>
    <confidence>0.272638</confidence>
  </object>
  <object>
    <name>Vehicle</name>
    <bndbox>
      <xmin>619</xmin>
      <ymin>529</ymin>
      <xmax>654</xmax>
      <ymax>563</ymax>
    </bndbox>
    <confidence>0.622307</confidence>
  </object>
  <object>
    <name>Vehicle</name>
    <bndbox>
      <xmin>606</xmin>
      <ymin>533</ymin>
      <xmax>638</xmax>
      <ymax>564</ymax>
    </bndbox>
    <confidence>0.709914</confidence>
  </object>
  <object>
    <name>Vehicle</name>
    <bndbox>
      <xmin>633</xmin>
      <ymin>505</ymin>
      <xmax>696</xmax>
      <ymax>544</ymax>
    </bndbox>
    <confidence>0.7413</confidence>
  </object>
  <object>
    <name>Vehicle</name>
    <bndbox>
      <xmin>588</xmin>
      <ymin>539</ymin>
      <xmax>620</xmax>
      <ymax>571</ymax>
    </bndbox>
    <confidence>0.877611</confidence>
  </object>
  <object>
    <name>Vehicle</name>
    <bndbox>
      <xmin>493</xmin>
      <ymin>518</ymin>
      <xmax>592</xmax>
      <ymax>603</ymax>
    </bndbox>
    <confidence>0.941113</confidence>
  </object>
  <object>
    <name>Vehicle</name>
    <bndbox>
      <xmin>853</xmin>
      <ymin>513</ymin>
      <xmax>1036</xmax>
      <ymax>661</ymax>
    </bndbox>
    <confidence>0.967385</confidence>
  </object>
</annotation>
