<annotation>
  <folder>runs\detect\exp2</folder>
  <filename>1_20200615_112419_006870.jpg</filename>
  <source>
    <database>Unknown</database>
  </source>
  <size>
    <width>1920</width>
    <height>1080</height>
    <depth>3</depth>
  </size>
  <segmented>0</segmented>
  <object>
    <name>Vehicle</name>
    <bndbox>
      <xmin>1800</xmin>
      <ymin>464</ymin>
      <xmax>1825</xmax>
      <ymax>489</ymax>
    </bndbox>
    <confidence>0.568654</confidence>
  </object>
  <object>
    <name>Vehicle</name>
    <bndbox>
      <xmin>1645</xmin>
      <ymin>474</ymin>
      <xmax>1696</xmax>
      <ymax>507</ymax>
    </bndbox>
    <confidence>0.915801</confidence>
  </object>
  <object>
    <name>Vehicle</name>
    <bndbox>
      <xmin>1531</xmin>
      <ymin>477</ymin>
      <xmax>1599</xmax>
      <ymax>546</ymax>
    </bndbox>
    <confidence>0.939632</confidence>
  </object>
  <object>
    <name>Vehicle</name>
    <bndbox>
      <xmin>1401</xmin>
      <ymin>467</ymin>
      <xmax>1549</xmax>
      <ymax>600</ymax>
    </bndbox>
    <confidence>0.961184</confidence>
  </object>
  <object>
    <name>Vehicle</name>
    <bndbox>
      <xmin>1147</xmin>
      <ymin>483</ymin>
      <xmax>1327</xmax>
      <ymax>615</ymax>
    </bndbox>
    <confidence>0.962339</confidence>
  </object>
</annotation>
