<annotation>
  <folder>runs\detect\exp39</folder>
  <filename>1_20200615_112419_004440.jpg</filename>
  <source>
    <database>Unknown</database>
  </source>
  <size>
    <width>1920</width>
    <height>1080</height>
    <depth>3</depth>
  </size>
  <segmented>0</segmented>
  <object>
    <name>Vehicle</name>
    <bndbox>
      <xmin>766</xmin>
      <ymin>572</ymin>
      <xmax>803</xmax>
      <ymax>599</ymax>
    </bndbox>
    <confidence>0.859935</confidence>
  </object>
  <object>
    <name>TrafficSign</name>
    <bndbox>
      <xmin>1176</xmin>
      <ymin>355</ymin>
      <xmax>1209</xmax>
      <ymax>387</ymax>
    </bndbox>
    <confidence>0.886885</confidence>
  </object>
  <object>
    <name>Vehicle</name>
    <bndbox>
      <xmin>1084</xmin>
      <ymin>543</ymin>
      <xmax>1128</xmax>
      <ymax>605</ymax>
    </bndbox>
    <confidence>0.893799</confidence>
  </object>
  <object>
    <name>Vehicle</name>
    <bndbox>
      <xmin>679</xmin>
      <ymin>565</ymin>
      <xmax>722</xmax>
      <ymax>603</ymax>
    </bndbox>
    <confidence>0.901787</confidence>
  </object>
  <object>
    <name>Vehicle</name>
    <bndbox>
      <xmin>617</xmin>
      <ymin>549</ymin>
      <xmax>680</xmax>
      <ymax>606</ymax>
    </bndbox>
    <confidence>0.927765</confidence>
  </object>
  <object>
    <name>Vehicle</name>
    <bndbox>
      <xmin>0</xmin>
      <ymin>149</ymin>
      <xmax>315</xmax>
      <ymax>1058</ymax>
    </bndbox>
    <confidence>0.939042</confidence>
  </object>
  <object>
    <name>Vehicle</name>
    <bndbox>
      <xmin>555</xmin>
      <ymin>555</ymin>
      <xmax>634</xmax>
      <ymax>615</ymax>
    </bndbox>
    <confidence>0.940488</confidence>
  </object>
  <object>
    <name>Vehicle</name>
    <bndbox>
      <xmin>462</xmin>
      <ymin>543</ymin>
      <xmax>559</xmax>
      <ymax>627</ymax>
    </bndbox>
    <confidence>0.943886</confidence>
  </object>
  <object>
    <name>Vehicle</name>
    <bndbox>
      <xmin>860</xmin>
      <ymin>510</ymin>
      <xmax>1116</xmax>
      <ymax>717</ymax>
    </bndbox>
    <confidence>0.956713</confidence>
  </object>
  <object>
    <name>Vehicle</name>
    <bndbox>
      <xmin>318</xmin>
      <ymin>543</ymin>
      <xmax>459</xmax>
      <ymax>646</ymax>
    </bndbox>
    <confidence>0.958744</confidence>
  </object>
</annotation>
