<annotation>
  <folder>runs\detect\exp39</folder>
  <filename>1_20200615_112419_006420.jpg</filename>
  <source>
    <database>Unknown</database>
  </source>
  <size>
    <width>1920</width>
    <height>1080</height>
    <depth>3</depth>
  </size>
  <segmented>0</segmented>
  <object>
    <name>Vehicle</name>
    <bndbox>
      <xmin>898</xmin>
      <ymin>276</ymin>
      <xmax>932</xmax>
      <ymax>301</ymax>
    </bndbox>
    <confidence>0.309237</confidence>
  </object>
  <object>
    <name>Vehicle</name>
    <bndbox>
      <xmin>895</xmin>
      <ymin>310</ymin>
      <xmax>933</xmax>
      <ymax>339</ymax>
    </bndbox>
    <confidence>0.686008</confidence>
  </object>
  <object>
    <name>Vehicle</name>
    <bndbox>
      <xmin>947</xmin>
      <ymin>383</ymin>
      <xmax>1006</xmax>
      <ymax>426</ymax>
    </bndbox>
    <confidence>0.739954</confidence>
  </object>
  <object>
    <name>Vehicle</name>
    <bndbox>
      <xmin>917</xmin>
      <ymin>422</ymin>
      <xmax>1020</xmax>
      <ymax>502</ymax>
    </bndbox>
    <confidence>0.859164</confidence>
  </object>
  <object>
    <name>Vehicle</name>
    <bndbox>
      <xmin>954</xmin>
      <ymin>331</ymin>
      <xmax>1000</xmax>
      <ymax>370</ymax>
    </bndbox>
    <confidence>0.881854</confidence>
  </object>
  <object>
    <name>Vehicle</name>
    <bndbox>
      <xmin>879</xmin>
      <ymin>339</ymin>
      <xmax>925</xmax>
      <ymax>375</ymax>
    </bndbox>
    <confidence>0.884712</confidence>
  </object>
  <object>
    <name>TrafficSign</name>
    <bndbox>
      <xmin>848</xmin>
      <ymin>29</ymin>
      <xmax>917</xmax>
      <ymax>98</ymax>
    </bndbox>
    <confidence>0.9224</confidence>
  </object>
  <object>
    <name>Vehicle</name>
    <bndbox>
      <xmin>526</xmin>
      <ymin>440</ymin>
      <xmax>757</xmax>
      <ymax>616</ymax>
    </bndbox>
    <confidence>0.963274</confidence>
  </object>
</annotation>
