<annotation>
  <folder>runs\detect\exp39</folder>
  <filename>1_20200615_112419_006900.jpg</filename>
  <source>
    <database>Unknown</database>
  </source>
  <size>
    <width>1920</width>
    <height>1080</height>
    <depth>3</depth>
  </size>
  <segmented>0</segmented>
  <object>
    <name>TrafficSign</name>
    <bndbox>
      <xmin>1814</xmin>
      <ymin>428</ymin>
      <xmax>1839</xmax>
      <ymax>454</ymax>
    </bndbox>
    <confidence>0.406946</confidence>
  </object>
  <object>
    <name>TrafficSign</name>
    <bndbox>
      <xmin>1828</xmin>
      <ymin>396</ymin>
      <xmax>1859</xmax>
      <ymax>427</ymax>
    </bndbox>
    <confidence>0.766557</confidence>
  </object>
  <object>
    <name>Vehicle</name>
    <bndbox>
      <xmin>1539</xmin>
      <ymin>492</ymin>
      <xmax>1570</xmax>
      <ymax>566</ymax>
    </bndbox>
    <confidence>0.840865</confidence>
  </object>
  <object>
    <name>Vehicle</name>
    <bndbox>
      <xmin>1742</xmin>
      <ymin>479</ymin>
      <xmax>1777</xmax>
      <ymax>505</ymax>
    </bndbox>
    <confidence>0.851485</confidence>
  </object>
  <object>
    <name>Vehicle</name>
    <bndbox>
      <xmin>1618</xmin>
      <ymin>484</ymin>
      <xmax>1666</xmax>
      <ymax>517</ymax>
    </bndbox>
    <confidence>0.904518</confidence>
  </object>
  <object>
    <name>Vehicle</name>
    <bndbox>
      <xmin>1128</xmin>
      <ymin>492</ymin>
      <xmax>1316</xmax>
      <ymax>631</ymax>
    </bndbox>
    <confidence>0.957232</confidence>
  </object>
  <object>
    <name>Vehicle</name>
    <bndbox>
      <xmin>1396</xmin>
      <ymin>478</ymin>
      <xmax>1557</xmax>
      <ymax>625</ymax>
    </bndbox>
    <confidence>0.958021</confidence>
  </object>
</annotation>
