<annotation>
  <folder>runs\detect\exp39</folder>
  <filename>1_20200615_112419_007770.jpg</filename>
  <source>
    <database>Unknown</database>
  </source>
  <size>
    <width>1920</width>
    <height>1080</height>
    <depth>3</depth>
  </size>
  <segmented>0</segmented>
  <object>
    <name>Vehicle</name>
    <bndbox>
      <xmin>1218</xmin>
      <ymin>510</ymin>
      <xmax>1331</xmax>
      <ymax>593</ymax>
    </bndbox>
    <confidence>0.950707</confidence>
  </object>
  <object>
    <name>Vehicle</name>
    <bndbox>
      <xmin>1521</xmin>
      <ymin>468</ymin>
      <xmax>1881</xmax>
      <ymax>737</ymax>
    </bndbox>
    <confidence>0.968133</confidence>
  </object>
</annotation>
