<annotation>
  <folder>runs\detect\exp2</folder>
  <filename>1_20200615_112419_004560.jpg</filename>
  <source>
    <database>Unknown</database>
  </source>
  <size>
    <width>1920</width>
    <height>1080</height>
    <depth>3</depth>
  </size>
  <segmented>0</segmented>
  <object>
    <name>TrafficSign</name>
    <bndbox>
      <xmin>1648</xmin>
      <ymin>352</ymin>
      <xmax>1691</xmax>
      <ymax>396</ymax>
    </bndbox>
    <confidence>0.914632</confidence>
  </object>
  <object>
    <name>TrafficSign</name>
    <bndbox>
      <xmin>1410</xmin>
      <ymin>107</ymin>
      <xmax>1476</xmax>
      <ymax>173</ymax>
    </bndbox>
    <confidence>0.931924</confidence>
  </object>
  <object>
    <name>Vehicle</name>
    <bndbox>
      <xmin>549</xmin>
      <ymin>515</ymin>
      <xmax>626</xmax>
      <ymax>567</ymax>
    </bndbox>
    <confidence>0.949539</confidence>
  </object>
  <object>
    <name>Vehicle</name>
    <bndbox>
      <xmin>122</xmin>
      <ymin>494</ymin>
      <xmax>271</xmax>
      <ymax>595</ymax>
    </bndbox>
    <confidence>0.962553</confidence>
  </object>
  <object>
    <name>Vehicle</name>
    <bndbox>
      <xmin>884</xmin>
      <ymin>469</ymin>
      <xmax>1102</xmax>
      <ymax>642</ymax>
    </bndbox>
    <confidence>0.969157</confidence>
  </object>
</annotation>
