<annotation>
  <folder>runs\detect\exp39</folder>
  <filename>1_20200615_112419_004590.jpg</filename>
  <source>
    <database>Unknown</database>
  </source>
  <size>
    <width>1920</width>
    <height>1080</height>
    <depth>3</depth>
  </size>
  <segmented>0</segmented>
  <object>
    <name>TrafficSign</name>
    <bndbox>
      <xmin>1887</xmin>
      <ymin>287</ymin>
      <xmax>1921</xmax>
      <ymax>346</ymax>
    </bndbox>
    <confidence>0.893037</confidence>
  </object>
  <object>
    <name>TrafficSign</name>
    <bndbox>
      <xmin>1557</xmin>
      <ymin>0</ymin>
      <xmax>1643</xmax>
      <ymax>46</ymax>
    </bndbox>
    <confidence>0.901903</confidence>
  </object>
  <object>
    <name>Vehicle</name>
    <bndbox>
      <xmin>386</xmin>
      <ymin>528</ymin>
      <xmax>494</xmax>
      <ymax>596</ymax>
    </bndbox>
    <confidence>0.954286</confidence>
  </object>
  <object>
    <name>Vehicle</name>
    <bndbox>
      <xmin>833</xmin>
      <ymin>477</ymin>
      <xmax>1045</xmax>
      <ymax>645</ymax>
    </bndbox>
    <confidence>0.955471</confidence>
  </object>
</annotation>
