<annotation>
  <folder>runs\detect\exp39</folder>
  <filename>1_20200615_112419_008430.jpg</filename>
  <source>
    <database>Unknown</database>
  </source>
  <size>
    <width>1920</width>
    <height>1080</height>
    <depth>3</depth>
  </size>
  <segmented>0</segmented>
  <object>
    <name>Vehicle</name>
    <bndbox>
      <xmin>130</xmin>
      <ymin>406</ymin>
      <xmax>356</xmax>
      <ymax>635</ymax>
    </bndbox>
    <confidence>0.557467</confidence>
  </object>
  <object>
    <name>Vehicle</name>
    <bndbox>
      <xmin>1203</xmin>
      <ymin>483</ymin>
      <xmax>1232</xmax>
      <ymax>527</ymax>
    </bndbox>
    <confidence>0.564418</confidence>
  </object>
  <object>
    <name>Vehicle</name>
    <bndbox>
      <xmin>1162</xmin>
      <ymin>481</ymin>
      <xmax>1204</xmax>
      <ymax>534</ymax>
    </bndbox>
    <confidence>0.878254</confidence>
  </object>
  <object>
    <name>Vehicle</name>
    <bndbox>
      <xmin>133</xmin>
      <ymin>404</ymin>
      <xmax>358</xmax>
      <ymax>510</ymax>
    </bndbox>
    <confidence>0.89185</confidence>
  </object>
  <object>
    <name>Vehicle</name>
    <bndbox>
      <xmin>353</xmin>
      <ymin>414</ymin>
      <xmax>474</xmax>
      <ymax>507</ymax>
    </bndbox>
    <confidence>0.907753</confidence>
  </object>
</annotation>
