<annotation>
  <folder>runs\detect\exp39</folder>
  <filename>1_20200615_112419_000510.jpg</filename>
  <source>
    <database>Unknown</database>
  </source>
  <size>
    <width>1920</width>
    <height>1080</height>
    <depth>3</depth>
  </size>
  <segmented>0</segmented>
  <object>
    <name>Vehicle</name>
    <bndbox>
      <xmin>524</xmin>
      <ymin>490</ymin>
      <xmax>557</xmax>
      <ymax>524</ymax>
    </bndbox>
    <confidence>0.250839</confidence>
  </object>
  <object>
    <name>Vehicle</name>
    <bndbox>
      <xmin>1549</xmin>
      <ymin>455</ymin>
      <xmax>1618</xmax>
      <ymax>486</ymax>
    </bndbox>
    <confidence>0.369572</confidence>
  </object>
  <object>
    <name>Vehicle</name>
    <bndbox>
      <xmin>392</xmin>
      <ymin>477</ymin>
      <xmax>427</xmax>
      <ymax>504</ymax>
    </bndbox>
    <confidence>0.389751</confidence>
  </object>
  <object>
    <name>Vehicle</name>
    <bndbox>
      <xmin>433</xmin>
      <ymin>481</ymin>
      <xmax>482</xmax>
      <ymax>507</ymax>
    </bndbox>
    <confidence>0.418652</confidence>
  </object>
  <object>
    <name>Vehicle</name>
    <bndbox>
      <xmin>570</xmin>
      <ymin>485</ymin>
      <xmax>602</xmax>
      <ymax>517</ymax>
    </bndbox>
    <confidence>0.696564</confidence>
  </object>
  <object>
    <name>Vehicle</name>
    <bndbox>
      <xmin>1078</xmin>
      <ymin>468</ymin>
      <xmax>1116</xmax>
      <ymax>499</ymax>
    </bndbox>
    <confidence>0.757067</confidence>
  </object>
  <object>
    <name>Vehicle</name>
    <bndbox>
      <xmin>529</xmin>
      <ymin>482</ymin>
      <xmax>577</xmax>
      <ymax>523</ymax>
    </bndbox>
    <confidence>0.760776</confidence>
  </object>
  <object>
    <name>Vehicle</name>
    <bndbox>
      <xmin>511</xmin>
      <ymin>495</ymin>
      <xmax>541</xmax>
      <ymax>530</ymax>
    </bndbox>
    <confidence>0.790512</confidence>
  </object>
  <object>
    <name>Vehicle</name>
    <bndbox>
      <xmin>479</xmin>
      <ymin>497</ymin>
      <xmax>525</xmax>
      <ymax>535</ymax>
    </bndbox>
    <confidence>0.86617</confidence>
  </object>
  <object>
    <name>Vehicle</name>
    <bndbox>
      <xmin>427</xmin>
      <ymin>501</ymin>
      <xmax>486</xmax>
      <ymax>544</ymax>
    </bndbox>
    <confidence>0.924697</confidence>
  </object>
  <object>
    <name>Vehicle</name>
    <bndbox>
      <xmin>790</xmin>
      <ymin>471</ymin>
      <xmax>997</xmax>
      <ymax>637</ymax>
    </bndbox>
    <confidence>0.964769</confidence>
  </object>
</annotation>
