<annotation>
  <folder>runs\detect\exp39</folder>
  <filename>1_20200615_112419_008400.jpg</filename>
  <source>
    <database>Unknown</database>
  </source>
  <size>
    <width>1920</width>
    <height>1080</height>
    <depth>3</depth>
  </size>
  <segmented>0</segmented>
  <object>
    <name>Vehicle</name>
    <bndbox>
      <xmin>574</xmin>
      <ymin>454</ymin>
      <xmax>670</xmax>
      <ymax>507</ymax>
    </bndbox>
    <confidence>0.73374</confidence>
  </object>
  <object>
    <name>Vehicle</name>
    <bndbox>
      <xmin>515</xmin>
      <ymin>447</ymin>
      <xmax>650</xmax>
      <ymax>506</ymax>
    </bndbox>
    <confidence>0.786157</confidence>
  </object>
  <object>
    <name>Vehicle</name>
    <bndbox>
      <xmin>1086</xmin>
      <ymin>475</ymin>
      <xmax>1128</xmax>
      <ymax>528</ymax>
    </bndbox>
    <confidence>0.870407</confidence>
  </object>
  <object>
    <name>TrafficSign</name>
    <bndbox>
      <xmin>1376</xmin>
      <ymin>300</ymin>
      <xmax>1436</xmax>
      <ymax>358</ymax>
    </bndbox>
    <confidence>0.917865</confidence>
  </object>
  <object>
    <name>TrafficSign</name>
    <bndbox>
      <xmin>889</xmin>
      <ymin>0</ymin>
      <xmax>976</xmax>
      <ymax>79</ymax>
    </bndbox>
    <confidence>0.930555</confidence>
  </object>
</annotation>
