<annotation>
  <folder>runs\detect\exp39</folder>
  <filename>1_20200615_112419_005490.jpg</filename>
  <source>
    <database>Unknown</database>
  </source>
  <size>
    <width>1920</width>
    <height>1080</height>
    <depth>3</depth>
  </size>
  <segmented>0</segmented>
  <object>
    <name>Vehicle</name>
    <bndbox>
      <xmin>683</xmin>
      <ymin>493</ymin>
      <xmax>710</xmax>
      <ymax>520</ymax>
    </bndbox>
    <confidence>0.475216</confidence>
  </object>
  <object>
    <name>Vehicle</name>
    <bndbox>
      <xmin>733</xmin>
      <ymin>502</ymin>
      <xmax>761</xmax>
      <ymax>527</ymax>
    </bndbox>
    <confidence>0.581689</confidence>
  </object>
  <object>
    <name>Pedestrian</name>
    <bndbox>
      <xmin>391</xmin>
      <ymin>516</ymin>
      <xmax>404</xmax>
      <ymax>560</ymax>
    </bndbox>
    <confidence>0.605127</confidence>
  </object>
  <object>
    <name>Vehicle</name>
    <bndbox>
      <xmin>839</xmin>
      <ymin>510</ymin>
      <xmax>888</xmax>
      <ymax>549</ymax>
    </bndbox>
    <confidence>0.912813</confidence>
  </object>
  <object>
    <name>Vehicle</name>
    <bndbox>
      <xmin>909</xmin>
      <ymin>509</ymin>
      <xmax>969</xmax>
      <ymax>556</ymax>
    </bndbox>
    <confidence>0.918386</confidence>
  </object>
  <object>
    <name>Vehicle</name>
    <bndbox>
      <xmin>458</xmin>
      <ymin>487</ymin>
      <xmax>707</xmax>
      <ymax>672</ymax>
    </bndbox>
    <confidence>0.972995</confidence>
  </object>
</annotation>
