<annotation>
  <folder>runs\detect\exp2</folder>
  <filename>1_20200615_112419_003450.jpg</filename>
  <source>
    <database>Unknown</database>
  </source>
  <size>
    <width>1920</width>
    <height>1080</height>
    <depth>3</depth>
  </size>
  <segmented>0</segmented>
  <object>
    <name>TrafficSign</name>
    <bndbox>
      <xmin>1026</xmin>
      <ymin>433</ymin>
      <xmax>1051</xmax>
      <ymax>459</ymax>
    </bndbox>
    <confidence>0.843327</confidence>
  </object>
  <object>
    <name>TrafficSign</name>
    <bndbox>
      <xmin>885</xmin>
      <ymin>300</ymin>
      <xmax>923</xmax>
      <ymax>337</ymax>
    </bndbox>
    <confidence>0.913507</confidence>
  </object>
  <object>
    <name>Vehicle</name>
    <bndbox>
      <xmin>1175</xmin>
      <ymin>504</ymin>
      <xmax>1229</xmax>
      <ymax>586</ymax>
    </bndbox>
    <confidence>0.927076</confidence>
  </object>
  <object>
    <name>Vehicle</name>
    <bndbox>
      <xmin>770</xmin>
      <ymin>507</ymin>
      <xmax>894</xmax>
      <ymax>605</ymax>
    </bndbox>
    <confidence>0.953661</confidence>
  </object>
  <object>
    <name>Vehicle</name>
    <bndbox>
      <xmin>1214</xmin>
      <ymin>479</ymin>
      <xmax>1343</xmax>
      <ymax>587</ymax>
    </bndbox>
    <confidence>0.957741</confidence>
  </object>
  <object>
    <name>Vehicle</name>
    <bndbox>
      <xmin>1758</xmin>
      <ymin>472</ymin>
      <xmax>1920</xmax>
      <ymax>680</ymax>
    </bndbox>
    <confidence>0.963178</confidence>
  </object>
  <object>
    <name>Vehicle</name>
    <bndbox>
      <xmin>1568</xmin>
      <ymin>481</ymin>
      <xmax>1812</xmax>
      <ymax>643</ymax>
    </bndbox>
    <confidence>0.968188</confidence>
  </object>
</annotation>
