<annotation>
  <folder>runs\detect\exp2</folder>
  <filename>1_20200615_112419_003900.jpg</filename>
  <source>
    <database>Unknown</database>
  </source>
  <size>
    <width>1920</width>
    <height>1080</height>
    <depth>3</depth>
  </size>
  <segmented>0</segmented>
  <object>
    <name>Pedestrian</name>
    <bndbox>
      <xmin>1324</xmin>
      <ymin>446</ymin>
      <xmax>1354</xmax>
      <ymax>510</ymax>
    </bndbox>
    <confidence>0.276074</confidence>
  </object>
  <object>
    <name>Vehicle</name>
    <bndbox>
      <xmin>535</xmin>
      <ymin>467</ymin>
      <xmax>570</xmax>
      <ymax>492</ymax>
    </bndbox>
    <confidence>0.561044</confidence>
  </object>
  <object>
    <name>TrafficSign</name>
    <bndbox>
      <xmin>784</xmin>
      <ymin>285</ymin>
      <xmax>887</xmax>
      <ymax>326</ymax>
    </bndbox>
    <confidence>0.790732</confidence>
  </object>
  <object>
    <name>Vehicle</name>
    <bndbox>
      <xmin>393</xmin>
      <ymin>468</ymin>
      <xmax>436</xmax>
      <ymax>501</ymax>
    </bndbox>
    <confidence>0.891556</confidence>
  </object>
  <object>
    <name>Vehicle</name>
    <bndbox>
      <xmin>793</xmin>
      <ymin>448</ymin>
      <xmax>1023</xmax>
      <ymax>633</ymax>
    </bndbox>
    <confidence>0.967575</confidence>
  </object>
  <object>
    <name>Vehicle</name>
    <bndbox>
      <xmin>1</xmin>
      <ymin>415</ymin>
      <xmax>408</xmax>
      <ymax>865</ymax>
    </bndbox>
    <confidence>0.970671</confidence>
  </object>
</annotation>
