<annotation>
  <folder>runs\detect\exp2</folder>
  <filename>1_20200615_112419_008820.jpg</filename>
  <source>
    <database>Unknown</database>
  </source>
  <size>
    <width>1920</width>
    <height>1080</height>
    <depth>3</depth>
  </size>
  <segmented>0</segmented>
  <object>
    <name>Vehicle</name>
    <bndbox>
      <xmin>506</xmin>
      <ymin>475</ymin>
      <xmax>563</xmax>
      <ymax>535</ymax>
    </bndbox>
    <confidence>0.772785</confidence>
  </object>
  <object>
    <name>TrafficSign</name>
    <bndbox>
      <xmin>925</xmin>
      <ymin>286</ymin>
      <xmax>962</xmax>
      <ymax>323</ymax>
    </bndbox>
    <confidence>0.905444</confidence>
  </object>
  <object>
    <name>Vehicle</name>
    <bndbox>
      <xmin>932</xmin>
      <ymin>463</ymin>
      <xmax>989</xmax>
      <ymax>540</ymax>
    </bndbox>
    <confidence>0.916205</confidence>
  </object>
  <object>
    <name>Vehicle</name>
    <bndbox>
      <xmin>263</xmin>
      <ymin>487</ymin>
      <xmax>379</xmax>
      <ymax>555</ymax>
    </bndbox>
    <confidence>0.921658</confidence>
  </object>
  <object>
    <name>Vehicle</name>
    <bndbox>
      <xmin>517</xmin>
      <ymin>470</ymin>
      <xmax>900</xmax>
      <ymax>758</ymax>
    </bndbox>
    <confidence>0.973199</confidence>
  </object>
</annotation>
