<annotation>
  <folder>runs\detect\exp39</folder>
  <filename>1_20200615_112419_005370.jpg</filename>
  <source>
    <database>Unknown</database>
  </source>
  <size>
    <width>1920</width>
    <height>1080</height>
    <depth>3</depth>
  </size>
  <segmented>0</segmented>
  <object>
    <name>Vehicle</name>
    <bndbox>
      <xmin>907</xmin>
      <ymin>508</ymin>
      <xmax>934</xmax>
      <ymax>533</ymax>
    </bndbox>
    <confidence>0.349951</confidence>
  </object>
  <object>
    <name>Vehicle</name>
    <bndbox>
      <xmin>952</xmin>
      <ymin>502</ymin>
      <xmax>982</xmax>
      <ymax>536</ymax>
    </bndbox>
    <confidence>0.65866</confidence>
  </object>
  <object>
    <name>TrafficSign</name>
    <bndbox>
      <xmin>1318</xmin>
      <ymin>394</ymin>
      <xmax>1351</xmax>
      <ymax>427</ymax>
    </bndbox>
    <confidence>0.881054</confidence>
  </object>
  <object>
    <name>TrafficSign</name>
    <bndbox>
      <xmin>1124</xmin>
      <ymin>206</ymin>
      <xmax>1176</xmax>
      <ymax>256</ymax>
    </bndbox>
    <confidence>0.915821</confidence>
  </object>
  <object>
    <name>Vehicle</name>
    <bndbox>
      <xmin>961</xmin>
      <ymin>504</ymin>
      <xmax>1025</xmax>
      <ymax>552</ymax>
    </bndbox>
    <confidence>0.919061</confidence>
  </object>
  <object>
    <name>Vehicle</name>
    <bndbox>
      <xmin>855</xmin>
      <ymin>504</ymin>
      <xmax>915</xmax>
      <ymax>552</ymax>
    </bndbox>
    <confidence>0.921819</confidence>
  </object>
  <object>
    <name>Vehicle</name>
    <bndbox>
      <xmin>398</xmin>
      <ymin>437</ymin>
      <xmax>565</xmax>
      <ymax>620</ymax>
    </bndbox>
    <confidence>0.950547</confidence>
  </object>
  <object>
    <name>Vehicle</name>
    <bndbox>
      <xmin>375</xmin>
      <ymin>507</ymin>
      <xmax>497</xmax>
      <ymax>640</ymax>
    </bndbox>
    <confidence>0.951844</confidence>
  </object>
  <object>
    <name>Vehicle</name>
    <bndbox>
      <xmin>574</xmin>
      <ymin>484</ymin>
      <xmax>824</xmax>
      <ymax>687</ymax>
    </bndbox>
    <confidence>0.960865</confidence>
  </object>
  <object>
    <name>Vehicle</name>
    <bndbox>
      <xmin>134</xmin>
      <ymin>485</ymin>
      <xmax>400</xmax>
      <ymax>678</ymax>
    </bndbox>
    <confidence>0.966232</confidence>
  </object>
</annotation>
