<annotation>
  <folder>runs\detect\exp2</folder>
  <filename>1_20200615_112419_006960.jpg</filename>
  <source>
    <database>Unknown</database>
  </source>
  <size>
    <width>1920</width>
    <height>1080</height>
    <depth>3</depth>
  </size>
  <segmented>0</segmented>
  <object>
    <name>Vehicle</name>
    <bndbox>
      <xmin>1599</xmin>
      <ymin>460</ymin>
      <xmax>1630</xmax>
      <ymax>487</ymax>
    </bndbox>
    <confidence>0.368921</confidence>
  </object>
  <object>
    <name>Vehicle</name>
    <bndbox>
      <xmin>1559</xmin>
      <ymin>464</ymin>
      <xmax>1589</xmax>
      <ymax>490</ymax>
    </bndbox>
    <confidence>0.77789</confidence>
  </object>
  <object>
    <name>TrafficSign</name>
    <bndbox>
      <xmin>1867</xmin>
      <ymin>361</ymin>
      <xmax>1914</xmax>
      <ymax>407</ymax>
    </bndbox>
    <confidence>0.890511</confidence>
  </object>
  <object>
    <name>Vehicle</name>
    <bndbox>
      <xmin>1372</xmin>
      <ymin>456</ymin>
      <xmax>1567</xmax>
      <ymax>633</ymax>
    </bndbox>
    <confidence>0.967135</confidence>
  </object>
  <object>
    <name>Vehicle</name>
    <bndbox>
      <xmin>1030</xmin>
      <ymin>484</ymin>
      <xmax>1237</xmax>
      <ymax>635</ymax>
    </bndbox>
    <confidence>0.968811</confidence>
  </object>
</annotation>
