<annotation>
  <folder>runs\detect\exp39</folder>
  <filename>1_20200615_112419_007500.jpg</filename>
  <source>
    <database>Unknown</database>
  </source>
  <size>
    <width>1920</width>
    <height>1080</height>
    <depth>3</depth>
  </size>
  <segmented>0</segmented>
  <object>
    <name>TrafficSign</name>
    <bndbox>
      <xmin>1418</xmin>
      <ymin>391</ymin>
      <xmax>1458</xmax>
      <ymax>429</ymax>
    </bndbox>
    <confidence>0.883177</confidence>
  </object>
  <object>
    <name>Vehicle</name>
    <bndbox>
      <xmin>1145</xmin>
      <ymin>471</ymin>
      <xmax>1264</xmax>
      <ymax>557</ymax>
    </bndbox>
    <confidence>0.951686</confidence>
  </object>
  <object>
    <name>Vehicle</name>
    <bndbox>
      <xmin>1290</xmin>
      <ymin>463</ymin>
      <xmax>1467</xmax>
      <ymax>602</ymax>
    </bndbox>
    <confidence>0.966418</confidence>
  </object>
</annotation>
