<annotation>
  <folder>runs\detect\exp39</folder>
  <filename>1_20200615_112419_008700.jpg</filename>
  <source>
    <database>Unknown</database>
  </source>
  <size>
    <width>1920</width>
    <height>1080</height>
    <depth>3</depth>
  </size>
  <segmented>0</segmented>
  <object>
    <name>Vehicle</name>
    <bndbox>
      <xmin>0</xmin>
      <ymin>648</ymin>
      <xmax>36</xmax>
      <ymax>999</ymax>
    </bndbox>
    <confidence>0.415295</confidence>
  </object>
  <object>
    <name>Vehicle</name>
    <bndbox>
      <xmin>924</xmin>
      <ymin>462</ymin>
      <xmax>973</xmax>
      <ymax>529</ymax>
    </bndbox>
    <confidence>0.900063</confidence>
  </object>
  <object>
    <name>Vehicle</name>
    <bndbox>
      <xmin>546</xmin>
      <ymin>445</ymin>
      <xmax>631</xmax>
      <ymax>491</ymax>
    </bndbox>
    <confidence>0.903234</confidence>
  </object>
  <object>
    <name>TrafficSign</name>
    <bndbox>
      <xmin>1271</xmin>
      <ymin>208</ymin>
      <xmax>1317</xmax>
      <ymax>253</ymax>
    </bndbox>
    <confidence>0.908882</confidence>
  </object>
</annotation>
