<annotation>
  <folder>runs\detect\exp39</folder>
  <filename>1_20200615_112419_008760.jpg</filename>
  <source>
    <database>Unknown</database>
  </source>
  <size>
    <width>1920</width>
    <height>1080</height>
    <depth>3</depth>
  </size>
  <segmented>0</segmented>
  <object>
    <name>Vehicle</name>
    <bndbox>
      <xmin>682</xmin>
      <ymin>503</ymin>
      <xmax>716</xmax>
      <ymax>537</ymax>
    </bndbox>
    <confidence>0.668663</confidence>
  </object>
  <object>
    <name>TrafficSign</name>
    <bndbox>
      <xmin>949</xmin>
      <ymin>374</ymin>
      <xmax>974</xmax>
      <ymax>399</ymax>
    </bndbox>
    <confidence>0.813668</confidence>
  </object>
  <object>
    <name>Vehicle</name>
    <bndbox>
      <xmin>944</xmin>
      <ymin>481</ymin>
      <xmax>998</xmax>
      <ymax>551</ymax>
    </bndbox>
    <confidence>0.911117</confidence>
  </object>
  <object>
    <name>Vehicle</name>
    <bndbox>
      <xmin>2</xmin>
      <ymin>460</ymin>
      <xmax>520</xmax>
      <ymax>840</ymax>
    </bndbox>
    <confidence>0.965831</confidence>
  </object>
</annotation>
