<annotation>
  <folder>runs\detect\exp39</folder>
  <filename>1_20200615_112419_002430.jpg</filename>
  <source>
    <database>Unknown</database>
  </source>
  <size>
    <width>1920</width>
    <height>1080</height>
    <depth>3</depth>
  </size>
  <segmented>0</segmented>
  <object>
    <name>TrafficSign</name>
    <bndbox>
      <xmin>1319</xmin>
      <ymin>426</ymin>
      <xmax>1346</xmax>
      <ymax>451</ymax>
    </bndbox>
    <confidence>0.802855</confidence>
  </object>
  <object>
    <name>Vehicle</name>
    <bndbox>
      <xmin>116</xmin>
      <ymin>528</ymin>
      <xmax>162</xmax>
      <ymax>620</ymax>
    </bndbox>
    <confidence>0.809521</confidence>
  </object>
  <object>
    <name>TrafficLight</name>
    <bndbox>
      <xmin>1149</xmin>
      <ymin>181</ymin>
      <xmax>1247</xmax>
      <ymax>208</ymax>
    </bndbox>
    <confidence>0.874328</confidence>
  </object>
  <object>
    <name>TrafficSign</name>
    <bndbox>
      <xmin>1182</xmin>
      <ymin>291</ymin>
      <xmax>1219</xmax>
      <ymax>329</ymax>
    </bndbox>
    <confidence>0.890507</confidence>
  </object>
  <object>
    <name>Vehicle</name>
    <bndbox>
      <xmin>510</xmin>
      <ymin>512</ymin>
      <xmax>581</xmax>
      <ymax>580</ymax>
    </bndbox>
    <confidence>0.924789</confidence>
  </object>
  <object>
    <name>Vehicle</name>
    <bndbox>
      <xmin>568</xmin>
      <ymin>505</ymin>
      <xmax>669</xmax>
      <ymax>590</ymax>
    </bndbox>
    <confidence>0.946978</confidence>
  </object>
  <object>
    <name>Vehicle</name>
    <bndbox>
      <xmin>392</xmin>
      <ymin>506</ymin>
      <xmax>509</xmax>
      <ymax>597</ymax>
    </bndbox>
    <confidence>0.954225</confidence>
  </object>
  <object>
    <name>Vehicle</name>
    <bndbox>
      <xmin>128</xmin>
      <ymin>509</ymin>
      <xmax>307</xmax>
      <ymax>640</ymax>
    </bndbox>
    <confidence>0.962503</confidence>
  </object>
  <object>
    <name>Vehicle</name>
    <bndbox>
      <xmin>772</xmin>
      <ymin>468</ymin>
      <xmax>1186</xmax>
      <ymax>814</ymax>
    </bndbox>
    <confidence>0.969096</confidence>
  </object>
</annotation>
