<annotation>
  <folder>runs\detect\exp39</folder>
  <filename>1_20200615_112419_005430.jpg</filename>
  <source>
    <database>Unknown</database>
  </source>
  <size>
    <width>1920</width>
    <height>1080</height>
    <depth>3</depth>
  </size>
  <segmented>0</segmented>
  <object>
    <name>Pedestrian</name>
    <bndbox>
      <xmin>60</xmin>
      <ymin>516</ymin>
      <xmax>84</xmax>
      <ymax>578</ymax>
    </bndbox>
    <confidence>0.786325</confidence>
  </object>
  <object>
    <name>Vehicle</name>
    <bndbox>
      <xmin>838</xmin>
      <ymin>507</ymin>
      <xmax>891</xmax>
      <ymax>549</ymax>
    </bndbox>
    <confidence>0.9117</confidence>
  </object>
  <object>
    <name>TrafficSign</name>
    <bndbox>
      <xmin>1619</xmin>
      <ymin>272</ymin>
      <xmax>1686</xmax>
      <ymax>340</ymax>
    </bndbox>
    <confidence>0.915151</confidence>
  </object>
  <object>
    <name>Vehicle</name>
    <bndbox>
      <xmin>916</xmin>
      <ymin>507</ymin>
      <xmax>977</xmax>
      <ymax>554</ymax>
    </bndbox>
    <confidence>0.919975</confidence>
  </object>
  <object>
    <name>Vehicle</name>
    <bndbox>
      <xmin>465</xmin>
      <ymin>484</ymin>
      <xmax>716</xmax>
      <ymax>675</ymax>
    </bndbox>
    <confidence>0.968481</confidence>
  </object>
</annotation>
