<annotation>
  <folder>runs\detect\exp2</folder>
  <filename>1_20200615_112419_004200.jpg</filename>
  <source>
    <database>Unknown</database>
  </source>
  <size>
    <width>1920</width>
    <height>1080</height>
    <depth>3</depth>
  </size>
  <segmented>0</segmented>
  <object>
    <name>Vehicle</name>
    <bndbox>
      <xmin>1021</xmin>
      <ymin>523</ymin>
      <xmax>1057</xmax>
      <ymax>574</ymax>
    </bndbox>
    <confidence>0.283174</confidence>
  </object>
  <object>
    <name>Vehicle</name>
    <bndbox>
      <xmin>762</xmin>
      <ymin>530</ymin>
      <xmax>799</xmax>
      <ymax>615</ymax>
    </bndbox>
    <confidence>0.746878</confidence>
  </object>
  <object>
    <name>Vehicle</name>
    <bndbox>
      <xmin>1045</xmin>
      <ymin>518</ymin>
      <xmax>1167</xmax>
      <ymax>607</ymax>
    </bndbox>
    <confidence>0.826419</confidence>
  </object>
  <object>
    <name>TrafficLight</name>
    <bndbox>
      <xmin>1058</xmin>
      <ymin>405</ymin>
      <xmax>1108</xmax>
      <ymax>419</ymax>
    </bndbox>
    <confidence>0.836173</confidence>
  </object>
  <object>
    <name>TrafficLight</name>
    <bndbox>
      <xmin>920</xmin>
      <ymin>411</ymin>
      <xmax>972</xmax>
      <ymax>427</ymax>
    </bndbox>
    <confidence>0.848523</confidence>
  </object>
  <object>
    <name>TrafficSign</name>
    <bndbox>
      <xmin>996</xmin>
      <ymin>390</ymin>
      <xmax>1030</xmax>
      <ymax>424</ymax>
    </bndbox>
    <confidence>0.898821</confidence>
  </object>
  <object>
    <name>Vehicle</name>
    <bndbox>
      <xmin>56</xmin>
      <ymin>531</ymin>
      <xmax>183</xmax>
      <ymax>655</ymax>
    </bndbox>
    <confidence>0.944512</confidence>
  </object>
  <object>
    <name>Vehicle</name>
    <bndbox>
      <xmin>773</xmin>
      <ymin>471</ymin>
      <xmax>1052</xmax>
      <ymax>694</ymax>
    </bndbox>
    <confidence>0.96755</confidence>
  </object>
</annotation>
