<annotation>
  <folder>runs\detect\exp39</folder>
  <filename>1_20200615_112419_006090.jpg</filename>
  <source>
    <database>Unknown</database>
  </source>
  <size>
    <width>1920</width>
    <height>1080</height>
    <depth>3</depth>
  </size>
  <segmented>0</segmented>
  <object>
    <name>Vehicle</name>
    <bndbox>
      <xmin>1056</xmin>
      <ymin>519</ymin>
      <xmax>1112</xmax>
      <ymax>567</ymax>
    </bndbox>
    <confidence>0.393791</confidence>
  </object>
  <object>
    <name>Vehicle</name>
    <bndbox>
      <xmin>250</xmin>
      <ymin>548</ymin>
      <xmax>334</xmax>
      <ymax>625</ymax>
    </bndbox>
    <confidence>0.831673</confidence>
  </object>
  <object>
    <name>TrafficSign</name>
    <bndbox>
      <xmin>461</xmin>
      <ymin>325</ymin>
      <xmax>507</xmax>
      <ymax>367</ymax>
    </bndbox>
    <confidence>0.882322</confidence>
  </object>
  <object>
    <name>TrafficSign</name>
    <bndbox>
      <xmin>373</xmin>
      <ymin>76</ymin>
      <xmax>420</xmax>
      <ymax>122</ymax>
    </bndbox>
    <confidence>0.884135</confidence>
  </object>
  <object>
    <name>TrafficSign</name>
    <bndbox>
      <xmin>378</xmin>
      <ymin>147</ymin>
      <xmax>425</xmax>
      <ymax>195</ymax>
    </bndbox>
    <confidence>0.898363</confidence>
  </object>
  <object>
    <name>TrafficSign</name>
    <bndbox>
      <xmin>382</xmin>
      <ymin>291</ymin>
      <xmax>430</xmax>
      <ymax>338</ymax>
    </bndbox>
    <confidence>0.906881</confidence>
  </object>
  <object>
    <name>Vehicle</name>
    <bndbox>
      <xmin>644</xmin>
      <ymin>556</ymin>
      <xmax>703</xmax>
      <ymax>611</ymax>
    </bndbox>
    <confidence>0.913484</confidence>
  </object>
  <object>
    <name>TrafficSign</name>
    <bndbox>
      <xmin>380</xmin>
      <ymin>243</ymin>
      <xmax>427</xmax>
      <ymax>289</ymax>
    </bndbox>
    <confidence>0.91421</confidence>
  </object>
  <object>
    <name>TrafficSign</name>
    <bndbox>
      <xmin>379</xmin>
      <ymin>195</ymin>
      <xmax>427</xmax>
      <ymax>243</ymax>
    </bndbox>
    <confidence>0.918157</confidence>
  </object>
  <object>
    <name>Vehicle</name>
    <bndbox>
      <xmin>684</xmin>
      <ymin>459</ymin>
      <xmax>1057</xmax>
      <ymax>747</ymax>
    </bndbox>
    <confidence>0.968206</confidence>
  </object>
</annotation>
