<annotation>
  <folder>runs\detect\exp2</folder>
  <filename>1_20200615_112419_000630.jpg</filename>
  <source>
    <database>Unknown</database>
  </source>
  <size>
    <width>1920</width>
    <height>1080</height>
    <depth>3</depth>
  </size>
  <segmented>0</segmented>
  <object>
    <name>Vehicle</name>
    <bndbox>
      <xmin>316</xmin>
      <ymin>457</ymin>
      <xmax>369</xmax>
      <ymax>483</ymax>
    </bndbox>
    <confidence>0.381697</confidence>
  </object>
  <object>
    <name>Pedestrian</name>
    <bndbox>
      <xmin>1429</xmin>
      <ymin>431</ymin>
      <xmax>1450</xmax>
      <ymax>464</ymax>
    </bndbox>
    <confidence>0.458695</confidence>
  </object>
  <object>
    <name>TrafficSign</name>
    <bndbox>
      <xmin>1005</xmin>
      <ymin>331</ymin>
      <xmax>1062</xmax>
      <ymax>357</ymax>
    </bndbox>
    <confidence>0.517787</confidence>
  </object>
  <object>
    <name>Vehicle</name>
    <bndbox>
      <xmin>513</xmin>
      <ymin>461</ymin>
      <xmax>546</xmax>
      <ymax>500</ymax>
    </bndbox>
    <confidence>0.665272</confidence>
  </object>
  <object>
    <name>Vehicle</name>
    <bndbox>
      <xmin>248</xmin>
      <ymin>451</ymin>
      <xmax>305</xmax>
      <ymax>487</ymax>
    </bndbox>
    <confidence>0.787454</confidence>
  </object>
  <object>
    <name>Vehicle</name>
    <bndbox>
      <xmin>492</xmin>
      <ymin>462</ymin>
      <xmax>534</xmax>
      <ymax>505</ymax>
    </bndbox>
    <confidence>0.864136</confidence>
  </object>
  <object>
    <name>TrafficSign</name>
    <bndbox>
      <xmin>1476</xmin>
      <ymin>255</ymin>
      <xmax>1525</xmax>
      <ymax>306</ymax>
    </bndbox>
    <confidence>0.892738</confidence>
  </object>
  <object>
    <name>Vehicle</name>
    <bndbox>
      <xmin>474</xmin>
      <ymin>465</ymin>
      <xmax>508</xmax>
      <ymax>511</ymax>
    </bndbox>
    <confidence>0.894501</confidence>
  </object>
  <object>
    <name>Vehicle</name>
    <bndbox>
      <xmin>1220</xmin>
      <ymin>433</ymin>
      <xmax>1272</xmax>
      <ymax>478</ymax>
    </bndbox>
    <confidence>0.89586</confidence>
  </object>
  <object>
    <name>Vehicle</name>
    <bndbox>
      <xmin>395</xmin>
      <ymin>469</ymin>
      <xmax>456</xmax>
      <ymax>521</ymax>
    </bndbox>
    <confidence>0.912222</confidence>
  </object>
  <object>
    <name>Vehicle</name>
    <bndbox>
      <xmin>357</xmin>
      <ymin>477</ymin>
      <xmax>416</xmax>
      <ymax>529</ymax>
    </bndbox>
    <confidence>0.913899</confidence>
  </object>
  <object>
    <name>Vehicle</name>
    <bndbox>
      <xmin>653</xmin>
      <ymin>446</ymin>
      <xmax>702</xmax>
      <ymax>485</ymax>
    </bndbox>
    <confidence>0.921327</confidence>
  </object>
  <object>
    <name>Vehicle</name>
    <bndbox>
      <xmin>416</xmin>
      <ymin>459</ymin>
      <xmax>485</xmax>
      <ymax>518</ymax>
    </bndbox>
    <confidence>0.922307</confidence>
  </object>
  <object>
    <name>Vehicle</name>
    <bndbox>
      <xmin>286</xmin>
      <ymin>478</ymin>
      <xmax>379</xmax>
      <ymax>540</ymax>
    </bndbox>
    <confidence>0.94307</confidence>
  </object>
  <object>
    <name>Vehicle</name>
    <bndbox>
      <xmin>177</xmin>
      <ymin>485</ymin>
      <xmax>285</xmax>
      <ymax>558</ymax>
    </bndbox>
    <confidence>0.950138</confidence>
  </object>
  <object>
    <name>Vehicle</name>
    <bndbox>
      <xmin>902</xmin>
      <ymin>439</ymin>
      <xmax>1139</xmax>
      <ymax>633</ymax>
    </bndbox>
    <confidence>0.970796</confidence>
  </object>
</annotation>
