<annotation>
  <folder>runs\detect\exp2</folder>
  <filename>1_20200615_112419_003120.jpg</filename>
  <source>
    <database>Unknown</database>
  </source>
  <size>
    <width>1920</width>
    <height>1080</height>
    <depth>3</depth>
  </size>
  <segmented>0</segmented>
  <object>
    <name>Pedestrian</name>
    <bndbox>
      <xmin>1751</xmin>
      <ymin>509</ymin>
      <xmax>1787</xmax>
      <ymax>562</ymax>
    </bndbox>
    <confidence>0.284339</confidence>
  </object>
  <object>
    <name>Vehicle</name>
    <bndbox>
      <xmin>482</xmin>
      <ymin>509</ymin>
      <xmax>522</xmax>
      <ymax>534</ymax>
    </bndbox>
    <confidence>0.508548</confidence>
  </object>
  <object>
    <name>Vehicle</name>
    <bndbox>
      <xmin>613</xmin>
      <ymin>510</ymin>
      <xmax>643</xmax>
      <ymax>535</ymax>
    </bndbox>
    <confidence>0.622229</confidence>
  </object>
  <object>
    <name>Vehicle</name>
    <bndbox>
      <xmin>780</xmin>
      <ymin>494</ymin>
      <xmax>832</xmax>
      <ymax>540</ymax>
    </bndbox>
    <confidence>0.73709</confidence>
  </object>
  <object>
    <name>Vehicle</name>
    <bndbox>
      <xmin>561</xmin>
      <ymin>507</ymin>
      <xmax>600</xmax>
      <ymax>537</ymax>
    </bndbox>
    <confidence>0.873576</confidence>
  </object>
  <object>
    <name>Vehicle</name>
    <bndbox>
      <xmin>654</xmin>
      <ymin>506</ymin>
      <xmax>691</xmax>
      <ymax>536</ymax>
    </bndbox>
    <confidence>0.877602</confidence>
  </object>
  <object>
    <name>Vehicle</name>
    <bndbox>
      <xmin>410</xmin>
      <ymin>502</ymin>
      <xmax>455</xmax>
      <ymax>546</ymax>
    </bndbox>
    <confidence>0.892602</confidence>
  </object>
  <object>
    <name>Vehicle</name>
    <bndbox>
      <xmin>828</xmin>
      <ymin>486</ymin>
      <xmax>952</xmax>
      <ymax>583</ymax>
    </bndbox>
    <confidence>0.949334</confidence>
  </object>
  <object>
    <name>Vehicle</name>
    <bndbox>
      <xmin>1</xmin>
      <ymin>512</ymin>
      <xmax>72</xmax>
      <ymax>661</ymax>
    </bndbox>
    <confidence>0.953779</confidence>
  </object>
  <object>
    <name>Vehicle</name>
    <bndbox>
      <xmin>1482</xmin>
      <ymin>481</ymin>
      <xmax>1654</xmax>
      <ymax>611</ymax>
    </bndbox>
    <confidence>0.967251</confidence>
  </object>
</annotation>
