<annotation>
  <folder>runs\detect\exp39</folder>
  <filename>1_20200615_112419_004710.jpg</filename>
  <source>
    <database>Unknown</database>
  </source>
  <size>
    <width>1920</width>
    <height>1080</height>
    <depth>3</depth>
  </size>
  <segmented>0</segmented>
  <object>
    <name>Vehicle</name>
    <bndbox>
      <xmin>878</xmin>
      <ymin>489</ymin>
      <xmax>906</xmax>
      <ymax>514</ymax>
    </bndbox>
    <confidence>0.258611</confidence>
  </object>
  <object>
    <name>Vehicle</name>
    <bndbox>
      <xmin>839</xmin>
      <ymin>479</ymin>
      <xmax>866</xmax>
      <ymax>513</ymax>
    </bndbox>
    <confidence>0.440791</confidence>
  </object>
  <object>
    <name>Vehicle</name>
    <bndbox>
      <xmin>770</xmin>
      <ymin>497</ymin>
      <xmax>801</xmax>
      <ymax>524</ymax>
    </bndbox>
    <confidence>0.696395</confidence>
  </object>
  <object>
    <name>TrafficSign</name>
    <bndbox>
      <xmin>1006</xmin>
      <ymin>398</ymin>
      <xmax>1052</xmax>
      <ymax>425</ymax>
    </bndbox>
    <confidence>0.710017</confidence>
  </object>
  <object>
    <name>Vehicle</name>
    <bndbox>
      <xmin>812</xmin>
      <ymin>497</ymin>
      <xmax>845</xmax>
      <ymax>522</ymax>
    </bndbox>
    <confidence>0.768765</confidence>
  </object>
  <object>
    <name>Vehicle</name>
    <bndbox>
      <xmin>892</xmin>
      <ymin>504</ymin>
      <xmax>938</xmax>
      <ymax>537</ymax>
    </bndbox>
    <confidence>0.904251</confidence>
  </object>
  <object>
    <name>Vehicle</name>
    <bndbox>
      <xmin>954</xmin>
      <ymin>516</ymin>
      <xmax>1032</xmax>
      <ymax>576</ymax>
    </bndbox>
    <confidence>0.930138</confidence>
  </object>
  <object>
    <name>Vehicle</name>
    <bndbox>
      <xmin>625</xmin>
      <ymin>508</ymin>
      <xmax>826</xmax>
      <ymax>663</ymax>
    </bndbox>
    <confidence>0.963898</confidence>
  </object>
</annotation>
