<annotation>
  <folder>runs\detect\exp39</folder>
  <filename>1_20200615_112419_006510.jpg</filename>
  <source>
    <database>Unknown</database>
  </source>
  <size>
    <width>1920</width>
    <height>1080</height>
    <depth>3</depth>
  </size>
  <segmented>0</segmented>
  <object>
    <name>Vehicle</name>
    <bndbox>
      <xmin>788</xmin>
      <ymin>316</ymin>
      <xmax>819</xmax>
      <ymax>346</ymax>
    </bndbox>
    <confidence>0.269161</confidence>
  </object>
  <object>
    <name>Vehicle</name>
    <bndbox>
      <xmin>932</xmin>
      <ymin>387</ymin>
      <xmax>994</xmax>
      <ymax>428</ymax>
    </bndbox>
    <confidence>0.427925</confidence>
  </object>
  <object>
    <name>Vehicle</name>
    <bndbox>
      <xmin>890</xmin>
      <ymin>317</ymin>
      <xmax>927</xmax>
      <ymax>349</ymax>
    </bndbox>
    <confidence>0.732502</confidence>
  </object>
  <object>
    <name>Vehicle</name>
    <bndbox>
      <xmin>938</xmin>
      <ymin>342</ymin>
      <xmax>986</xmax>
      <ymax>380</ymax>
    </bndbox>
    <confidence>0.85783</confidence>
  </object>
  <object>
    <name>Vehicle</name>
    <bndbox>
      <xmin>871</xmin>
      <ymin>340</ymin>
      <xmax>915</xmax>
      <ymax>374</ymax>
    </bndbox>
    <confidence>0.868958</confidence>
  </object>
  <object>
    <name>Vehicle</name>
    <bndbox>
      <xmin>908</xmin>
      <ymin>426</ymin>
      <xmax>1018</xmax>
      <ymax>507</ymax>
    </bndbox>
    <confidence>0.936607</confidence>
  </object>
  <object>
    <name>Vehicle</name>
    <bndbox>
      <xmin>733</xmin>
      <ymin>440</ymin>
      <xmax>914</xmax>
      <ymax>582</ymax>
    </bndbox>
    <confidence>0.964655</confidence>
  </object>
</annotation>
