<annotation>
  <folder>runs\detect\exp2</folder>
  <filename>1_20200615_112419_004920.jpg</filename>
  <source>
    <database>Unknown</database>
  </source>
  <size>
    <width>1920</width>
    <height>1080</height>
    <depth>3</depth>
  </size>
  <segmented>0</segmented>
  <object>
    <name>Vehicle</name>
    <bndbox>
      <xmin>692</xmin>
      <ymin>518</ymin>
      <xmax>735</xmax>
      <ymax>561</ymax>
    </bndbox>
    <confidence>0.254944</confidence>
  </object>
  <object>
    <name>Vehicle</name>
    <bndbox>
      <xmin>860</xmin>
      <ymin>524</ymin>
      <xmax>890</xmax>
      <ymax>551</ymax>
    </bndbox>
    <confidence>0.45845</confidence>
  </object>
  <object>
    <name>Pedestrian</name>
    <bndbox>
      <xmin>394</xmin>
      <ymin>523</ymin>
      <xmax>411</xmax>
      <ymax>565</ymax>
    </bndbox>
    <confidence>0.60343</confidence>
  </object>
  <object>
    <name>Vehicle</name>
    <bndbox>
      <xmin>685</xmin>
      <ymin>500</ymin>
      <xmax>736</xmax>
      <ymax>546</ymax>
    </bndbox>
    <confidence>0.707387</confidence>
  </object>
  <object>
    <name>TrafficSign</name>
    <bndbox>
      <xmin>1039</xmin>
      <ymin>216</ymin>
      <xmax>1170</xmax>
      <ymax>285</ymax>
    </bndbox>
    <confidence>0.827134</confidence>
  </object>
  <object>
    <name>Vehicle</name>
    <bndbox>
      <xmin>770</xmin>
      <ymin>504</ymin>
      <xmax>811</xmax>
      <ymax>554</ymax>
    </bndbox>
    <confidence>0.877505</confidence>
  </object>
  <object>
    <name>Vehicle</name>
    <bndbox>
      <xmin>739</xmin>
      <ymin>514</ymin>
      <xmax>789</xmax>
      <ymax>557</ymax>
    </bndbox>
    <confidence>0.898211</confidence>
  </object>
  <object>
    <name>TrafficSign</name>
    <bndbox>
      <xmin>1528</xmin>
      <ymin>117</ymin>
      <xmax>1582</xmax>
      <ymax>171</ymax>
    </bndbox>
    <confidence>0.911828</confidence>
  </object>
  <object>
    <name>Vehicle</name>
    <bndbox>
      <xmin>935</xmin>
      <ymin>505</ymin>
      <xmax>1014</xmax>
      <ymax>568</ymax>
    </bndbox>
    <confidence>0.936388</confidence>
  </object>
  <object>
    <name>Vehicle</name>
    <bndbox>
      <xmin>272</xmin>
      <ymin>497</ymin>
      <xmax>385</xmax>
      <ymax>617</ymax>
    </bndbox>
    <confidence>0.957077</confidence>
  </object>
  <object>
    <name>Vehicle</name>
    <bndbox>
      <xmin>452</xmin>
      <ymin>483</ymin>
      <xmax>733</xmax>
      <ymax>691</ymax>
    </bndbox>
    <confidence>0.969516</confidence>
  </object>
  <object>
    <name>Vehicle</name>
    <bndbox>
      <xmin>2</xmin>
      <ymin>474</ymin>
      <xmax>305</xmax>
      <ymax>702</ymax>
    </bndbox>
    <confidence>0.971287</confidence>
  </object>
</annotation>
