<annotation>
  <folder>runs\detect\exp2</folder>
  <filename>1_20200615_112419_003210.jpg</filename>
  <source>
    <database>Unknown</database>
  </source>
  <size>
    <width>1920</width>
    <height>1080</height>
    <depth>3</depth>
  </size>
  <segmented>0</segmented>
  <object>
    <name>Pedestrian</name>
    <bndbox>
      <xmin>1218</xmin>
      <ymin>474</ymin>
      <xmax>1231</xmax>
      <ymax>526</ymax>
    </bndbox>
    <confidence>0.449945</confidence>
  </object>
  <object>
    <name>Vehicle</name>
    <bndbox>
      <xmin>712</xmin>
      <ymin>512</ymin>
      <xmax>753</xmax>
      <ymax>544</ymax>
    </bndbox>
    <confidence>0.74054</confidence>
  </object>
  <object>
    <name>Vehicle</name>
    <bndbox>
      <xmin>662</xmin>
      <ymin>513</ymin>
      <xmax>695</xmax>
      <ymax>541</ymax>
    </bndbox>
    <confidence>0.790002</confidence>
  </object>
  <object>
    <name>Vehicle</name>
    <bndbox>
      <xmin>571</xmin>
      <ymin>507</ymin>
      <xmax>619</xmax>
      <ymax>538</ymax>
    </bndbox>
    <confidence>0.810998</confidence>
  </object>
  <object>
    <name>Vehicle</name>
    <bndbox>
      <xmin>687</xmin>
      <ymin>512</ymin>
      <xmax>720</xmax>
      <ymax>542</ymax>
    </bndbox>
    <confidence>0.83207</confidence>
  </object>
  <object>
    <name>Vehicle</name>
    <bndbox>
      <xmin>471</xmin>
      <ymin>513</ymin>
      <xmax>507</xmax>
      <ymax>541</ymax>
    </bndbox>
    <confidence>0.892627</confidence>
  </object>
  <object>
    <name>Vehicle</name>
    <bndbox>
      <xmin>758</xmin>
      <ymin>504</ymin>
      <xmax>796</xmax>
      <ymax>545</ymax>
    </bndbox>
    <confidence>0.896796</confidence>
  </object>
  <object>
    <name>Vehicle</name>
    <bndbox>
      <xmin>913</xmin>
      <ymin>484</ymin>
      <xmax>991</xmax>
      <ymax>554</ymax>
    </bndbox>
    <confidence>0.905348</confidence>
  </object>
  <object>
    <name>Vehicle</name>
    <bndbox>
      <xmin>130</xmin>
      <ymin>480</ymin>
      <xmax>283</xmax>
      <ymax>613</ymax>
    </bndbox>
    <confidence>0.917853</confidence>
  </object>
  <object>
    <name>Vehicle</name>
    <bndbox>
      <xmin>774</xmin>
      <ymin>494</ymin>
      <xmax>887</xmax>
      <ymax>582</ymax>
    </bndbox>
    <confidence>0.950552</confidence>
  </object>
</annotation>
