<annotation>
  <folder>runs\detect\exp2</folder>
  <filename>1_20200615_112419_006930.jpg</filename>
  <source>
    <database>Unknown</database>
  </source>
  <size>
    <width>1920</width>
    <height>1080</height>
    <depth>3</depth>
  </size>
  <segmented>0</segmented>
  <object>
    <name>Vehicle</name>
    <bndbox>
      <xmin>325</xmin>
      <ymin>499</ymin>
      <xmax>476</xmax>
      <ymax>604</ymax>
    </bndbox>
    <confidence>0.401215</confidence>
  </object>
  <object>
    <name>TrafficSign</name>
    <bndbox>
      <xmin>1798</xmin>
      <ymin>382</ymin>
      <xmax>1834</xmax>
      <ymax>418</ymax>
    </bndbox>
    <confidence>0.863811</confidence>
  </object>
  <object>
    <name>Vehicle</name>
    <bndbox>
      <xmin>1644</xmin>
      <ymin>452</ymin>
      <xmax>1677</xmax>
      <ymax>479</ymax>
    </bndbox>
    <confidence>0.870665</confidence>
  </object>
  <object>
    <name>Vehicle</name>
    <bndbox>
      <xmin>1553</xmin>
      <ymin>459</ymin>
      <xmax>1597</xmax>
      <ymax>490</ymax>
    </bndbox>
    <confidence>0.895809</confidence>
  </object>
  <object>
    <name>Vehicle</name>
    <bndbox>
      <xmin>1071</xmin>
      <ymin>468</ymin>
      <xmax>1270</xmax>
      <ymax>612</ymax>
    </bndbox>
    <confidence>0.966415</confidence>
  </object>
  <object>
    <name>Vehicle</name>
    <bndbox>
      <xmin>1371</xmin>
      <ymin>444</ymin>
      <xmax>1550</xmax>
      <ymax>606</ymax>
    </bndbox>
    <confidence>0.966572</confidence>
  </object>
</annotation>
