<annotation>
  <folder>runs\detect\exp2</folder>
  <filename>1_20200615_112419_002430.jpg</filename>
  <source>
    <database>Unknown</database>
  </source>
  <size>
    <width>1920</width>
    <height>1080</height>
    <depth>3</depth>
  </size>
  <segmented>0</segmented>
  <object>
    <name>TrafficSign</name>
    <bndbox>
      <xmin>1319</xmin>
      <ymin>426</ymin>
      <xmax>1346</xmax>
      <ymax>451</ymax>
    </bndbox>
    <confidence>0.808353</confidence>
  </object>
  <object>
    <name>Vehicle</name>
    <bndbox>
      <xmin>116</xmin>
      <ymin>528</ymin>
      <xmax>162</xmax>
      <ymax>619</ymax>
    </bndbox>
    <confidence>0.824089</confidence>
  </object>
  <object>
    <name>TrafficLight</name>
    <bndbox>
      <xmin>1150</xmin>
      <ymin>181</ymin>
      <xmax>1247</xmax>
      <ymax>208</ymax>
    </bndbox>
    <confidence>0.883385</confidence>
  </object>
  <object>
    <name>TrafficSign</name>
    <bndbox>
      <xmin>1182</xmin>
      <ymin>291</ymin>
      <xmax>1219</xmax>
      <ymax>329</ymax>
    </bndbox>
    <confidence>0.89515</confidence>
  </object>
  <object>
    <name>Vehicle</name>
    <bndbox>
      <xmin>509</xmin>
      <ymin>512</ymin>
      <xmax>581</xmax>
      <ymax>580</ymax>
    </bndbox>
    <confidence>0.928477</confidence>
  </object>
  <object>
    <name>Vehicle</name>
    <bndbox>
      <xmin>568</xmin>
      <ymin>506</ymin>
      <xmax>669</xmax>
      <ymax>590</ymax>
    </bndbox>
    <confidence>0.951355</confidence>
  </object>
  <object>
    <name>Vehicle</name>
    <bndbox>
      <xmin>393</xmin>
      <ymin>506</ymin>
      <xmax>510</xmax>
      <ymax>597</ymax>
    </bndbox>
    <confidence>0.958635</confidence>
  </object>
  <object>
    <name>Vehicle</name>
    <bndbox>
      <xmin>128</xmin>
      <ymin>509</ymin>
      <xmax>307</xmax>
      <ymax>640</ymax>
    </bndbox>
    <confidence>0.966593</confidence>
  </object>
  <object>
    <name>Vehicle</name>
    <bndbox>
      <xmin>771</xmin>
      <ymin>469</ymin>
      <xmax>1186</xmax>
      <ymax>814</ymax>
    </bndbox>
    <confidence>0.972769</confidence>
  </object>
</annotation>
