<annotation>
  <folder>runs\detect\exp39</folder>
  <filename>1_20200615_112419_003030.jpg</filename>
  <source>
    <database>Unknown</database>
  </source>
  <size>
    <width>1920</width>
    <height>1080</height>
    <depth>3</depth>
  </size>
  <segmented>0</segmented>
  <object>
    <name>Vehicle</name>
    <bndbox>
      <xmin>1</xmin>
      <ymin>473</ymin>
      <xmax>28</xmax>
      <ymax>639</ymax>
    </bndbox>
    <confidence>0.442988</confidence>
  </object>
  <object>
    <name>Vehicle</name>
    <bndbox>
      <xmin>560</xmin>
      <ymin>505</ymin>
      <xmax>593</xmax>
      <ymax>533</ymax>
    </bndbox>
    <confidence>0.449074</confidence>
  </object>
  <object>
    <name>Vehicle</name>
    <bndbox>
      <xmin>439</xmin>
      <ymin>509</ymin>
      <xmax>471</xmax>
      <ymax>535</ymax>
    </bndbox>
    <confidence>0.802739</confidence>
  </object>
  <object>
    <name>Vehicle</name>
    <bndbox>
      <xmin>656</xmin>
      <ymin>495</ymin>
      <xmax>746</xmax>
      <ymax>533</ymax>
    </bndbox>
    <confidence>0.860476</confidence>
  </object>
  <object>
    <name>Vehicle</name>
    <bndbox>
      <xmin>518</xmin>
      <ymin>503</ymin>
      <xmax>563</xmax>
      <ymax>536</ymax>
    </bndbox>
    <confidence>0.880731</confidence>
  </object>
  <object>
    <name>Vehicle</name>
    <bndbox>
      <xmin>341</xmin>
      <ymin>510</ymin>
      <xmax>389</xmax>
      <ymax>550</ymax>
    </bndbox>
    <confidence>0.919679</confidence>
  </object>
  <object>
    <name>Vehicle</name>
    <bndbox>
      <xmin>975</xmin>
      <ymin>489</ymin>
      <xmax>1054</xmax>
      <ymax>549</ymax>
    </bndbox>
    <confidence>0.935914</confidence>
  </object>
  <object>
    <name>Vehicle</name>
    <bndbox>
      <xmin>734</xmin>
      <ymin>481</ymin>
      <xmax>878</xmax>
      <ymax>592</ymax>
    </bndbox>
    <confidence>0.954501</confidence>
  </object>
</annotation>
