<annotation>
  <folder>runs\detect\exp2</folder>
  <filename>1_20200615_112419_004890.jpg</filename>
  <source>
    <database>Unknown</database>
  </source>
  <size>
    <width>1920</width>
    <height>1080</height>
    <depth>3</depth>
  </size>
  <segmented>0</segmented>
  <object>
    <name>Vehicle</name>
    <bndbox>
      <xmin>894</xmin>
      <ymin>493</ymin>
      <xmax>922</xmax>
      <ymax>519</ymax>
    </bndbox>
    <confidence>0.262714</confidence>
  </object>
  <object>
    <name>Vehicle</name>
    <bndbox>
      <xmin>737</xmin>
      <ymin>475</ymin>
      <xmax>788</xmax>
      <ymax>507</ymax>
    </bndbox>
    <confidence>0.660602</confidence>
  </object>
  <object>
    <name>Vehicle</name>
    <bndbox>
      <xmin>715</xmin>
      <ymin>496</ymin>
      <xmax>754</xmax>
      <ymax>527</ymax>
    </bndbox>
    <confidence>0.784356</confidence>
  </object>
  <object>
    <name>Vehicle</name>
    <bndbox>
      <xmin>823</xmin>
      <ymin>478</ymin>
      <xmax>860</xmax>
      <ymax>522</ymax>
    </bndbox>
    <confidence>0.851718</confidence>
  </object>
  <object>
    <name>Vehicle</name>
    <bndbox>
      <xmin>756</xmin>
      <ymin>494</ymin>
      <xmax>798</xmax>
      <ymax>526</ymax>
    </bndbox>
    <confidence>0.866324</confidence>
  </object>
  <object>
    <name>Vehicle</name>
    <bndbox>
      <xmin>803</xmin>
      <ymin>487</ymin>
      <xmax>842</xmax>
      <ymax>524</ymax>
    </bndbox>
    <confidence>0.872801</confidence>
  </object>
  <object>
    <name>TrafficSign</name>
    <bndbox>
      <xmin>1367</xmin>
      <ymin>212</ymin>
      <xmax>1406</xmax>
      <ymax>250</ymax>
    </bndbox>
    <confidence>0.904156</confidence>
  </object>
  <object>
    <name>TrafficSign</name>
    <bndbox>
      <xmin>1044</xmin>
      <ymin>251</ymin>
      <xmax>1146</xmax>
      <ymax>305</ymax>
    </bndbox>
    <confidence>0.910655</confidence>
  </object>
  <object>
    <name>Vehicle</name>
    <bndbox>
      <xmin>960</xmin>
      <ymin>475</ymin>
      <xmax>1038</xmax>
      <ymax>537</ymax>
    </bndbox>
    <confidence>0.937291</confidence>
  </object>
  <object>
    <name>Vehicle</name>
    <bndbox>
      <xmin>318</xmin>
      <ymin>498</ymin>
      <xmax>460</xmax>
      <ymax>595</ymax>
    </bndbox>
    <confidence>0.961728</confidence>
  </object>
  <object>
    <name>Vehicle</name>
    <bndbox>
      <xmin>455</xmin>
      <ymin>463</ymin>
      <xmax>729</xmax>
      <ymax>673</ymax>
    </bndbox>
    <confidence>0.972151</confidence>
  </object>
</annotation>
