<annotation>
  <folder>runs\detect\exp39</folder>
  <filename>1_20200615_112419_006000.jpg</filename>
  <source>
    <database>Unknown</database>
  </source>
  <size>
    <width>1920</width>
    <height>1080</height>
    <depth>3</depth>
  </size>
  <segmented>0</segmented>
  <object>
    <name>TrafficSign</name>
    <bndbox>
      <xmin>474</xmin>
      <ymin>402</ymin>
      <xmax>499</xmax>
      <ymax>427</ymax>
    </bndbox>
    <confidence>0.461733</confidence>
  </object>
  <object>
    <name>TrafficSign</name>
    <bndbox>
      <xmin>497</xmin>
      <ymin>357</ymin>
      <xmax>522</xmax>
      <ymax>382</ymax>
    </bndbox>
    <confidence>0.56794</confidence>
  </object>
  <object>
    <name>TrafficSign</name>
    <bndbox>
      <xmin>497</xmin>
      <ymin>334</ymin>
      <xmax>522</xmax>
      <ymax>359</ymax>
    </bndbox>
    <confidence>0.62228</confidence>
  </object>
  <object>
    <name>TrafficSign</name>
    <bndbox>
      <xmin>497</xmin>
      <ymin>400</ymin>
      <xmax>524</xmax>
      <ymax>425</ymax>
    </bndbox>
    <confidence>0.712364</confidence>
  </object>
  <object>
    <name>Vehicle</name>
    <bndbox>
      <xmin>614</xmin>
      <ymin>518</ymin>
      <xmax>671</xmax>
      <ymax>556</ymax>
    </bndbox>
    <confidence>0.890837</confidence>
  </object>
  <object>
    <name>Vehicle</name>
    <bndbox>
      <xmin>302</xmin>
      <ymin>528</ymin>
      <xmax>359</xmax>
      <ymax>566</ymax>
    </bndbox>
    <confidence>0.891149</confidence>
  </object>
  <object>
    <name>Vehicle</name>
    <bndbox>
      <xmin>540</xmin>
      <ymin>512</ymin>
      <xmax>598</xmax>
      <ymax>555</ymax>
    </bndbox>
    <confidence>0.909497</confidence>
  </object>
  <object>
    <name>Vehicle</name>
    <bndbox>
      <xmin>688</xmin>
      <ymin>500</ymin>
      <xmax>768</xmax>
      <ymax>556</ymax>
    </bndbox>
    <confidence>0.92931</confidence>
  </object>
  <object>
    <name>Vehicle</name>
    <bndbox>
      <xmin>765</xmin>
      <ymin>460</ymin>
      <xmax>863</xmax>
      <ymax>574</ymax>
    </bndbox>
    <confidence>0.931989</confidence>
  </object>
  <object>
    <name>Vehicle</name>
    <bndbox>
      <xmin>793</xmin>
      <ymin>450</ymin>
      <xmax>1133</xmax>
      <ymax>704</ymax>
    </bndbox>
    <confidence>0.967446</confidence>
  </object>
</annotation>
