<annotation>
  <folder>runs\detect\exp2</folder>
  <filename>1_20200615_112419_001620.jpg</filename>
  <source>
    <database>Unknown</database>
  </source>
  <size>
    <width>1920</width>
    <height>1080</height>
    <depth>3</depth>
  </size>
  <segmented>0</segmented>
  <object>
    <name>TrafficSign</name>
    <bndbox>
      <xmin>1294</xmin>
      <ymin>416</ymin>
      <xmax>1319</xmax>
      <ymax>441</ymax>
    </bndbox>
    <confidence>0.682746</confidence>
  </object>
  <object>
    <name>Vehicle</name>
    <bndbox>
      <xmin>701</xmin>
      <ymin>502</ymin>
      <xmax>742</xmax>
      <ymax>537</ymax>
    </bndbox>
    <confidence>0.883728</confidence>
  </object>
  <object>
    <name>TrafficSign</name>
    <bndbox>
      <xmin>1161</xmin>
      <ymin>287</ymin>
      <xmax>1197</xmax>
      <ymax>323</ymax>
    </bndbox>
    <confidence>0.911172</confidence>
  </object>
  <object>
    <name>Vehicle</name>
    <bndbox>
      <xmin>387</xmin>
      <ymin>496</ymin>
      <xmax>506</xmax>
      <ymax>588</ymax>
    </bndbox>
    <confidence>0.959845</confidence>
  </object>
  <object>
    <name>Vehicle</name>
    <bndbox>
      <xmin>718</xmin>
      <ymin>435</ymin>
      <xmax>1225</xmax>
      <ymax>864</ymax>
    </bndbox>
    <confidence>0.973225</confidence>
  </object>
</annotation>
