<annotation>
  <folder>runs\detect\exp39</folder>
  <filename>1_20200615_112419_000210.jpg</filename>
  <source>
    <database>Unknown</database>
  </source>
  <size>
    <width>1920</width>
    <height>1080</height>
    <depth>3</depth>
  </size>
  <segmented>0</segmented>
  <object>
    <name>Vehicle</name>
    <bndbox>
      <xmin>805</xmin>
      <ymin>496</ymin>
      <xmax>841</xmax>
      <ymax>521</ymax>
    </bndbox>
    <confidence>0.397045</confidence>
  </object>
  <object>
    <name>Vehicle</name>
    <bndbox>
      <xmin>905</xmin>
      <ymin>490</ymin>
      <xmax>932</xmax>
      <ymax>516</ymax>
    </bndbox>
    <confidence>0.447625</confidence>
  </object>
  <object>
    <name>Vehicle</name>
    <bndbox>
      <xmin>770</xmin>
      <ymin>505</ymin>
      <xmax>818</xmax>
      <ymax>540</ymax>
    </bndbox>
    <confidence>0.902297</confidence>
  </object>
  <object>
    <name>Vehicle</name>
    <bndbox>
      <xmin>671</xmin>
      <ymin>490</ymin>
      <xmax>734</xmax>
      <ymax>551</ymax>
    </bndbox>
    <confidence>0.92085</confidence>
  </object>
  <object>
    <name>Vehicle</name>
    <bndbox>
      <xmin>592</xmin>
      <ymin>507</ymin>
      <xmax>650</xmax>
      <ymax>555</ymax>
    </bndbox>
    <confidence>0.924259</confidence>
  </object>
  <object>
    <name>Vehicle</name>
    <bndbox>
      <xmin>1239</xmin>
      <ymin>355</ymin>
      <xmax>1359</xmax>
      <ymax>604</ymax>
    </bndbox>
    <confidence>0.927671</confidence>
  </object>
  <object>
    <name>Vehicle</name>
    <bndbox>
      <xmin>522</xmin>
      <ymin>507</ymin>
      <xmax>597</xmax>
      <ymax>570</ymax>
    </bndbox>
    <confidence>0.939154</confidence>
  </object>
  <object>
    <name>Vehicle</name>
    <bndbox>
      <xmin>1</xmin>
      <ymin>488</ymin>
      <xmax>82</xmax>
      <ymax>638</ymax>
    </bndbox>
    <confidence>0.95041</confidence>
  </object>
  <object>
    <name>Vehicle</name>
    <bndbox>
      <xmin>80</xmin>
      <ymin>510</ymin>
      <xmax>251</xmax>
      <ymax>621</ymax>
    </bndbox>
    <confidence>0.954044</confidence>
  </object>
  <object>
    <name>Vehicle</name>
    <bndbox>
      <xmin>193</xmin>
      <ymin>407</ymin>
      <xmax>427</xmax>
      <ymax>599</ymax>
    </bndbox>
    <confidence>0.957124</confidence>
  </object>
  <object>
    <name>Vehicle</name>
    <bndbox>
      <xmin>948</xmin>
      <ymin>472</ymin>
      <xmax>1175</xmax>
      <ymax>655</ymax>
    </bndbox>
    <confidence>0.965711</confidence>
  </object>
  <object>
    <name>Vehicle</name>
    <bndbox>
      <xmin>1327</xmin>
      <ymin>241</ymin>
      <xmax>1867</xmax>
      <ymax>678</ymax>
    </bndbox>
    <confidence>0.967624</confidence>
  </object>
</annotation>
