<annotation>
  <folder>runs\detect\exp2</folder>
  <filename>1_20200615_112419_005040.jpg</filename>
  <source>
    <database>Unknown</database>
  </source>
  <size>
    <width>1920</width>
    <height>1080</height>
    <depth>3</depth>
  </size>
  <segmented>0</segmented>
  <object>
    <name>TrafficLight</name>
    <bndbox>
      <xmin>881</xmin>
      <ymin>393</ymin>
      <xmax>916</xmax>
      <ymax>405</ymax>
    </bndbox>
    <confidence>0.312092</confidence>
  </object>
  <object>
    <name>TrafficLight</name>
    <bndbox>
      <xmin>976</xmin>
      <ymin>392</ymin>
      <xmax>1014</xmax>
      <ymax>404</ymax>
    </bndbox>
    <confidence>0.340494</confidence>
  </object>
  <object>
    <name>Vehicle</name>
    <bndbox>
      <xmin>493</xmin>
      <ymin>470</ymin>
      <xmax>540</xmax>
      <ymax>503</ymax>
    </bndbox>
    <confidence>0.366932</confidence>
  </object>
  <object>
    <name>Vehicle</name>
    <bndbox>
      <xmin>815</xmin>
      <ymin>506</ymin>
      <xmax>847</xmax>
      <ymax>537</ymax>
    </bndbox>
    <confidence>0.641034</confidence>
  </object>
  <object>
    <name>Vehicle</name>
    <bndbox>
      <xmin>614</xmin>
      <ymin>493</ymin>
      <xmax>656</xmax>
      <ymax>545</ymax>
    </bndbox>
    <confidence>0.860985</confidence>
  </object>
  <object>
    <name>Vehicle</name>
    <bndbox>
      <xmin>722</xmin>
      <ymin>496</ymin>
      <xmax>763</xmax>
      <ymax>542</ymax>
    </bndbox>
    <confidence>0.896185</confidence>
  </object>
  <object>
    <name>Vehicle</name>
    <bndbox>
      <xmin>478</xmin>
      <ymin>501</ymin>
      <xmax>524</xmax>
      <ymax>562</ymax>
    </bndbox>
    <confidence>0.899248</confidence>
  </object>
  <object>
    <name>Vehicle</name>
    <bndbox>
      <xmin>691</xmin>
      <ymin>501</ymin>
      <xmax>740</xmax>
      <ymax>543</ymax>
    </bndbox>
    <confidence>0.907038</confidence>
  </object>
  <object>
    <name>Vehicle</name>
    <bndbox>
      <xmin>633</xmin>
      <ymin>499</ymin>
      <xmax>697</xmax>
      <ymax>551</ymax>
    </bndbox>
    <confidence>0.922314</confidence>
  </object>
  <object>
    <name>Vehicle</name>
    <bndbox>
      <xmin>511</xmin>
      <ymin>489</ymin>
      <xmax>606</xmax>
      <ymax>567</ymax>
    </bndbox>
    <confidence>0.943321</confidence>
  </object>
  <object>
    <name>Vehicle</name>
    <bndbox>
      <xmin>334</xmin>
      <ymin>439</ymin>
      <xmax>463</xmax>
      <ymax>574</ymax>
    </bndbox>
    <confidence>0.944054</confidence>
  </object>
  <object>
    <name>Vehicle</name>
    <bndbox>
      <xmin>148</xmin>
      <ymin>423</ymin>
      <xmax>340</xmax>
      <ymax>603</ymax>
    </bndbox>
    <confidence>0.963044</confidence>
  </object>
  <object>
    <name>Vehicle</name>
    <bndbox>
      <xmin>815</xmin>
      <ymin>469</ymin>
      <xmax>1063</xmax>
      <ymax>667</ymax>
    </bndbox>
    <confidence>0.963906</confidence>
  </object>
</annotation>
