<annotation>
  <folder>runs\detect\exp39</folder>
  <filename>1_20200615_112419_001140.jpg</filename>
  <source>
    <database>Unknown</database>
  </source>
  <size>
    <width>1920</width>
    <height>1080</height>
    <depth>3</depth>
  </size>
  <segmented>0</segmented>
  <object>
    <name>TrafficLight</name>
    <bndbox>
      <xmin>1085</xmin>
      <ymin>365</ymin>
      <xmax>1124</xmax>
      <ymax>377</ymax>
    </bndbox>
    <confidence>0.283489</confidence>
  </object>
  <object>
    <name>TrafficLight</name>
    <bndbox>
      <xmin>983</xmin>
      <ymin>365</ymin>
      <xmax>1022</xmax>
      <ymax>377</ymax>
    </bndbox>
    <confidence>0.555819</confidence>
  </object>
  <object>
    <name>Vehicle</name>
    <bndbox>
      <xmin>1087</xmin>
      <ymin>465</ymin>
      <xmax>1204</xmax>
      <ymax>526</ymax>
    </bndbox>
    <confidence>0.816834</confidence>
  </object>
  <object>
    <name>Vehicle</name>
    <bndbox>
      <xmin>1004</xmin>
      <ymin>443</ymin>
      <xmax>1215</xmax>
      <ymax>522</ymax>
    </bndbox>
    <confidence>0.878369</confidence>
  </object>
  <object>
    <name>Vehicle</name>
    <bndbox>
      <xmin>609</xmin>
      <ymin>507</ymin>
      <xmax>676</xmax>
      <ymax>555</ymax>
    </bndbox>
    <confidence>0.933383</confidence>
  </object>
  <object>
    <name>Vehicle</name>
    <bndbox>
      <xmin>913</xmin>
      <ymin>478</ymin>
      <xmax>1080</xmax>
      <ymax>612</ymax>
    </bndbox>
    <confidence>0.958472</confidence>
  </object>
</annotation>
