<annotation>
  <folder>runs\detect\exp2</folder>
  <filename>1_20200615_112419_004410.jpg</filename>
  <source>
    <database>Unknown</database>
  </source>
  <size>
    <width>1920</width>
    <height>1080</height>
    <depth>3</depth>
  </size>
  <segmented>0</segmented>
  <object>
    <name>Pedestrian</name>
    <bndbox>
      <xmin>0</xmin>
      <ymin>580</ymin>
      <xmax>11</xmax>
      <ymax>653</ymax>
    </bndbox>
    <confidence>0.529378</confidence>
  </object>
  <object>
    <name>Vehicle</name>
    <bndbox>
      <xmin>1111</xmin>
      <ymin>555</ymin>
      <xmax>1158</xmax>
      <ymax>620</ymax>
    </bndbox>
    <confidence>0.830006</confidence>
  </object>
  <object>
    <name>Vehicle</name>
    <bndbox>
      <xmin>721</xmin>
      <ymin>584</ymin>
      <xmax>761</xmax>
      <ymax>616</ymax>
    </bndbox>
    <confidence>0.838043</confidence>
  </object>
  <object>
    <name>Vehicle</name>
    <bndbox>
      <xmin>611</xmin>
      <ymin>558</ymin>
      <xmax>643</xmax>
      <ymax>624</ymax>
    </bndbox>
    <confidence>0.866575</confidence>
  </object>
  <object>
    <name>TrafficSign</name>
    <bndbox>
      <xmin>1161</xmin>
      <ymin>389</ymin>
      <xmax>1190</xmax>
      <ymax>420</ymax>
    </bndbox>
    <confidence>0.887267</confidence>
  </object>
  <object>
    <name>TrafficLight</name>
    <bndbox>
      <xmin>1070</xmin>
      <ymin>307</ymin>
      <xmax>1143</xmax>
      <ymax>329</ymax>
    </bndbox>
    <confidence>0.89081</confidence>
  </object>
  <object>
    <name>Vehicle</name>
    <bndbox>
      <xmin>634</xmin>
      <ymin>568</ymin>
      <xmax>688</xmax>
      <ymax>619</ymax>
    </bndbox>
    <confidence>0.907507</confidence>
  </object>
  <object>
    <name>Vehicle</name>
    <bndbox>
      <xmin>664</xmin>
      <ymin>564</ymin>
      <xmax>717</xmax>
      <ymax>616</ymax>
    </bndbox>
    <confidence>0.914731</confidence>
  </object>
  <object>
    <name>Vehicle</name>
    <bndbox>
      <xmin>68</xmin>
      <ymin>333</ymin>
      <xmax>660</xmax>
      <ymax>797</ymax>
    </bndbox>
    <confidence>0.947585</confidence>
  </object>
  <object>
    <name>Vehicle</name>
    <bndbox>
      <xmin>857</xmin>
      <ymin>495</ymin>
      <xmax>1129</xmax>
      <ymax>716</ymax>
    </bndbox>
    <confidence>0.967703</confidence>
  </object>
</annotation>
