<annotation>
  <folder>runs\detect\exp2</folder>
  <filename>1_20200615_112419_007890.jpg</filename>
  <source>
    <database>Unknown</database>
  </source>
  <size>
    <width>1920</width>
    <height>1080</height>
    <depth>3</depth>
  </size>
  <segmented>0</segmented>
  <object>
    <name>Vehicle</name>
    <bndbox>
      <xmin>1291</xmin>
      <ymin>487</ymin>
      <xmax>1321</xmax>
      <ymax>519</ymax>
    </bndbox>
    <confidence>0.710409</confidence>
  </object>
  <object>
    <name>Vehicle</name>
    <bndbox>
      <xmin>1265</xmin>
      <ymin>492</ymin>
      <xmax>1296</xmax>
      <ymax>519</ymax>
    </bndbox>
    <confidence>0.828096</confidence>
  </object>
  <object>
    <name>TrafficSign</name>
    <bndbox>
      <xmin>1748</xmin>
      <ymin>304</ymin>
      <xmax>1802</xmax>
      <ymax>359</ymax>
    </bndbox>
    <confidence>0.915558</confidence>
  </object>
  <object>
    <name>TrafficSign</name>
    <bndbox>
      <xmin>1287</xmin>
      <ymin>16</ymin>
      <xmax>1368</xmax>
      <ymax>98</ymax>
    </bndbox>
    <confidence>0.946329</confidence>
  </object>
  <object>
    <name>Vehicle</name>
    <bndbox>
      <xmin>1278</xmin>
      <ymin>491</ymin>
      <xmax>1459</xmax>
      <ymax>618</ymax>
    </bndbox>
    <confidence>0.967301</confidence>
  </object>
</annotation>
