<annotation>
  <folder>runs\detect\exp2</folder>
  <filename>1_20200615_112419_003660.jpg</filename>
  <source>
    <database>Unknown</database>
  </source>
  <size>
    <width>1920</width>
    <height>1080</height>
    <depth>3</depth>
  </size>
  <segmented>0</segmented>
  <object>
    <name>Vehicle</name>
    <bndbox>
      <xmin>149</xmin>
      <ymin>547</ymin>
      <xmax>182</xmax>
      <ymax>574</ymax>
    </bndbox>
    <confidence>0.553447</confidence>
  </object>
  <object>
    <name>Vehicle</name>
    <bndbox>
      <xmin>787</xmin>
      <ymin>516</ymin>
      <xmax>967</xmax>
      <ymax>658</ymax>
    </bndbox>
    <confidence>0.965871</confidence>
  </object>
</annotation>
