<annotation>
  <folder>runs\detect\exp2</folder>
  <filename>1_20200615_112419_004080.jpg</filename>
  <source>
    <database>Unknown</database>
  </source>
  <size>
    <width>1920</width>
    <height>1080</height>
    <depth>3</depth>
  </size>
  <segmented>0</segmented>
  <object>
    <name>Vehicle</name>
    <bndbox>
      <xmin>715</xmin>
      <ymin>519</ymin>
      <xmax>764</xmax>
      <ymax>564</ymax>
    </bndbox>
    <confidence>0.332749</confidence>
  </object>
  <object>
    <name>Vehicle</name>
    <bndbox>
      <xmin>313</xmin>
      <ymin>514</ymin>
      <xmax>377</xmax>
      <ymax>579</ymax>
    </bndbox>
    <confidence>0.903723</confidence>
  </object>
  <object>
    <name>Vehicle</name>
    <bndbox>
      <xmin>738</xmin>
      <ymin>465</ymin>
      <xmax>1034</xmax>
      <ymax>710</ymax>
    </bndbox>
    <confidence>0.967129</confidence>
  </object>
</annotation>
