<annotation>
  <folder>runs\detect\exp39</folder>
  <filename>1_20200615_112419_003390.jpg</filename>
  <source>
    <database>Unknown</database>
  </source>
  <size>
    <width>1920</width>
    <height>1080</height>
    <depth>3</depth>
  </size>
  <segmented>0</segmented>
  <object>
    <name>Pedestrian</name>
    <bndbox>
      <xmin>1608</xmin>
      <ymin>477</ymin>
      <xmax>1650</xmax>
      <ymax>597</ymax>
    </bndbox>
    <confidence>0.736223</confidence>
  </object>
  <object>
    <name>TrafficSign</name>
    <bndbox>
      <xmin>727</xmin>
      <ymin>372</ymin>
      <xmax>753</xmax>
      <ymax>398</ymax>
    </bndbox>
    <confidence>0.861629</confidence>
  </object>
  <object>
    <name>Vehicle</name>
    <bndbox>
      <xmin>914</xmin>
      <ymin>514</ymin>
      <xmax>947</xmax>
      <ymax>563</ymax>
    </bndbox>
    <confidence>0.875925</confidence>
  </object>
  <object>
    <name>Vehicle</name>
    <bndbox>
      <xmin>938</xmin>
      <ymin>501</ymin>
      <xmax>1012</xmax>
      <ymax>565</ymax>
    </bndbox>
    <confidence>0.927726</confidence>
  </object>
  <object>
    <name>Vehicle</name>
    <bndbox>
      <xmin>1082</xmin>
      <ymin>511</ymin>
      <xmax>1160</xmax>
      <ymax>582</ymax>
    </bndbox>
    <confidence>0.939853</confidence>
  </object>
  <object>
    <name>Vehicle</name>
    <bndbox>
      <xmin>1130</xmin>
      <ymin>509</ymin>
      <xmax>1231</xmax>
      <ymax>587</ymax>
    </bndbox>
    <confidence>0.940758</confidence>
  </object>
  <object>
    <name>Vehicle</name>
    <bndbox>
      <xmin>731</xmin>
      <ymin>507</ymin>
      <xmax>842</xmax>
      <ymax>593</ymax>
    </bndbox>
    <confidence>0.949654</confidence>
  </object>
  <object>
    <name>Vehicle</name>
    <bndbox>
      <xmin>1208</xmin>
      <ymin>506</ymin>
      <xmax>1325</xmax>
      <ymax>595</ymax>
    </bndbox>
    <confidence>0.950329</confidence>
  </object>
  <object>
    <name>Vehicle</name>
    <bndbox>
      <xmin>1386</xmin>
      <ymin>480</ymin>
      <xmax>1603</xmax>
      <ymax>644</ymax>
    </bndbox>
    <confidence>0.964578</confidence>
  </object>
</annotation>
