<annotation>
  <folder>runs\detect\exp2</folder>
  <filename>1_20200615_112419_005430.jpg</filename>
  <source>
    <database>Unknown</database>
  </source>
  <size>
    <width>1920</width>
    <height>1080</height>
    <depth>3</depth>
  </size>
  <segmented>0</segmented>
  <object>
    <name>Pedestrian</name>
    <bndbox>
      <xmin>60</xmin>
      <ymin>516</ymin>
      <xmax>84</xmax>
      <ymax>579</ymax>
    </bndbox>
    <confidence>0.793148</confidence>
  </object>
  <object>
    <name>Vehicle</name>
    <bndbox>
      <xmin>838</xmin>
      <ymin>507</ymin>
      <xmax>891</xmax>
      <ymax>549</ymax>
    </bndbox>
    <confidence>0.916818</confidence>
  </object>
  <object>
    <name>Vehicle</name>
    <bndbox>
      <xmin>916</xmin>
      <ymin>507</ymin>
      <xmax>977</xmax>
      <ymax>553</ymax>
    </bndbox>
    <confidence>0.92294</confidence>
  </object>
  <object>
    <name>TrafficSign</name>
    <bndbox>
      <xmin>1619</xmin>
      <ymin>273</ymin>
      <xmax>1686</xmax>
      <ymax>340</ymax>
    </bndbox>
    <confidence>0.923074</confidence>
  </object>
  <object>
    <name>Vehicle</name>
    <bndbox>
      <xmin>465</xmin>
      <ymin>484</ymin>
      <xmax>716</xmax>
      <ymax>673</ymax>
    </bndbox>
    <confidence>0.971725</confidence>
  </object>
</annotation>
