<annotation>
  <folder>runs\detect\exp39</folder>
  <filename>1_20200615_112419_007650.jpg</filename>
  <source>
    <database>Unknown</database>
  </source>
  <size>
    <width>1920</width>
    <height>1080</height>
    <depth>3</depth>
  </size>
  <segmented>0</segmented>
  <object>
    <name>Vehicle</name>
    <bndbox>
      <xmin>1160</xmin>
      <ymin>509</ymin>
      <xmax>1262</xmax>
      <ymax>584</ymax>
    </bndbox>
    <confidence>0.947404</confidence>
  </object>
  <object>
    <name>Vehicle</name>
    <bndbox>
      <xmin>1325</xmin>
      <ymin>484</ymin>
      <xmax>1556</xmax>
      <ymax>664</ymax>
    </bndbox>
    <confidence>0.965885</confidence>
  </object>
</annotation>
