<annotation>
  <folder>runs\detect\exp39</folder>
  <filename>1_20200615_112419_003840.jpg</filename>
  <source>
    <database>Unknown</database>
  </source>
  <size>
    <width>1920</width>
    <height>1080</height>
    <depth>3</depth>
  </size>
  <segmented>0</segmented>
  <object>
    <name>Pedestrian</name>
    <bndbox>
      <xmin>1030</xmin>
      <ymin>473</ymin>
      <xmax>1048</xmax>
      <ymax>516</ymax>
    </bndbox>
    <confidence>0.552073</confidence>
  </object>
  <object>
    <name>Vehicle</name>
    <bndbox>
      <xmin>432</xmin>
      <ymin>480</ymin>
      <xmax>462</xmax>
      <ymax>505</ymax>
    </bndbox>
    <confidence>0.587659</confidence>
  </object>
  <object>
    <name>TrafficSign</name>
    <bndbox>
      <xmin>643</xmin>
      <ymin>353</ymin>
      <xmax>722</xmax>
      <ymax>385</ymax>
    </bndbox>
    <confidence>0.743149</confidence>
  </object>
  <object>
    <name>Vehicle</name>
    <bndbox>
      <xmin>170</xmin>
      <ymin>497</ymin>
      <xmax>198</xmax>
      <ymax>543</ymax>
    </bndbox>
    <confidence>0.819328</confidence>
  </object>
  <object>
    <name>Vehicle</name>
    <bndbox>
      <xmin>129</xmin>
      <ymin>494</ymin>
      <xmax>183</xmax>
      <ymax>547</ymax>
    </bndbox>
    <confidence>0.905415</confidence>
  </object>
  <object>
    <name>Vehicle</name>
    <bndbox>
      <xmin>40</xmin>
      <ymin>503</ymin>
      <xmax>142</xmax>
      <ymax>560</ymax>
    </bndbox>
    <confidence>0.941503</confidence>
  </object>
  <object>
    <name>Vehicle</name>
    <bndbox>
      <xmin>737</xmin>
      <ymin>469</ymin>
      <xmax>949</xmax>
      <ymax>638</ymax>
    </bndbox>
    <confidence>0.965594</confidence>
  </object>
</annotation>
