<annotation>
  <folder>runs\detect\exp2</folder>
  <filename>1_20200615_112419_008730.jpg</filename>
  <source>
    <database>Unknown</database>
  </source>
  <size>
    <width>1920</width>
    <height>1080</height>
    <depth>3</depth>
  </size>
  <segmented>0</segmented>
  <object>
    <name>Vehicle</name>
    <bndbox>
      <xmin>99</xmin>
      <ymin>404</ymin>
      <xmax>296</xmax>
      <ymax>532</ymax>
    </bndbox>
    <confidence>0.809779</confidence>
  </object>
  <object>
    <name>Vehicle</name>
    <bndbox>
      <xmin>935</xmin>
      <ymin>485</ymin>
      <xmax>986</xmax>
      <ymax>554</ymax>
    </bndbox>
    <confidence>0.891057</confidence>
  </object>
  <object>
    <name>Vehicle</name>
    <bndbox>
      <xmin>1</xmin>
      <ymin>445</ymin>
      <xmax>364</xmax>
      <ymax>939</ymax>
    </bndbox>
    <confidence>0.969322</confidence>
  </object>
</annotation>
