<annotation>
  <folder>runs\detect\exp39</folder>
  <filename>1_20200615_112419_001230.jpg</filename>
  <source>
    <database>Unknown</database>
  </source>
  <size>
    <width>1920</width>
    <height>1080</height>
    <depth>3</depth>
  </size>
  <segmented>0</segmented>
  <object>
    <name>TrafficLight</name>
    <bndbox>
      <xmin>1040</xmin>
      <ymin>381</ymin>
      <xmax>1080</xmax>
      <ymax>394</ymax>
    </bndbox>
    <confidence>0.352484</confidence>
  </object>
  <object>
    <name>TrafficLight</name>
    <bndbox>
      <xmin>969</xmin>
      <ymin>331</ymin>
      <xmax>1021</xmax>
      <ymax>347</ymax>
    </bndbox>
    <confidence>0.808706</confidence>
  </object>
  <object>
    <name>TrafficLight</name>
    <bndbox>
      <xmin>1108</xmin>
      <ymin>332</ymin>
      <xmax>1158</xmax>
      <ymax>347</ymax>
    </bndbox>
    <confidence>0.809832</confidence>
  </object>
  <object>
    <name>TrafficSign</name>
    <bndbox>
      <xmin>1048</xmin>
      <ymin>320</ymin>
      <xmax>1081</xmax>
      <ymax>354</ymax>
    </bndbox>
    <confidence>0.891771</confidence>
  </object>
  <object>
    <name>Vehicle</name>
    <bndbox>
      <xmin>363</xmin>
      <ymin>453</ymin>
      <xmax>634</xmax>
      <ymax>564</ymax>
    </bndbox>
    <confidence>0.953873</confidence>
  </object>
  <object>
    <name>Vehicle</name>
    <bndbox>
      <xmin>907</xmin>
      <ymin>487</ymin>
      <xmax>1089</xmax>
      <ymax>634</ymax>
    </bndbox>
    <confidence>0.962825</confidence>
  </object>
</annotation>
