<annotation>
  <folder>runs\detect\exp2</folder>
  <filename>1_20200615_112419_006840.jpg</filename>
  <source>
    <database>Unknown</database>
  </source>
  <size>
    <width>1920</width>
    <height>1080</height>
    <depth>3</depth>
  </size>
  <segmented>0</segmented>
  <object>
    <name>Vehicle</name>
    <bndbox>
      <xmin>1843</xmin>
      <ymin>481</ymin>
      <xmax>1921</xmax>
      <ymax>1043</ymax>
    </bndbox>
    <confidence>0.734763</confidence>
  </object>
  <object>
    <name>Vehicle</name>
    <bndbox>
      <xmin>1642</xmin>
      <ymin>543</ymin>
      <xmax>1692</xmax>
      <ymax>576</ymax>
    </bndbox>
    <confidence>0.914113</confidence>
  </object>
  <object>
    <name>Vehicle</name>
    <bndbox>
      <xmin>1511</xmin>
      <ymin>541</ymin>
      <xmax>1594</xmax>
      <ymax>608</ymax>
    </bndbox>
    <confidence>0.930756</confidence>
  </object>
  <object>
    <name>Vehicle</name>
    <bndbox>
      <xmin>1379</xmin>
      <ymin>522</ymin>
      <xmax>1514</xmax>
      <ymax>643</ymax>
    </bndbox>
    <confidence>0.955445</confidence>
  </object>
  <object>
    <name>Vehicle</name>
    <bndbox>
      <xmin>1155</xmin>
      <ymin>532</ymin>
      <xmax>1323</xmax>
      <ymax>656</ymax>
    </bndbox>
    <confidence>0.959219</confidence>
  </object>
</annotation>
