<annotation>
  <folder>runs\detect\exp39</folder>
  <filename>1_20200615_112419_006810.jpg</filename>
  <source>
    <database>Unknown</database>
  </source>
  <size>
    <width>1920</width>
    <height>1080</height>
    <depth>3</depth>
  </size>
  <segmented>0</segmented>
  <object>
    <name>Vehicle</name>
    <bndbox>
      <xmin>1433</xmin>
      <ymin>583</ymin>
      <xmax>1489</xmax>
      <ymax>644</ymax>
    </bndbox>
    <confidence>0.887021</confidence>
  </object>
  <object>
    <name>Vehicle</name>
    <bndbox>
      <xmin>1121</xmin>
      <ymin>553</ymin>
      <xmax>1276</xmax>
      <ymax>667</ymax>
    </bndbox>
    <confidence>0.945818</confidence>
  </object>
  <object>
    <name>Vehicle</name>
    <bndbox>
      <xmin>1305</xmin>
      <ymin>549</ymin>
      <xmax>1424</xmax>
      <ymax>660</ymax>
    </bndbox>
    <confidence>0.9465</confidence>
  </object>
  <object>
    <name>Vehicle</name>
    <bndbox>
      <xmin>1476</xmin>
      <ymin>456</ymin>
      <xmax>1921</xmax>
      <ymax>966</ymax>
    </bndbox>
    <confidence>0.968736</confidence>
  </object>
</annotation>
