<annotation>
  <folder>runs\detect\exp39</folder>
  <filename>1_20200615_112419_000390.jpg</filename>
  <source>
    <database>Unknown</database>
  </source>
  <size>
    <width>1920</width>
    <height>1080</height>
    <depth>3</depth>
  </size>
  <segmented>0</segmented>
  <object>
    <name>Vehicle</name>
    <bndbox>
      <xmin>701</xmin>
      <ymin>490</ymin>
      <xmax>731</xmax>
      <ymax>519</ymax>
    </bndbox>
    <confidence>0.426536</confidence>
  </object>
  <object>
    <name>Vehicle</name>
    <bndbox>
      <xmin>682</xmin>
      <ymin>496</ymin>
      <xmax>712</xmax>
      <ymax>523</ymax>
    </bndbox>
    <confidence>0.749691</confidence>
  </object>
  <object>
    <name>Vehicle</name>
    <bndbox>
      <xmin>809</xmin>
      <ymin>463</ymin>
      <xmax>843</xmax>
      <ymax>498</ymax>
    </bndbox>
    <confidence>0.84037</confidence>
  </object>
  <object>
    <name>Vehicle</name>
    <bndbox>
      <xmin>650</xmin>
      <ymin>501</ymin>
      <xmax>691</xmax>
      <ymax>531</ymax>
    </bndbox>
    <confidence>0.866064</confidence>
  </object>
  <object>
    <name>Vehicle</name>
    <bndbox>
      <xmin>725</xmin>
      <ymin>487</ymin>
      <xmax>779</xmax>
      <ymax>538</ymax>
    </bndbox>
    <confidence>0.921002</confidence>
  </object>
  <object>
    <name>Vehicle</name>
    <bndbox>
      <xmin>910</xmin>
      <ymin>477</ymin>
      <xmax>1081</xmax>
      <ymax>615</ymax>
    </bndbox>
    <confidence>0.962093</confidence>
  </object>
  <object>
    <name>Vehicle</name>
    <bndbox>
      <xmin>35</xmin>
      <ymin>502</ymin>
      <xmax>255</xmax>
      <ymax>639</ymax>
    </bndbox>
    <confidence>0.962871</confidence>
  </object>
</annotation>
