<annotation>
  <folder>runs\detect\exp39</folder>
  <filename>1_20200615_112419_007440.jpg</filename>
  <source>
    <database>Unknown</database>
  </source>
  <size>
    <width>1920</width>
    <height>1080</height>
    <depth>3</depth>
  </size>
  <segmented>0</segmented>
  <object>
    <name>TrafficSign</name>
    <bndbox>
      <xmin>1375</xmin>
      <ymin>388</ymin>
      <xmax>1400</xmax>
      <ymax>414</ymax>
    </bndbox>
    <confidence>0.701831</confidence>
  </object>
  <object>
    <name>Vehicle</name>
    <bndbox>
      <xmin>1757</xmin>
      <ymin>358</ymin>
      <xmax>1920</xmax>
      <ymax>964</ymax>
    </bndbox>
    <confidence>0.8656</confidence>
  </object>
  <object>
    <name>Vehicle</name>
    <bndbox>
      <xmin>1030</xmin>
      <ymin>465</ymin>
      <xmax>1158</xmax>
      <ymax>558</ymax>
    </bndbox>
    <confidence>0.951672</confidence>
  </object>
  <object>
    <name>Vehicle</name>
    <bndbox>
      <xmin>1266</xmin>
      <ymin>456</ymin>
      <xmax>1430</xmax>
      <ymax>585</ymax>
    </bndbox>
    <confidence>0.964503</confidence>
  </object>
</annotation>
