<annotation>
  <folder>runs\detect\exp2</folder>
  <filename>1_20200615_112419_005310.jpg</filename>
  <source>
    <database>Unknown</database>
  </source>
  <size>
    <width>1920</width>
    <height>1080</height>
    <depth>3</depth>
  </size>
  <segmented>0</segmented>
  <object>
    <name>Pedestrian</name>
    <bndbox>
      <xmin>66</xmin>
      <ymin>535</ymin>
      <xmax>97</xmax>
      <ymax>582</ymax>
    </bndbox>
    <confidence>0.630362</confidence>
  </object>
  <object>
    <name>Pedestrian</name>
    <bndbox>
      <xmin>490</xmin>
      <ymin>501</ymin>
      <xmax>504</xmax>
      <ymax>537</ymax>
    </bndbox>
    <confidence>0.643895</confidence>
  </object>
  <object>
    <name>TrafficSign</name>
    <bndbox>
      <xmin>1321</xmin>
      <ymin>370</ymin>
      <xmax>1349</xmax>
      <ymax>399</ymax>
    </bndbox>
    <confidence>0.674876</confidence>
  </object>
  <object>
    <name>TrafficSign</name>
    <bndbox>
      <xmin>1359</xmin>
      <ymin>370</ymin>
      <xmax>1388</xmax>
      <ymax>399</ymax>
    </bndbox>
    <confidence>0.723237</confidence>
  </object>
  <object>
    <name>Pedestrian</name>
    <bndbox>
      <xmin>1530</xmin>
      <ymin>463</ymin>
      <xmax>1569</xmax>
      <ymax>573</ymax>
    </bndbox>
    <confidence>0.764549</confidence>
  </object>
  <object>
    <name>Pedestrian</name>
    <bndbox>
      <xmin>1563</xmin>
      <ymin>460</ymin>
      <xmax>1604</xmax>
      <ymax>571</ymax>
    </bndbox>
    <confidence>0.798035</confidence>
  </object>
  <object>
    <name>Vehicle</name>
    <bndbox>
      <xmin>636</xmin>
      <ymin>496</ymin>
      <xmax>685</xmax>
      <ymax>570</ymax>
    </bndbox>
    <confidence>0.871081</confidence>
  </object>
  <object>
    <name>TrafficLight</name>
    <bndbox>
      <xmin>919</xmin>
      <ymin>129</ymin>
      <xmax>1022</xmax>
      <ymax>158</ymax>
    </bndbox>
    <confidence>0.889934</confidence>
  </object>
  <object>
    <name>TrafficSign</name>
    <bndbox>
      <xmin>1076</xmin>
      <ymin>283</ymin>
      <xmax>1112</xmax>
      <ymax>319</ymax>
    </bndbox>
    <confidence>0.89551</confidence>
  </object>
  <object>
    <name>TrafficSign</name>
    <bndbox>
      <xmin>1214</xmin>
      <ymin>42</ymin>
      <xmax>1280</xmax>
      <ymax>110</ymax>
    </bndbox>
    <confidence>0.934094</confidence>
  </object>
  <object>
    <name>Vehicle</name>
    <bndbox>
      <xmin>611</xmin>
      <ymin>448</ymin>
      <xmax>710</xmax>
      <ymax>565</ymax>
    </bndbox>
    <confidence>0.941195</confidence>
  </object>
  <object>
    <name>Vehicle</name>
    <bndbox>
      <xmin>521</xmin>
      <ymin>482</ymin>
      <xmax>652</xmax>
      <ymax>582</ymax>
    </bndbox>
    <confidence>0.959714</confidence>
  </object>
  <object>
    <name>Vehicle</name>
    <bndbox>
      <xmin>784</xmin>
      <ymin>450</ymin>
      <xmax>1065</xmax>
      <ymax>675</ymax>
    </bndbox>
    <confidence>0.968712</confidence>
  </object>
</annotation>
