<annotation>
  <folder>runs\detect\exp39</folder>
  <filename>1_20200615_112419_004500.jpg</filename>
  <source>
    <database>Unknown</database>
  </source>
  <size>
    <width>1920</width>
    <height>1080</height>
    <depth>3</depth>
  </size>
  <segmented>0</segmented>
  <object>
    <name>TrafficSign</name>
    <bndbox>
      <xmin>1381</xmin>
      <ymin>382</ymin>
      <xmax>1409</xmax>
      <ymax>411</ymax>
    </bndbox>
    <confidence>0.886129</confidence>
  </object>
  <object>
    <name>TrafficSign</name>
    <bndbox>
      <xmin>1226</xmin>
      <ymin>224</ymin>
      <xmax>1268</xmax>
      <ymax>267</ymax>
    </bndbox>
    <confidence>0.888902</confidence>
  </object>
  <object>
    <name>TrafficLight</name>
    <bndbox>
      <xmin>1147</xmin>
      <ymin>0</ymin>
      <xmax>1291</xmax>
      <ymax>28</ymax>
    </bndbox>
    <confidence>0.896085</confidence>
  </object>
  <object>
    <name>Vehicle</name>
    <bndbox>
      <xmin>680</xmin>
      <ymin>493</ymin>
      <xmax>729</xmax>
      <ymax>529</ymax>
    </bndbox>
    <confidence>0.908722</confidence>
  </object>
  <object>
    <name>Vehicle</name>
    <bndbox>
      <xmin>0</xmin>
      <ymin>454</ymin>
      <xmax>63</xmax>
      <ymax>632</ymax>
    </bndbox>
    <confidence>0.927868</confidence>
  </object>
  <object>
    <name>Vehicle</name>
    <bndbox>
      <xmin>530</xmin>
      <ymin>479</ymin>
      <xmax>597</xmax>
      <ymax>534</ymax>
    </bndbox>
    <confidence>0.927954</confidence>
  </object>
  <object>
    <name>Vehicle</name>
    <bndbox>
      <xmin>420</xmin>
      <ymin>466</ymin>
      <xmax>533</xmax>
      <ymax>551</ymax>
    </bndbox>
    <confidence>0.953945</confidence>
  </object>
  <object>
    <name>Vehicle</name>
    <bndbox>
      <xmin>844</xmin>
      <ymin>452</ymin>
      <xmax>1075</xmax>
      <ymax>635</ymax>
    </bndbox>
    <confidence>0.961803</confidence>
  </object>
  <object>
    <name>Vehicle</name>
    <bndbox>
      <xmin>241</xmin>
      <ymin>474</ymin>
      <xmax>394</xmax>
      <ymax>575</ymax>
    </bndbox>
    <confidence>0.962709</confidence>
  </object>
</annotation>
