<annotation>
  <folder>runs\detect\exp2</folder>
  <filename>1_20200615_112419_006810.jpg</filename>
  <source>
    <database>Unknown</database>
  </source>
  <size>
    <width>1920</width>
    <height>1080</height>
    <depth>3</depth>
  </size>
  <segmented>0</segmented>
  <object>
    <name>Vehicle</name>
    <bndbox>
      <xmin>1432</xmin>
      <ymin>583</ymin>
      <xmax>1487</xmax>
      <ymax>644</ymax>
    </bndbox>
    <confidence>0.894016</confidence>
  </object>
  <object>
    <name>Vehicle</name>
    <bndbox>
      <xmin>1305</xmin>
      <ymin>549</ymin>
      <xmax>1425</xmax>
      <ymax>660</ymax>
    </bndbox>
    <confidence>0.951101</confidence>
  </object>
  <object>
    <name>Vehicle</name>
    <bndbox>
      <xmin>1120</xmin>
      <ymin>553</ymin>
      <xmax>1277</xmax>
      <ymax>667</ymax>
    </bndbox>
    <confidence>0.952717</confidence>
  </object>
  <object>
    <name>Vehicle</name>
    <bndbox>
      <xmin>1476</xmin>
      <ymin>455</ymin>
      <xmax>1921</xmax>
      <ymax>966</ymax>
    </bndbox>
    <confidence>0.972428</confidence>
  </object>
</annotation>
