<annotation>
  <folder>runs\detect\exp39</folder>
  <filename>1_20200615_112419_004470.jpg</filename>
  <source>
    <database>Unknown</database>
  </source>
  <size>
    <width>1920</width>
    <height>1080</height>
    <depth>3</depth>
  </size>
  <segmented>0</segmented>
  <object>
    <name>TrafficLight</name>
    <bndbox>
      <xmin>1101</xmin>
      <ymin>169</ymin>
      <xmax>1204</xmax>
      <ymax>199</ymax>
    </bndbox>
    <confidence>0.878661</confidence>
  </object>
  <object>
    <name>Vehicle</name>
    <bndbox>
      <xmin>731</xmin>
      <ymin>555</ymin>
      <xmax>773</xmax>
      <ymax>586</ymax>
    </bndbox>
    <confidence>0.885224</confidence>
  </object>
  <object>
    <name>TrafficSign</name>
    <bndbox>
      <xmin>1192</xmin>
      <ymin>315</ymin>
      <xmax>1229</xmax>
      <ymax>352</ymax>
    </bndbox>
    <confidence>0.894726</confidence>
  </object>
  <object>
    <name>Vehicle</name>
    <bndbox>
      <xmin>623</xmin>
      <ymin>545</ymin>
      <xmax>674</xmax>
      <ymax>592</ymax>
    </bndbox>
    <confidence>0.922292</confidence>
  </object>
  <object>
    <name>Vehicle</name>
    <bndbox>
      <xmin>544</xmin>
      <ymin>532</ymin>
      <xmax>626</xmax>
      <ymax>601</ymax>
    </bndbox>
    <confidence>0.938811</confidence>
  </object>
  <object>
    <name>Vehicle</name>
    <bndbox>
      <xmin>447</xmin>
      <ymin>539</ymin>
      <xmax>553</xmax>
      <ymax>612</ymax>
    </bndbox>
    <confidence>0.95162</confidence>
  </object>
  <object>
    <name>Vehicle</name>
    <bndbox>
      <xmin>286</xmin>
      <ymin>530</ymin>
      <xmax>419</xmax>
      <ymax>639</ymax>
    </bndbox>
    <confidence>0.957379</confidence>
  </object>
  <object>
    <name>Vehicle</name>
    <bndbox>
      <xmin>855</xmin>
      <ymin>503</ymin>
      <xmax>1095</xmax>
      <ymax>698</ymax>
    </bndbox>
    <confidence>0.962272</confidence>
  </object>
  <object>
    <name>Vehicle</name>
    <bndbox>
      <xmin>1</xmin>
      <ymin>529</ymin>
      <xmax>208</xmax>
      <ymax>682</ymax>
    </bndbox>
    <confidence>0.96724</confidence>
  </object>
</annotation>
