<annotation>
  <folder>runs\detect\exp2</folder>
  <filename>1_20200615_112419_008910.jpg</filename>
  <source>
    <database>Unknown</database>
  </source>
  <size>
    <width>1920</width>
    <height>1080</height>
    <depth>3</depth>
  </size>
  <segmented>0</segmented>
  <object>
    <name>Vehicle</name>
    <bndbox>
      <xmin>77</xmin>
      <ymin>502</ymin>
      <xmax>248</xmax>
      <ymax>650</ymax>
    </bndbox>
    <confidence>0.251256</confidence>
  </object>
  <object>
    <name>Vehicle</name>
    <bndbox>
      <xmin>319</xmin>
      <ymin>484</ymin>
      <xmax>439</xmax>
      <ymax>608</ymax>
    </bndbox>
    <confidence>0.344043</confidence>
  </object>
  <object>
    <name>Vehicle</name>
    <bndbox>
      <xmin>466</xmin>
      <ymin>506</ymin>
      <xmax>521</xmax>
      <ymax>532</ymax>
    </bndbox>
    <confidence>0.519129</confidence>
  </object>
  <object>
    <name>Vehicle</name>
    <bndbox>
      <xmin>570</xmin>
      <ymin>472</ymin>
      <xmax>626</xmax>
      <ymax>521</ymax>
    </bndbox>
    <confidence>0.718726</confidence>
  </object>
  <object>
    <name>Vehicle</name>
    <bndbox>
      <xmin>322</xmin>
      <ymin>485</ymin>
      <xmax>437</xmax>
      <ymax>538</ymax>
    </bndbox>
    <confidence>0.778494</confidence>
  </object>
  <object>
    <name>Vehicle</name>
    <bndbox>
      <xmin>80</xmin>
      <ymin>503</ymin>
      <xmax>247</xmax>
      <ymax>556</ymax>
    </bndbox>
    <confidence>0.799237</confidence>
  </object>
  <object>
    <name>TrafficSign</name>
    <bndbox>
      <xmin>978</xmin>
      <ymin>343</ymin>
      <xmax>1008</xmax>
      <ymax>371</ymax>
    </bndbox>
    <confidence>0.830677</confidence>
  </object>
  <object>
    <name>TrafficSign</name>
    <bndbox>
      <xmin>600</xmin>
      <ymin>431</ymin>
      <xmax>642</xmax>
      <ymax>473</ymax>
    </bndbox>
    <confidence>0.918384</confidence>
  </object>
  <object>
    <name>Vehicle</name>
    <bndbox>
      <xmin>237</xmin>
      <ymin>458</ymin>
      <xmax>344</xmax>
      <ymax>543</ymax>
    </bndbox>
    <confidence>0.941759</confidence>
  </object>
  <object>
    <name>TrafficSign</name>
    <bndbox>
      <xmin>1725</xmin>
      <ymin>117</ymin>
      <xmax>1826</xmax>
      <ymax>217</ymax>
    </bndbox>
    <confidence>0.943256</confidence>
  </object>
  <object>
    <name>Vehicle</name>
    <bndbox>
      <xmin>837</xmin>
      <ymin>465</ymin>
      <xmax>1106</xmax>
      <ymax>682</ymax>
    </bndbox>
    <confidence>0.967255</confidence>
  </object>
</annotation>
