<annotation>
  <folder>runs\detect\exp39</folder>
  <filename>1_20200615_112419_003120.jpg</filename>
  <source>
    <database>Unknown</database>
  </source>
  <size>
    <width>1920</width>
    <height>1080</height>
    <depth>3</depth>
  </size>
  <segmented>0</segmented>
  <object>
    <name>Pedestrian</name>
    <bndbox>
      <xmin>1751</xmin>
      <ymin>509</ymin>
      <xmax>1787</xmax>
      <ymax>563</ymax>
    </bndbox>
    <confidence>0.26148</confidence>
  </object>
  <object>
    <name>Vehicle</name>
    <bndbox>
      <xmin>484</xmin>
      <ymin>509</ymin>
      <xmax>523</xmax>
      <ymax>535</ymax>
    </bndbox>
    <confidence>0.446169</confidence>
  </object>
  <object>
    <name>Vehicle</name>
    <bndbox>
      <xmin>613</xmin>
      <ymin>510</ymin>
      <xmax>643</xmax>
      <ymax>535</ymax>
    </bndbox>
    <confidence>0.603737</confidence>
  </object>
  <object>
    <name>Vehicle</name>
    <bndbox>
      <xmin>779</xmin>
      <ymin>494</ymin>
      <xmax>832</xmax>
      <ymax>540</ymax>
    </bndbox>
    <confidence>0.763024</confidence>
  </object>
  <object>
    <name>Vehicle</name>
    <bndbox>
      <xmin>561</xmin>
      <ymin>507</ymin>
      <xmax>600</xmax>
      <ymax>537</ymax>
    </bndbox>
    <confidence>0.867908</confidence>
  </object>
  <object>
    <name>Vehicle</name>
    <bndbox>
      <xmin>654</xmin>
      <ymin>506</ymin>
      <xmax>691</xmax>
      <ymax>536</ymax>
    </bndbox>
    <confidence>0.871625</confidence>
  </object>
  <object>
    <name>Vehicle</name>
    <bndbox>
      <xmin>410</xmin>
      <ymin>502</ymin>
      <xmax>455</xmax>
      <ymax>546</ymax>
    </bndbox>
    <confidence>0.88863</confidence>
  </object>
  <object>
    <name>Vehicle</name>
    <bndbox>
      <xmin>828</xmin>
      <ymin>486</ymin>
      <xmax>952</xmax>
      <ymax>583</ymax>
    </bndbox>
    <confidence>0.945826</confidence>
  </object>
  <object>
    <name>Vehicle</name>
    <bndbox>
      <xmin>1</xmin>
      <ymin>512</ymin>
      <xmax>72</xmax>
      <ymax>661</ymax>
    </bndbox>
    <confidence>0.949831</confidence>
  </object>
  <object>
    <name>Vehicle</name>
    <bndbox>
      <xmin>1482</xmin>
      <ymin>481</ymin>
      <xmax>1654</xmax>
      <ymax>612</ymax>
    </bndbox>
    <confidence>0.964532</confidence>
  </object>
</annotation>
