<annotation>
  <folder>runs\detect\exp39</folder>
  <filename>1_20200615_112419_006930.jpg</filename>
  <source>
    <database>Unknown</database>
  </source>
  <size>
    <width>1920</width>
    <height>1080</height>
    <depth>3</depth>
  </size>
  <segmented>0</segmented>
  <object>
    <name>Vehicle</name>
    <bndbox>
      <xmin>324</xmin>
      <ymin>503</ymin>
      <xmax>476</xmax>
      <ymax>605</ymax>
    </bndbox>
    <confidence>0.28506</confidence>
  </object>
  <object>
    <name>TrafficSign</name>
    <bndbox>
      <xmin>1798</xmin>
      <ymin>382</ymin>
      <xmax>1834</xmax>
      <ymax>418</ymax>
    </bndbox>
    <confidence>0.856056</confidence>
  </object>
  <object>
    <name>Vehicle</name>
    <bndbox>
      <xmin>1644</xmin>
      <ymin>452</ymin>
      <xmax>1677</xmax>
      <ymax>479</ymax>
    </bndbox>
    <confidence>0.864354</confidence>
  </object>
  <object>
    <name>Vehicle</name>
    <bndbox>
      <xmin>1553</xmin>
      <ymin>459</ymin>
      <xmax>1597</xmax>
      <ymax>490</ymax>
    </bndbox>
    <confidence>0.890452</confidence>
  </object>
  <object>
    <name>Vehicle</name>
    <bndbox>
      <xmin>1071</xmin>
      <ymin>468</ymin>
      <xmax>1270</xmax>
      <ymax>613</ymax>
    </bndbox>
    <confidence>0.961628</confidence>
  </object>
  <object>
    <name>Vehicle</name>
    <bndbox>
      <xmin>1371</xmin>
      <ymin>444</ymin>
      <xmax>1550</xmax>
      <ymax>606</ymax>
    </bndbox>
    <confidence>0.962367</confidence>
  </object>
</annotation>
