<annotation>
  <folder>runs\detect\exp2</folder>
  <filename>1_20200615_112419_005010.jpg</filename>
  <source>
    <database>Unknown</database>
  </source>
  <size>
    <width>1920</width>
    <height>1080</height>
    <depth>3</depth>
  </size>
  <segmented>0</segmented>
  <object>
    <name>Vehicle</name>
    <bndbox>
      <xmin>764</xmin>
      <ymin>514</ymin>
      <xmax>797</xmax>
      <ymax>551</ymax>
    </bndbox>
    <confidence>0.302017</confidence>
  </object>
  <object>
    <name>Vehicle</name>
    <bndbox>
      <xmin>1014</xmin>
      <ymin>520</ymin>
      <xmax>1042</xmax>
      <ymax>553</ymax>
    </bndbox>
    <confidence>0.450796</confidence>
  </object>
  <object>
    <name>Vehicle</name>
    <bndbox>
      <xmin>476</xmin>
      <ymin>473</ymin>
      <xmax>538</xmax>
      <ymax>574</ymax>
    </bndbox>
    <confidence>0.819416</confidence>
  </object>
  <object>
    <name>Vehicle</name>
    <bndbox>
      <xmin>751</xmin>
      <ymin>520</ymin>
      <xmax>787</xmax>
      <ymax>555</ymax>
    </bndbox>
    <confidence>0.856037</confidence>
  </object>
  <object>
    <name>Vehicle</name>
    <bndbox>
      <xmin>636</xmin>
      <ymin>509</ymin>
      <xmax>706</xmax>
      <ymax>566</ymax>
    </bndbox>
    <confidence>0.902913</confidence>
  </object>
  <object>
    <name>Vehicle</name>
    <bndbox>
      <xmin>709</xmin>
      <ymin>518</ymin>
      <xmax>759</xmax>
      <ymax>558</ymax>
    </bndbox>
    <confidence>0.903462</confidence>
  </object>
  <object>
    <name>Vehicle</name>
    <bndbox>
      <xmin>521</xmin>
      <ymin>469</ymin>
      <xmax>620</xmax>
      <ymax>577</ymax>
    </bndbox>
    <confidence>0.945159</confidence>
  </object>
  <object>
    <name>Vehicle</name>
    <bndbox>
      <xmin>1</xmin>
      <ymin>513</ymin>
      <xmax>84</xmax>
      <ymax>666</ymax>
    </bndbox>
    <confidence>0.955355</confidence>
  </object>
  <object>
    <name>Vehicle</name>
    <bndbox>
      <xmin>348</xmin>
      <ymin>486</ymin>
      <xmax>490</xmax>
      <ymax>602</ymax>
    </bndbox>
    <confidence>0.963418</confidence>
  </object>
  <object>
    <name>Vehicle</name>
    <bndbox>
      <xmin>779</xmin>
      <ymin>474</ymin>
      <xmax>1029</xmax>
      <ymax>674</ymax>
    </bndbox>
    <confidence>0.966177</confidence>
  </object>
</annotation>
