<annotation>
  <folder>runs\detect\exp39</folder>
  <filename>1_20200615_112419_007410.jpg</filename>
  <source>
    <database>Unknown</database>
  </source>
  <size>
    <width>1920</width>
    <height>1080</height>
    <depth>3</depth>
  </size>
  <segmented>0</segmented>
  <object>
    <name>Vehicle</name>
    <bndbox>
      <xmin>1</xmin>
      <ymin>395</ymin>
      <xmax>152</xmax>
      <ymax>464</ymax>
    </bndbox>
    <confidence>0.86931</confidence>
  </object>
  <object>
    <name>Vehicle</name>
    <bndbox>
      <xmin>967</xmin>
      <ymin>474</ymin>
      <xmax>1100</xmax>
      <ymax>571</ymax>
    </bndbox>
    <confidence>0.95436</confidence>
  </object>
  <object>
    <name>Vehicle</name>
    <bndbox>
      <xmin>1649</xmin>
      <ymin>378</ymin>
      <xmax>1921</xmax>
      <ymax>898</ymax>
    </bndbox>
    <confidence>0.954945</confidence>
  </object>
  <object>
    <name>Vehicle</name>
    <bndbox>
      <xmin>1227</xmin>
      <ymin>469</ymin>
      <xmax>1385</xmax>
      <ymax>595</ymax>
    </bndbox>
    <confidence>0.965488</confidence>
  </object>
</annotation>
