<annotation>
  <folder>runs\detect\exp39</folder>
  <filename>1_20200615_112419_006210.jpg</filename>
  <source>
    <database>Unknown</database>
  </source>
  <size>
    <width>1920</width>
    <height>1080</height>
    <depth>3</depth>
  </size>
  <segmented>0</segmented>
  <object>
    <name>Vehicle</name>
    <bndbox>
      <xmin>850</xmin>
      <ymin>493</ymin>
      <xmax>886</xmax>
      <ymax>520</ymax>
    </bndbox>
    <confidence>0.349268</confidence>
  </object>
  <object>
    <name>Vehicle</name>
    <bndbox>
      <xmin>674</xmin>
      <ymin>576</ymin>
      <xmax>703</xmax>
      <ymax>603</ymax>
    </bndbox>
    <confidence>0.400985</confidence>
  </object>
  <object>
    <name>Vehicle</name>
    <bndbox>
      <xmin>609</xmin>
      <ymin>633</ymin>
      <xmax>666</xmax>
      <ymax>660</ymax>
    </bndbox>
    <confidence>0.673675</confidence>
  </object>
  <object>
    <name>Vehicle</name>
    <bndbox>
      <xmin>712</xmin>
      <ymin>536</ymin>
      <xmax>904</xmax>
      <ymax>678</ymax>
    </bndbox>
    <confidence>0.960851</confidence>
  </object>
</annotation>
