<annotation>
  <folder>runs\detect\exp2</folder>
  <filename>1_20200615_112419_003870.jpg</filename>
  <source>
    <database>Unknown</database>
  </source>
  <size>
    <width>1920</width>
    <height>1080</height>
    <depth>3</depth>
  </size>
  <segmented>0</segmented>
  <object>
    <name>Pedestrian</name>
    <bndbox>
      <xmin>1155</xmin>
      <ymin>476</ymin>
      <xmax>1176</xmax>
      <ymax>528</ymax>
    </bndbox>
    <confidence>0.548359</confidence>
  </object>
  <object>
    <name>TrafficSign</name>
    <bndbox>
      <xmin>709</xmin>
      <ymin>340</ymin>
      <xmax>800</xmax>
      <ymax>374</ymax>
    </bndbox>
    <confidence>0.765246</confidence>
  </object>
  <object>
    <name>Vehicle</name>
    <bndbox>
      <xmin>480</xmin>
      <ymin>488</ymin>
      <xmax>513</xmax>
      <ymax>514</ymax>
    </bndbox>
    <confidence>0.778582</confidence>
  </object>
  <object>
    <name>Vehicle</name>
    <bndbox>
      <xmin>339</xmin>
      <ymin>490</ymin>
      <xmax>372</xmax>
      <ymax>518</ymax>
    </bndbox>
    <confidence>0.786921</confidence>
  </object>
  <object>
    <name>Vehicle</name>
    <bndbox>
      <xmin>146</xmin>
      <ymin>505</ymin>
      <xmax>185</xmax>
      <ymax>557</ymax>
    </bndbox>
    <confidence>0.913605</confidence>
  </object>
  <object>
    <name>Vehicle</name>
    <bndbox>
      <xmin>93</xmin>
      <ymin>502</ymin>
      <xmax>158</xmax>
      <ymax>563</ymax>
    </bndbox>
    <confidence>0.923115</confidence>
  </object>
  <object>
    <name>Vehicle</name>
    <bndbox>
      <xmin>1</xmin>
      <ymin>511</ymin>
      <xmax>106</xmax>
      <ymax>577</ymax>
    </bndbox>
    <confidence>0.952023</confidence>
  </object>
  <object>
    <name>Vehicle</name>
    <bndbox>
      <xmin>761</xmin>
      <ymin>481</ymin>
      <xmax>980</xmax>
      <ymax>657</ymax>
    </bndbox>
    <confidence>0.973252</confidence>
  </object>
</annotation>
