<annotation>
  <folder>runs\detect\exp39</folder>
  <filename>1_20200615_112419_008850.jpg</filename>
  <source>
    <database>Unknown</database>
  </source>
  <size>
    <width>1920</width>
    <height>1080</height>
    <depth>3</depth>
  </size>
  <segmented>0</segmented>
  <object>
    <name>Vehicle</name>
    <bndbox>
      <xmin>654</xmin>
      <ymin>493</ymin>
      <xmax>694</xmax>
      <ymax>523</ymax>
    </bndbox>
    <confidence>0.259631</confidence>
  </object>
  <object>
    <name>Vehicle</name>
    <bndbox>
      <xmin>225</xmin>
      <ymin>500</ymin>
      <xmax>371</xmax>
      <ymax>636</ymax>
    </bndbox>
    <confidence>0.347043</confidence>
  </object>
  <object>
    <name>TrafficSign</name>
    <bndbox>
      <xmin>967</xmin>
      <ymin>378</ymin>
      <xmax>993</xmax>
      <ymax>417</ymax>
    </bndbox>
    <confidence>0.402389</confidence>
  </object>
  <object>
    <name>Vehicle</name>
    <bndbox>
      <xmin>507</xmin>
      <ymin>504</ymin>
      <xmax>564</xmax>
      <ymax>530</ymax>
    </bndbox>
    <confidence>0.432138</confidence>
  </object>
  <object>
    <name>Vehicle</name>
    <bndbox>
      <xmin>673</xmin>
      <ymin>481</ymin>
      <xmax>708</xmax>
      <ymax>513</ymax>
    </bndbox>
    <confidence>0.634447</confidence>
  </object>
  <object>
    <name>Vehicle</name>
    <bndbox>
      <xmin>227</xmin>
      <ymin>500</ymin>
      <xmax>367</xmax>
      <ymax>545</ymax>
    </bndbox>
    <confidence>0.650382</confidence>
  </object>
  <object>
    <name>Vehicle</name>
    <bndbox>
      <xmin>569</xmin>
      <ymin>490</ymin>
      <xmax>630</xmax>
      <ymax>522</ymax>
    </bndbox>
    <confidence>0.727372</confidence>
  </object>
  <object>
    <name>Vehicle</name>
    <bndbox>
      <xmin>408</xmin>
      <ymin>489</ymin>
      <xmax>508</xmax>
      <ymax>533</ymax>
    </bndbox>
    <confidence>0.84286</confidence>
  </object>
  <object>
    <name>TrafficSign</name>
    <bndbox>
      <xmin>725</xmin>
      <ymin>455</ymin>
      <xmax>752</xmax>
      <ymax>482</ymax>
    </bndbox>
    <confidence>0.84518</confidence>
  </object>
  <object>
    <name>Vehicle</name>
    <bndbox>
      <xmin>296</xmin>
      <ymin>447</ymin>
      <xmax>389</xmax>
      <ymax>534</ymax>
    </bndbox>
    <confidence>0.853304</confidence>
  </object>
  <object>
    <name>TrafficSign</name>
    <bndbox>
      <xmin>1194</xmin>
      <ymin>378</ymin>
      <xmax>1227</xmax>
      <ymax>411</ymax>
    </bndbox>
    <confidence>0.885164</confidence>
  </object>
  <object>
    <name>TrafficSign</name>
    <bndbox>
      <xmin>923</xmin>
      <ymin>201</ymin>
      <xmax>974</xmax>
      <ymax>252</ymax>
    </bndbox>
    <confidence>0.891297</confidence>
  </object>
  <object>
    <name>Vehicle</name>
    <bndbox>
      <xmin>718</xmin>
      <ymin>457</ymin>
      <xmax>1050</xmax>
      <ymax>723</ymax>
    </bndbox>
    <confidence>0.965462</confidence>
  </object>
</annotation>
