<annotation>
  <folder>runs\detect\exp39</folder>
  <filename>1_20200615_112419_005310.jpg</filename>
  <source>
    <database>Unknown</database>
  </source>
  <size>
    <width>1920</width>
    <height>1080</height>
    <depth>3</depth>
  </size>
  <segmented>0</segmented>
  <object>
    <name>Pedestrian</name>
    <bndbox>
      <xmin>66</xmin>
      <ymin>535</ymin>
      <xmax>97</xmax>
      <ymax>581</ymax>
    </bndbox>
    <confidence>0.605261</confidence>
  </object>
  <object>
    <name>Pedestrian</name>
    <bndbox>
      <xmin>490</xmin>
      <ymin>501</ymin>
      <xmax>504</xmax>
      <ymax>537</ymax>
    </bndbox>
    <confidence>0.629387</confidence>
  </object>
  <object>
    <name>TrafficSign</name>
    <bndbox>
      <xmin>1319</xmin>
      <ymin>370</ymin>
      <xmax>1348</xmax>
      <ymax>399</ymax>
    </bndbox>
    <confidence>0.660496</confidence>
  </object>
  <object>
    <name>TrafficSign</name>
    <bndbox>
      <xmin>1359</xmin>
      <ymin>370</ymin>
      <xmax>1388</xmax>
      <ymax>400</ymax>
    </bndbox>
    <confidence>0.708956</confidence>
  </object>
  <object>
    <name>Pedestrian</name>
    <bndbox>
      <xmin>1531</xmin>
      <ymin>463</ymin>
      <xmax>1568</xmax>
      <ymax>573</ymax>
    </bndbox>
    <confidence>0.744911</confidence>
  </object>
  <object>
    <name>Pedestrian</name>
    <bndbox>
      <xmin>1561</xmin>
      <ymin>460</ymin>
      <xmax>1603</xmax>
      <ymax>572</ymax>
    </bndbox>
    <confidence>0.786026</confidence>
  </object>
  <object>
    <name>Vehicle</name>
    <bndbox>
      <xmin>635</xmin>
      <ymin>496</ymin>
      <xmax>683</xmax>
      <ymax>570</ymax>
    </bndbox>
    <confidence>0.866295</confidence>
  </object>
  <object>
    <name>TrafficLight</name>
    <bndbox>
      <xmin>919</xmin>
      <ymin>129</ymin>
      <xmax>1022</xmax>
      <ymax>158</ymax>
    </bndbox>
    <confidence>0.878286</confidence>
  </object>
  <object>
    <name>TrafficSign</name>
    <bndbox>
      <xmin>1076</xmin>
      <ymin>283</ymin>
      <xmax>1111</xmax>
      <ymax>319</ymax>
    </bndbox>
    <confidence>0.887746</confidence>
  </object>
  <object>
    <name>TrafficSign</name>
    <bndbox>
      <xmin>1214</xmin>
      <ymin>42</ymin>
      <xmax>1280</xmax>
      <ymax>110</ymax>
    </bndbox>
    <confidence>0.930133</confidence>
  </object>
  <object>
    <name>Vehicle</name>
    <bndbox>
      <xmin>611</xmin>
      <ymin>448</ymin>
      <xmax>710</xmax>
      <ymax>565</ymax>
    </bndbox>
    <confidence>0.932919</confidence>
  </object>
  <object>
    <name>Vehicle</name>
    <bndbox>
      <xmin>522</xmin>
      <ymin>482</ymin>
      <xmax>651</xmax>
      <ymax>582</ymax>
    </bndbox>
    <confidence>0.955657</confidence>
  </object>
  <object>
    <name>Vehicle</name>
    <bndbox>
      <xmin>785</xmin>
      <ymin>450</ymin>
      <xmax>1064</xmax>
      <ymax>675</ymax>
    </bndbox>
    <confidence>0.96542</confidence>
  </object>
</annotation>
