<annotation>
  <folder>runs\detect\exp2</folder>
  <filename>1_20200615_112419_003600.jpg</filename>
  <source>
    <database>Unknown</database>
  </source>
  <size>
    <width>1920</width>
    <height>1080</height>
    <depth>3</depth>
  </size>
  <segmented>0</segmented>
  <object>
    <name>Vehicle</name>
    <bndbox>
      <xmin>103</xmin>
      <ymin>537</ymin>
      <xmax>149</xmax>
      <ymax>563</ymax>
    </bndbox>
    <confidence>0.378766</confidence>
  </object>
  <object>
    <name>Vehicle</name>
    <bndbox>
      <xmin>377</xmin>
      <ymin>530</ymin>
      <xmax>411</xmax>
      <ymax>555</ymax>
    </bndbox>
    <confidence>0.712843</confidence>
  </object>
  <object>
    <name>Vehicle</name>
    <bndbox>
      <xmin>794</xmin>
      <ymin>482</ymin>
      <xmax>964</xmax>
      <ymax>617</ymax>
    </bndbox>
    <confidence>0.96302</confidence>
  </object>
</annotation>
