<annotation>
  <folder>runs\detect\exp39</folder>
  <filename>1_20200615_112419_003150.jpg</filename>
  <source>
    <database>Unknown</database>
  </source>
  <size>
    <width>1920</width>
    <height>1080</height>
    <depth>3</depth>
  </size>
  <segmented>0</segmented>
  <object>
    <name>Pedestrian</name>
    <bndbox>
      <xmin>1009</xmin>
      <ymin>495</ymin>
      <xmax>1020</xmax>
      <ymax>538</ymax>
    </bndbox>
    <confidence>0.250558</confidence>
  </object>
  <object>
    <name>Pedestrian</name>
    <bndbox>
      <xmin>1026</xmin>
      <ymin>492</ymin>
      <xmax>1041</xmax>
      <ymax>536</ymax>
    </bndbox>
    <confidence>0.490982</confidence>
  </object>
  <object>
    <name>Vehicle</name>
    <bndbox>
      <xmin>555</xmin>
      <ymin>526</ymin>
      <xmax>584</xmax>
      <ymax>551</ymax>
    </bndbox>
    <confidence>0.577016</confidence>
  </object>
  <object>
    <name>Vehicle</name>
    <bndbox>
      <xmin>605</xmin>
      <ymin>525</ymin>
      <xmax>637</xmax>
      <ymax>552</ymax>
    </bndbox>
    <confidence>0.769448</confidence>
  </object>
  <object>
    <name>Vehicle</name>
    <bndbox>
      <xmin>489</xmin>
      <ymin>524</ymin>
      <xmax>528</xmax>
      <ymax>555</ymax>
    </bndbox>
    <confidence>0.851831</confidence>
  </object>
  <object>
    <name>Vehicle</name>
    <bndbox>
      <xmin>644</xmin>
      <ymin>519</ymin>
      <xmax>684</xmax>
      <ymax>554</ymax>
    </bndbox>
    <confidence>0.888679</confidence>
  </object>
  <object>
    <name>Vehicle</name>
    <bndbox>
      <xmin>370</xmin>
      <ymin>513</ymin>
      <xmax>424</xmax>
      <ymax>571</ymax>
    </bndbox>
    <confidence>0.903744</confidence>
  </object>
  <object>
    <name>Vehicle</name>
    <bndbox>
      <xmin>1820</xmin>
      <ymin>474</ymin>
      <xmax>1921</xmax>
      <ymax>696</ymax>
    </bndbox>
    <confidence>0.931215</confidence>
  </object>
  <object>
    <name>Vehicle</name>
    <bndbox>
      <xmin>768</xmin>
      <ymin>508</ymin>
      <xmax>891</xmax>
      <ymax>602</ymax>
    </bndbox>
    <confidence>0.946953</confidence>
  </object>
</annotation>
