<annotation>
  <folder>runs\detect\exp39</folder>
  <filename>1_20200615_112419_004380.jpg</filename>
  <source>
    <database>Unknown</database>
  </source>
  <size>
    <width>1920</width>
    <height>1080</height>
    <depth>3</depth>
  </size>
  <segmented>0</segmented>
  <object>
    <name>Pedestrian</name>
    <bndbox>
      <xmin>101</xmin>
      <ymin>585</ymin>
      <xmax>116</xmax>
      <ymax>653</ymax>
    </bndbox>
    <confidence>0.334979</confidence>
  </object>
  <object>
    <name>Pedestrian</name>
    <bndbox>
      <xmin>107</xmin>
      <ymin>584</ymin>
      <xmax>134</xmax>
      <ymax>654</ymax>
    </bndbox>
    <confidence>0.730723</confidence>
  </object>
  <object>
    <name>Vehicle</name>
    <bndbox>
      <xmin>755</xmin>
      <ymin>600</ymin>
      <xmax>786</xmax>
      <ymax>627</ymax>
    </bndbox>
    <confidence>0.735036</confidence>
  </object>
  <object>
    <name>TrafficLight</name>
    <bndbox>
      <xmin>1062</xmin>
      <ymin>351</ymin>
      <xmax>1126</xmax>
      <ymax>369</ymax>
    </bndbox>
    <confidence>0.788475</confidence>
  </object>
  <object>
    <name>TrafficSign</name>
    <bndbox>
      <xmin>1147</xmin>
      <ymin>418</ymin>
      <xmax>1174</xmax>
      <ymax>445</ymax>
    </bndbox>
    <confidence>0.870065</confidence>
  </object>
  <object>
    <name>TrafficLight</name>
    <bndbox>
      <xmin>1346</xmin>
      <ymin>82</ymin>
      <xmax>1482</xmax>
      <ymax>120</ymax>
    </bndbox>
    <confidence>0.893947</confidence>
  </object>
  <object>
    <name>TrafficLight</name>
    <bndbox>
      <xmin>970</xmin>
      <ymin>91</ymin>
      <xmax>1108</xmax>
      <ymax>129</ymax>
    </bndbox>
    <confidence>0.896382</confidence>
  </object>
  <object>
    <name>Vehicle</name>
    <bndbox>
      <xmin>1114</xmin>
      <ymin>559</ymin>
      <xmax>1180</xmax>
      <ymax>630</ymax>
    </bndbox>
    <confidence>0.921552</confidence>
  </object>
  <object>
    <name>TrafficSign</name>
    <bndbox>
      <xmin>1179</xmin>
      <ymin>37</ymin>
      <xmax>1267</xmax>
      <ymax>123</ymax>
    </bndbox>
    <confidence>0.934429</confidence>
  </object>
  <object>
    <name>Vehicle</name>
    <bndbox>
      <xmin>422</xmin>
      <ymin>427</ymin>
      <xmax>762</xmax>
      <ymax>703</ymax>
    </bndbox>
    <confidence>0.958442</confidence>
  </object>
  <object>
    <name>Vehicle</name>
    <bndbox>
      <xmin>845</xmin>
      <ymin>487</ymin>
      <xmax>1129</xmax>
      <ymax>716</ymax>
    </bndbox>
    <confidence>0.966537</confidence>
  </object>
</annotation>
