<annotation>
  <folder>runs\detect\exp39</folder>
  <filename>1_20200615_112419_001260.jpg</filename>
  <source>
    <database>Unknown</database>
  </source>
  <size>
    <width>1920</width>
    <height>1080</height>
    <depth>3</depth>
  </size>
  <segmented>0</segmented>
  <object>
    <name>TrafficLight</name>
    <bndbox>
      <xmin>1036</xmin>
      <ymin>360</ymin>
      <xmax>1075</xmax>
      <ymax>372</ymax>
    </bndbox>
    <confidence>0.407503</confidence>
  </object>
  <object>
    <name>Vehicle</name>
    <bndbox>
      <xmin>2</xmin>
      <ymin>520</ymin>
      <xmax>105</xmax>
      <ymax>576</ymax>
    </bndbox>
    <confidence>0.717408</confidence>
  </object>
  <object>
    <name>TrafficLight</name>
    <bndbox>
      <xmin>1111</xmin>
      <ymin>296</ymin>
      <xmax>1168</xmax>
      <ymax>312</ymax>
    </bndbox>
    <confidence>0.810199</confidence>
  </object>
  <object>
    <name>Vehicle</name>
    <bndbox>
      <xmin>716</xmin>
      <ymin>501</ymin>
      <xmax>749</xmax>
      <ymax>528</ymax>
    </bndbox>
    <confidence>0.811091</confidence>
  </object>
  <object>
    <name>TrafficLight</name>
    <bndbox>
      <xmin>956</xmin>
      <ymin>297</ymin>
      <xmax>1013</xmax>
      <ymax>313</ymax>
    </bndbox>
    <confidence>0.841496</confidence>
  </object>
  <object>
    <name>TrafficSign</name>
    <bndbox>
      <xmin>1045</xmin>
      <ymin>285</ymin>
      <xmax>1081</xmax>
      <ymax>322</ymax>
    </bndbox>
    <confidence>0.907513</confidence>
  </object>
  <object>
    <name>Vehicle</name>
    <bndbox>
      <xmin>41</xmin>
      <ymin>455</ymin>
      <xmax>331</xmax>
      <ymax>572</ymax>
    </bndbox>
    <confidence>0.91531</confidence>
  </object>
  <object>
    <name>Vehicle</name>
    <bndbox>
      <xmin>895</xmin>
      <ymin>474</ymin>
      <xmax>1082</xmax>
      <ymax>625</ymax>
    </bndbox>
    <confidence>0.962047</confidence>
  </object>
</annotation>
