<annotation>
  <folder>runs\detect\exp39</folder>
  <filename>1_20200615_112419_005070.jpg</filename>
  <source>
    <database>Unknown</database>
  </source>
  <size>
    <width>1920</width>
    <height>1080</height>
    <depth>3</depth>
  </size>
  <segmented>0</segmented>
  <object>
    <name>TrafficLight</name>
    <bndbox>
      <xmin>975</xmin>
      <ymin>362</ymin>
      <xmax>1015</xmax>
      <ymax>374</ymax>
    </bndbox>
    <confidence>0.501114</confidence>
  </object>
  <object>
    <name>Vehicle</name>
    <bndbox>
      <xmin>417</xmin>
      <ymin>454</ymin>
      <xmax>484</xmax>
      <ymax>548</ymax>
    </bndbox>
    <confidence>0.538329</confidence>
  </object>
  <object>
    <name>TrafficLight</name>
    <bndbox>
      <xmin>867</xmin>
      <ymin>365</ymin>
      <xmax>907</xmax>
      <ymax>377</ymax>
    </bndbox>
    <confidence>0.543274</confidence>
  </object>
  <object>
    <name>Vehicle</name>
    <bndbox>
      <xmin>414</xmin>
      <ymin>492</ymin>
      <xmax>471</xmax>
      <ymax>551</ymax>
    </bndbox>
    <confidence>0.711155</confidence>
  </object>
  <object>
    <name>Vehicle</name>
    <bndbox>
      <xmin>614</xmin>
      <ymin>488</ymin>
      <xmax>683</xmax>
      <ymax>543</ymax>
    </bndbox>
    <confidence>0.757269</confidence>
  </object>
  <object>
    <name>TrafficSign</name>
    <bndbox>
      <xmin>929</xmin>
      <ymin>356</ymin>
      <xmax>956</xmax>
      <ymax>382</ymax>
    </bndbox>
    <confidence>0.783169</confidence>
  </object>
  <object>
    <name>Vehicle</name>
    <bndbox>
      <xmin>562</xmin>
      <ymin>480</ymin>
      <xmax>617</xmax>
      <ymax>537</ymax>
    </bndbox>
    <confidence>0.801306</confidence>
  </object>
  <object>
    <name>Vehicle</name>
    <bndbox>
      <xmin>799</xmin>
      <ymin>491</ymin>
      <xmax>839</xmax>
      <ymax>527</ymax>
    </bndbox>
    <confidence>0.823141</confidence>
  </object>
  <object>
    <name>Vehicle</name>
    <bndbox>
      <xmin>663</xmin>
      <ymin>479</ymin>
      <xmax>720</xmax>
      <ymax>535</ymax>
    </bndbox>
    <confidence>0.905439</confidence>
  </object>
  <object>
    <name>Vehicle</name>
    <bndbox>
      <xmin>425</xmin>
      <ymin>502</ymin>
      <xmax>503</xmax>
      <ymax>559</ymax>
    </bndbox>
    <confidence>0.919607</confidence>
  </object>
  <object>
    <name>Vehicle</name>
    <bndbox>
      <xmin>506</xmin>
      <ymin>484</ymin>
      <xmax>599</xmax>
      <ymax>556</ymax>
    </bndbox>
    <confidence>0.942758</confidence>
  </object>
  <object>
    <name>Vehicle</name>
    <bndbox>
      <xmin>239</xmin>
      <ymin>467</ymin>
      <xmax>410</xmax>
      <ymax>595</ymax>
    </bndbox>
    <confidence>0.960272</confidence>
  </object>
  <object>
    <name>Vehicle</name>
    <bndbox>
      <xmin>3</xmin>
      <ymin>397</ymin>
      <xmax>228</xmax>
      <ymax>607</ymax>
    </bndbox>
    <confidence>0.961303</confidence>
  </object>
  <object>
    <name>Vehicle</name>
    <bndbox>
      <xmin>815</xmin>
      <ymin>455</ymin>
      <xmax>1061</xmax>
      <ymax>659</ymax>
    </bndbox>
    <confidence>0.962882</confidence>
  </object>
</annotation>
