<annotation>
  <folder>runs\detect\exp39</folder>
  <filename>1_20200615_112419_008970.jpg</filename>
  <source>
    <database>Unknown</database>
  </source>
  <size>
    <width>1920</width>
    <height>1080</height>
    <depth>3</depth>
  </size>
  <segmented>0</segmented>
  <object>
    <name>Vehicle</name>
    <bndbox>
      <xmin>372</xmin>
      <ymin>523</ymin>
      <xmax>433</xmax>
      <ymax>558</ymax>
    </bndbox>
    <confidence>0.74608</confidence>
  </object>
  <object>
    <name>TrafficSign</name>
    <bndbox>
      <xmin>986</xmin>
      <ymin>299</ymin>
      <xmax>1028</xmax>
      <ymax>336</ymax>
    </bndbox>
    <confidence>0.862134</confidence>
  </object>
  <object>
    <name>Vehicle</name>
    <bndbox>
      <xmin>294</xmin>
      <ymin>525</ymin>
      <xmax>364</xmax>
      <ymax>567</ymax>
    </bndbox>
    <confidence>0.867273</confidence>
  </object>
  <object>
    <name>Vehicle</name>
    <bndbox>
      <xmin>28</xmin>
      <ymin>432</ymin>
      <xmax>253</xmax>
      <ymax>578</ymax>
    </bndbox>
    <confidence>0.905086</confidence>
  </object>
  <object>
    <name>TrafficSign</name>
    <bndbox>
      <xmin>170</xmin>
      <ymin>374</ymin>
      <xmax>256</xmax>
      <ymax>464</ymax>
    </bndbox>
    <confidence>0.932038</confidence>
  </object>
  <object>
    <name>Vehicle</name>
    <bndbox>
      <xmin>880</xmin>
      <ymin>492</ymin>
      <xmax>1115</xmax>
      <ymax>682</ymax>
    </bndbox>
    <confidence>0.965712</confidence>
  </object>
</annotation>
