<annotation>
  <folder>runs\detect\exp2</folder>
  <filename>1_20200615_112419_001170.jpg</filename>
  <source>
    <database>Unknown</database>
  </source>
  <size>
    <width>1920</width>
    <height>1080</height>
    <depth>3</depth>
  </size>
  <segmented>0</segmented>
  <object>
    <name>TrafficLight</name>
    <bndbox>
      <xmin>1097</xmin>
      <ymin>351</ymin>
      <xmax>1141</xmax>
      <ymax>364</ymax>
    </bndbox>
    <confidence>0.617732</confidence>
  </object>
  <object>
    <name>TrafficLight</name>
    <bndbox>
      <xmin>988</xmin>
      <ymin>354</ymin>
      <xmax>1029</xmax>
      <ymax>367</ymax>
    </bndbox>
    <confidence>0.687062</confidence>
  </object>
  <object>
    <name>TrafficSign</name>
    <bndbox>
      <xmin>1052</xmin>
      <ymin>345</ymin>
      <xmax>1078</xmax>
      <ymax>371</ymax>
    </bndbox>
    <confidence>0.865076</confidence>
  </object>
  <object>
    <name>Vehicle</name>
    <bndbox>
      <xmin>822</xmin>
      <ymin>443</ymin>
      <xmax>1051</xmax>
      <ymax>537</ymax>
    </bndbox>
    <confidence>0.892553</confidence>
  </object>
  <object>
    <name>Vehicle</name>
    <bndbox>
      <xmin>492</xmin>
      <ymin>511</ymin>
      <xmax>586</xmax>
      <ymax>575</ymax>
    </bndbox>
    <confidence>0.95754</confidence>
  </object>
  <object>
    <name>Vehicle</name>
    <bndbox>
      <xmin>921</xmin>
      <ymin>477</ymin>
      <xmax>1094</xmax>
      <ymax>615</ymax>
    </bndbox>
    <confidence>0.961567</confidence>
  </object>
</annotation>
