<annotation>
  <folder>runs\detect\exp39</folder>
  <filename>1_20200615_112419_005820.jpg</filename>
  <source>
    <database>Unknown</database>
  </source>
  <size>
    <width>1920</width>
    <height>1080</height>
    <depth>3</depth>
  </size>
  <segmented>0</segmented>
  <object>
    <name>Vehicle</name>
    <bndbox>
      <xmin>473</xmin>
      <ymin>451</ymin>
      <xmax>516</xmax>
      <ymax>481</ymax>
    </bndbox>
    <confidence>0.250859</confidence>
  </object>
  <object>
    <name>Vehicle</name>
    <bndbox>
      <xmin>67</xmin>
      <ymin>450</ymin>
      <xmax>109</xmax>
      <ymax>491</ymax>
    </bndbox>
    <confidence>0.258104</confidence>
  </object>
  <object>
    <name>Pedestrian</name>
    <bndbox>
      <xmin>45</xmin>
      <ymin>503</ymin>
      <xmax>62</xmax>
      <ymax>549</ymax>
    </bndbox>
    <confidence>0.64109</confidence>
  </object>
  <object>
    <name>Vehicle</name>
    <bndbox>
      <xmin>76</xmin>
      <ymin>468</ymin>
      <xmax>112</xmax>
      <ymax>503</ymax>
    </bndbox>
    <confidence>0.668788</confidence>
  </object>
  <object>
    <name>TrafficSign</name>
    <bndbox>
      <xmin>887</xmin>
      <ymin>124</ymin>
      <xmax>1120</xmax>
      <ymax>215</ymax>
    </bndbox>
    <confidence>0.764944</confidence>
  </object>
  <object>
    <name>TrafficSign</name>
    <bndbox>
      <xmin>1247</xmin>
      <ymin>505</ymin>
      <xmax>1296</xmax>
      <ymax>556</ymax>
    </bndbox>
    <confidence>0.791976</confidence>
  </object>
  <object>
    <name>Vehicle</name>
    <bndbox>
      <xmin>712</xmin>
      <ymin>475</ymin>
      <xmax>756</xmax>
      <ymax>507</ymax>
    </bndbox>
    <confidence>0.798554</confidence>
  </object>
  <object>
    <name>Vehicle</name>
    <bndbox>
      <xmin>459</xmin>
      <ymin>445</ymin>
      <xmax>490</xmax>
      <ymax>477</ymax>
    </bndbox>
    <confidence>0.799576</confidence>
  </object>
  <object>
    <name>Vehicle</name>
    <bndbox>
      <xmin>472</xmin>
      <ymin>463</ymin>
      <xmax>517</xmax>
      <ymax>496</ymax>
    </bndbox>
    <confidence>0.818819</confidence>
  </object>
  <object>
    <name>Pedestrian</name>
    <bndbox>
      <xmin>1857</xmin>
      <ymin>398</ymin>
      <xmax>1919</xmax>
      <ymax>608</ymax>
    </bndbox>
    <confidence>0.847515</confidence>
  </object>
  <object>
    <name>Vehicle</name>
    <bndbox>
      <xmin>393</xmin>
      <ymin>464</ymin>
      <xmax>436</xmax>
      <ymax>496</ymax>
    </bndbox>
    <confidence>0.850843</confidence>
  </object>
  <object>
    <name>TrafficSign</name>
    <bndbox>
      <xmin>1244</xmin>
      <ymin>231</ymin>
      <xmax>1289</xmax>
      <ymax>275</ymax>
    </bndbox>
    <confidence>0.860386</confidence>
  </object>
  <object>
    <name>TrafficSign</name>
    <bndbox>
      <xmin>1250</xmin>
      <ymin>363</ymin>
      <xmax>1295</xmax>
      <ymax>407</ymax>
    </bndbox>
    <confidence>0.872779</confidence>
  </object>
  <object>
    <name>TrafficSign</name>
    <bndbox>
      <xmin>1247</xmin>
      <ymin>320</ymin>
      <xmax>1291</xmax>
      <ymax>364</ymax>
    </bndbox>
    <confidence>0.889687</confidence>
  </object>
  <object>
    <name>TrafficSign</name>
    <bndbox>
      <xmin>1246</xmin>
      <ymin>276</ymin>
      <xmax>1290</xmax>
      <ymax>319</ymax>
    </bndbox>
    <confidence>0.905169</confidence>
  </object>
  <object>
    <name>Vehicle</name>
    <bndbox>
      <xmin>485</xmin>
      <ymin>487</ymin>
      <xmax>538</xmax>
      <ymax>529</ymax>
    </bndbox>
    <confidence>0.917037</confidence>
  </object>
  <object>
    <name>Vehicle</name>
    <bndbox>
      <xmin>564</xmin>
      <ymin>487</ymin>
      <xmax>620</xmax>
      <ymax>525</ymax>
    </bndbox>
    <confidence>0.928343</confidence>
  </object>
  <object>
    <name>Vehicle</name>
    <bndbox>
      <xmin>671</xmin>
      <ymin>499</ymin>
      <xmax>751</xmax>
      <ymax>567</ymax>
    </bndbox>
    <confidence>0.932229</confidence>
  </object>
  <object>
    <name>Vehicle</name>
    <bndbox>
      <xmin>729</xmin>
      <ymin>509</ymin>
      <xmax>861</xmax>
      <ymax>603</ymax>
    </bndbox>
    <confidence>0.955587</confidence>
  </object>
</annotation>
