<annotation>
  <folder>runs\detect\exp2</folder>
  <filename>1_20200615_112419_007410.jpg</filename>
  <source>
    <database>Unknown</database>
  </source>
  <size>
    <width>1920</width>
    <height>1080</height>
    <depth>3</depth>
  </size>
  <segmented>0</segmented>
  <object>
    <name>Vehicle</name>
    <bndbox>
      <xmin>1</xmin>
      <ymin>395</ymin>
      <xmax>152</xmax>
      <ymax>463</ymax>
    </bndbox>
    <confidence>0.888409</confidence>
  </object>
  <object>
    <name>Vehicle</name>
    <bndbox>
      <xmin>965</xmin>
      <ymin>474</ymin>
      <xmax>1100</xmax>
      <ymax>572</ymax>
    </bndbox>
    <confidence>0.957311</confidence>
  </object>
  <object>
    <name>Vehicle</name>
    <bndbox>
      <xmin>1649</xmin>
      <ymin>376</ymin>
      <xmax>1921</xmax>
      <ymax>898</ymax>
    </bndbox>
    <confidence>0.959238</confidence>
  </object>
  <object>
    <name>Vehicle</name>
    <bndbox>
      <xmin>1229</xmin>
      <ymin>469</ymin>
      <xmax>1386</xmax>
      <ymax>595</ymax>
    </bndbox>
    <confidence>0.968288</confidence>
  </object>
</annotation>
