<annotation>
  <folder>runs\detect\exp2</folder>
  <filename>1_20200615_112419_006450.jpg</filename>
  <source>
    <database>Unknown</database>
  </source>
  <size>
    <width>1920</width>
    <height>1080</height>
    <depth>3</depth>
  </size>
  <segmented>0</segmented>
  <object>
    <name>Vehicle</name>
    <bndbox>
      <xmin>878</xmin>
      <ymin>308</ymin>
      <xmax>916</xmax>
      <ymax>337</ymax>
    </bndbox>
    <confidence>0.720694</confidence>
  </object>
  <object>
    <name>Vehicle</name>
    <bndbox>
      <xmin>928</xmin>
      <ymin>385</ymin>
      <xmax>985</xmax>
      <ymax>424</ymax>
    </bndbox>
    <confidence>0.820896</confidence>
  </object>
  <object>
    <name>Vehicle</name>
    <bndbox>
      <xmin>904</xmin>
      <ymin>422</ymin>
      <xmax>1009</xmax>
      <ymax>508</ymax>
    </bndbox>
    <confidence>0.883687</confidence>
  </object>
  <object>
    <name>Vehicle</name>
    <bndbox>
      <xmin>862</xmin>
      <ymin>339</ymin>
      <xmax>906</xmax>
      <ymax>373</ymax>
    </bndbox>
    <confidence>0.890986</confidence>
  </object>
  <object>
    <name>Vehicle</name>
    <bndbox>
      <xmin>936</xmin>
      <ymin>334</ymin>
      <xmax>981</xmax>
      <ymax>373</ymax>
    </bndbox>
    <confidence>0.891046</confidence>
  </object>
  <object>
    <name>Vehicle</name>
    <bndbox>
      <xmin>566</xmin>
      <ymin>442</ymin>
      <xmax>769</xmax>
      <ymax>602</ymax>
    </bndbox>
    <confidence>0.944678</confidence>
  </object>
</annotation>
