<annotation>
  <folder>runs\detect\exp2</folder>
  <filename>1_20200615_112419_004440.jpg</filename>
  <source>
    <database>Unknown</database>
  </source>
  <size>
    <width>1920</width>
    <height>1080</height>
    <depth>3</depth>
  </size>
  <segmented>0</segmented>
  <object>
    <name>Vehicle</name>
    <bndbox>
      <xmin>766</xmin>
      <ymin>572</ymin>
      <xmax>803</xmax>
      <ymax>599</ymax>
    </bndbox>
    <confidence>0.864841</confidence>
  </object>
  <object>
    <name>TrafficSign</name>
    <bndbox>
      <xmin>1176</xmin>
      <ymin>355</ymin>
      <xmax>1209</xmax>
      <ymax>387</ymax>
    </bndbox>
    <confidence>0.892949</confidence>
  </object>
  <object>
    <name>Vehicle</name>
    <bndbox>
      <xmin>1084</xmin>
      <ymin>543</ymin>
      <xmax>1128</xmax>
      <ymax>605</ymax>
    </bndbox>
    <confidence>0.896897</confidence>
  </object>
  <object>
    <name>Vehicle</name>
    <bndbox>
      <xmin>679</xmin>
      <ymin>565</ymin>
      <xmax>722</xmax>
      <ymax>603</ymax>
    </bndbox>
    <confidence>0.903747</confidence>
  </object>
  <object>
    <name>Vehicle</name>
    <bndbox>
      <xmin>615</xmin>
      <ymin>549</ymin>
      <xmax>679</xmax>
      <ymax>606</ymax>
    </bndbox>
    <confidence>0.931623</confidence>
  </object>
  <object>
    <name>Vehicle</name>
    <bndbox>
      <xmin>555</xmin>
      <ymin>555</ymin>
      <xmax>634</xmax>
      <ymax>615</ymax>
    </bndbox>
    <confidence>0.943815</confidence>
  </object>
  <object>
    <name>Vehicle</name>
    <bndbox>
      <xmin>0</xmin>
      <ymin>148</ymin>
      <xmax>314</xmax>
      <ymax>1057</ymax>
    </bndbox>
    <confidence>0.945423</confidence>
  </object>
  <object>
    <name>Vehicle</name>
    <bndbox>
      <xmin>462</xmin>
      <ymin>543</ymin>
      <xmax>559</xmax>
      <ymax>627</ymax>
    </bndbox>
    <confidence>0.947887</confidence>
  </object>
  <object>
    <name>Vehicle</name>
    <bndbox>
      <xmin>860</xmin>
      <ymin>510</ymin>
      <xmax>1116</xmax>
      <ymax>717</ymax>
    </bndbox>
    <confidence>0.960242</confidence>
  </object>
  <object>
    <name>Vehicle</name>
    <bndbox>
      <xmin>317</xmin>
      <ymin>543</ymin>
      <xmax>459</xmax>
      <ymax>646</ymax>
    </bndbox>
    <confidence>0.962711</confidence>
  </object>
</annotation>
