<annotation>
  <folder>runs\detect\exp2</folder>
  <filename>1_20200615_112419_000900.jpg</filename>
  <source>
    <database>Unknown</database>
  </source>
  <size>
    <width>1920</width>
    <height>1080</height>
    <depth>3</depth>
  </size>
  <segmented>0</segmented>
  <object>
    <name>TrafficSign</name>
    <bndbox>
      <xmin>1010</xmin>
      <ymin>233</ymin>
      <xmax>1168</xmax>
      <ymax>295</ymax>
    </bndbox>
    <confidence>0.919873</confidence>
  </object>
  <object>
    <name>Vehicle</name>
    <bndbox>
      <xmin>893</xmin>
      <ymin>478</ymin>
      <xmax>1047</xmax>
      <ymax>599</ymax>
    </bndbox>
    <confidence>0.961627</confidence>
  </object>
</annotation>
