<annotation>
  <folder>runs\detect\exp39</folder>
  <filename>1_20200615_112419_005520.jpg</filename>
  <source>
    <database>Unknown</database>
  </source>
  <size>
    <width>1920</width>
    <height>1080</height>
    <depth>3</depth>
  </size>
  <segmented>0</segmented>
  <object>
    <name>Pedestrian</name>
    <bndbox>
      <xmin>319</xmin>
      <ymin>534</ymin>
      <xmax>335</xmax>
      <ymax>585</ymax>
    </bndbox>
    <confidence>0.693432</confidence>
  </object>
  <object>
    <name>Vehicle</name>
    <bndbox>
      <xmin>760</xmin>
      <ymin>521</ymin>
      <xmax>790</xmax>
      <ymax>546</ymax>
    </bndbox>
    <confidence>0.738222</confidence>
  </object>
  <object>
    <name>Vehicle</name>
    <bndbox>
      <xmin>705</xmin>
      <ymin>493</ymin>
      <xmax>748</xmax>
      <ymax>538</ymax>
    </bndbox>
    <confidence>0.855759</confidence>
  </object>
  <object>
    <name>Vehicle</name>
    <bndbox>
      <xmin>871</xmin>
      <ymin>524</ymin>
      <xmax>919</xmax>
      <ymax>562</ymax>
    </bndbox>
    <confidence>0.909516</confidence>
  </object>
  <object>
    <name>Vehicle</name>
    <bndbox>
      <xmin>933</xmin>
      <ymin>523</ymin>
      <xmax>995</xmax>
      <ymax>570</ymax>
    </bndbox>
    <confidence>0.913778</confidence>
  </object>
  <object>
    <name>Vehicle</name>
    <bndbox>
      <xmin>449</xmin>
      <ymin>501</ymin>
      <xmax>712</xmax>
      <ymax>697</ymax>
    </bndbox>
    <confidence>0.967915</confidence>
  </object>
</annotation>
