<annotation>
  <folder>runs\detect\exp2</folder>
  <filename>1_20200615_112419_005190.jpg</filename>
  <source>
    <database>Unknown</database>
  </source>
  <size>
    <width>1920</width>
    <height>1080</height>
    <depth>3</depth>
  </size>
  <segmented>0</segmented>
  <object>
    <name>Pedestrian</name>
    <bndbox>
      <xmin>262</xmin>
      <ymin>495</ymin>
      <xmax>275</xmax>
      <ymax>550</ymax>
    </bndbox>
    <confidence>0.265763</confidence>
  </object>
  <object>
    <name>Pedestrian</name>
    <bndbox>
      <xmin>551</xmin>
      <ymin>487</ymin>
      <xmax>563</xmax>
      <ymax>525</ymax>
    </bndbox>
    <confidence>0.280665</confidence>
  </object>
  <object>
    <name>Pedestrian</name>
    <bndbox>
      <xmin>280</xmin>
      <ymin>498</ymin>
      <xmax>302</xmax>
      <ymax>550</ymax>
    </bndbox>
    <confidence>0.7363</confidence>
  </object>
  <object>
    <name>Pedestrian</name>
    <bndbox>
      <xmin>78</xmin>
      <ymin>518</ymin>
      <xmax>133</xmax>
      <ymax>556</ymax>
    </bndbox>
    <confidence>0.767955</confidence>
  </object>
  <object>
    <name>TrafficLight</name>
    <bndbox>
      <xmin>943</xmin>
      <ymin>318</ymin>
      <xmax>993</xmax>
      <ymax>333</ymax>
    </bndbox>
    <confidence>0.848383</confidence>
  </object>
  <object>
    <name>TrafficLight</name>
    <bndbox>
      <xmin>1028</xmin>
      <ymin>217</ymin>
      <xmax>1109</xmax>
      <ymax>239</ymax>
    </bndbox>
    <confidence>0.849718</confidence>
  </object>
  <object>
    <name>TrafficLight</name>
    <bndbox>
      <xmin>804</xmin>
      <ymin>225</ymin>
      <xmax>885</xmax>
      <ymax>247</ymax>
    </bndbox>
    <confidence>0.884995</confidence>
  </object>
  <object>
    <name>TrafficSign</name>
    <bndbox>
      <xmin>1084</xmin>
      <ymin>277</ymin>
      <xmax>1116</xmax>
      <ymax>309</ymax>
    </bndbox>
    <confidence>0.889066</confidence>
  </object>
  <object>
    <name>Vehicle</name>
    <bndbox>
      <xmin>758</xmin>
      <ymin>466</ymin>
      <xmax>815</xmax>
      <ymax>534</ymax>
    </bndbox>
    <confidence>0.901949</confidence>
  </object>
  <object>
    <name>Vehicle</name>
    <bndbox>
      <xmin>730</xmin>
      <ymin>486</ymin>
      <xmax>796</xmax>
      <ymax>537</ymax>
    </bndbox>
    <confidence>0.911263</confidence>
  </object>
  <object>
    <name>TrafficSign</name>
    <bndbox>
      <xmin>934</xmin>
      <ymin>206</ymin>
      <xmax>985</xmax>
      <ymax>258</ymax>
    </bndbox>
    <confidence>0.920203</confidence>
  </object>
  <object>
    <name>Vehicle</name>
    <bndbox>
      <xmin>471</xmin>
      <ymin>505</ymin>
      <xmax>535</xmax>
      <ymax>551</ymax>
    </bndbox>
    <confidence>0.924074</confidence>
  </object>
  <object>
    <name>Vehicle</name>
    <bndbox>
      <xmin>384</xmin>
      <ymin>464</ymin>
      <xmax>476</xmax>
      <ymax>557</ymax>
    </bndbox>
    <confidence>0.943078</confidence>
  </object>
  <object>
    <name>Vehicle</name>
    <bndbox>
      <xmin>843</xmin>
      <ymin>448</ymin>
      <xmax>1145</xmax>
      <ymax>696</ymax>
    </bndbox>
    <confidence>0.968419</confidence>
  </object>
</annotation>
