<annotation>
  <folder>runs\detect\exp2</folder>
  <filename>1_20200615_112419_000660.jpg</filename>
  <source>
    <database>Unknown</database>
  </source>
  <size>
    <width>1920</width>
    <height>1080</height>
    <depth>3</depth>
  </size>
  <segmented>0</segmented>
  <object>
    <name>Pedestrian</name>
    <bndbox>
      <xmin>1512</xmin>
      <ymin>452</ymin>
      <xmax>1530</xmax>
      <ymax>487</ymax>
    </bndbox>
    <confidence>0.300639</confidence>
  </object>
  <object>
    <name>Vehicle</name>
    <bndbox>
      <xmin>265</xmin>
      <ymin>473</ymin>
      <xmax>333</xmax>
      <ymax>500</ymax>
    </bndbox>
    <confidence>0.579902</confidence>
  </object>
  <object>
    <name>TrafficSign</name>
    <bndbox>
      <xmin>1027</xmin>
      <ymin>344</ymin>
      <xmax>1090</xmax>
      <ymax>372</ymax>
    </bndbox>
    <confidence>0.692495</confidence>
  </object>
  <object>
    <name>Vehicle</name>
    <bndbox>
      <xmin>489</xmin>
      <ymin>479</ymin>
      <xmax>524</xmax>
      <ymax>522</ymax>
    </bndbox>
    <confidence>0.80211</confidence>
  </object>
  <object>
    <name>Vehicle</name>
    <bndbox>
      <xmin>195</xmin>
      <ymin>463</ymin>
      <xmax>267</xmax>
      <ymax>498</ymax>
    </bndbox>
    <confidence>0.847093</confidence>
  </object>
  <object>
    <name>Vehicle</name>
    <bndbox>
      <xmin>461</xmin>
      <ymin>481</ymin>
      <xmax>505</xmax>
      <ymax>528</ymax>
    </bndbox>
    <confidence>0.883519</confidence>
  </object>
  <object>
    <name>TrafficSign</name>
    <bndbox>
      <xmin>1702</xmin>
      <ymin>199</ymin>
      <xmax>1770</xmax>
      <ymax>269</ymax>
    </bndbox>
    <confidence>0.908655</confidence>
  </object>
  <object>
    <name>Vehicle</name>
    <bndbox>
      <xmin>1257</xmin>
      <ymin>454</ymin>
      <xmax>1329</xmax>
      <ymax>504</ymax>
    </bndbox>
    <confidence>0.917974</confidence>
  </object>
  <object>
    <name>Vehicle</name>
    <bndbox>
      <xmin>439</xmin>
      <ymin>480</ymin>
      <xmax>478</xmax>
      <ymax>533</ymax>
    </bndbox>
    <confidence>0.92131</confidence>
  </object>
  <object>
    <name>Vehicle</name>
    <bndbox>
      <xmin>296</xmin>
      <ymin>491</ymin>
      <xmax>365</xmax>
      <ymax>552</ymax>
    </bndbox>
    <confidence>0.922241</confidence>
  </object>
  <object>
    <name>Vehicle</name>
    <bndbox>
      <xmin>601</xmin>
      <ymin>470</ymin>
      <xmax>662</xmax>
      <ymax>515</ymax>
    </bndbox>
    <confidence>0.92813</confidence>
  </object>
  <object>
    <name>Vehicle</name>
    <bndbox>
      <xmin>339</xmin>
      <ymin>486</ymin>
      <xmax>410</xmax>
      <ymax>545</ymax>
    </bndbox>
    <confidence>0.930102</confidence>
  </object>
  <object>
    <name>Vehicle</name>
    <bndbox>
      <xmin>374</xmin>
      <ymin>474</ymin>
      <xmax>448</xmax>
      <ymax>538</ymax>
    </bndbox>
    <confidence>0.939736</confidence>
  </object>
  <object>
    <name>Vehicle</name>
    <bndbox>
      <xmin>206</xmin>
      <ymin>496</ymin>
      <xmax>314</xmax>
      <ymax>565</ymax>
    </bndbox>
    <confidence>0.952973</confidence>
  </object>
  <object>
    <name>Vehicle</name>
    <bndbox>
      <xmin>55</xmin>
      <ymin>503</ymin>
      <xmax>186</xmax>
      <ymax>587</ymax>
    </bndbox>
    <confidence>0.961256</confidence>
  </object>
  <object>
    <name>Vehicle</name>
    <bndbox>
      <xmin>941</xmin>
      <ymin>467</ymin>
      <xmax>1156</xmax>
      <ymax>643</ymax>
    </bndbox>
    <confidence>0.969663</confidence>
  </object>
</annotation>
