<annotation>
  <folder>runs\detect\exp2</folder>
  <filename>1_20200615_112419_001350.jpg</filename>
  <source>
    <database>Unknown</database>
  </source>
  <size>
    <width>1920</width>
    <height>1080</height>
    <depth>3</depth>
  </size>
  <segmented>0</segmented>
  <object>
    <name>TrafficLight</name>
    <bndbox>
      <xmin>1055</xmin>
      <ymin>341</ymin>
      <xmax>1106</xmax>
      <ymax>355</ymax>
    </bndbox>
    <confidence>0.807494</confidence>
  </object>
  <object>
    <name>TrafficLight</name>
    <bndbox>
      <xmin>1170</xmin>
      <ymin>236</ymin>
      <xmax>1248</xmax>
      <ymax>258</ymax>
    </bndbox>
    <confidence>0.881384</confidence>
  </object>
  <object>
    <name>TrafficLight</name>
    <bndbox>
      <xmin>954</xmin>
      <ymin>238</ymin>
      <xmax>1032</xmax>
      <ymax>259</ymax>
    </bndbox>
    <confidence>0.888791</confidence>
  </object>
  <object>
    <name>Vehicle</name>
    <bndbox>
      <xmin>703</xmin>
      <ymin>514</ymin>
      <xmax>745</xmax>
      <ymax>551</ymax>
    </bndbox>
    <confidence>0.904573</confidence>
  </object>
  <object>
    <name>TrafficSign</name>
    <bndbox>
      <xmin>1078</xmin>
      <ymin>222</ymin>
      <xmax>1126</xmax>
      <ymax>271</ymax>
    </bndbox>
    <confidence>0.918548</confidence>
  </object>
  <object>
    <name>Vehicle</name>
    <bndbox>
      <xmin>871</xmin>
      <ymin>494</ymin>
      <xmax>1062</xmax>
      <ymax>646</ymax>
    </bndbox>
    <confidence>0.967857</confidence>
  </object>
</annotation>
