<annotation>
  <folder>runs\detect\exp39</folder>
  <filename>1_20200615_112419_000750.jpg</filename>
  <source>
    <database>Unknown</database>
  </source>
  <size>
    <width>1920</width>
    <height>1080</height>
    <depth>3</depth>
  </size>
  <segmented>0</segmented>
  <object>
    <name>TrafficSign</name>
    <bndbox>
      <xmin>995</xmin>
      <ymin>332</ymin>
      <xmax>1078</xmax>
      <ymax>365</ymax>
    </bndbox>
    <confidence>0.841099</confidence>
  </object>
  <object>
    <name>Vehicle</name>
    <bndbox>
      <xmin>1</xmin>
      <ymin>511</ymin>
      <xmax>47</xmax>
      <ymax>634</ymax>
    </bndbox>
    <confidence>0.908046</confidence>
  </object>
  <object>
    <name>Vehicle</name>
    <bndbox>
      <xmin>236</xmin>
      <ymin>503</ymin>
      <xmax>293</xmax>
      <ymax>562</ymax>
    </bndbox>
    <confidence>0.925041</confidence>
  </object>
  <object>
    <name>Vehicle</name>
    <bndbox>
      <xmin>175</xmin>
      <ymin>504</ymin>
      <xmax>258</xmax>
      <ymax>569</ymax>
    </bndbox>
    <confidence>0.928964</confidence>
  </object>
  <object>
    <name>Vehicle</name>
    <bndbox>
      <xmin>1332</xmin>
      <ymin>455</ymin>
      <xmax>1444</xmax>
      <ymax>531</ymax>
    </bndbox>
    <confidence>0.93178</confidence>
  </object>
  <object>
    <name>Vehicle</name>
    <bndbox>
      <xmin>111</xmin>
      <ymin>508</ymin>
      <xmax>196</xmax>
      <ymax>582</ymax>
    </bndbox>
    <confidence>0.936123</confidence>
  </object>
  <object>
    <name>Vehicle</name>
    <bndbox>
      <xmin>901</xmin>
      <ymin>470</ymin>
      <xmax>1071</xmax>
      <ymax>608</ymax>
    </bndbox>
    <confidence>0.938342</confidence>
  </object>
  <object>
    <name>Vehicle</name>
    <bndbox>
      <xmin>7</xmin>
      <ymin>495</ymin>
      <xmax>126</xmax>
      <ymax>596</ymax>
    </bndbox>
    <confidence>0.939121</confidence>
  </object>
</annotation>
