<annotation>
  <folder>runs\detect\exp39</folder>
  <filename>1_20200615_112419_005610.jpg</filename>
  <source>
    <database>Unknown</database>
  </source>
  <size>
    <width>1920</width>
    <height>1080</height>
    <depth>3</depth>
  </size>
  <segmented>0</segmented>
  <object>
    <name>Vehicle</name>
    <bndbox>
      <xmin>474</xmin>
      <ymin>493</ymin>
      <xmax>523</xmax>
      <ymax>527</ymax>
    </bndbox>
    <confidence>0.260847</confidence>
  </object>
  <object>
    <name>Pedestrian</name>
    <bndbox>
      <xmin>1036</xmin>
      <ymin>479</ymin>
      <xmax>1048</xmax>
      <ymax>508</ymax>
    </bndbox>
    <confidence>0.397671</confidence>
  </object>
  <object>
    <name>TrafficSign</name>
    <bndbox>
      <xmin>1111</xmin>
      <ymin>452</ymin>
      <xmax>1138</xmax>
      <ymax>478</ymax>
    </bndbox>
    <confidence>0.455959</confidence>
  </object>
  <object>
    <name>Vehicle</name>
    <bndbox>
      <xmin>827</xmin>
      <ymin>488</ymin>
      <xmax>856</xmax>
      <ymax>513</ymax>
    </bndbox>
    <confidence>0.674901</confidence>
  </object>
  <object>
    <name>TrafficSign</name>
    <bndbox>
      <xmin>1046</xmin>
      <ymin>359</ymin>
      <xmax>1072</xmax>
      <ymax>385</ymax>
    </bndbox>
    <confidence>0.72463</confidence>
  </object>
  <object>
    <name>Vehicle</name>
    <bndbox>
      <xmin>717</xmin>
      <ymin>455</ymin>
      <xmax>772</xmax>
      <ymax>528</ymax>
    </bndbox>
    <confidence>0.781596</confidence>
  </object>
  <object>
    <name>Vehicle</name>
    <bndbox>
      <xmin>902</xmin>
      <ymin>492</ymin>
      <xmax>931</xmax>
      <ymax>519</ymax>
    </bndbox>
    <confidence>0.823692</confidence>
  </object>
  <object>
    <name>Vehicle</name>
    <bndbox>
      <xmin>949</xmin>
      <ymin>493</ymin>
      <xmax>989</xmax>
      <ymax>534</ymax>
    </bndbox>
    <confidence>0.882804</confidence>
  </object>
  <object>
    <name>TrafficSign</name>
    <bndbox>
      <xmin>1283</xmin>
      <ymin>337</ymin>
      <xmax>1317</xmax>
      <ymax>372</ymax>
    </bndbox>
    <confidence>0.8892</confidence>
  </object>
  <object>
    <name>Vehicle</name>
    <bndbox>
      <xmin>869</xmin>
      <ymin>497</ymin>
      <xmax>915</xmax>
      <ymax>534</ymax>
    </bndbox>
    <confidence>0.896608</confidence>
  </object>
  <object>
    <name>Vehicle</name>
    <bndbox>
      <xmin>680</xmin>
      <ymin>498</ymin>
      <xmax>737</xmax>
      <ymax>549</ymax>
    </bndbox>
    <confidence>0.900021</confidence>
  </object>
  <object>
    <name>Vehicle</name>
    <bndbox>
      <xmin>962</xmin>
      <ymin>502</ymin>
      <xmax>1031</xmax>
      <ymax>553</ymax>
    </bndbox>
    <confidence>0.927716</confidence>
  </object>
  <object>
    <name>Vehicle</name>
    <bndbox>
      <xmin>1</xmin>
      <ymin>455</ymin>
      <xmax>514</xmax>
      <ymax>820</ymax>
    </bndbox>
    <confidence>0.963743</confidence>
  </object>
</annotation>
