<annotation>
  <folder>runs\detect\exp39</folder>
  <filename>1_20200615_112419_003930.jpg</filename>
  <source>
    <database>Unknown</database>
  </source>
  <size>
    <width>1920</width>
    <height>1080</height>
    <depth>3</depth>
  </size>
  <segmented>0</segmented>
  <object>
    <name>Vehicle</name>
    <bndbox>
      <xmin>555</xmin>
      <ymin>497</ymin>
      <xmax>589</xmax>
      <ymax>522</ymax>
    </bndbox>
    <confidence>0.644512</confidence>
  </object>
  <object>
    <name>Vehicle</name>
    <bndbox>
      <xmin>251</xmin>
      <ymin>500</ymin>
      <xmax>287</xmax>
      <ymax>540</ymax>
    </bndbox>
    <confidence>0.821583</confidence>
  </object>
  <object>
    <name>TrafficSign</name>
    <bndbox>
      <xmin>814</xmin>
      <ymin>270</ymin>
      <xmax>940</xmax>
      <ymax>321</ymax>
    </bndbox>
    <confidence>0.850058</confidence>
  </object>
  <object>
    <name>Vehicle</name>
    <bndbox>
      <xmin>236</xmin>
      <ymin>471</ymin>
      <xmax>605</xmax>
      <ymax>731</ymax>
    </bndbox>
    <confidence>0.967719</confidence>
  </object>
  <object>
    <name>Vehicle</name>
    <bndbox>
      <xmin>784</xmin>
      <ymin>461</ymin>
      <xmax>1022</xmax>
      <ymax>658</ymax>
    </bndbox>
    <confidence>0.968416</confidence>
  </object>
</annotation>
