<annotation>
  <folder>runs\detect\exp39</folder>
  <filename>1_20200615_112419_006690.jpg</filename>
  <source>
    <database>Unknown</database>
  </source>
  <size>
    <width>1920</width>
    <height>1080</height>
    <depth>3</depth>
  </size>
  <segmented>0</segmented>
  <object>
    <name>Vehicle</name>
    <bndbox>
      <xmin>1</xmin>
      <ymin>456</ymin>
      <xmax>77</xmax>
      <ymax>529</ymax>
    </bndbox>
    <confidence>0.841768</confidence>
  </object>
  <object>
    <name>Vehicle</name>
    <bndbox>
      <xmin>850</xmin>
      <ymin>464</ymin>
      <xmax>1086</xmax>
      <ymax>656</ymax>
    </bndbox>
    <confidence>0.969098</confidence>
  </object>
</annotation>
