<annotation>
  <folder>runs\detect\exp2</folder>
  <filename>1_20200615_112419_006270.jpg</filename>
  <source>
    <database>Unknown</database>
  </source>
  <size>
    <width>1920</width>
    <height>1080</height>
    <depth>3</depth>
  </size>
  <segmented>0</segmented>
  <object>
    <name>TrafficLight</name>
    <bndbox>
      <xmin>908</xmin>
      <ymin>337</ymin>
      <xmax>946</xmax>
      <ymax>349</ymax>
    </bndbox>
    <confidence>0.272211</confidence>
  </object>
  <object>
    <name>Vehicle</name>
    <bndbox>
      <xmin>1001</xmin>
      <ymin>429</ymin>
      <xmax>1040</xmax>
      <ymax>454</ymax>
    </bndbox>
    <confidence>0.383784</confidence>
  </object>
  <object>
    <name>TrafficSign</name>
    <bndbox>
      <xmin>796</xmin>
      <ymin>456</ymin>
      <xmax>821</xmax>
      <ymax>481</ymax>
    </bndbox>
    <confidence>0.815588</confidence>
  </object>
  <object>
    <name>Vehicle</name>
    <bndbox>
      <xmin>745</xmin>
      <ymin>602</ymin>
      <xmax>780</xmax>
      <ymax>644</ymax>
    </bndbox>
    <confidence>0.861638</confidence>
  </object>
  <object>
    <name>Vehicle</name>
    <bndbox>
      <xmin>769</xmin>
      <ymin>557</ymin>
      <xmax>922</xmax>
      <ymax>671</ymax>
    </bndbox>
    <confidence>0.963265</confidence>
  </object>
</annotation>
