<annotation>
  <folder>runs\detect\exp39</folder>
  <filename>1_20200615_112419_006720.jpg</filename>
  <source>
    <database>Unknown</database>
  </source>
  <size>
    <width>1920</width>
    <height>1080</height>
    <depth>3</depth>
  </size>
  <segmented>0</segmented>
  <object>
    <name>Vehicle</name>
    <bndbox>
      <xmin>901</xmin>
      <ymin>493</ymin>
      <xmax>944</xmax>
      <ymax>554</ymax>
    </bndbox>
    <confidence>0.468758</confidence>
  </object>
  <object>
    <name>Vehicle</name>
    <bndbox>
      <xmin>459</xmin>
      <ymin>497</ymin>
      <xmax>567</xmax>
      <ymax>522</ymax>
    </bndbox>
    <confidence>0.712732</confidence>
  </object>
  <object>
    <name>Vehicle</name>
    <bndbox>
      <xmin>893</xmin>
      <ymin>470</ymin>
      <xmax>1177</xmax>
      <ymax>700</ymax>
    </bndbox>
    <confidence>0.961515</confidence>
  </object>
</annotation>
