<annotation>
  <folder>runs\detect\exp2</folder>
  <filename>1_20200615_112419_005790.jpg</filename>
  <source>
    <database>Unknown</database>
  </source>
  <size>
    <width>1920</width>
    <height>1080</height>
    <depth>3</depth>
  </size>
  <segmented>0</segmented>
  <object>
    <name>Pedestrian</name>
    <bndbox>
      <xmin>81</xmin>
      <ymin>453</ymin>
      <xmax>94</xmax>
      <ymax>486</ymax>
    </bndbox>
    <confidence>0.493615</confidence>
  </object>
  <object>
    <name>Vehicle</name>
    <bndbox>
      <xmin>57</xmin>
      <ymin>421</ymin>
      <xmax>83</xmax>
      <ymax>453</ymax>
    </bndbox>
    <confidence>0.513363</confidence>
  </object>
  <object>
    <name>TrafficSign</name>
    <bndbox>
      <xmin>1019</xmin>
      <ymin>439</ymin>
      <xmax>1051</xmax>
      <ymax>471</ymax>
    </bndbox>
    <confidence>0.601979</confidence>
  </object>
  <object>
    <name>Vehicle</name>
    <bndbox>
      <xmin>418</xmin>
      <ymin>396</ymin>
      <xmax>447</xmax>
      <ymax>426</ymax>
    </bndbox>
    <confidence>0.660167</confidence>
  </object>
  <object>
    <name>TrafficSign</name>
    <bndbox>
      <xmin>790</xmin>
      <ymin>202</ymin>
      <xmax>934</xmax>
      <ymax>262</ymax>
    </bndbox>
    <confidence>0.715649</confidence>
  </object>
  <object>
    <name>Pedestrian</name>
    <bndbox>
      <xmin>1325</xmin>
      <ymin>378</ymin>
      <xmax>1371</xmax>
      <ymax>488</ymax>
    </bndbox>
    <confidence>0.82028</confidence>
  </object>
  <object>
    <name>Vehicle</name>
    <bndbox>
      <xmin>434</xmin>
      <ymin>405</ymin>
      <xmax>470</xmax>
      <ymax>435</ymax>
    </bndbox>
    <confidence>0.831531</confidence>
  </object>
  <object>
    <name>TrafficSign</name>
    <bndbox>
      <xmin>1020</xmin>
      <ymin>322</ymin>
      <xmax>1048</xmax>
      <ymax>352</ymax>
    </bndbox>
    <confidence>0.86112</confidence>
  </object>
  <object>
    <name>Vehicle</name>
    <bndbox>
      <xmin>379</xmin>
      <ymin>424</ymin>
      <xmax>422</xmax>
      <ymax>453</ymax>
    </bndbox>
    <confidence>0.861916</confidence>
  </object>
  <object>
    <name>TrafficSign</name>
    <bndbox>
      <xmin>1020</xmin>
      <ymin>352</ymin>
      <xmax>1049</xmax>
      <ymax>379</ymax>
    </bndbox>
    <confidence>0.878406</confidence>
  </object>
  <object>
    <name>Vehicle</name>
    <bndbox>
      <xmin>611</xmin>
      <ymin>420</ymin>
      <xmax>650</xmax>
      <ymax>450</ymax>
    </bndbox>
    <confidence>0.881381</confidence>
  </object>
  <object>
    <name>TrafficSign</name>
    <bndbox>
      <xmin>1015</xmin>
      <ymin>266</ymin>
      <xmax>1045</xmax>
      <ymax>295</ymax>
    </bndbox>
    <confidence>0.886422</confidence>
  </object>
  <object>
    <name>TrafficSign</name>
    <bndbox>
      <xmin>1018</xmin>
      <ymin>294</ymin>
      <xmax>1047</xmax>
      <ymax>323</ymax>
    </bndbox>
    <confidence>0.890615</confidence>
  </object>
  <object>
    <name>Vehicle</name>
    <bndbox>
      <xmin>451</xmin>
      <ymin>419</ymin>
      <xmax>494</xmax>
      <ymax>453</ymax>
    </bndbox>
    <confidence>0.902115</confidence>
  </object>
  <object>
    <name>Vehicle</name>
    <bndbox>
      <xmin>484</xmin>
      <ymin>444</ymin>
      <xmax>537</xmax>
      <ymax>484</ymax>
    </bndbox>
    <confidence>0.902422</confidence>
  </object>
  <object>
    <name>Vehicle</name>
    <bndbox>
      <xmin>542</xmin>
      <ymin>439</ymin>
      <xmax>594</xmax>
      <ymax>476</ymax>
    </bndbox>
    <confidence>0.913648</confidence>
  </object>
  <object>
    <name>Vehicle</name>
    <bndbox>
      <xmin>661</xmin>
      <ymin>441</ymin>
      <xmax>732</xmax>
      <ymax>503</ymax>
    </bndbox>
    <confidence>0.932462</confidence>
  </object>
  <object>
    <name>Vehicle</name>
    <bndbox>
      <xmin>1</xmin>
      <ymin>421</ymin>
      <xmax>97</xmax>
      <ymax>584</ymax>
    </bndbox>
    <confidence>0.940906</confidence>
  </object>
  <object>
    <name>Vehicle</name>
    <bndbox>
      <xmin>734</xmin>
      <ymin>436</ymin>
      <xmax>851</xmax>
      <ymax>521</ymax>
    </bndbox>
    <confidence>0.957152</confidence>
  </object>
</annotation>
