<annotation>
  <folder>runs\detect\exp39</folder>
  <filename>1_20200615_112419_005010.jpg</filename>
  <source>
    <database>Unknown</database>
  </source>
  <size>
    <width>1920</width>
    <height>1080</height>
    <depth>3</depth>
  </size>
  <segmented>0</segmented>
  <object>
    <name>Vehicle</name>
    <bndbox>
      <xmin>765</xmin>
      <ymin>515</ymin>
      <xmax>799</xmax>
      <ymax>551</ymax>
    </bndbox>
    <confidence>0.295235</confidence>
  </object>
  <object>
    <name>Vehicle</name>
    <bndbox>
      <xmin>1012</xmin>
      <ymin>520</ymin>
      <xmax>1041</xmax>
      <ymax>554</ymax>
    </bndbox>
    <confidence>0.488041</confidence>
  </object>
  <object>
    <name>Vehicle</name>
    <bndbox>
      <xmin>476</xmin>
      <ymin>473</ymin>
      <xmax>538</xmax>
      <ymax>574</ymax>
    </bndbox>
    <confidence>0.813909</confidence>
  </object>
  <object>
    <name>Vehicle</name>
    <bndbox>
      <xmin>751</xmin>
      <ymin>520</ymin>
      <xmax>787</xmax>
      <ymax>555</ymax>
    </bndbox>
    <confidence>0.846583</confidence>
  </object>
  <object>
    <name>Vehicle</name>
    <bndbox>
      <xmin>709</xmin>
      <ymin>518</ymin>
      <xmax>759</xmax>
      <ymax>558</ymax>
    </bndbox>
    <confidence>0.896818</confidence>
  </object>
  <object>
    <name>Vehicle</name>
    <bndbox>
      <xmin>638</xmin>
      <ymin>509</ymin>
      <xmax>707</xmax>
      <ymax>566</ymax>
    </bndbox>
    <confidence>0.897559</confidence>
  </object>
  <object>
    <name>Vehicle</name>
    <bndbox>
      <xmin>521</xmin>
      <ymin>469</ymin>
      <xmax>620</xmax>
      <ymax>577</ymax>
    </bndbox>
    <confidence>0.940289</confidence>
  </object>
  <object>
    <name>Vehicle</name>
    <bndbox>
      <xmin>1</xmin>
      <ymin>513</ymin>
      <xmax>85</xmax>
      <ymax>666</ymax>
    </bndbox>
    <confidence>0.951322</confidence>
  </object>
  <object>
    <name>Vehicle</name>
    <bndbox>
      <xmin>349</xmin>
      <ymin>486</ymin>
      <xmax>492</xmax>
      <ymax>602</ymax>
    </bndbox>
    <confidence>0.959498</confidence>
  </object>
  <object>
    <name>Vehicle</name>
    <bndbox>
      <xmin>779</xmin>
      <ymin>474</ymin>
      <xmax>1029</xmax>
      <ymax>674</ymax>
    </bndbox>
    <confidence>0.961661</confidence>
  </object>
</annotation>
