<annotation>
  <folder>runs\detect\exp2</folder>
  <filename>1_20200615_112419_002850.jpg</filename>
  <source>
    <database>Unknown</database>
  </source>
  <size>
    <width>1920</width>
    <height>1080</height>
    <depth>3</depth>
  </size>
  <segmented>0</segmented>
  <object>
    <name>Vehicle</name>
    <bndbox>
      <xmin>443</xmin>
      <ymin>534</ymin>
      <xmax>479</xmax>
      <ymax>562</ymax>
    </bndbox>
    <confidence>0.842606</confidence>
  </object>
  <object>
    <name>Vehicle</name>
    <bndbox>
      <xmin>371</xmin>
      <ymin>528</ymin>
      <xmax>422</xmax>
      <ymax>582</ymax>
    </bndbox>
    <confidence>0.910758</confidence>
  </object>
  <object>
    <name>Vehicle</name>
    <bndbox>
      <xmin>656</xmin>
      <ymin>531</ymin>
      <xmax>718</xmax>
      <ymax>580</ymax>
    </bndbox>
    <confidence>0.925588</confidence>
  </object>
  <object>
    <name>Vehicle</name>
    <bndbox>
      <xmin>241</xmin>
      <ymin>453</ymin>
      <xmax>377</xmax>
      <ymax>608</ymax>
    </bndbox>
    <confidence>0.941732</confidence>
  </object>
  <object>
    <name>Vehicle</name>
    <bndbox>
      <xmin>810</xmin>
      <ymin>516</ymin>
      <xmax>1001</xmax>
      <ymax>670</ymax>
    </bndbox>
    <confidence>0.966601</confidence>
  </object>
</annotation>
