<annotation>
  <folder>runs\detect\exp39</folder>
  <filename>1_20200615_112419_000150.jpg</filename>
  <source>
    <database>Unknown</database>
  </source>
  <size>
    <width>1920</width>
    <height>1080</height>
    <depth>3</depth>
  </size>
  <segmented>0</segmented>
  <object>
    <name>Vehicle</name>
    <bndbox>
      <xmin>595</xmin>
      <ymin>521</ymin>
      <xmax>625</xmax>
      <ymax>555</ymax>
    </bndbox>
    <confidence>0.759955</confidence>
  </object>
  <object>
    <name>Vehicle</name>
    <bndbox>
      <xmin>693</xmin>
      <ymin>520</ymin>
      <xmax>729</xmax>
      <ymax>547</ymax>
    </bndbox>
    <confidence>0.84379</confidence>
  </object>
  <object>
    <name>Vehicle</name>
    <bndbox>
      <xmin>620</xmin>
      <ymin>509</ymin>
      <xmax>665</xmax>
      <ymax>556</ymax>
    </bndbox>
    <confidence>0.865927</confidence>
  </object>
  <object>
    <name>Vehicle</name>
    <bndbox>
      <xmin>1050</xmin>
      <ymin>413</ymin>
      <xmax>1120</xmax>
      <ymax>596</ymax>
    </bndbox>
    <confidence>0.871445</confidence>
  </object>
  <object>
    <name>Vehicle</name>
    <bndbox>
      <xmin>1</xmin>
      <ymin>528</ymin>
      <xmax>41</xmax>
      <ymax>640</ymax>
    </bndbox>
    <confidence>0.916104</confidence>
  </object>
  <object>
    <name>Vehicle</name>
    <bndbox>
      <xmin>525</xmin>
      <ymin>523</ymin>
      <xmax>576</xmax>
      <ymax>568</ymax>
    </bndbox>
    <confidence>0.924843</confidence>
  </object>
  <object>
    <name>Vehicle</name>
    <bndbox>
      <xmin>163</xmin>
      <ymin>527</ymin>
      <xmax>280</xmax>
      <ymax>611</ymax>
    </bndbox>
    <confidence>0.949429</confidence>
  </object>
  <object>
    <name>Vehicle</name>
    <bndbox>
      <xmin>249</xmin>
      <ymin>444</ymin>
      <xmax>419</xmax>
      <ymax>595</ymax>
    </bndbox>
    <confidence>0.952031</confidence>
  </object>
  <object>
    <name>Vehicle</name>
    <bndbox>
      <xmin>20</xmin>
      <ymin>511</ymin>
      <xmax>167</xmax>
      <ymax>624</ymax>
    </bndbox>
    <confidence>0.952952</confidence>
  </object>
  <object>
    <name>Vehicle</name>
    <bndbox>
      <xmin>1097</xmin>
      <ymin>345</ymin>
      <xmax>1412</xmax>
      <ymax>634</ymax>
    </bndbox>
    <confidence>0.961953</confidence>
  </object>
  <object>
    <name>Vehicle</name>
    <bndbox>
      <xmin>784</xmin>
      <ymin>486</ymin>
      <xmax>1060</xmax>
      <ymax>714</ymax>
    </bndbox>
    <confidence>0.965583</confidence>
  </object>
</annotation>
