<annotation>
  <folder>runs\detect\exp39</folder>
  <filename>1_20200615_112419_005580.jpg</filename>
  <source>
    <database>Unknown</database>
  </source>
  <size>
    <width>1920</width>
    <height>1080</height>
    <depth>3</depth>
  </size>
  <segmented>0</segmented>
  <object>
    <name>Vehicle</name>
    <bndbox>
      <xmin>685</xmin>
      <ymin>495</ymin>
      <xmax>720</xmax>
      <ymax>521</ymax>
    </bndbox>
    <confidence>0.578638</confidence>
  </object>
  <object>
    <name>Vehicle</name>
    <bndbox>
      <xmin>827</xmin>
      <ymin>495</ymin>
      <xmax>859</xmax>
      <ymax>521</ymax>
    </bndbox>
    <confidence>0.704468</confidence>
  </object>
  <object>
    <name>Vehicle</name>
    <bndbox>
      <xmin>911</xmin>
      <ymin>501</ymin>
      <xmax>940</xmax>
      <ymax>528</ymax>
    </bndbox>
    <confidence>0.750384</confidence>
  </object>
  <object>
    <name>Vehicle</name>
    <bndbox>
      <xmin>716</xmin>
      <ymin>464</ymin>
      <xmax>765</xmax>
      <ymax>515</ymax>
    </bndbox>
    <confidence>0.786176</confidence>
  </object>
  <object>
    <name>Vehicle</name>
    <bndbox>
      <xmin>937</xmin>
      <ymin>501</ymin>
      <xmax>975</xmax>
      <ymax>538</ymax>
    </bndbox>
    <confidence>0.818995</confidence>
  </object>
  <object>
    <name>TrafficSign</name>
    <bndbox>
      <xmin>1206</xmin>
      <ymin>373</ymin>
      <xmax>1233</xmax>
      <ymax>401</ymax>
    </bndbox>
    <confidence>0.83732</confidence>
  </object>
  <object>
    <name>Vehicle</name>
    <bndbox>
      <xmin>722</xmin>
      <ymin>501</ymin>
      <xmax>767</xmax>
      <ymax>539</ymax>
    </bndbox>
    <confidence>0.867645</confidence>
  </object>
  <object>
    <name>Vehicle</name>
    <bndbox>
      <xmin>869</xmin>
      <ymin>504</ymin>
      <xmax>915</xmax>
      <ymax>541</ymax>
    </bndbox>
    <confidence>0.902707</confidence>
  </object>
  <object>
    <name>Vehicle</name>
    <bndbox>
      <xmin>944</xmin>
      <ymin>506</ymin>
      <xmax>1008</xmax>
      <ymax>555</ymax>
    </bndbox>
    <confidence>0.92585</confidence>
  </object>
  <object>
    <name>Vehicle</name>
    <bndbox>
      <xmin>244</xmin>
      <ymin>471</ymin>
      <xmax>616</xmax>
      <ymax>746</ymax>
    </bndbox>
    <confidence>0.96054</confidence>
  </object>
</annotation>
