<annotation>
  <folder>runs\detect\exp39</folder>
  <filename>1_20200615_112419_007170.jpg</filename>
  <source>
    <database>Unknown</database>
  </source>
  <size>
    <width>1920</width>
    <height>1080</height>
    <depth>3</depth>
  </size>
  <segmented>0</segmented>
  <object>
    <name>Vehicle</name>
    <bndbox>
      <xmin>1044</xmin>
      <ymin>474</ymin>
      <xmax>1072</xmax>
      <ymax>503</ymax>
    </bndbox>
    <confidence>0.43143</confidence>
  </object>
  <object>
    <name>Vehicle</name>
    <bndbox>
      <xmin>1077</xmin>
      <ymin>454</ymin>
      <xmax>1104</xmax>
      <ymax>486</ymax>
    </bndbox>
    <confidence>0.658786</confidence>
  </object>
  <object>
    <name>Vehicle</name>
    <bndbox>
      <xmin>1031</xmin>
      <ymin>482</ymin>
      <xmax>1062</xmax>
      <ymax>508</ymax>
    </bndbox>
    <confidence>0.77221</confidence>
  </object>
  <object>
    <name>Vehicle</name>
    <bndbox>
      <xmin>1138</xmin>
      <ymin>480</ymin>
      <xmax>1273</xmax>
      <ymax>587</ymax>
    </bndbox>
    <confidence>0.959574</confidence>
  </object>
  <object>
    <name>Vehicle</name>
    <bndbox>
      <xmin>858</xmin>
      <ymin>483</ymin>
      <xmax>1063</xmax>
      <ymax>636</ymax>
    </bndbox>
    <confidence>0.963895</confidence>
  </object>
  <object>
    <name>Vehicle</name>
    <bndbox>
      <xmin>1443</xmin>
      <ymin>421</ymin>
      <xmax>1837</xmax>
      <ymax>752</ymax>
    </bndbox>
    <confidence>0.965551</confidence>
  </object>
</annotation>
