<annotation>
  <folder>runs\detect\exp2</folder>
  <filename>1_20200615_112419_002970.jpg</filename>
  <source>
    <database>Unknown</database>
  </source>
  <size>
    <width>1920</width>
    <height>1080</height>
    <depth>3</depth>
  </size>
  <segmented>0</segmented>
  <object>
    <name>Vehicle</name>
    <bndbox>
      <xmin>566</xmin>
      <ymin>533</ymin>
      <xmax>596</xmax>
      <ymax>568</ymax>
    </bndbox>
    <confidence>0.299903</confidence>
  </object>
  <object>
    <name>Vehicle</name>
    <bndbox>
      <xmin>497</xmin>
      <ymin>542</ymin>
      <xmax>533</xmax>
      <ymax>572</ymax>
    </bndbox>
    <confidence>0.379613</confidence>
  </object>
  <object>
    <name>Vehicle</name>
    <bndbox>
      <xmin>308</xmin>
      <ymin>553</ymin>
      <xmax>341</xmax>
      <ymax>580</ymax>
    </bndbox>
    <confidence>0.826106</confidence>
  </object>
  <object>
    <name>Vehicle</name>
    <bndbox>
      <xmin>571</xmin>
      <ymin>541</ymin>
      <xmax>619</xmax>
      <ymax>578</ymax>
    </bndbox>
    <confidence>0.902025</confidence>
  </object>
  <object>
    <name>Vehicle</name>
    <bndbox>
      <xmin>340</xmin>
      <ymin>528</ymin>
      <xmax>406</xmax>
      <ymax>601</ymax>
    </bndbox>
    <confidence>0.927406</confidence>
  </object>
  <object>
    <name>Vehicle</name>
    <bndbox>
      <xmin>2</xmin>
      <ymin>551</ymin>
      <xmax>111</xmax>
      <ymax>685</ymax>
    </bndbox>
    <confidence>0.955785</confidence>
  </object>
  <object>
    <name>Vehicle</name>
    <bndbox>
      <xmin>785</xmin>
      <ymin>515</ymin>
      <xmax>944</xmax>
      <ymax>640</ymax>
    </bndbox>
    <confidence>0.962966</confidence>
  </object>
</annotation>
