<annotation>
  <folder>runs\detect\exp2</folder>
  <filename>1_20200615_112419_006540.jpg</filename>
  <source>
    <database>Unknown</database>
  </source>
  <size>
    <width>1920</width>
    <height>1080</height>
    <depth>3</depth>
  </size>
  <segmented>0</segmented>
  <object>
    <name>Vehicle</name>
    <bndbox>
      <xmin>958</xmin>
      <ymin>380</ymin>
      <xmax>1019</xmax>
      <ymax>418</ymax>
    </bndbox>
    <confidence>0.295904</confidence>
  </object>
  <object>
    <name>Vehicle</name>
    <bndbox>
      <xmin>920</xmin>
      <ymin>326</ymin>
      <xmax>953</xmax>
      <ymax>356</ymax>
    </bndbox>
    <confidence>0.753794</confidence>
  </object>
  <object>
    <name>Vehicle</name>
    <bndbox>
      <xmin>962</xmin>
      <ymin>342</ymin>
      <xmax>1010</xmax>
      <ymax>380</ymax>
    </bndbox>
    <confidence>0.822255</confidence>
  </object>
  <object>
    <name>Vehicle</name>
    <bndbox>
      <xmin>759</xmin>
      <ymin>348</ymin>
      <xmax>802</xmax>
      <ymax>389</ymax>
    </bndbox>
    <confidence>0.851491</confidence>
  </object>
  <object>
    <name>Vehicle</name>
    <bndbox>
      <xmin>898</xmin>
      <ymin>341</ymin>
      <xmax>942</xmax>
      <ymax>374</ymax>
    </bndbox>
    <confidence>0.894049</confidence>
  </object>
  <object>
    <name>Vehicle</name>
    <bndbox>
      <xmin>958</xmin>
      <ymin>421</ymin>
      <xmax>1049</xmax>
      <ymax>499</ymax>
    </bndbox>
    <confidence>0.937321</confidence>
  </object>
  <object>
    <name>Vehicle</name>
    <bndbox>
      <xmin>845</xmin>
      <ymin>436</ymin>
      <xmax>1016</xmax>
      <ymax>572</ymax>
    </bndbox>
    <confidence>0.960019</confidence>
  </object>
</annotation>
