<annotation>
  <folder>runs\detect\exp39</folder>
  <filename>1_20200615_112419_000240.jpg</filename>
  <source>
    <database>Unknown</database>
  </source>
  <size>
    <width>1920</width>
    <height>1080</height>
    <depth>3</depth>
  </size>
  <segmented>0</segmented>
  <object>
    <name>Vehicle</name>
    <bndbox>
      <xmin>1004</xmin>
      <ymin>503</ymin>
      <xmax>1032</xmax>
      <ymax>530</ymax>
    </bndbox>
    <confidence>0.764616</confidence>
  </object>
  <object>
    <name>Vehicle</name>
    <bndbox>
      <xmin>720</xmin>
      <ymin>498</ymin>
      <xmax>798</xmax>
      <ymax>570</ymax>
    </bndbox>
    <confidence>0.916437</confidence>
  </object>
  <object>
    <name>Vehicle</name>
    <bndbox>
      <xmin>843</xmin>
      <ymin>517</ymin>
      <xmax>896</xmax>
      <ymax>556</ymax>
    </bndbox>
    <confidence>0.918942</confidence>
  </object>
  <object>
    <name>Vehicle</name>
    <bndbox>
      <xmin>609</xmin>
      <ymin>520</ymin>
      <xmax>673</xmax>
      <ymax>574</ymax>
    </bndbox>
    <confidence>0.93231</confidence>
  </object>
  <object>
    <name>Vehicle</name>
    <bndbox>
      <xmin>1573</xmin>
      <ymin>130</ymin>
      <xmax>1921</xmax>
      <ymax>754</ymax>
    </bndbox>
    <confidence>0.944287</confidence>
  </object>
  <object>
    <name>Vehicle</name>
    <bndbox>
      <xmin>530</xmin>
      <ymin>521</ymin>
      <xmax>623</xmax>
      <ymax>596</ymax>
    </bndbox>
    <confidence>0.948237</confidence>
  </object>
  <object>
    <name>Vehicle</name>
    <bndbox>
      <xmin>1412</xmin>
      <ymin>334</ymin>
      <xmax>1608</xmax>
      <ymax>635</ymax>
    </bndbox>
    <confidence>0.949765</confidence>
  </object>
  <object>
    <name>Vehicle</name>
    <bndbox>
      <xmin>186</xmin>
      <ymin>405</ymin>
      <xmax>463</xmax>
      <ymax>627</ymax>
    </bndbox>
    <confidence>0.953456</confidence>
  </object>
  <object>
    <name>Vehicle</name>
    <bndbox>
      <xmin>22</xmin>
      <ymin>525</ymin>
      <xmax>246</xmax>
      <ymax>657</ymax>
    </bndbox>
    <confidence>0.962742</confidence>
  </object>
  <object>
    <name>Vehicle</name>
    <bndbox>
      <xmin>1042</xmin>
      <ymin>483</ymin>
      <xmax>1256</xmax>
      <ymax>651</ymax>
    </bndbox>
    <confidence>0.966596</confidence>
  </object>
</annotation>
