<annotation>
  <folder>runs\detect\exp39</folder>
  <filename>1_20200615_112419_000960.jpg</filename>
  <source>
    <database>Unknown</database>
  </source>
  <size>
    <width>1920</width>
    <height>1080</height>
    <depth>3</depth>
  </size>
  <segmented>0</segmented>
  <object>
    <name>TrafficSign</name>
    <bndbox>
      <xmin>1055</xmin>
      <ymin>103</ymin>
      <xmax>1122</xmax>
      <ymax>199</ymax>
    </bndbox>
    <confidence>0.827243</confidence>
  </object>
  <object>
    <name>TrafficSign</name>
    <bndbox>
      <xmin>1053</xmin>
      <ymin>99</ymin>
      <xmax>1312</xmax>
      <ymax>199</ymax>
    </bndbox>
    <confidence>0.867498</confidence>
  </object>
  <object>
    <name>Vehicle</name>
    <bndbox>
      <xmin>904</xmin>
      <ymin>511</ymin>
      <xmax>1058</xmax>
      <ymax>639</ymax>
    </bndbox>
    <confidence>0.958679</confidence>
  </object>
</annotation>
