<annotation>
  <folder>runs\detect\exp39</folder>
  <filename>1_20200615_112419_001290.jpg</filename>
  <source>
    <database>Unknown</database>
  </source>
  <size>
    <width>1920</width>
    <height>1080</height>
    <depth>3</depth>
  </size>
  <segmented>0</segmented>
  <object>
    <name>TrafficLight</name>
    <bndbox>
      <xmin>1029</xmin>
      <ymin>336</ymin>
      <xmax>1072</xmax>
      <ymax>349</ymax>
    </bndbox>
    <confidence>0.679535</confidence>
  </object>
  <object>
    <name>TrafficLight</name>
    <bndbox>
      <xmin>943</xmin>
      <ymin>262</ymin>
      <xmax>1007</xmax>
      <ymax>280</ymax>
    </bndbox>
    <confidence>0.849966</confidence>
  </object>
  <object>
    <name>TrafficLight</name>
    <bndbox>
      <xmin>1116</xmin>
      <ymin>263</ymin>
      <xmax>1179</xmax>
      <ymax>280</ymax>
    </bndbox>
    <confidence>0.855898</confidence>
  </object>
  <object>
    <name>Vehicle</name>
    <bndbox>
      <xmin>702</xmin>
      <ymin>483</ymin>
      <xmax>737</xmax>
      <ymax>511</ymax>
    </bndbox>
    <confidence>0.880813</confidence>
  </object>
  <object>
    <name>TrafficSign</name>
    <bndbox>
      <xmin>1043</xmin>
      <ymin>251</ymin>
      <xmax>1082</xmax>
      <ymax>290</ymax>
    </bndbox>
    <confidence>0.906492</confidence>
  </object>
  <object>
    <name>Vehicle</name>
    <bndbox>
      <xmin>872</xmin>
      <ymin>461</ymin>
      <xmax>1061</xmax>
      <ymax>612</ymax>
    </bndbox>
    <confidence>0.962405</confidence>
  </object>
</annotation>
