<annotation>
  <folder>runs\detect\exp39</folder>
  <filename>1_20200615_112419_006780.jpg</filename>
  <source>
    <database>Unknown</database>
  </source>
  <size>
    <width>1920</width>
    <height>1080</height>
    <depth>3</depth>
  </size>
  <segmented>0</segmented>
  <object>
    <name>Vehicle</name>
    <bndbox>
      <xmin>1220</xmin>
      <ymin>546</ymin>
      <xmax>1297</xmax>
      <ymax>646</ymax>
    </bndbox>
    <confidence>0.918909</confidence>
  </object>
  <object>
    <name>Vehicle</name>
    <bndbox>
      <xmin>1066</xmin>
      <ymin>542</ymin>
      <xmax>1215</xmax>
      <ymax>652</ymax>
    </bndbox>
    <confidence>0.953074</confidence>
  </object>
  <object>
    <name>Vehicle</name>
    <bndbox>
      <xmin>1248</xmin>
      <ymin>461</ymin>
      <xmax>1715</xmax>
      <ymax>822</ymax>
    </bndbox>
    <confidence>0.971792</confidence>
  </object>
</annotation>
