<annotation>
  <folder>runs\detect\exp2</folder>
  <filename>1_20200615_112419_008010.jpg</filename>
  <source>
    <database>Unknown</database>
  </source>
  <size>
    <width>1920</width>
    <height>1080</height>
    <depth>3</depth>
  </size>
  <segmented>0</segmented>
  <object>
    <name>Vehicle</name>
    <bndbox>
      <xmin>1337</xmin>
      <ymin>484</ymin>
      <xmax>1362</xmax>
      <ymax>524</ymax>
    </bndbox>
    <confidence>0.389491</confidence>
  </object>
  <object>
    <name>Vehicle</name>
    <bndbox>
      <xmin>1296</xmin>
      <ymin>492</ymin>
      <xmax>1330</xmax>
      <ymax>522</ymax>
    </bndbox>
    <confidence>0.88199</confidence>
  </object>
  <object>
    <name>Vehicle</name>
    <bndbox>
      <xmin>1258</xmin>
      <ymin>496</ymin>
      <xmax>1292</xmax>
      <ymax>524</ymax>
    </bndbox>
    <confidence>0.888924</confidence>
  </object>
  <object>
    <name>Vehicle</name>
    <bndbox>
      <xmin>1481</xmin>
      <ymin>485</ymin>
      <xmax>1861</xmax>
      <ymax>738</ymax>
    </bndbox>
    <confidence>0.970419</confidence>
  </object>
</annotation>
