<annotation>
  <folder>runs\detect\exp2</folder>
  <filename>1_20200615_112419_006180.jpg</filename>
  <source>
    <database>Unknown</database>
  </source>
  <size>
    <width>1920</width>
    <height>1080</height>
    <depth>3</depth>
  </size>
  <segmented>0</segmented>
  <object>
    <name>TrafficSign</name>
    <bndbox>
      <xmin>695</xmin>
      <ymin>456</ymin>
      <xmax>720</xmax>
      <ymax>484</ymax>
    </bndbox>
    <confidence>0.263023</confidence>
  </object>
  <object>
    <name>Vehicle</name>
    <bndbox>
      <xmin>589</xmin>
      <ymin>634</ymin>
      <xmax>619</xmax>
      <ymax>671</ymax>
    </bndbox>
    <confidence>0.311842</confidence>
  </object>
  <object>
    <name>Vehicle</name>
    <bndbox>
      <xmin>680</xmin>
      <ymin>574</ymin>
      <xmax>718</xmax>
      <ymax>662</ymax>
    </bndbox>
    <confidence>0.532307</confidence>
  </object>
  <object>
    <name>Vehicle</name>
    <bndbox>
      <xmin>550</xmin>
      <ymin>645</ymin>
      <xmax>613</xmax>
      <ymax>674</ymax>
    </bndbox>
    <confidence>0.828919</confidence>
  </object>
  <object>
    <name>TrafficSign</name>
    <bndbox>
      <xmin>1</xmin>
      <ymin>43</ymin>
      <xmax>103</xmax>
      <ymax>138</ymax>
    </bndbox>
    <confidence>0.941566</confidence>
  </object>
  <object>
    <name>Vehicle</name>
    <bndbox>
      <xmin>685</xmin>
      <ymin>544</ymin>
      <xmax>907</xmax>
      <ymax>711</ymax>
    </bndbox>
    <confidence>0.972925</confidence>
  </object>
</annotation>
