<annotation>
  <folder>runs\detect\exp39</folder>
  <filename>1_20200615_112419_003750.jpg</filename>
  <source>
    <database>Unknown</database>
  </source>
  <size>
    <width>1920</width>
    <height>1080</height>
    <depth>3</depth>
  </size>
  <segmented>0</segmented>
  <object>
    <name>TrafficSign</name>
    <bndbox>
      <xmin>532</xmin>
      <ymin>440</ymin>
      <xmax>589</xmax>
      <ymax>466</ymax>
    </bndbox>
    <confidence>0.736539</confidence>
  </object>
  <object>
    <name>Vehicle</name>
    <bndbox>
      <xmin>210</xmin>
      <ymin>547</ymin>
      <xmax>247</xmax>
      <ymax>582</ymax>
    </bndbox>
    <confidence>0.82095</confidence>
  </object>
  <object>
    <name>Vehicle</name>
    <bndbox>
      <xmin>170</xmin>
      <ymin>553</ymin>
      <xmax>222</xmax>
      <ymax>589</ymax>
    </bndbox>
    <confidence>0.858541</confidence>
  </object>
  <object>
    <name>Vehicle</name>
    <bndbox>
      <xmin>781</xmin>
      <ymin>514</ymin>
      <xmax>967</xmax>
      <ymax>661</ymax>
    </bndbox>
    <confidence>0.963119</confidence>
  </object>
</annotation>
