<annotation>
  <folder>runs\detect\exp39</folder>
  <filename>1_20200615_112419_003420.jpg</filename>
  <source>
    <database>Unknown</database>
  </source>
  <size>
    <width>1920</width>
    <height>1080</height>
    <depth>3</depth>
  </size>
  <segmented>0</segmented>
  <object>
    <name>Vehicle</name>
    <bndbox>
      <xmin>734</xmin>
      <ymin>519</ymin>
      <xmax>851</xmax>
      <ymax>608</ymax>
    </bndbox>
    <confidence>0.797305</confidence>
  </object>
  <object>
    <name>TrafficSign</name>
    <bndbox>
      <xmin>794</xmin>
      <ymin>356</ymin>
      <xmax>824</xmax>
      <ymax>386</ymax>
    </bndbox>
    <confidence>0.893494</confidence>
  </object>
  <object>
    <name>Vehicle</name>
    <bndbox>
      <xmin>1017</xmin>
      <ymin>524</ymin>
      <xmax>1056</xmax>
      <ymax>582</ymax>
    </bndbox>
    <confidence>0.902815</confidence>
  </object>
  <object>
    <name>Vehicle</name>
    <bndbox>
      <xmin>1043</xmin>
      <ymin>506</ymin>
      <xmax>1137</xmax>
      <ymax>585</ymax>
    </bndbox>
    <confidence>0.930189</confidence>
  </object>
  <object>
    <name>Vehicle</name>
    <bndbox>
      <xmin>1242</xmin>
      <ymin>514</ymin>
      <xmax>1359</xmax>
      <ymax>609</ymax>
    </bndbox>
    <confidence>0.951154</confidence>
  </object>
  <object>
    <name>Vehicle</name>
    <bndbox>
      <xmin>1317</xmin>
      <ymin>513</ymin>
      <xmax>1472</xmax>
      <ymax>624</ymax>
    </bndbox>
    <confidence>0.958979</confidence>
  </object>
  <object>
    <name>Vehicle</name>
    <bndbox>
      <xmin>1444</xmin>
      <ymin>506</ymin>
      <xmax>1624</xmax>
      <ymax>638</ymax>
    </bndbox>
    <confidence>0.960572</confidence>
  </object>
</annotation>
