<annotation>
  <folder>runs\detect\exp2</folder>
  <filename>1_20200615_112419_004110.jpg</filename>
  <source>
    <database>Unknown</database>
  </source>
  <size>
    <width>1920</width>
    <height>1080</height>
    <depth>3</depth>
  </size>
  <segmented>0</segmented>
  <object>
    <name>TrafficSign</name>
    <bndbox>
      <xmin>902</xmin>
      <ymin>406</ymin>
      <xmax>928</xmax>
      <ymax>432</ymax>
    </bndbox>
    <confidence>0.837625</confidence>
  </object>
  <object>
    <name>Vehicle</name>
    <bndbox>
      <xmin>268</xmin>
      <ymin>495</ymin>
      <xmax>345</xmax>
      <ymax>574</ymax>
    </bndbox>
    <confidence>0.918051</confidence>
  </object>
  <object>
    <name>Vehicle</name>
    <bndbox>
      <xmin>733</xmin>
      <ymin>452</ymin>
      <xmax>1025</xmax>
      <ymax>693</ymax>
    </bndbox>
    <confidence>0.967715</confidence>
  </object>
</annotation>
