<annotation>
  <folder>runs\detect\exp39</folder>
  <filename>1_20200615_112419_004980.jpg</filename>
  <source>
    <database>Unknown</database>
  </source>
  <size>
    <width>1920</width>
    <height>1080</height>
    <depth>3</depth>
  </size>
  <segmented>0</segmented>
  <object>
    <name>Pedestrian</name>
    <bndbox>
      <xmin>150</xmin>
      <ymin>529</ymin>
      <xmax>174</xmax>
      <ymax>593</ymax>
    </bndbox>
    <confidence>0.738602</confidence>
  </object>
  <object>
    <name>Vehicle</name>
    <bndbox>
      <xmin>570</xmin>
      <ymin>492</ymin>
      <xmax>648</xmax>
      <ymax>575</ymax>
    </bndbox>
    <confidence>0.844092</confidence>
  </object>
  <object>
    <name>Vehicle</name>
    <bndbox>
      <xmin>1011</xmin>
      <ymin>530</ymin>
      <xmax>1047</xmax>
      <ymax>559</ymax>
    </bndbox>
    <confidence>0.84714</confidence>
  </object>
  <object>
    <name>Vehicle</name>
    <bndbox>
      <xmin>666</xmin>
      <ymin>494</ymin>
      <xmax>724</xmax>
      <ymax>571</ymax>
    </bndbox>
    <confidence>0.886687</confidence>
  </object>
  <object>
    <name>Vehicle</name>
    <bndbox>
      <xmin>590</xmin>
      <ymin>510</ymin>
      <xmax>671</xmax>
      <ymax>582</ymax>
    </bndbox>
    <confidence>0.926315</confidence>
  </object>
  <object>
    <name>Vehicle</name>
    <bndbox>
      <xmin>935</xmin>
      <ymin>513</ymin>
      <xmax>1014</xmax>
      <ymax>577</ymax>
    </bndbox>
    <confidence>0.931583</confidence>
  </object>
  <object>
    <name>Vehicle</name>
    <bndbox>
      <xmin>419</xmin>
      <ymin>525</ymin>
      <xmax>525</xmax>
      <ymax>601</ymax>
    </bndbox>
    <confidence>0.95212</confidence>
  </object>
  <object>
    <name>Vehicle</name>
    <bndbox>
      <xmin>233</xmin>
      <ymin>532</ymin>
      <xmax>352</xmax>
      <ymax>612</ymax>
    </bndbox>
    <confidence>0.953322</confidence>
  </object>
  <object>
    <name>Vehicle</name>
    <bndbox>
      <xmin>677</xmin>
      <ymin>487</ymin>
      <xmax>939</xmax>
      <ymax>687</ymax>
    </bndbox>
    <confidence>0.969317</confidence>
  </object>
</annotation>
