<annotation>
  <folder>runs\detect\exp39</folder>
  <filename>1_20200615_112419_004230.jpg</filename>
  <source>
    <database>Unknown</database>
  </source>
  <size>
    <width>1920</width>
    <height>1080</height>
    <depth>3</depth>
  </size>
  <segmented>0</segmented>
  <object>
    <name>TrafficLight</name>
    <bndbox>
      <xmin>950</xmin>
      <ymin>415</ymin>
      <xmax>1010</xmax>
      <ymax>433</ymax>
    </bndbox>
    <confidence>0.83516</confidence>
  </object>
  <object>
    <name>TrafficLight</name>
    <bndbox>
      <xmin>1109</xmin>
      <ymin>408</ymin>
      <xmax>1165</xmax>
      <ymax>424</ymax>
    </bndbox>
    <confidence>0.843702</confidence>
  </object>
  <object>
    <name>TrafficSign</name>
    <bndbox>
      <xmin>1037</xmin>
      <ymin>391</ymin>
      <xmax>1076</xmax>
      <ymax>429</ymax>
    </bndbox>
    <confidence>0.902461</confidence>
  </object>
  <object>
    <name>Vehicle</name>
    <bndbox>
      <xmin>768</xmin>
      <ymin>547</ymin>
      <xmax>838</xmax>
      <ymax>654</ymax>
    </bndbox>
    <confidence>0.909852</confidence>
  </object>
  <object>
    <name>Vehicle</name>
    <bndbox>
      <xmin>1</xmin>
      <ymin>553</ymin>
      <xmax>88</xmax>
      <ymax>698</ymax>
    </bndbox>
    <confidence>0.939101</confidence>
  </object>
  <object>
    <name>Vehicle</name>
    <bndbox>
      <xmin>1095</xmin>
      <ymin>555</ymin>
      <xmax>1222</xmax>
      <ymax>645</ymax>
    </bndbox>
    <confidence>0.950067</confidence>
  </object>
  <object>
    <name>Vehicle</name>
    <bndbox>
      <xmin>811</xmin>
      <ymin>501</ymin>
      <xmax>1077</xmax>
      <ymax>723</ymax>
    </bndbox>
    <confidence>0.96691</confidence>
  </object>
</annotation>
