<annotation>
  <folder>runs\detect\exp2</folder>
  <filename>1_20200615_112419_000300.jpg</filename>
  <source>
    <database>Unknown</database>
  </source>
  <size>
    <width>1920</width>
    <height>1080</height>
    <depth>3</depth>
  </size>
  <segmented>0</segmented>
  <object>
    <name>Vehicle</name>
    <bndbox>
      <xmin>939</xmin>
      <ymin>530</ymin>
      <xmax>974</xmax>
      <ymax>557</ymax>
    </bndbox>
    <confidence>0.410872</confidence>
  </object>
  <object>
    <name>Vehicle</name>
    <bndbox>
      <xmin>1815</xmin>
      <ymin>222</ymin>
      <xmax>1921</xmax>
      <ymax>757</ymax>
    </bndbox>
    <confidence>0.72155</confidence>
  </object>
  <object>
    <name>Vehicle</name>
    <bndbox>
      <xmin>902</xmin>
      <ymin>541</ymin>
      <xmax>935</xmax>
      <ymax>567</ymax>
    </bndbox>
    <confidence>0.825485</confidence>
  </object>
  <object>
    <name>Vehicle</name>
    <bndbox>
      <xmin>1019</xmin>
      <ymin>528</ymin>
      <xmax>1053</xmax>
      <ymax>560</ymax>
    </bndbox>
    <confidence>0.871785</confidence>
  </object>
  <object>
    <name>Vehicle</name>
    <bndbox>
      <xmin>587</xmin>
      <ymin>514</ymin>
      <xmax>714</xmax>
      <ymax>622</ymax>
    </bndbox>
    <confidence>0.939822</confidence>
  </object>
  <object>
    <name>Vehicle</name>
    <bndbox>
      <xmin>784</xmin>
      <ymin>541</ymin>
      <xmax>861</xmax>
      <ymax>597</ymax>
    </bndbox>
    <confidence>0.950369</confidence>
  </object>
  <object>
    <name>Vehicle</name>
    <bndbox>
      <xmin>251</xmin>
      <ymin>548</ymin>
      <xmax>415</xmax>
      <ymax>675</ymax>
    </bndbox>
    <confidence>0.958915</confidence>
  </object>
  <object>
    <name>Vehicle</name>
    <bndbox>
      <xmin>3</xmin>
      <ymin>369</ymin>
      <xmax>249</xmax>
      <ymax>722</ymax>
    </bndbox>
    <confidence>0.960004</confidence>
  </object>
  <object>
    <name>Vehicle</name>
    <bndbox>
      <xmin>1065</xmin>
      <ymin>515</ymin>
      <xmax>1250</xmax>
      <ymax>659</ymax>
    </bndbox>
    <confidence>0.964623</confidence>
  </object>
</annotation>
