<annotation>
  <folder>runs\detect\exp39</folder>
  <filename>1_20200615_112419_005670.jpg</filename>
  <source>
    <database>Unknown</database>
  </source>
  <size>
    <width>1920</width>
    <height>1080</height>
    <depth>3</depth>
  </size>
  <segmented>0</segmented>
  <object>
    <name>Vehicle</name>
    <bndbox>
      <xmin>468</xmin>
      <ymin>305</ymin>
      <xmax>599</xmax>
      <ymax>348</ymax>
    </bndbox>
    <confidence>0.490207</confidence>
  </object>
  <object>
    <name>Pedestrian</name>
    <bndbox>
      <xmin>1000</xmin>
      <ymin>446</ymin>
      <xmax>1014</xmax>
      <ymax>483</ymax>
    </bndbox>
    <confidence>0.662166</confidence>
  </object>
  <object>
    <name>TrafficSign</name>
    <bndbox>
      <xmin>1188</xmin>
      <ymin>389</ymin>
      <xmax>1215</xmax>
      <ymax>414</ymax>
    </bndbox>
    <confidence>0.698081</confidence>
  </object>
  <object>
    <name>Vehicle</name>
    <bndbox>
      <xmin>673</xmin>
      <ymin>456</ymin>
      <xmax>708</xmax>
      <ymax>483</ymax>
    </bndbox>
    <confidence>0.727283</confidence>
  </object>
  <object>
    <name>Vehicle</name>
    <bndbox>
      <xmin>492</xmin>
      <ymin>477</ymin>
      <xmax>543</xmax>
      <ymax>525</ymax>
    </bndbox>
    <confidence>0.896253</confidence>
  </object>
  <object>
    <name>Vehicle</name>
    <bndbox>
      <xmin>851</xmin>
      <ymin>458</ymin>
      <xmax>900</xmax>
      <ymax>503</ymax>
    </bndbox>
    <confidence>0.897484</confidence>
  </object>
  <object>
    <name>Vehicle</name>
    <bndbox>
      <xmin>746</xmin>
      <ymin>461</ymin>
      <xmax>795</xmax>
      <ymax>498</ymax>
    </bndbox>
    <confidence>0.907352</confidence>
  </object>
  <object>
    <name>TrafficSign</name>
    <bndbox>
      <xmin>1043</xmin>
      <ymin>247</ymin>
      <xmax>1082</xmax>
      <ymax>287</ymax>
    </bndbox>
    <confidence>0.909362</confidence>
  </object>
  <object>
    <name>Vehicle</name>
    <bndbox>
      <xmin>888</xmin>
      <ymin>468</ymin>
      <xmax>968</xmax>
      <ymax>526</ymax>
    </bndbox>
    <confidence>0.935876</confidence>
  </object>
  <object>
    <name>TrafficSign</name>
    <bndbox>
      <xmin>1542</xmin>
      <ymin>137</ymin>
      <xmax>1608</xmax>
      <ymax>204</ymax>
    </bndbox>
    <confidence>0.936365</confidence>
  </object>
  <object>
    <name>Vehicle</name>
    <bndbox>
      <xmin>531</xmin>
      <ymin>397</ymin>
      <xmax>637</xmax>
      <ymax>533</ymax>
    </bndbox>
    <confidence>0.94429</confidence>
  </object>
  <object>
    <name>Vehicle</name>
    <bndbox>
      <xmin>21</xmin>
      <ymin>467</ymin>
      <xmax>237</xmax>
      <ymax>618</ymax>
    </bndbox>
    <confidence>0.967406</confidence>
  </object>
</annotation>
