<annotation>
  <folder>runs\detect\exp39</folder>
  <filename>1_20200615_112419_008070.jpg</filename>
  <source>
    <database>Unknown</database>
  </source>
  <size>
    <width>1920</width>
    <height>1080</height>
    <depth>3</depth>
  </size>
  <segmented>0</segmented>
  <object>
    <name>Vehicle</name>
    <bndbox>
      <xmin>1334</xmin>
      <ymin>470</ymin>
      <xmax>1367</xmax>
      <ymax>513</ymax>
    </bndbox>
    <confidence>0.821153</confidence>
  </object>
  <object>
    <name>Vehicle</name>
    <bndbox>
      <xmin>1300</xmin>
      <ymin>480</ymin>
      <xmax>1333</xmax>
      <ymax>510</ymax>
    </bndbox>
    <confidence>0.825666</confidence>
  </object>
  <object>
    <name>Vehicle</name>
    <bndbox>
      <xmin>1260</xmin>
      <ymin>482</ymin>
      <xmax>1294</xmax>
      <ymax>513</ymax>
    </bndbox>
    <confidence>0.834605</confidence>
  </object>
  <object>
    <name>Vehicle</name>
    <bndbox>
      <xmin>1746</xmin>
      <ymin>457</ymin>
      <xmax>1920</xmax>
      <ymax>869</ymax>
    </bndbox>
    <confidence>0.950424</confidence>
  </object>
</annotation>
