<annotation>
  <folder>runs\detect\exp39</folder>
  <filename>1_20200615_112419_007530.jpg</filename>
  <source>
    <database>Unknown</database>
  </source>
  <size>
    <width>1920</width>
    <height>1080</height>
    <depth>3</depth>
  </size>
  <segmented>0</segmented>
  <object>
    <name>TrafficSign</name>
    <bndbox>
      <xmin>1459</xmin>
      <ymin>376</ymin>
      <xmax>1513</xmax>
      <ymax>425</ymax>
    </bndbox>
    <confidence>0.891619</confidence>
  </object>
  <object>
    <name>Vehicle</name>
    <bndbox>
      <xmin>1173</xmin>
      <ymin>464</ymin>
      <xmax>1286</xmax>
      <ymax>548</ymax>
    </bndbox>
    <confidence>0.949467</confidence>
  </object>
  <object>
    <name>Vehicle</name>
    <bndbox>
      <xmin>1294</xmin>
      <ymin>457</ymin>
      <xmax>1479</xmax>
      <ymax>603</ymax>
    </bndbox>
    <confidence>0.96337</confidence>
  </object>
</annotation>
