<annotation>
  <folder>runs\detect\exp39</folder>
  <filename>1_20200615_112419_005160.jpg</filename>
  <source>
    <database>Unknown</database>
  </source>
  <size>
    <width>1920</width>
    <height>1080</height>
    <depth>3</depth>
  </size>
  <segmented>0</segmented>
  <object>
    <name>Pedestrian</name>
    <bndbox>
      <xmin>336</xmin>
      <ymin>502</ymin>
      <xmax>349</xmax>
      <ymax>552</ymax>
    </bndbox>
    <confidence>0.352309</confidence>
  </object>
  <object>
    <name>Pedestrian</name>
    <bndbox>
      <xmin>359</xmin>
      <ymin>499</ymin>
      <xmax>374</xmax>
      <ymax>549</ymax>
    </bndbox>
    <confidence>0.661563</confidence>
  </object>
  <object>
    <name>TrafficLight</name>
    <bndbox>
      <xmin>949</xmin>
      <ymin>347</ymin>
      <xmax>993</xmax>
      <ymax>360</ymax>
    </bndbox>
    <confidence>0.765973</confidence>
  </object>
  <object>
    <name>Vehicle</name>
    <bndbox>
      <xmin>762</xmin>
      <ymin>494</ymin>
      <xmax>821</xmax>
      <ymax>540</ymax>
    </bndbox>
    <confidence>0.838</confidence>
  </object>
  <object>
    <name>Vehicle</name>
    <bndbox>
      <xmin>782</xmin>
      <ymin>475</ymin>
      <xmax>834</xmax>
      <ymax>536</ymax>
    </bndbox>
    <confidence>0.847443</confidence>
  </object>
  <object>
    <name>Vehicle</name>
    <bndbox>
      <xmin>71</xmin>
      <ymin>473</ymin>
      <xmax>200</xmax>
      <ymax>586</ymax>
    </bndbox>
    <confidence>0.85587</confidence>
  </object>
  <object>
    <name>TrafficLight</name>
    <bndbox>
      <xmin>839</xmin>
      <ymin>281</ymin>
      <xmax>905</xmax>
      <ymax>300</ymax>
    </bndbox>
    <confidence>0.861914</confidence>
  </object>
  <object>
    <name>TrafficLight</name>
    <bndbox>
      <xmin>1019</xmin>
      <ymin>276</ymin>
      <xmax>1086</xmax>
      <ymax>296</ymax>
    </bndbox>
    <confidence>0.875426</confidence>
  </object>
  <object>
    <name>TrafficSign</name>
    <bndbox>
      <xmin>1073</xmin>
      <ymin>312</ymin>
      <xmax>1100</xmax>
      <ymax>340</ymax>
    </bndbox>
    <confidence>0.876178</confidence>
  </object>
  <object>
    <name>TrafficSign</name>
    <bndbox>
      <xmin>943</xmin>
      <ymin>266</ymin>
      <xmax>985</xmax>
      <ymax>309</ymax>
    </bndbox>
    <confidence>0.912071</confidence>
  </object>
  <object>
    <name>Vehicle</name>
    <bndbox>
      <xmin>559</xmin>
      <ymin>509</ymin>
      <xmax>611</xmax>
      <ymax>547</ymax>
    </bndbox>
    <confidence>0.916568</confidence>
  </object>
  <object>
    <name>Vehicle</name>
    <bndbox>
      <xmin>496</xmin>
      <ymin>475</ymin>
      <xmax>563</xmax>
      <ymax>552</ymax>
    </bndbox>
    <confidence>0.91722</confidence>
  </object>
  <object>
    <name>Vehicle</name>
    <bndbox>
      <xmin>1</xmin>
      <ymin>432</ymin>
      <xmax>137</xmax>
      <ymax>644</ymax>
    </bndbox>
    <confidence>0.941558</confidence>
  </object>
  <object>
    <name>Vehicle</name>
    <bndbox>
      <xmin>838</xmin>
      <ymin>457</ymin>
      <xmax>1124</xmax>
      <ymax>693</ymax>
    </bndbox>
    <confidence>0.969064</confidence>
  </object>
</annotation>
