<annotation>
  <folder>runs\detect\exp2</folder>
  <filename>1_20200615_112419_007950.jpg</filename>
  <source>
    <database>Unknown</database>
  </source>
  <size>
    <width>1920</width>
    <height>1080</height>
    <depth>3</depth>
  </size>
  <segmented>0</segmented>
  <object>
    <name>Vehicle</name>
    <bndbox>
      <xmin>1314</xmin>
      <ymin>479</ymin>
      <xmax>1348</xmax>
      <ymax>510</ymax>
    </bndbox>
    <confidence>0.863695</confidence>
  </object>
  <object>
    <name>Vehicle</name>
    <bndbox>
      <xmin>1280</xmin>
      <ymin>486</ymin>
      <xmax>1313</xmax>
      <ymax>513</ymax>
    </bndbox>
    <confidence>0.882938</confidence>
  </object>
  <object>
    <name>Vehicle</name>
    <bndbox>
      <xmin>1351</xmin>
      <ymin>480</ymin>
      <xmax>1600</xmax>
      <ymax>655</ymax>
    </bndbox>
    <confidence>0.972957</confidence>
  </object>
</annotation>
