<annotation>
  <folder>runs\detect\exp2</folder>
  <filename>1_20200615_112419_000270.jpg</filename>
  <source>
    <database>Unknown</database>
  </source>
  <size>
    <width>1920</width>
    <height>1080</height>
    <depth>3</depth>
  </size>
  <segmented>0</segmented>
  <object>
    <name>Vehicle</name>
    <bndbox>
      <xmin>914</xmin>
      <ymin>503</ymin>
      <xmax>947</xmax>
      <ymax>528</ymax>
    </bndbox>
    <confidence>0.745405</confidence>
  </object>
  <object>
    <name>Vehicle</name>
    <bndbox>
      <xmin>1038</xmin>
      <ymin>491</ymin>
      <xmax>1068</xmax>
      <ymax>520</ymax>
    </bndbox>
    <confidence>0.832939</confidence>
  </object>
  <object>
    <name>Vehicle</name>
    <bndbox>
      <xmin>536</xmin>
      <ymin>501</ymin>
      <xmax>593</xmax>
      <ymax>571</ymax>
    </bndbox>
    <confidence>0.931806</confidence>
  </object>
  <object>
    <name>Vehicle</name>
    <bndbox>
      <xmin>842</xmin>
      <ymin>500</ymin>
      <xmax>906</xmax>
      <ymax>546</ymax>
    </bndbox>
    <confidence>0.933428</confidence>
  </object>
  <object>
    <name>Vehicle</name>
    <bndbox>
      <xmin>689</xmin>
      <ymin>477</ymin>
      <xmax>790</xmax>
      <ymax>563</ymax>
    </bndbox>
    <confidence>0.939966</confidence>
  </object>
  <object>
    <name>Vehicle</name>
    <bndbox>
      <xmin>1</xmin>
      <ymin>502</ymin>
      <xmax>96</xmax>
      <ymax>658</ymax>
    </bndbox>
    <confidence>0.952149</confidence>
  </object>
  <object>
    <name>Vehicle</name>
    <bndbox>
      <xmin>433</xmin>
      <ymin>500</ymin>
      <xmax>554</xmax>
      <ymax>596</ymax>
    </bndbox>
    <confidence>0.955816</confidence>
  </object>
  <object>
    <name>Vehicle</name>
    <bndbox>
      <xmin>54</xmin>
      <ymin>356</ymin>
      <xmax>408</xmax>
      <ymax>633</ymax>
    </bndbox>
    <confidence>0.960138</confidence>
  </object>
  <object>
    <name>Vehicle</name>
    <bndbox>
      <xmin>1589</xmin>
      <ymin>273</ymin>
      <xmax>1921</xmax>
      <ymax>669</ymax>
    </bndbox>
    <confidence>0.960381</confidence>
  </object>
  <object>
    <name>Vehicle</name>
    <bndbox>
      <xmin>1072</xmin>
      <ymin>472</ymin>
      <xmax>1269</xmax>
      <ymax>625</ymax>
    </bndbox>
    <confidence>0.965252</confidence>
  </object>
</annotation>
