<annotation>
  <folder>runs\detect\exp39</folder>
  <filename>1_20200615_112419_004890.jpg</filename>
  <source>
    <database>Unknown</database>
  </source>
  <size>
    <width>1920</width>
    <height>1080</height>
    <depth>3</depth>
  </size>
  <segmented>0</segmented>
  <object>
    <name>Vehicle</name>
    <bndbox>
      <xmin>894</xmin>
      <ymin>493</ymin>
      <xmax>922</xmax>
      <ymax>519</ymax>
    </bndbox>
    <confidence>0.262401</confidence>
  </object>
  <object>
    <name>Vehicle</name>
    <bndbox>
      <xmin>737</xmin>
      <ymin>475</ymin>
      <xmax>788</xmax>
      <ymax>508</ymax>
    </bndbox>
    <confidence>0.643225</confidence>
  </object>
  <object>
    <name>Vehicle</name>
    <bndbox>
      <xmin>715</xmin>
      <ymin>496</ymin>
      <xmax>755</xmax>
      <ymax>527</ymax>
    </bndbox>
    <confidence>0.778107</confidence>
  </object>
  <object>
    <name>Vehicle</name>
    <bndbox>
      <xmin>823</xmin>
      <ymin>478</ymin>
      <xmax>860</xmax>
      <ymax>520</ymax>
    </bndbox>
    <confidence>0.843567</confidence>
  </object>
  <object>
    <name>Vehicle</name>
    <bndbox>
      <xmin>756</xmin>
      <ymin>494</ymin>
      <xmax>798</xmax>
      <ymax>526</ymax>
    </bndbox>
    <confidence>0.862715</confidence>
  </object>
  <object>
    <name>Vehicle</name>
    <bndbox>
      <xmin>803</xmin>
      <ymin>488</ymin>
      <xmax>842</xmax>
      <ymax>524</ymax>
    </bndbox>
    <confidence>0.863522</confidence>
  </object>
  <object>
    <name>TrafficSign</name>
    <bndbox>
      <xmin>1044</xmin>
      <ymin>251</ymin>
      <xmax>1146</xmax>
      <ymax>305</ymax>
    </bndbox>
    <confidence>0.897741</confidence>
  </object>
  <object>
    <name>TrafficSign</name>
    <bndbox>
      <xmin>1367</xmin>
      <ymin>212</ymin>
      <xmax>1406</xmax>
      <ymax>250</ymax>
    </bndbox>
    <confidence>0.899464</confidence>
  </object>
  <object>
    <name>Vehicle</name>
    <bndbox>
      <xmin>962</xmin>
      <ymin>475</ymin>
      <xmax>1039</xmax>
      <ymax>537</ymax>
    </bndbox>
    <confidence>0.933793</confidence>
  </object>
  <object>
    <name>Vehicle</name>
    <bndbox>
      <xmin>318</xmin>
      <ymin>498</ymin>
      <xmax>460</xmax>
      <ymax>595</ymax>
    </bndbox>
    <confidence>0.958148</confidence>
  </object>
  <object>
    <name>Vehicle</name>
    <bndbox>
      <xmin>455</xmin>
      <ymin>463</ymin>
      <xmax>729</xmax>
      <ymax>673</ymax>
    </bndbox>
    <confidence>0.968374</confidence>
  </object>
</annotation>
