<annotation>
  <folder>runs\detect\exp39</folder>
  <filename>1_20200615_112419_002910.jpg</filename>
  <source>
    <database>Unknown</database>
  </source>
  <size>
    <width>1920</width>
    <height>1080</height>
    <depth>3</depth>
  </size>
  <segmented>0</segmented>
  <object>
    <name>Vehicle</name>
    <bndbox>
      <xmin>422</xmin>
      <ymin>511</ymin>
      <xmax>460</xmax>
      <ymax>538</ymax>
    </bndbox>
    <confidence>0.314446</confidence>
  </object>
  <object>
    <name>Vehicle</name>
    <bndbox>
      <xmin>334</xmin>
      <ymin>505</ymin>
      <xmax>375</xmax>
      <ymax>547</ymax>
    </bndbox>
    <confidence>0.785829</confidence>
  </object>
  <object>
    <name>Vehicle</name>
    <bndbox>
      <xmin>487</xmin>
      <ymin>509</ymin>
      <xmax>522</xmax>
      <ymax>538</ymax>
    </bndbox>
    <confidence>0.843488</confidence>
  </object>
  <object>
    <name>Vehicle</name>
    <bndbox>
      <xmin>776</xmin>
      <ymin>506</ymin>
      <xmax>821</xmax>
      <ymax>543</ymax>
    </bndbox>
    <confidence>0.88174</confidence>
  </object>
  <object>
    <name>Vehicle</name>
    <bndbox>
      <xmin>216</xmin>
      <ymin>507</ymin>
      <xmax>265</xmax>
      <ymax>582</ymax>
    </bndbox>
    <confidence>0.915759</confidence>
  </object>
  <object>
    <name>Vehicle</name>
    <bndbox>
      <xmin>340</xmin>
      <ymin>513</ymin>
      <xmax>412</xmax>
      <ymax>569</ymax>
    </bndbox>
    <confidence>0.919997</confidence>
  </object>
  <object>
    <name>Vehicle</name>
    <bndbox>
      <xmin>606</xmin>
      <ymin>505</ymin>
      <xmax>662</xmax>
      <ymax>547</ymax>
    </bndbox>
    <confidence>0.921215</confidence>
  </object>
  <object>
    <name>Vehicle</name>
    <bndbox>
      <xmin>807</xmin>
      <ymin>483</ymin>
      <xmax>980</xmax>
      <ymax>622</ymax>
    </bndbox>
    <confidence>0.960355</confidence>
  </object>
  <object>
    <name>Vehicle</name>
    <bndbox>
      <xmin>88</xmin>
      <ymin>498</ymin>
      <xmax>238</xmax>
      <ymax>620</ymax>
    </bndbox>
    <confidence>0.961918</confidence>
  </object>
</annotation>
