<annotation>
  <folder>runs\detect\exp2</folder>
  <filename>1_20200615_112419_007230.jpg</filename>
  <source>
    <database>Unknown</database>
  </source>
  <size>
    <width>1920</width>
    <height>1080</height>
    <depth>3</depth>
  </size>
  <segmented>0</segmented>
  <object>
    <name>Vehicle</name>
    <bndbox>
      <xmin>983</xmin>
      <ymin>452</ymin>
      <xmax>1012</xmax>
      <ymax>479</ymax>
    </bndbox>
    <confidence>0.762217</confidence>
  </object>
  <object>
    <name>Vehicle</name>
    <bndbox>
      <xmin>1020</xmin>
      <ymin>484</ymin>
      <xmax>1053</xmax>
      <ymax>510</ymax>
    </bndbox>
    <confidence>0.789619</confidence>
  </object>
  <object>
    <name>Vehicle</name>
    <bndbox>
      <xmin>1093</xmin>
      <ymin>475</ymin>
      <xmax>1123</xmax>
      <ymax>501</ymax>
    </bndbox>
    <confidence>0.813871</confidence>
  </object>
  <object>
    <name>Vehicle</name>
    <bndbox>
      <xmin>1108</xmin>
      <ymin>461</ymin>
      <xmax>1139</xmax>
      <ymax>490</ymax>
    </bndbox>
    <confidence>0.849698</confidence>
  </object>
  <object>
    <name>Vehicle</name>
    <bndbox>
      <xmin>1154</xmin>
      <ymin>491</ymin>
      <xmax>1292</xmax>
      <ymax>601</ymax>
    </bndbox>
    <confidence>0.960332</confidence>
  </object>
  <object>
    <name>Vehicle</name>
    <bndbox>
      <xmin>862</xmin>
      <ymin>498</ymin>
      <xmax>1048</xmax>
      <ymax>636</ymax>
    </bndbox>
    <confidence>0.96672</confidence>
  </object>
  <object>
    <name>Vehicle</name>
    <bndbox>
      <xmin>1483</xmin>
      <ymin>420</ymin>
      <xmax>1921</xmax>
      <ymax>790</ymax>
    </bndbox>
    <confidence>0.968917</confidence>
  </object>
</annotation>
