<annotation>
  <folder>runs\detect\exp39</folder>
  <filename>1_20200615_112419_007800.jpg</filename>
  <source>
    <database>Unknown</database>
  </source>
  <size>
    <width>1920</width>
    <height>1080</height>
    <depth>3</depth>
  </size>
  <segmented>0</segmented>
  <object>
    <name>TrafficSign</name>
    <bndbox>
      <xmin>1334</xmin>
      <ymin>368</ymin>
      <xmax>1360</xmax>
      <ymax>398</ymax>
    </bndbox>
    <confidence>0.380047</confidence>
  </object>
  <object>
    <name>Vehicle</name>
    <bndbox>
      <xmin>1338</xmin>
      <ymin>502</ymin>
      <xmax>1365</xmax>
      <ymax>531</ymax>
    </bndbox>
    <confidence>0.520622</confidence>
  </object>
  <object>
    <name>TrafficSign</name>
    <bndbox>
      <xmin>1230</xmin>
      <ymin>359</ymin>
      <xmax>1258</xmax>
      <ymax>387</ymax>
    </bndbox>
    <confidence>0.89331</confidence>
  </object>
  <object>
    <name>Vehicle</name>
    <bndbox>
      <xmin>1228</xmin>
      <ymin>507</ymin>
      <xmax>1345</xmax>
      <ymax>594</ymax>
    </bndbox>
    <confidence>0.951264</confidence>
  </object>
  <object>
    <name>Vehicle</name>
    <bndbox>
      <xmin>1576</xmin>
      <ymin>456</ymin>
      <xmax>1919</xmax>
      <ymax>774</ymax>
    </bndbox>
    <confidence>0.965826</confidence>
  </object>
</annotation>
