<annotation>
  <folder>runs\detect\exp2</folder>
  <filename>1_20200615_112419_003630.jpg</filename>
  <source>
    <database>Unknown</database>
  </source>
  <size>
    <width>1920</width>
    <height>1080</height>
    <depth>3</depth>
  </size>
  <segmented>0</segmented>
  <object>
    <name>Vehicle</name>
    <bndbox>
      <xmin>358</xmin>
      <ymin>557</ymin>
      <xmax>390</xmax>
      <ymax>582</ymax>
    </bndbox>
    <confidence>0.648311</confidence>
  </object>
  <object>
    <name>Vehicle</name>
    <bndbox>
      <xmin>104</xmin>
      <ymin>568</ymin>
      <xmax>149</xmax>
      <ymax>595</ymax>
    </bndbox>
    <confidence>0.674888</confidence>
  </object>
  <object>
    <name>Vehicle</name>
    <bndbox>
      <xmin>781</xmin>
      <ymin>514</ymin>
      <xmax>960</xmax>
      <ymax>655</ymax>
    </bndbox>
    <confidence>0.963521</confidence>
  </object>
</annotation>
