<annotation>
  <folder>runs\detect\exp2</folder>
  <filename>1_20200615_112419_005280.jpg</filename>
  <source>
    <database>Unknown</database>
  </source>
  <size>
    <width>1920</width>
    <height>1080</height>
    <depth>3</depth>
  </size>
  <segmented>0</segmented>
  <object>
    <name>Pedestrian</name>
    <bndbox>
      <xmin>1469</xmin>
      <ymin>482</ymin>
      <xmax>1493</xmax>
      <ymax>562</ymax>
    </bndbox>
    <confidence>0.332378</confidence>
  </object>
  <object>
    <name>TrafficSign</name>
    <bndbox>
      <xmin>1291</xmin>
      <ymin>406</ymin>
      <xmax>1316</xmax>
      <ymax>432</ymax>
    </bndbox>
    <confidence>0.535974</confidence>
  </object>
  <object>
    <name>Pedestrian</name>
    <bndbox>
      <xmin>536</xmin>
      <ymin>517</ymin>
      <xmax>550</xmax>
      <ymax>552</ymax>
    </bndbox>
    <confidence>0.580579</confidence>
  </object>
  <object>
    <name>Pedestrian</name>
    <bndbox>
      <xmin>1493</xmin>
      <ymin>481</ymin>
      <xmax>1520</xmax>
      <ymax>568</ymax>
    </bndbox>
    <confidence>0.76646</confidence>
  </object>
  <object>
    <name>Vehicle</name>
    <bndbox>
      <xmin>690</xmin>
      <ymin>515</ymin>
      <xmax>727</xmax>
      <ymax>577</ymax>
    </bndbox>
    <confidence>0.875011</confidence>
  </object>
  <object>
    <name>TrafficLight</name>
    <bndbox>
      <xmin>925</xmin>
      <ymin>218</ymin>
      <xmax>1010</xmax>
      <ymax>244</ymax>
    </bndbox>
    <confidence>0.88993</confidence>
  </object>
  <object>
    <name>TrafficSign</name>
    <bndbox>
      <xmin>1064</xmin>
      <ymin>325</ymin>
      <xmax>1095</xmax>
      <ymax>356</ymax>
    </bndbox>
    <confidence>0.900256</confidence>
  </object>
  <object>
    <name>TrafficSign</name>
    <bndbox>
      <xmin>1163</xmin>
      <ymin>148</ymin>
      <xmax>1216</xmax>
      <ymax>202</ymax>
    </bndbox>
    <confidence>0.918824</confidence>
  </object>
  <object>
    <name>Vehicle</name>
    <bndbox>
      <xmin>659</xmin>
      <ymin>472</ymin>
      <xmax>746</xmax>
      <ymax>569</ymax>
    </bndbox>
    <confidence>0.91938</confidence>
  </object>
  <object>
    <name>Vehicle</name>
    <bndbox>
      <xmin>830</xmin>
      <ymin>505</ymin>
      <xmax>895</xmax>
      <ymax>564</ymax>
    </bndbox>
    <confidence>0.930438</confidence>
  </object>
  <object>
    <name>Vehicle</name>
    <bndbox>
      <xmin>1</xmin>
      <ymin>539</ymin>
      <xmax>79</xmax>
      <ymax>628</ymax>
    </bndbox>
    <confidence>0.942428</confidence>
  </object>
  <object>
    <name>Vehicle</name>
    <bndbox>
      <xmin>596</xmin>
      <ymin>503</ymin>
      <xmax>705</xmax>
      <ymax>585</ymax>
    </bndbox>
    <confidence>0.9522</confidence>
  </object>
  <object>
    <name>Vehicle</name>
    <bndbox>
      <xmin>856</xmin>
      <ymin>472</ymin>
      <xmax>1140</xmax>
      <ymax>709</ymax>
    </bndbox>
    <confidence>0.968098</confidence>
  </object>
</annotation>
