<annotation>
  <folder>runs\detect\exp2</folder>
  <filename>1_20200615_112419_004260.jpg</filename>
  <source>
    <database>Unknown</database>
  </source>
  <size>
    <width>1920</width>
    <height>1080</height>
    <depth>3</depth>
  </size>
  <segmented>0</segmented>
  <object>
    <name>Pedestrian</name>
    <bndbox>
      <xmin>388</xmin>
      <ymin>667</ymin>
      <xmax>405</xmax>
      <ymax>696</ymax>
    </bndbox>
    <confidence>0.372671</confidence>
  </object>
  <object>
    <name>TrafficLight</name>
    <bndbox>
      <xmin>1028</xmin>
      <ymin>511</ymin>
      <xmax>1068</xmax>
      <ymax>523</ymax>
    </bndbox>
    <confidence>0.418487</confidence>
  </object>
  <object>
    <name>TrafficLight</name>
    <bndbox>
      <xmin>963</xmin>
      <ymin>406</ymin>
      <xmax>1030</xmax>
      <ymax>426</ymax>
    </bndbox>
    <confidence>0.851932</confidence>
  </object>
  <object>
    <name>TrafficLight</name>
    <bndbox>
      <xmin>1143</xmin>
      <ymin>401</ymin>
      <xmax>1208</xmax>
      <ymax>421</ymax>
    </bndbox>
    <confidence>0.864721</confidence>
  </object>
  <object>
    <name>TrafficSign</name>
    <bndbox>
      <xmin>1063</xmin>
      <ymin>381</ymin>
      <xmax>1105</xmax>
      <ymax>423</ymax>
    </bndbox>
    <confidence>0.909023</confidence>
  </object>
  <object>
    <name>Vehicle</name>
    <bndbox>
      <xmin>755</xmin>
      <ymin>554</ymin>
      <xmax>861</xmax>
      <ymax>678</ymax>
    </bndbox>
    <confidence>0.942624</confidence>
  </object>
  <object>
    <name>Vehicle</name>
    <bndbox>
      <xmin>1119</xmin>
      <ymin>583</ymin>
      <xmax>1241</xmax>
      <ymax>672</ymax>
    </bndbox>
    <confidence>0.95163</confidence>
  </object>
  <object>
    <name>Vehicle</name>
    <bndbox>
      <xmin>832</xmin>
      <ymin>529</ymin>
      <xmax>1099</xmax>
      <ymax>746</ymax>
    </bndbox>
    <confidence>0.968552</confidence>
  </object>
</annotation>
