<annotation>
  <folder>runs\detect\exp2</folder>
  <filename>1_20200615_112419_007290.jpg</filename>
  <source>
    <database>Unknown</database>
  </source>
  <size>
    <width>1920</width>
    <height>1080</height>
    <depth>3</depth>
  </size>
  <segmented>0</segmented>
  <object>
    <name>Vehicle</name>
    <bndbox>
      <xmin>1164</xmin>
      <ymin>466</ymin>
      <xmax>1194</xmax>
      <ymax>491</ymax>
    </bndbox>
    <confidence>0.638481</confidence>
  </object>
  <object>
    <name>Vehicle</name>
    <bndbox>
      <xmin>801</xmin>
      <ymin>503</ymin>
      <xmax>849</xmax>
      <ymax>530</ymax>
    </bndbox>
    <confidence>0.792955</confidence>
  </object>
  <object>
    <name>Vehicle</name>
    <bndbox>
      <xmin>908</xmin>
      <ymin>476</ymin>
      <xmax>946</xmax>
      <ymax>512</ymax>
    </bndbox>
    <confidence>0.873505</confidence>
  </object>
  <object>
    <name>Vehicle</name>
    <bndbox>
      <xmin>893</xmin>
      <ymin>516</ymin>
      <xmax>1057</xmax>
      <ymax>638</ymax>
    </bndbox>
    <confidence>0.961617</confidence>
  </object>
  <object>
    <name>Vehicle</name>
    <bndbox>
      <xmin>1175</xmin>
      <ymin>504</ymin>
      <xmax>1317</xmax>
      <ymax>619</ymax>
    </bndbox>
    <confidence>0.961779</confidence>
  </object>
  <object>
    <name>Vehicle</name>
    <bndbox>
      <xmin>1573</xmin>
      <ymin>413</ymin>
      <xmax>1921</xmax>
      <ymax>831</ymax>
    </bndbox>
    <confidence>0.970266</confidence>
  </object>
</annotation>
