<annotation>
  <folder>runs\detect\exp39</folder>
  <filename>1_20200615_112419_001590.jpg</filename>
  <source>
    <database>Unknown</database>
  </source>
  <size>
    <width>1920</width>
    <height>1080</height>
    <depth>3</depth>
  </size>
  <segmented>0</segmented>
  <object>
    <name>TrafficSign</name>
    <bndbox>
      <xmin>1286</xmin>
      <ymin>416</ymin>
      <xmax>1312</xmax>
      <ymax>441</ymax>
    </bndbox>
    <confidence>0.646853</confidence>
  </object>
  <object>
    <name>TrafficLight</name>
    <bndbox>
      <xmin>1120</xmin>
      <ymin>195</ymin>
      <xmax>1209</xmax>
      <ymax>221</ymax>
    </bndbox>
    <confidence>0.73334</confidence>
  </object>
  <object>
    <name>TrafficSign</name>
    <bndbox>
      <xmin>1157</xmin>
      <ymin>289</ymin>
      <xmax>1193</xmax>
      <ymax>324</ymax>
    </bndbox>
    <confidence>0.883436</confidence>
  </object>
  <object>
    <name>Vehicle</name>
    <bndbox>
      <xmin>693</xmin>
      <ymin>502</ymin>
      <xmax>731</xmax>
      <ymax>533</ymax>
    </bndbox>
    <confidence>0.883965</confidence>
  </object>
  <object>
    <name>Vehicle</name>
    <bndbox>
      <xmin>401</xmin>
      <ymin>493</ymin>
      <xmax>517</xmax>
      <ymax>582</ymax>
    </bndbox>
    <confidence>0.946295</confidence>
  </object>
  <object>
    <name>Vehicle</name>
    <bndbox>
      <xmin>739</xmin>
      <ymin>439</ymin>
      <xmax>1197</xmax>
      <ymax>824</ymax>
    </bndbox>
    <confidence>0.966411</confidence>
  </object>
</annotation>
