<annotation>
  <folder>runs\detect\exp39</folder>
  <filename>1_20200615_112419_000720.jpg</filename>
  <source>
    <database>Unknown</database>
  </source>
  <size>
    <width>1920</width>
    <height>1080</height>
    <depth>3</depth>
  </size>
  <segmented>0</segmented>
  <object>
    <name>Vehicle</name>
    <bndbox>
      <xmin>44</xmin>
      <ymin>446</ymin>
      <xmax>101</xmax>
      <ymax>493</ymax>
    </bndbox>
    <confidence>0.511728</confidence>
  </object>
  <object>
    <name>TrafficSign</name>
    <bndbox>
      <xmin>989</xmin>
      <ymin>325</ymin>
      <xmax>1064</xmax>
      <ymax>355</ymax>
    </bndbox>
    <confidence>0.581923</confidence>
  </object>
  <object>
    <name>Vehicle</name>
    <bndbox>
      <xmin>1</xmin>
      <ymin>460</ymin>
      <xmax>49</xmax>
      <ymax>505</ymax>
    </bndbox>
    <confidence>0.747307</confidence>
  </object>
  <object>
    <name>Vehicle</name>
    <bndbox>
      <xmin>53</xmin>
      <ymin>470</ymin>
      <xmax>134</xmax>
      <ymax>504</ymax>
    </bndbox>
    <confidence>0.766168</confidence>
  </object>
  <object>
    <name>Vehicle</name>
    <bndbox>
      <xmin>230</xmin>
      <ymin>480</ymin>
      <xmax>273</xmax>
      <ymax>540</ymax>
    </bndbox>
    <confidence>0.811417</confidence>
  </object>
  <object>
    <name>Vehicle</name>
    <bndbox>
      <xmin>80</xmin>
      <ymin>484</ymin>
      <xmax>179</xmax>
      <ymax>563</ymax>
    </bndbox>
    <confidence>0.932864</confidence>
  </object>
  <object>
    <name>Vehicle</name>
    <bndbox>
      <xmin>0</xmin>
      <ymin>495</ymin>
      <xmax>98</xmax>
      <ymax>577</ymax>
    </bndbox>
    <confidence>0.937434</confidence>
  </object>
  <object>
    <name>Vehicle</name>
    <bndbox>
      <xmin>1287</xmin>
      <ymin>446</ymin>
      <xmax>1374</xmax>
      <ymax>512</ymax>
    </bndbox>
    <confidence>0.940851</confidence>
  </object>
  <object>
    <name>Vehicle</name>
    <bndbox>
      <xmin>138</xmin>
      <ymin>469</ymin>
      <xmax>240</xmax>
      <ymax>554</ymax>
    </bndbox>
    <confidence>0.941652</confidence>
  </object>
  <object>
    <name>Vehicle</name>
    <bndbox>
      <xmin>250</xmin>
      <ymin>478</ymin>
      <xmax>365</xmax>
      <ymax>559</ymax>
    </bndbox>
    <confidence>0.948641</confidence>
  </object>
  <object>
    <name>Vehicle</name>
    <bndbox>
      <xmin>899</xmin>
      <ymin>459</ymin>
      <xmax>1082</xmax>
      <ymax>605</ymax>
    </bndbox>
    <confidence>0.964373</confidence>
  </object>
</annotation>
