<annotation>
  <folder>runs\detect\exp39</folder>
  <filename>1_20200615_112419_008100.jpg</filename>
  <source>
    <database>Unknown</database>
  </source>
  <size>
    <width>1920</width>
    <height>1080</height>
    <depth>3</depth>
  </size>
  <segmented>0</segmented>
  <object>
    <name>Vehicle</name>
    <bndbox>
      <xmin>1328</xmin>
      <ymin>488</ymin>
      <xmax>1363</xmax>
      <ymax>532</ymax>
    </bndbox>
    <confidence>0.862749</confidence>
  </object>
  <object>
    <name>Vehicle</name>
    <bndbox>
      <xmin>1298</xmin>
      <ymin>500</ymin>
      <xmax>1331</xmax>
      <ymax>531</ymax>
    </bndbox>
    <confidence>0.863586</confidence>
  </object>
  <object>
    <name>Vehicle</name>
    <bndbox>
      <xmin>1262</xmin>
      <ymin>505</ymin>
      <xmax>1295</xmax>
      <ymax>533</ymax>
    </bndbox>
    <confidence>0.87548</confidence>
  </object>
</annotation>
