<annotation>
  <folder>runs\detect\exp2</folder>
  <filename>1_20200615_112419_007260.jpg</filename>
  <source>
    <database>Unknown</database>
  </source>
  <size>
    <width>1920</width>
    <height>1080</height>
    <depth>3</depth>
  </size>
  <segmented>0</segmented>
  <object>
    <name>Vehicle</name>
    <bndbox>
      <xmin>1152</xmin>
      <ymin>439</ymin>
      <xmax>1179</xmax>
      <ymax>468</ymax>
    </bndbox>
    <confidence>0.680648</confidence>
  </object>
  <object>
    <name>Vehicle</name>
    <bndbox>
      <xmin>1062</xmin>
      <ymin>461</ymin>
      <xmax>1094</xmax>
      <ymax>487</ymax>
    </bndbox>
    <confidence>0.815485</confidence>
  </object>
  <object>
    <name>Vehicle</name>
    <bndbox>
      <xmin>1131</xmin>
      <ymin>452</ymin>
      <xmax>1162</xmax>
      <ymax>477</ymax>
    </bndbox>
    <confidence>0.830867</confidence>
  </object>
  <object>
    <name>Vehicle</name>
    <bndbox>
      <xmin>953</xmin>
      <ymin>447</ymin>
      <xmax>985</xmax>
      <ymax>476</ymax>
    </bndbox>
    <confidence>0.853315</confidence>
  </object>
  <object>
    <name>Vehicle</name>
    <bndbox>
      <xmin>859</xmin>
      <ymin>472</ymin>
      <xmax>899</xmax>
      <ymax>501</ymax>
    </bndbox>
    <confidence>0.885704</confidence>
  </object>
  <object>
    <name>Vehicle</name>
    <bndbox>
      <xmin>2</xmin>
      <ymin>491</ymin>
      <xmax>165</xmax>
      <ymax>556</ymax>
    </bndbox>
    <confidence>0.928878</confidence>
  </object>
  <object>
    <name>Vehicle</name>
    <bndbox>
      <xmin>1169</xmin>
      <ymin>481</ymin>
      <xmax>1309</xmax>
      <ymax>594</ymax>
    </bndbox>
    <confidence>0.96066</confidence>
  </object>
  <object>
    <name>Vehicle</name>
    <bndbox>
      <xmin>876</xmin>
      <ymin>487</ymin>
      <xmax>1052</xmax>
      <ymax>616</ymax>
    </bndbox>
    <confidence>0.964086</confidence>
  </object>
  <object>
    <name>Vehicle</name>
    <bndbox>
      <xmin>1531</xmin>
      <ymin>417</ymin>
      <xmax>1921</xmax>
      <ymax>814</ymax>
    </bndbox>
    <confidence>0.970609</confidence>
  </object>
</annotation>
