<annotation>
  <folder>runs\detect\exp39</folder>
  <filename>1_20200615_112419_008880.jpg</filename>
  <source>
    <database>Unknown</database>
  </source>
  <size>
    <width>1920</width>
    <height>1080</height>
    <depth>3</depth>
  </size>
  <segmented>0</segmented>
  <object>
    <name>TrafficSign</name>
    <bndbox>
      <xmin>974</xmin>
      <ymin>365</ymin>
      <xmax>1002</xmax>
      <ymax>392</ymax>
    </bndbox>
    <confidence>0.649012</confidence>
  </object>
  <object>
    <name>Vehicle</name>
    <bndbox>
      <xmin>290</xmin>
      <ymin>512</ymin>
      <xmax>327</xmax>
      <ymax>546</ymax>
    </bndbox>
    <confidence>0.660779</confidence>
  </object>
  <object>
    <name>Vehicle</name>
    <bndbox>
      <xmin>560</xmin>
      <ymin>496</ymin>
      <xmax>626</xmax>
      <ymax>533</ymax>
    </bndbox>
    <confidence>0.669939</confidence>
  </object>
  <object>
    <name>Vehicle</name>
    <bndbox>
      <xmin>490</xmin>
      <ymin>506</ymin>
      <xmax>572</xmax>
      <ymax>585</ymax>
    </bndbox>
    <confidence>0.670205</confidence>
  </object>
  <object>
    <name>Vehicle</name>
    <bndbox>
      <xmin>633</xmin>
      <ymin>480</ymin>
      <xmax>680</xmax>
      <ymax>523</ymax>
    </bndbox>
    <confidence>0.795574</confidence>
  </object>
  <object>
    <name>Vehicle</name>
    <bndbox>
      <xmin>313</xmin>
      <ymin>491</ymin>
      <xmax>430</xmax>
      <ymax>546</ymax>
    </bndbox>
    <confidence>0.815846</confidence>
  </object>
  <object>
    <name>TrafficSign</name>
    <bndbox>
      <xmin>675</xmin>
      <ymin>449</ymin>
      <xmax>709</xmax>
      <ymax>482</ymax>
    </bndbox>
    <confidence>0.872631</confidence>
  </object>
  <object>
    <name>Vehicle</name>
    <bndbox>
      <xmin>461</xmin>
      <ymin>476</ymin>
      <xmax>524</xmax>
      <ymax>534</ymax>
    </bndbox>
    <confidence>0.874953</confidence>
  </object>
  <object>
    <name>TrafficSign</name>
    <bndbox>
      <xmin>1334</xmin>
      <ymin>314</ymin>
      <xmax>1384</xmax>
      <ymax>364</ymax>
    </bndbox>
    <confidence>0.916231</confidence>
  </object>
  <object>
    <name>TrafficSign</name>
    <bndbox>
      <xmin>909</xmin>
      <ymin>40</ymin>
      <xmax>986</xmax>
      <ymax>116</ymax>
    </bndbox>
    <confidence>0.936156</confidence>
  </object>
  <object>
    <name>Vehicle</name>
    <bndbox>
      <xmin>809</xmin>
      <ymin>466</ymin>
      <xmax>1105</xmax>
      <ymax>707</ymax>
    </bndbox>
    <confidence>0.964594</confidence>
  </object>
</annotation>
