<annotation>
  <folder>runs\detect\exp2</folder>
  <filename>1_20200615_112419_008430.jpg</filename>
  <source>
    <database>Unknown</database>
  </source>
  <size>
    <width>1920</width>
    <height>1080</height>
    <depth>3</depth>
  </size>
  <segmented>0</segmented>
  <object>
    <name>Vehicle</name>
    <bndbox>
      <xmin>131</xmin>
      <ymin>406</ymin>
      <xmax>357</xmax>
      <ymax>633</ymax>
    </bndbox>
    <confidence>0.554924</confidence>
  </object>
  <object>
    <name>Vehicle</name>
    <bndbox>
      <xmin>1203</xmin>
      <ymin>484</ymin>
      <xmax>1232</xmax>
      <ymax>527</ymax>
    </bndbox>
    <confidence>0.621245</confidence>
  </object>
  <object>
    <name>Vehicle</name>
    <bndbox>
      <xmin>1162</xmin>
      <ymin>481</ymin>
      <xmax>1204</xmax>
      <ymax>534</ymax>
    </bndbox>
    <confidence>0.884284</confidence>
  </object>
  <object>
    <name>Vehicle</name>
    <bndbox>
      <xmin>133</xmin>
      <ymin>404</ymin>
      <xmax>358</xmax>
      <ymax>510</ymax>
    </bndbox>
    <confidence>0.905841</confidence>
  </object>
  <object>
    <name>Vehicle</name>
    <bndbox>
      <xmin>353</xmin>
      <ymin>414</ymin>
      <xmax>474</xmax>
      <ymax>508</ymax>
    </bndbox>
    <confidence>0.918689</confidence>
  </object>
</annotation>
