<annotation>
  <folder>runs\detect\exp2</folder>
  <filename>1_20200615_112419_008310.jpg</filename>
  <source>
    <database>Unknown</database>
  </source>
  <size>
    <width>1920</width>
    <height>1080</height>
    <depth>3</depth>
  </size>
  <segmented>0</segmented>
  <object>
    <name>Vehicle</name>
    <bndbox>
      <xmin>1036</xmin>
      <ymin>453</ymin>
      <xmax>1097</xmax>
      <ymax>483</ymax>
    </bndbox>
    <confidence>0.775484</confidence>
  </object>
  <object>
    <name>Vehicle</name>
    <bndbox>
      <xmin>1241</xmin>
      <ymin>463</ymin>
      <xmax>1270</xmax>
      <ymax>502</ymax>
    </bndbox>
    <confidence>0.803781</confidence>
  </object>
  <object>
    <name>Vehicle</name>
    <bndbox>
      <xmin>1165</xmin>
      <ymin>477</ymin>
      <xmax>1198</xmax>
      <ymax>505</ymax>
    </bndbox>
    <confidence>0.871477</confidence>
  </object>
  <object>
    <name>TrafficSign</name>
    <bndbox>
      <xmin>1125</xmin>
      <ymin>310</ymin>
      <xmax>1156</xmax>
      <ymax>341</ymax>
    </bndbox>
    <confidence>0.892801</confidence>
  </object>
  <object>
    <name>Vehicle</name>
    <bndbox>
      <xmin>1195</xmin>
      <ymin>458</ymin>
      <xmax>1235</xmax>
      <ymax>509</ymax>
    </bndbox>
    <confidence>0.895411</confidence>
  </object>
  <object>
    <name>Vehicle</name>
    <bndbox>
      <xmin>242</xmin>
      <ymin>321</ymin>
      <xmax>412</xmax>
      <ymax>467</ymax>
    </bndbox>
    <confidence>0.897115</confidence>
  </object>
  <object>
    <name>TrafficSign</name>
    <bndbox>
      <xmin>1742</xmin>
      <ymin>289</ymin>
      <xmax>1862</xmax>
      <ymax>396</ymax>
    </bndbox>
    <confidence>0.939975</confidence>
  </object>
</annotation>
