<annotation>
  <folder>runs\detect\exp2</folder>
  <filename>1_20200615_112419_006600.jpg</filename>
  <source>
    <database>Unknown</database>
  </source>
  <size>
    <width>1920</width>
    <height>1080</height>
    <depth>3</depth>
  </size>
  <segmented>0</segmented>
  <object>
    <name>Vehicle</name>
    <bndbox>
      <xmin>939</xmin>
      <ymin>395</ymin>
      <xmax>994</xmax>
      <ymax>428</ymax>
    </bndbox>
    <confidence>0.458741</confidence>
  </object>
  <object>
    <name>Vehicle</name>
    <bndbox>
      <xmin>752</xmin>
      <ymin>397</ymin>
      <xmax>792</xmax>
      <ymax>425</ymax>
    </bndbox>
    <confidence>0.624411</confidence>
  </object>
  <object>
    <name>Vehicle</name>
    <bndbox>
      <xmin>935</xmin>
      <ymin>409</ymin>
      <xmax>1000</xmax>
      <ymax>451</ymax>
    </bndbox>
    <confidence>0.708152</confidence>
  </object>
  <object>
    <name>Vehicle</name>
    <bndbox>
      <xmin>433</xmin>
      <ymin>442</ymin>
      <xmax>528</xmax>
      <ymax>488</ymax>
    </bndbox>
    <confidence>0.76116</confidence>
  </object>
  <object>
    <name>Vehicle</name>
    <bndbox>
      <xmin>878</xmin>
      <ymin>399</ymin>
      <xmax>923</xmax>
      <ymax>433</ymax>
    </bndbox>
    <confidence>0.873684</confidence>
  </object>
  <object>
    <name>Vehicle</name>
    <bndbox>
      <xmin>859</xmin>
      <ymin>455</ymin>
      <xmax>1033</xmax>
      <ymax>591</ymax>
    </bndbox>
    <confidence>0.959984</confidence>
  </object>
</annotation>
