<annotation>
  <folder>runs\detect\exp39</folder>
  <filename>1_20200615_112419_003060.jpg</filename>
  <source>
    <database>Unknown</database>
  </source>
  <size>
    <width>1920</width>
    <height>1080</height>
    <depth>3</depth>
  </size>
  <segmented>0</segmented>
  <object>
    <name>Vehicle</name>
    <bndbox>
      <xmin>637</xmin>
      <ymin>523</ymin>
      <xmax>674</xmax>
      <ymax>559</ymax>
    </bndbox>
    <confidence>0.514591</confidence>
  </object>
  <object>
    <name>Vehicle</name>
    <bndbox>
      <xmin>285</xmin>
      <ymin>535</ymin>
      <xmax>319</xmax>
      <ymax>567</ymax>
    </bndbox>
    <confidence>0.770337</confidence>
  </object>
  <object>
    <name>Vehicle</name>
    <bndbox>
      <xmin>525</xmin>
      <ymin>532</ymin>
      <xmax>551</xmax>
      <ymax>560</ymax>
    </bndbox>
    <confidence>0.782498</confidence>
  </object>
  <object>
    <name>Vehicle</name>
    <bndbox>
      <xmin>544</xmin>
      <ymin>530</ymin>
      <xmax>587</xmax>
      <ymax>562</ymax>
    </bndbox>
    <confidence>0.911072</confidence>
  </object>
  <object>
    <name>Vehicle</name>
    <bndbox>
      <xmin>364</xmin>
      <ymin>536</ymin>
      <xmax>427</xmax>
      <ymax>590</ymax>
    </bndbox>
    <confidence>0.919452</confidence>
  </object>
  <object>
    <name>Vehicle</name>
    <bndbox>
      <xmin>1108</xmin>
      <ymin>509</ymin>
      <xmax>1202</xmax>
      <ymax>583</ymax>
    </bndbox>
    <confidence>0.943562</confidence>
  </object>
  <object>
    <name>Vehicle</name>
    <bndbox>
      <xmin>763</xmin>
      <ymin>508</ymin>
      <xmax>898</xmax>
      <ymax>614</ymax>
    </bndbox>
    <confidence>0.95245</confidence>
  </object>
</annotation>
