<annotation>
  <folder>runs\detect\exp39</folder>
  <filename>1_20200615_112419_002850.jpg</filename>
  <source>
    <database>Unknown</database>
  </source>
  <size>
    <width>1920</width>
    <height>1080</height>
    <depth>3</depth>
  </size>
  <segmented>0</segmented>
  <object>
    <name>Vehicle</name>
    <bndbox>
      <xmin>443</xmin>
      <ymin>534</ymin>
      <xmax>479</xmax>
      <ymax>562</ymax>
    </bndbox>
    <confidence>0.837317</confidence>
  </object>
  <object>
    <name>Vehicle</name>
    <bndbox>
      <xmin>370</xmin>
      <ymin>528</ymin>
      <xmax>420</xmax>
      <ymax>582</ymax>
    </bndbox>
    <confidence>0.90689</confidence>
  </object>
  <object>
    <name>Vehicle</name>
    <bndbox>
      <xmin>656</xmin>
      <ymin>532</ymin>
      <xmax>718</xmax>
      <ymax>580</ymax>
    </bndbox>
    <confidence>0.922408</confidence>
  </object>
  <object>
    <name>Vehicle</name>
    <bndbox>
      <xmin>240</xmin>
      <ymin>453</ymin>
      <xmax>377</xmax>
      <ymax>608</ymax>
    </bndbox>
    <confidence>0.937653</confidence>
  </object>
  <object>
    <name>Vehicle</name>
    <bndbox>
      <xmin>810</xmin>
      <ymin>516</ymin>
      <xmax>1001</xmax>
      <ymax>670</ymax>
    </bndbox>
    <confidence>0.962561</confidence>
  </object>
</annotation>
