<annotation>
  <folder>runs\detect\exp39</folder>
  <filename>1_20200615_112419_006390.jpg</filename>
  <source>
    <database>Unknown</database>
  </source>
  <size>
    <width>1920</width>
    <height>1080</height>
    <depth>3</depth>
  </size>
  <segmented>0</segmented>
  <object>
    <name>Vehicle</name>
    <bndbox>
      <xmin>928</xmin>
      <ymin>307</ymin>
      <xmax>962</xmax>
      <ymax>335</ymax>
    </bndbox>
    <confidence>0.686473</confidence>
  </object>
  <object>
    <name>Vehicle</name>
    <bndbox>
      <xmin>975</xmin>
      <ymin>412</ymin>
      <xmax>1034</xmax>
      <ymax>467</ymax>
    </bndbox>
    <confidence>0.813663</confidence>
  </object>
  <object>
    <name>Vehicle</name>
    <bndbox>
      <xmin>984</xmin>
      <ymin>362</ymin>
      <xmax>1030</xmax>
      <ymax>407</ymax>
    </bndbox>
    <confidence>0.823709</confidence>
  </object>
  <object>
    <name>Vehicle</name>
    <bndbox>
      <xmin>918</xmin>
      <ymin>342</ymin>
      <xmax>957</xmax>
      <ymax>372</ymax>
    </bndbox>
    <confidence>0.829721</confidence>
  </object>
  <object>
    <name>Vehicle</name>
    <bndbox>
      <xmin>904</xmin>
      <ymin>372</ymin>
      <xmax>950</xmax>
      <ymax>412</ymax>
    </bndbox>
    <confidence>0.867327</confidence>
  </object>
  <object>
    <name>TrafficSign</name>
    <bndbox>
      <xmin>905</xmin>
      <ymin>162</ymin>
      <xmax>953</xmax>
      <ymax>211</ymax>
    </bndbox>
    <confidence>0.902511</confidence>
  </object>
  <object>
    <name>Vehicle</name>
    <bndbox>
      <xmin>926</xmin>
      <ymin>453</ymin>
      <xmax>1050</xmax>
      <ymax>545</ymax>
    </bndbox>
    <confidence>0.943003</confidence>
  </object>
  <object>
    <name>Vehicle</name>
    <bndbox>
      <xmin>472</xmin>
      <ymin>468</ymin>
      <xmax>744</xmax>
      <ymax>674</ymax>
    </bndbox>
    <confidence>0.966145</confidence>
  </object>
</annotation>
