<annotation>
  <folder>runs\detect\exp2</folder>
  <filename>1_20200615_112419_006000.jpg</filename>
  <source>
    <database>Unknown</database>
  </source>
  <size>
    <width>1920</width>
    <height>1080</height>
    <depth>3</depth>
  </size>
  <segmented>0</segmented>
  <object>
    <name>TrafficSign</name>
    <bndbox>
      <xmin>474</xmin>
      <ymin>402</ymin>
      <xmax>499</xmax>
      <ymax>427</ymax>
    </bndbox>
    <confidence>0.437426</confidence>
  </object>
  <object>
    <name>TrafficSign</name>
    <bndbox>
      <xmin>497</xmin>
      <ymin>357</ymin>
      <xmax>522</xmax>
      <ymax>382</ymax>
    </bndbox>
    <confidence>0.597397</confidence>
  </object>
  <object>
    <name>TrafficSign</name>
    <bndbox>
      <xmin>497</xmin>
      <ymin>400</ymin>
      <xmax>524</xmax>
      <ymax>425</ymax>
    </bndbox>
    <confidence>0.715391</confidence>
  </object>
  <object>
    <name>Vehicle</name>
    <bndbox>
      <xmin>302</xmin>
      <ymin>528</ymin>
      <xmax>359</xmax>
      <ymax>566</ymax>
    </bndbox>
    <confidence>0.898247</confidence>
  </object>
  <object>
    <name>Vehicle</name>
    <bndbox>
      <xmin>614</xmin>
      <ymin>518</ymin>
      <xmax>671</xmax>
      <ymax>556</ymax>
    </bndbox>
    <confidence>0.898628</confidence>
  </object>
  <object>
    <name>Vehicle</name>
    <bndbox>
      <xmin>540</xmin>
      <ymin>512</ymin>
      <xmax>598</xmax>
      <ymax>555</ymax>
    </bndbox>
    <confidence>0.912562</confidence>
  </object>
  <object>
    <name>Vehicle</name>
    <bndbox>
      <xmin>686</xmin>
      <ymin>500</ymin>
      <xmax>767</xmax>
      <ymax>556</ymax>
    </bndbox>
    <confidence>0.933161</confidence>
  </object>
  <object>
    <name>Vehicle</name>
    <bndbox>
      <xmin>765</xmin>
      <ymin>460</ymin>
      <xmax>863</xmax>
      <ymax>574</ymax>
    </bndbox>
    <confidence>0.93848</confidence>
  </object>
  <object>
    <name>Vehicle</name>
    <bndbox>
      <xmin>793</xmin>
      <ymin>450</ymin>
      <xmax>1133</xmax>
      <ymax>703</ymax>
    </bndbox>
    <confidence>0.970463</confidence>
  </object>
</annotation>
