<annotation>
  <folder>runs\detect\exp39</folder>
  <filename>1_20200615_112419_007080.jpg</filename>
  <source>
    <database>Unknown</database>
  </source>
  <size>
    <width>1920</width>
    <height>1080</height>
    <depth>3</depth>
  </size>
  <segmented>0</segmented>
  <object>
    <name>Vehicle</name>
    <bndbox>
      <xmin>1236</xmin>
      <ymin>462</ymin>
      <xmax>1264</xmax>
      <ymax>495</ymax>
    </bndbox>
    <confidence>0.708908</confidence>
  </object>
  <object>
    <name>Vehicle</name>
    <bndbox>
      <xmin>1216</xmin>
      <ymin>478</ymin>
      <xmax>1247</xmax>
      <ymax>508</ymax>
    </bndbox>
    <confidence>0.845668</confidence>
  </object>
  <object>
    <name>TrafficSign</name>
    <bndbox>
      <xmin>1528</xmin>
      <ymin>370</ymin>
      <xmax>1557</xmax>
      <ymax>399</ymax>
    </bndbox>
    <confidence>0.890773</confidence>
  </object>
  <object>
    <name>TrafficSign</name>
    <bndbox>
      <xmin>1282</xmin>
      <ymin>215</ymin>
      <xmax>1328</xmax>
      <ymax>260</ymax>
    </bndbox>
    <confidence>0.913513</confidence>
  </object>
  <object>
    <name>Vehicle</name>
    <bndbox>
      <xmin>1272</xmin>
      <ymin>458</ymin>
      <xmax>1393</xmax>
      <ymax>558</ymax>
    </bndbox>
    <confidence>0.951983</confidence>
  </object>
  <object>
    <name>Vehicle</name>
    <bndbox>
      <xmin>1426</xmin>
      <ymin>411</ymin>
      <xmax>1729</xmax>
      <ymax>676</ymax>
    </bndbox>
    <confidence>0.969116</confidence>
  </object>
  <object>
    <name>Vehicle</name>
    <bndbox>
      <xmin>981</xmin>
      <ymin>461</ymin>
      <xmax>1206</xmax>
      <ymax>630</ymax>
    </bndbox>
    <confidence>0.969246</confidence>
  </object>
</annotation>
