<annotation>
  <folder>runs\detect\exp2</folder>
  <filename>1_20200615_112419_003510.jpg</filename>
  <source>
    <database>Unknown</database>
  </source>
  <size>
    <width>1920</width>
    <height>1080</height>
    <depth>3</depth>
  </size>
  <segmented>0</segmented>
  <object>
    <name>Vehicle</name>
    <bndbox>
      <xmin>387</xmin>
      <ymin>539</ymin>
      <xmax>418</xmax>
      <ymax>564</ymax>
    </bndbox>
    <confidence>0.661158</confidence>
  </object>
  <object>
    <name>TrafficSign</name>
    <bndbox>
      <xmin>1058</xmin>
      <ymin>421</ymin>
      <xmax>1088</xmax>
      <ymax>455</ymax>
    </bndbox>
    <confidence>0.846609</confidence>
  </object>
  <object>
    <name>TrafficSign</name>
    <bndbox>
      <xmin>1338</xmin>
      <ymin>332</ymin>
      <xmax>1384</xmax>
      <ymax>378</ymax>
    </bndbox>
    <confidence>0.90844</confidence>
  </object>
  <object>
    <name>TrafficSign</name>
    <bndbox>
      <xmin>1071</xmin>
      <ymin>74</ymin>
      <xmax>1140</xmax>
      <ymax>143</ymax>
    </bndbox>
    <confidence>0.911215</confidence>
  </object>
  <object>
    <name>Vehicle</name>
    <bndbox>
      <xmin>1813</xmin>
      <ymin>463</ymin>
      <xmax>1921</xmax>
      <ymax>675</ymax>
    </bndbox>
    <confidence>0.933344</confidence>
  </object>
  <object>
    <name>Vehicle</name>
    <bndbox>
      <xmin>793</xmin>
      <ymin>483</ymin>
      <xmax>941</xmax>
      <ymax>596</ymax>
    </bndbox>
    <confidence>0.951742</confidence>
  </object>
</annotation>
