<annotation>
  <folder>runs\detect\exp2</folder>
  <filename>1_20200615_112419_004320.jpg</filename>
  <source>
    <database>Unknown</database>
  </source>
  <size>
    <width>1920</width>
    <height>1080</height>
    <depth>3</depth>
  </size>
  <segmented>0</segmented>
  <object>
    <name>Pedestrian</name>
    <bndbox>
      <xmin>276</xmin>
      <ymin>624</ymin>
      <xmax>299</xmax>
      <ymax>679</ymax>
    </bndbox>
    <confidence>0.64454</confidence>
  </object>
  <object>
    <name>TrafficSign</name>
    <bndbox>
      <xmin>1122</xmin>
      <ymin>484</ymin>
      <xmax>1147</xmax>
      <ymax>509</ymax>
    </bndbox>
    <confidence>0.715987</confidence>
  </object>
  <object>
    <name>TrafficLight</name>
    <bndbox>
      <xmin>1045</xmin>
      <ymin>435</ymin>
      <xmax>1095</xmax>
      <ymax>449</ymax>
    </bndbox>
    <confidence>0.788765</confidence>
  </object>
  <object>
    <name>Vehicle</name>
    <bndbox>
      <xmin>631</xmin>
      <ymin>610</ymin>
      <xmax>673</xmax>
      <ymax>664</ymax>
    </bndbox>
    <confidence>0.861698</confidence>
  </object>
  <object>
    <name>TrafficSign</name>
    <bndbox>
      <xmin>1104</xmin>
      <ymin>252</ymin>
      <xmax>1160</xmax>
      <ymax>308</ymax>
    </bndbox>
    <confidence>0.91554</confidence>
  </object>
  <object>
    <name>Vehicle</name>
    <bndbox>
      <xmin>667</xmin>
      <ymin>494</ymin>
      <xmax>846</xmax>
      <ymax>663</ymax>
    </bndbox>
    <confidence>0.945622</confidence>
  </object>
  <object>
    <name>Vehicle</name>
    <bndbox>
      <xmin>1121</xmin>
      <ymin>570</ymin>
      <xmax>1239</xmax>
      <ymax>652</ymax>
    </bndbox>
    <confidence>0.950106</confidence>
  </object>
  <object>
    <name>Vehicle</name>
    <bndbox>
      <xmin>831</xmin>
      <ymin>497</ymin>
      <xmax>1114</xmax>
      <ymax>730</ymax>
    </bndbox>
    <confidence>0.96852</confidence>
  </object>
</annotation>
