<annotation>
  <folder>runs\detect\exp2</folder>
  <filename>1_20200615_112419_008070.jpg</filename>
  <source>
    <database>Unknown</database>
  </source>
  <size>
    <width>1920</width>
    <height>1080</height>
    <depth>3</depth>
  </size>
  <segmented>0</segmented>
  <object>
    <name>Vehicle</name>
    <bndbox>
      <xmin>1260</xmin>
      <ymin>481</ymin>
      <xmax>1294</xmax>
      <ymax>513</ymax>
    </bndbox>
    <confidence>0.833017</confidence>
  </object>
  <object>
    <name>Vehicle</name>
    <bndbox>
      <xmin>1334</xmin>
      <ymin>469</ymin>
      <xmax>1367</xmax>
      <ymax>513</ymax>
    </bndbox>
    <confidence>0.833533</confidence>
  </object>
  <object>
    <name>Vehicle</name>
    <bndbox>
      <xmin>1301</xmin>
      <ymin>479</ymin>
      <xmax>1335</xmax>
      <ymax>510</ymax>
    </bndbox>
    <confidence>0.837035</confidence>
  </object>
  <object>
    <name>Vehicle</name>
    <bndbox>
      <xmin>1746</xmin>
      <ymin>457</ymin>
      <xmax>1920</xmax>
      <ymax>869</ymax>
    </bndbox>
    <confidence>0.954818</confidence>
  </object>
</annotation>
