<annotation>
  <folder>runs\detect\exp2</folder>
  <filename>1_20200615_112419_004350.jpg</filename>
  <source>
    <database>Unknown</database>
  </source>
  <size>
    <width>1920</width>
    <height>1080</height>
    <depth>3</depth>
  </size>
  <segmented>0</segmented>
  <object>
    <name>Pedestrian</name>
    <bndbox>
      <xmin>1263</xmin>
      <ymin>579</ymin>
      <xmax>1284</xmax>
      <ymax>640</ymax>
    </bndbox>
    <confidence>0.342837</confidence>
  </object>
  <object>
    <name>Vehicle</name>
    <bndbox>
      <xmin>564</xmin>
      <ymin>609</ymin>
      <xmax>592</xmax>
      <ymax>671</ymax>
    </bndbox>
    <confidence>0.461508</confidence>
  </object>
  <object>
    <name>Pedestrian</name>
    <bndbox>
      <xmin>202</xmin>
      <ymin>620</ymin>
      <xmax>227</xmax>
      <ymax>682</ymax>
    </bndbox>
    <confidence>0.728114</confidence>
  </object>
  <object>
    <name>TrafficSign</name>
    <bndbox>
      <xmin>1135</xmin>
      <ymin>463</ymin>
      <xmax>1161</xmax>
      <ymax>488</ymax>
    </bndbox>
    <confidence>0.793847</confidence>
  </object>
  <object>
    <name>TrafficLight</name>
    <bndbox>
      <xmin>1050</xmin>
      <ymin>405</ymin>
      <xmax>1108</xmax>
      <ymax>421</ymax>
    </bndbox>
    <confidence>0.852997</confidence>
  </object>
  <object>
    <name>TrafficLight</name>
    <bndbox>
      <xmin>968</xmin>
      <ymin>215</ymin>
      <xmax>1075</xmax>
      <ymax>245</ymax>
    </bndbox>
    <confidence>0.882835</confidence>
  </object>
  <object>
    <name>TrafficLight</name>
    <bndbox>
      <xmin>1264</xmin>
      <ymin>205</ymin>
      <xmax>1370</xmax>
      <ymax>235</ymax>
    </bndbox>
    <confidence>0.894407</confidence>
  </object>
  <object>
    <name>TrafficSign</name>
    <bndbox>
      <xmin>1133</xmin>
      <ymin>171</ymin>
      <xmax>1200</xmax>
      <ymax>238</ymax>
    </bndbox>
    <confidence>0.937515</confidence>
  </object>
  <object>
    <name>Vehicle</name>
    <bndbox>
      <xmin>1114</xmin>
      <ymin>576</ymin>
      <xmax>1210</xmax>
      <ymax>653</ymax>
    </bndbox>
    <confidence>0.940779</confidence>
  </object>
  <object>
    <name>Vehicle</name>
    <bndbox>
      <xmin>580</xmin>
      <ymin>482</ymin>
      <xmax>815</xmax>
      <ymax>684</ymax>
    </bndbox>
    <confidence>0.958934</confidence>
  </object>
  <object>
    <name>Vehicle</name>
    <bndbox>
      <xmin>835</xmin>
      <ymin>500</ymin>
      <xmax>1124</xmax>
      <ymax>737</ymax>
    </bndbox>
    <confidence>0.974385</confidence>
  </object>
</annotation>
