<annotation>
  <folder>runs\detect\exp2</folder>
  <filename>1_20200615_112419_008790.jpg</filename>
  <source>
    <database>Unknown</database>
  </source>
  <size>
    <width>1920</width>
    <height>1080</height>
    <depth>3</depth>
  </size>
  <segmented>0</segmented>
  <object>
    <name>Vehicle</name>
    <bndbox>
      <xmin>682</xmin>
      <ymin>513</ymin>
      <xmax>735</xmax>
      <ymax>552</ymax>
    </bndbox>
    <confidence>0.740773</confidence>
  </object>
  <object>
    <name>TrafficSign</name>
    <bndbox>
      <xmin>947</xmin>
      <ymin>342</ymin>
      <xmax>977</xmax>
      <ymax>371</ymax>
    </bndbox>
    <confidence>0.908012</confidence>
  </object>
  <object>
    <name>Vehicle</name>
    <bndbox>
      <xmin>947</xmin>
      <ymin>476</ymin>
      <xmax>1002</xmax>
      <ymax>549</ymax>
    </bndbox>
    <confidence>0.912215</confidence>
  </object>
  <object>
    <name>Vehicle</name>
    <bndbox>
      <xmin>266</xmin>
      <ymin>455</ymin>
      <xmax>716</xmax>
      <ymax>781</ymax>
    </bndbox>
    <confidence>0.977829</confidence>
  </object>
</annotation>
