<annotation>
  <folder>runs\detect\exp2</folder>
  <filename>1_20200615_112419_005970.jpg</filename>
  <source>
    <database>Unknown</database>
  </source>
  <size>
    <width>1920</width>
    <height>1080</height>
    <depth>3</depth>
  </size>
  <segmented>0</segmented>
  <object>
    <name>Vehicle</name>
    <bndbox>
      <xmin>623</xmin>
      <ymin>476</ymin>
      <xmax>676</xmax>
      <ymax>514</ymax>
    </bndbox>
    <confidence>0.913802</confidence>
  </object>
  <object>
    <name>Vehicle</name>
    <bndbox>
      <xmin>557</xmin>
      <ymin>470</ymin>
      <xmax>617</xmax>
      <ymax>515</ymax>
    </bndbox>
    <confidence>0.916424</confidence>
  </object>
  <object>
    <name>Vehicle</name>
    <bndbox>
      <xmin>700</xmin>
      <ymin>463</ymin>
      <xmax>775</xmax>
      <ymax>516</ymax>
    </bndbox>
    <confidence>0.94121</confidence>
  </object>
  <object>
    <name>Vehicle</name>
    <bndbox>
      <xmin>777</xmin>
      <ymin>438</ymin>
      <xmax>895</xmax>
      <ymax>542</ymax>
    </bndbox>
    <confidence>0.94631</confidence>
  </object>
  <object>
    <name>Vehicle</name>
    <bndbox>
      <xmin>1784</xmin>
      <ymin>442</ymin>
      <xmax>1921</xmax>
      <ymax>623</ymax>
    </bndbox>
    <confidence>0.962629</confidence>
  </object>
  <object>
    <name>Vehicle</name>
    <bndbox>
      <xmin>861</xmin>
      <ymin>445</ymin>
      <xmax>1137</xmax>
      <ymax>648</ymax>
    </bndbox>
    <confidence>0.96918</confidence>
  </object>
</annotation>
