<annotation>
  <folder>runs\detect\exp39</folder>
  <filename>1_20200615_112419_005220.jpg</filename>
  <source>
    <database>Unknown</database>
  </source>
  <size>
    <width>1920</width>
    <height>1080</height>
    <depth>3</depth>
  </size>
  <segmented>0</segmented>
  <object>
    <name>Pedestrian</name>
    <bndbox>
      <xmin>545</xmin>
      <ymin>493</ymin>
      <xmax>556</xmax>
      <ymax>523</ymax>
    </bndbox>
    <confidence>0.287052</confidence>
  </object>
  <object>
    <name>Pedestrian</name>
    <bndbox>
      <xmin>588</xmin>
      <ymin>498</ymin>
      <xmax>599</xmax>
      <ymax>530</ymax>
    </bndbox>
    <confidence>0.294888</confidence>
  </object>
  <object>
    <name>Pedestrian</name>
    <bndbox>
      <xmin>1325</xmin>
      <ymin>475</ymin>
      <xmax>1344</xmax>
      <ymax>537</ymax>
    </bndbox>
    <confidence>0.586748</confidence>
  </object>
  <object>
    <name>Pedestrian</name>
    <bndbox>
      <xmin>1343</xmin>
      <ymin>474</ymin>
      <xmax>1358</xmax>
      <ymax>537</ymax>
    </bndbox>
    <confidence>0.612487</confidence>
  </object>
  <object>
    <name>TrafficSign</name>
    <bndbox>
      <xmin>1026</xmin>
      <ymin>349</ymin>
      <xmax>1051</xmax>
      <ymax>374</ymax>
    </bndbox>
    <confidence>0.708437</confidence>
  </object>
  <object>
    <name>TrafficLight</name>
    <bndbox>
      <xmin>922</xmin>
      <ymin>294</ymin>
      <xmax>982</xmax>
      <ymax>310</ymax>
    </bndbox>
    <confidence>0.867646</confidence>
  </object>
  <object>
    <name>TrafficLight</name>
    <bndbox>
      <xmin>742</xmin>
      <ymin>149</ymin>
      <xmax>848</xmax>
      <ymax>178</ymax>
    </bndbox>
    <confidence>0.873446</confidence>
  </object>
  <object>
    <name>TrafficLight</name>
    <bndbox>
      <xmin>1032</xmin>
      <ymin>142</ymin>
      <xmax>1139</xmax>
      <ymax>171</ymax>
    </bndbox>
    <confidence>0.888302</confidence>
  </object>
  <object>
    <name>TrafficSign</name>
    <bndbox>
      <xmin>1087</xmin>
      <ymin>246</ymin>
      <xmax>1124</xmax>
      <ymax>284</ymax>
    </bndbox>
    <confidence>0.896871</confidence>
  </object>
  <object>
    <name>Vehicle</name>
    <bndbox>
      <xmin>714</xmin>
      <ymin>466</ymin>
      <xmax>778</xmax>
      <ymax>542</ymax>
    </bndbox>
    <confidence>0.89953</confidence>
  </object>
  <object>
    <name>Vehicle</name>
    <bndbox>
      <xmin>830</xmin>
      <ymin>486</ymin>
      <xmax>887</xmax>
      <ymax>553</ymax>
    </bndbox>
    <confidence>0.917195</confidence>
  </object>
  <object>
    <name>Vehicle</name>
    <bndbox>
      <xmin>677</xmin>
      <ymin>489</ymin>
      <xmax>756</xmax>
      <ymax>548</ymax>
    </bndbox>
    <confidence>0.929906</confidence>
  </object>
  <object>
    <name>Vehicle</name>
    <bndbox>
      <xmin>169</xmin>
      <ymin>458</ymin>
      <xmax>317</xmax>
      <ymax>573</ymax>
    </bndbox>
    <confidence>0.934106</confidence>
  </object>
  <object>
    <name>TrafficSign</name>
    <bndbox>
      <xmin>910</xmin>
      <ymin>125</ymin>
      <xmax>976</xmax>
      <ymax>192</ymax>
    </bndbox>
    <confidence>0.93823</confidence>
  </object>
  <object>
    <name>Vehicle</name>
    <bndbox>
      <xmin>336</xmin>
      <ymin>506</ymin>
      <xmax>421</xmax>
      <ymax>562</ymax>
    </bndbox>
    <confidence>0.947718</confidence>
  </object>
  <object>
    <name>Vehicle</name>
    <bndbox>
      <xmin>842</xmin>
      <ymin>455</ymin>
      <xmax>1139</xmax>
      <ymax>703</ymax>
    </bndbox>
    <confidence>0.967436</confidence>
  </object>
</annotation>
