<annotation>
  <folder>runs\detect\exp2</folder>
  <filename>1_20200615_112419_000570.jpg</filename>
  <source>
    <database>Unknown</database>
  </source>
  <size>
    <width>1920</width>
    <height>1080</height>
    <depth>3</depth>
  </size>
  <segmented>0</segmented>
  <object>
    <name>Pedestrian</name>
    <bndbox>
      <xmin>1493</xmin>
      <ymin>490</ymin>
      <xmax>1549</xmax>
      <ymax>532</ymax>
    </bndbox>
    <confidence>0.268398</confidence>
  </object>
  <object>
    <name>Vehicle</name>
    <bndbox>
      <xmin>579</xmin>
      <ymin>481</ymin>
      <xmax>605</xmax>
      <ymax>520</ymax>
    </bndbox>
    <confidence>0.466729</confidence>
  </object>
  <object>
    <name>Vehicle</name>
    <bndbox>
      <xmin>375</xmin>
      <ymin>469</ymin>
      <xmax>432</xmax>
      <ymax>504</ymax>
    </bndbox>
    <confidence>0.570899</confidence>
  </object>
  <object>
    <name>Vehicle</name>
    <bndbox>
      <xmin>430</xmin>
      <ymin>474</ymin>
      <xmax>486</xmax>
      <ymax>508</ymax>
    </bndbox>
    <confidence>0.642297</confidence>
  </object>
  <object>
    <name>Vehicle</name>
    <bndbox>
      <xmin>586</xmin>
      <ymin>479</ymin>
      <xmax>619</xmax>
      <ymax>515</ymax>
    </bndbox>
    <confidence>0.734599</confidence>
  </object>
  <object>
    <name>TrafficSign</name>
    <bndbox>
      <xmin>1307</xmin>
      <ymin>355</ymin>
      <xmax>1336</xmax>
      <ymax>385</ymax>
    </bndbox>
    <confidence>0.83352</confidence>
  </object>
  <object>
    <name>Vehicle</name>
    <bndbox>
      <xmin>514</xmin>
      <ymin>485</ymin>
      <xmax>563</xmax>
      <ymax>527</ymax>
    </bndbox>
    <confidence>0.843636</confidence>
  </object>
  <object>
    <name>Vehicle</name>
    <bndbox>
      <xmin>1190</xmin>
      <ymin>459</ymin>
      <xmax>1231</xmax>
      <ymax>498</ymax>
    </bndbox>
    <confidence>0.860604</confidence>
  </object>
  <object>
    <name>Vehicle</name>
    <bndbox>
      <xmin>501</xmin>
      <ymin>491</ymin>
      <xmax>537</xmax>
      <ymax>532</ymax>
    </bndbox>
    <confidence>0.873139</confidence>
  </object>
  <object>
    <name>Vehicle</name>
    <bndbox>
      <xmin>753</xmin>
      <ymin>463</ymin>
      <xmax>788</xmax>
      <ymax>491</ymax>
    </bndbox>
    <confidence>0.884908</confidence>
  </object>
  <object>
    <name>Vehicle</name>
    <bndbox>
      <xmin>532</xmin>
      <ymin>477</ymin>
      <xmax>585</xmax>
      <ymax>524</ymax>
    </bndbox>
    <confidence>0.896894</confidence>
  </object>
  <object>
    <name>Vehicle</name>
    <bndbox>
      <xmin>451</xmin>
      <ymin>491</ymin>
      <xmax>515</xmax>
      <ymax>540</ymax>
    </bndbox>
    <confidence>0.901375</confidence>
  </object>
  <object>
    <name>Vehicle</name>
    <bndbox>
      <xmin>377</xmin>
      <ymin>496</ymin>
      <xmax>456</xmax>
      <ymax>551</ymax>
    </bndbox>
    <confidence>0.947598</confidence>
  </object>
  <object>
    <name>Vehicle</name>
    <bndbox>
      <xmin>886</xmin>
      <ymin>459</ymin>
      <xmax>1121</xmax>
      <ymax>651</ymax>
    </bndbox>
    <confidence>0.972967</confidence>
  </object>
</annotation>
