<annotation>
  <folder>runs\detect\exp2</folder>
  <filename>1_20200615_112419_005850.jpg</filename>
  <source>
    <database>Unknown</database>
  </source>
  <size>
    <width>1920</width>
    <height>1080</height>
    <depth>3</depth>
  </size>
  <segmented>0</segmented>
  <object>
    <name>Vehicle</name>
    <bndbox>
      <xmin>497</xmin>
      <ymin>421</ymin>
      <xmax>533</xmax>
      <ymax>458</ymax>
    </bndbox>
    <confidence>0.298375</confidence>
  </object>
  <object>
    <name>Vehicle</name>
    <bndbox>
      <xmin>92</xmin>
      <ymin>451</ymin>
      <xmax>131</xmax>
      <ymax>493</ymax>
    </bndbox>
    <confidence>0.660674</confidence>
  </object>
  <object>
    <name>Vehicle</name>
    <bndbox>
      <xmin>500</xmin>
      <ymin>434</ymin>
      <xmax>545</xmax>
      <ymax>466</ymax>
    </bndbox>
    <confidence>0.786905</confidence>
  </object>
  <object>
    <name>Vehicle</name>
    <bndbox>
      <xmin>532</xmin>
      <ymin>425</ymin>
      <xmax>569</xmax>
      <ymax>459</ymax>
    </bndbox>
    <confidence>0.868349</confidence>
  </object>
  <object>
    <name>Vehicle</name>
    <bndbox>
      <xmin>816</xmin>
      <ymin>449</ymin>
      <xmax>870</xmax>
      <ymax>489</ymax>
    </bndbox>
    <confidence>0.880714</confidence>
  </object>
  <object>
    <name>Vehicle</name>
    <bndbox>
      <xmin>412</xmin>
      <ymin>436</ymin>
      <xmax>455</xmax>
      <ymax>468</ymax>
    </bndbox>
    <confidence>0.886252</confidence>
  </object>
  <object>
    <name>Vehicle</name>
    <bndbox>
      <xmin>500</xmin>
      <ymin>454</ymin>
      <xmax>557</xmax>
      <ymax>496</ymax>
    </bndbox>
    <confidence>0.902206</confidence>
  </object>
  <object>
    <name>TrafficSign</name>
    <bndbox>
      <xmin>1759</xmin>
      <ymin>471</ymin>
      <xmax>1861</xmax>
      <ymax>581</ymax>
    </bndbox>
    <confidence>0.910588</confidence>
  </object>
  <object>
    <name>TrafficSign</name>
    <bndbox>
      <xmin>1759</xmin>
      <ymin>182</ymin>
      <xmax>1846</xmax>
      <ymax>272</ymax>
    </bndbox>
    <confidence>0.92022</confidence>
  </object>
  <object>
    <name>Vehicle</name>
    <bndbox>
      <xmin>597</xmin>
      <ymin>454</ymin>
      <xmax>655</xmax>
      <ymax>495</ymax>
    </bndbox>
    <confidence>0.927609</confidence>
  </object>
  <object>
    <name>TrafficSign</name>
    <bndbox>
      <xmin>1742</xmin>
      <ymin>4</ymin>
      <xmax>1828</xmax>
      <ymax>92</ymax>
    </bndbox>
    <confidence>0.933713</confidence>
  </object>
  <object>
    <name>TrafficSign</name>
    <bndbox>
      <xmin>1751</xmin>
      <ymin>94</ymin>
      <xmax>1838</xmax>
      <ymax>182</ymax>
    </bndbox>
    <confidence>0.938289</confidence>
  </object>
  <object>
    <name>Vehicle</name>
    <bndbox>
      <xmin>691</xmin>
      <ymin>470</ymin>
      <xmax>774</xmax>
      <ymax>545</ymax>
    </bndbox>
    <confidence>0.943532</confidence>
  </object>
  <object>
    <name>Vehicle</name>
    <bndbox>
      <xmin>733</xmin>
      <ymin>493</ymin>
      <xmax>881</xmax>
      <ymax>600</ymax>
    </bndbox>
    <confidence>0.959966</confidence>
  </object>
</annotation>
