<annotation>
  <folder>runs\detect\exp39</folder>
  <filename>1_20200615_112419_006660.jpg</filename>
  <source>
    <database>Unknown</database>
  </source>
  <size>
    <width>1920</width>
    <height>1080</height>
    <depth>3</depth>
  </size>
  <segmented>0</segmented>
  <object>
    <name>Vehicle</name>
    <bndbox>
      <xmin>497</xmin>
      <ymin>454</ymin>
      <xmax>601</xmax>
      <ymax>495</ymax>
    </bndbox>
    <confidence>0.891553</confidence>
  </object>
  <object>
    <name>Vehicle</name>
    <bndbox>
      <xmin>860</xmin>
      <ymin>452</ymin>
      <xmax>1068</xmax>
      <ymax>619</ymax>
    </bndbox>
    <confidence>0.960047</confidence>
  </object>
</annotation>
