<annotation>
  <folder>runs\detect\exp2</folder>
  <filename>1_20200615_112419_007200.jpg</filename>
  <source>
    <database>Unknown</database>
  </source>
  <size>
    <width>1920</width>
    <height>1080</height>
    <depth>3</depth>
  </size>
  <segmented>0</segmented>
  <object>
    <name>Vehicle</name>
    <bndbox>
      <xmin>1080</xmin>
      <ymin>467</ymin>
      <xmax>1108</xmax>
      <ymax>496</ymax>
    </bndbox>
    <confidence>0.794065</confidence>
  </object>
  <object>
    <name>Vehicle</name>
    <bndbox>
      <xmin>1061</xmin>
      <ymin>479</ymin>
      <xmax>1092</xmax>
      <ymax>505</ymax>
    </bndbox>
    <confidence>0.802603</confidence>
  </object>
  <object>
    <name>Vehicle</name>
    <bndbox>
      <xmin>1149</xmin>
      <ymin>490</ymin>
      <xmax>1283</xmax>
      <ymax>598</ymax>
    </bndbox>
    <confidence>0.959263</confidence>
  </object>
  <object>
    <name>Vehicle</name>
    <bndbox>
      <xmin>858</xmin>
      <ymin>490</ymin>
      <xmax>1056</xmax>
      <ymax>635</ymax>
    </bndbox>
    <confidence>0.967492</confidence>
  </object>
  <object>
    <name>Vehicle</name>
    <bndbox>
      <xmin>1459</xmin>
      <ymin>422</ymin>
      <xmax>1876</xmax>
      <ymax>767</ymax>
    </bndbox>
    <confidence>0.975437</confidence>
  </object>
</annotation>
