<annotation>
  <folder>runs\detect\exp2</folder>
  <filename>1_20200615_112419_003930.jpg</filename>
  <source>
    <database>Unknown</database>
  </source>
  <size>
    <width>1920</width>
    <height>1080</height>
    <depth>3</depth>
  </size>
  <segmented>0</segmented>
  <object>
    <name>Vehicle</name>
    <bndbox>
      <xmin>555</xmin>
      <ymin>497</ymin>
      <xmax>589</xmax>
      <ymax>522</ymax>
    </bndbox>
    <confidence>0.652236</confidence>
  </object>
  <object>
    <name>Vehicle</name>
    <bndbox>
      <xmin>252</xmin>
      <ymin>500</ymin>
      <xmax>289</xmax>
      <ymax>540</ymax>
    </bndbox>
    <confidence>0.828773</confidence>
  </object>
  <object>
    <name>TrafficSign</name>
    <bndbox>
      <xmin>814</xmin>
      <ymin>270</ymin>
      <xmax>940</xmax>
      <ymax>321</ymax>
    </bndbox>
    <confidence>0.866067</confidence>
  </object>
  <object>
    <name>Vehicle</name>
    <bndbox>
      <xmin>784</xmin>
      <ymin>461</ymin>
      <xmax>1022</xmax>
      <ymax>658</ymax>
    </bndbox>
    <confidence>0.970472</confidence>
  </object>
  <object>
    <name>Vehicle</name>
    <bndbox>
      <xmin>235</xmin>
      <ymin>472</ymin>
      <xmax>604</xmax>
      <ymax>730</ymax>
    </bndbox>
    <confidence>0.970662</confidence>
  </object>
</annotation>
