<annotation>
  <folder>runs\detect\exp2</folder>
  <filename>1_20200615_112419_003000.jpg</filename>
  <source>
    <database>Unknown</database>
  </source>
  <size>
    <width>1920</width>
    <height>1080</height>
    <depth>3</depth>
  </size>
  <segmented>0</segmented>
  <object>
    <name>Vehicle</name>
    <bndbox>
      <xmin>586</xmin>
      <ymin>512</ymin>
      <xmax>615</xmax>
      <ymax>549</ymax>
    </bndbox>
    <confidence>0.399189</confidence>
  </object>
  <object>
    <name>Vehicle</name>
    <bndbox>
      <xmin>402</xmin>
      <ymin>530</ymin>
      <xmax>429</xmax>
      <ymax>556</ymax>
    </bndbox>
    <confidence>0.558934</confidence>
  </object>
  <object>
    <name>Vehicle</name>
    <bndbox>
      <xmin>509</xmin>
      <ymin>521</ymin>
      <xmax>540</xmax>
      <ymax>553</ymax>
    </bndbox>
    <confidence>0.597381</confidence>
  </object>
  <object>
    <name>Vehicle</name>
    <bndbox>
      <xmin>529</xmin>
      <ymin>523</ymin>
      <xmax>576</xmax>
      <ymax>558</ymax>
    </bndbox>
    <confidence>0.822674</confidence>
  </object>
  <object>
    <name>Vehicle</name>
    <bndbox>
      <xmin>591</xmin>
      <ymin>519</ymin>
      <xmax>655</xmax>
      <ymax>553</ymax>
    </bndbox>
    <confidence>0.889988</confidence>
  </object>
  <object>
    <name>Vehicle</name>
    <bndbox>
      <xmin>322</xmin>
      <ymin>531</ymin>
      <xmax>361</xmax>
      <ymax>564</ymax>
    </bndbox>
    <confidence>0.89254</confidence>
  </object>
  <object>
    <name>Vehicle</name>
    <bndbox>
      <xmin>912</xmin>
      <ymin>512</ymin>
      <xmax>978</xmax>
      <ymax>563</ymax>
    </bndbox>
    <confidence>0.928865</confidence>
  </object>
  <object>
    <name>Vehicle</name>
    <bndbox>
      <xmin>193</xmin>
      <ymin>501</ymin>
      <xmax>304</xmax>
      <ymax>608</ymax>
    </bndbox>
    <confidence>0.946737</confidence>
  </object>
  <object>
    <name>Vehicle</name>
    <bndbox>
      <xmin>745</xmin>
      <ymin>500</ymin>
      <xmax>893</xmax>
      <ymax>617</ymax>
    </bndbox>
    <confidence>0.96261</confidence>
  </object>
</annotation>
