<annotation>
  <folder>runs\detect\exp39</folder>
  <filename>1_20200615_112419_007110.jpg</filename>
  <source>
    <database>Unknown</database>
  </source>
  <size>
    <width>1920</width>
    <height>1080</height>
    <depth>3</depth>
  </size>
  <segmented>0</segmented>
  <object>
    <name>TrafficSign</name>
    <bndbox>
      <xmin>1887</xmin>
      <ymin>341</ymin>
      <xmax>1918</xmax>
      <ymax>374</ymax>
    </bndbox>
    <confidence>0.48352</confidence>
  </object>
  <object>
    <name>Vehicle</name>
    <bndbox>
      <xmin>1137</xmin>
      <ymin>485</ymin>
      <xmax>1164</xmax>
      <ymax>516</ymax>
    </bndbox>
    <confidence>0.782106</confidence>
  </object>
  <object>
    <name>TrafficSign</name>
    <bndbox>
      <xmin>1597</xmin>
      <ymin>359</ymin>
      <xmax>1639</xmax>
      <ymax>400</ymax>
    </bndbox>
    <confidence>0.922666</confidence>
  </object>
  <object>
    <name>TrafficSign</name>
    <bndbox>
      <xmin>1257</xmin>
      <ymin>139</ymin>
      <xmax>1319</xmax>
      <ymax>201</ymax>
    </bndbox>
    <confidence>0.934152</confidence>
  </object>
  <object>
    <name>Vehicle</name>
    <bndbox>
      <xmin>1212</xmin>
      <ymin>490</ymin>
      <xmax>1341</xmax>
      <ymax>593</ymax>
    </bndbox>
    <confidence>0.954416</confidence>
  </object>
  <object>
    <name>Vehicle</name>
    <bndbox>
      <xmin>1434</xmin>
      <ymin>430</ymin>
      <xmax>1771</xmax>
      <ymax>718</ymax>
    </bndbox>
    <confidence>0.9691</confidence>
  </object>
  <object>
    <name>Vehicle</name>
    <bndbox>
      <xmin>928</xmin>
      <ymin>489</ymin>
      <xmax>1154</xmax>
      <ymax>655</ymax>
    </bndbox>
    <confidence>0.970446</confidence>
  </object>
</annotation>
