<annotation>
  <folder>runs\detect\exp2</folder>
  <filename>1_20200615_112419_006390.jpg</filename>
  <source>
    <database>Unknown</database>
  </source>
  <size>
    <width>1920</width>
    <height>1080</height>
    <depth>3</depth>
  </size>
  <segmented>0</segmented>
  <object>
    <name>Vehicle</name>
    <bndbox>
      <xmin>928</xmin>
      <ymin>307</ymin>
      <xmax>962</xmax>
      <ymax>335</ymax>
    </bndbox>
    <confidence>0.71026</confidence>
  </object>
  <object>
    <name>Vehicle</name>
    <bndbox>
      <xmin>975</xmin>
      <ymin>412</ymin>
      <xmax>1034</xmax>
      <ymax>467</ymax>
    </bndbox>
    <confidence>0.826827</confidence>
  </object>
  <object>
    <name>Vehicle</name>
    <bndbox>
      <xmin>984</xmin>
      <ymin>362</ymin>
      <xmax>1030</xmax>
      <ymax>407</ymax>
    </bndbox>
    <confidence>0.833239</confidence>
  </object>
  <object>
    <name>Vehicle</name>
    <bndbox>
      <xmin>918</xmin>
      <ymin>342</ymin>
      <xmax>957</xmax>
      <ymax>372</ymax>
    </bndbox>
    <confidence>0.84027</confidence>
  </object>
  <object>
    <name>Vehicle</name>
    <bndbox>
      <xmin>904</xmin>
      <ymin>372</ymin>
      <xmax>950</xmax>
      <ymax>412</ymax>
    </bndbox>
    <confidence>0.872632</confidence>
  </object>
  <object>
    <name>TrafficSign</name>
    <bndbox>
      <xmin>905</xmin>
      <ymin>162</ymin>
      <xmax>953</xmax>
      <ymax>211</ymax>
    </bndbox>
    <confidence>0.907422</confidence>
  </object>
  <object>
    <name>Vehicle</name>
    <bndbox>
      <xmin>926</xmin>
      <ymin>453</ymin>
      <xmax>1050</xmax>
      <ymax>545</ymax>
    </bndbox>
    <confidence>0.948055</confidence>
  </object>
  <object>
    <name>Vehicle</name>
    <bndbox>
      <xmin>470</xmin>
      <ymin>469</ymin>
      <xmax>743</xmax>
      <ymax>674</ymax>
    </bndbox>
    <confidence>0.969515</confidence>
  </object>
</annotation>
