<annotation>
  <folder>runs\detect\exp2</folder>
  <filename>1_20200615_112419_003720.jpg</filename>
  <source>
    <database>Unknown</database>
  </source>
  <size>
    <width>1920</width>
    <height>1080</height>
    <depth>3</depth>
  </size>
  <segmented>0</segmented>
  <object>
    <name>Vehicle</name>
    <bndbox>
      <xmin>210</xmin>
      <ymin>508</ymin>
      <xmax>243</xmax>
      <ymax>538</ymax>
    </bndbox>
    <confidence>0.433319</confidence>
  </object>
  <object>
    <name>Vehicle</name>
    <bndbox>
      <xmin>173</xmin>
      <ymin>512</ymin>
      <xmax>229</xmax>
      <ymax>545</ymax>
    </bndbox>
    <confidence>0.74003</confidence>
  </object>
  <object>
    <name>Vehicle</name>
    <bndbox>
      <xmin>803</xmin>
      <ymin>482</ymin>
      <xmax>986</xmax>
      <ymax>624</ymax>
    </bndbox>
    <confidence>0.966529</confidence>
  </object>
</annotation>
