<annotation>
  <folder>runs\detect\exp2</folder>
  <filename>1_20200615_112419_003570.jpg</filename>
  <source>
    <database>Unknown</database>
  </source>
  <size>
    <width>1920</width>
    <height>1080</height>
    <depth>3</depth>
  </size>
  <segmented>0</segmented>
  <object>
    <name>Vehicle</name>
    <bndbox>
      <xmin>364</xmin>
      <ymin>532</ymin>
      <xmax>398</xmax>
      <ymax>557</ymax>
    </bndbox>
    <confidence>0.744879</confidence>
  </object>
  <object>
    <name>TrafficSign</name>
    <bndbox>
      <xmin>1418</xmin>
      <ymin>333</ymin>
      <xmax>1478</xmax>
      <ymax>400</ymax>
    </bndbox>
    <confidence>0.914287</confidence>
  </object>
  <object>
    <name>Vehicle</name>
    <bndbox>
      <xmin>771</xmin>
      <ymin>482</ymin>
      <xmax>936</xmax>
      <ymax>612</ymax>
    </bndbox>
    <confidence>0.963629</confidence>
  </object>
</annotation>
