<annotation>
  <folder>runs\detect\exp39</folder>
  <filename>1_20200615_112419_007470.jpg</filename>
  <source>
    <database>Unknown</database>
  </source>
  <size>
    <width>1920</width>
    <height>1080</height>
    <depth>3</depth>
  </size>
  <segmented>0</segmented>
  <object>
    <name>TrafficSign</name>
    <bndbox>
      <xmin>1399</xmin>
      <ymin>383</ymin>
      <xmax>1436</xmax>
      <ymax>413</ymax>
    </bndbox>
    <confidence>0.81681</confidence>
  </object>
  <object>
    <name>Vehicle</name>
    <bndbox>
      <xmin>1106</xmin>
      <ymin>460</ymin>
      <xmax>1230</xmax>
      <ymax>549</ymax>
    </bndbox>
    <confidence>0.951959</confidence>
  </object>
  <object>
    <name>Vehicle</name>
    <bndbox>
      <xmin>1292</xmin>
      <ymin>449</ymin>
      <xmax>1464</xmax>
      <ymax>583</ymax>
    </bndbox>
    <confidence>0.962104</confidence>
  </object>
</annotation>
