<annotation>
  <folder>runs\detect\exp39</folder>
  <filename>1_20200615_112419_002760.jpg</filename>
  <source>
    <database>Unknown</database>
  </source>
  <size>
    <width>1920</width>
    <height>1080</height>
    <depth>3</depth>
  </size>
  <segmented>0</segmented>
  <object>
    <name>Vehicle</name>
    <bndbox>
      <xmin>247</xmin>
      <ymin>515</ymin>
      <xmax>289</xmax>
      <ymax>552</ymax>
    </bndbox>
    <confidence>0.272319</confidence>
  </object>
  <object>
    <name>Vehicle</name>
    <bndbox>
      <xmin>329</xmin>
      <ymin>494</ymin>
      <xmax>392</xmax>
      <ymax>545</ymax>
    </bndbox>
    <confidence>0.547463</confidence>
  </object>
  <object>
    <name>Vehicle</name>
    <bndbox>
      <xmin>561</xmin>
      <ymin>529</ymin>
      <xmax>594</xmax>
      <ymax>555</ymax>
    </bndbox>
    <confidence>0.729582</confidence>
  </object>
  <object>
    <name>Vehicle</name>
    <bndbox>
      <xmin>416</xmin>
      <ymin>528</ymin>
      <xmax>453</xmax>
      <ymax>555</ymax>
    </bndbox>
    <confidence>0.805863</confidence>
  </object>
  <object>
    <name>Vehicle</name>
    <bndbox>
      <xmin>290</xmin>
      <ymin>527</ymin>
      <xmax>327</xmax>
      <ymax>559</ymax>
    </bndbox>
    <confidence>0.883959</confidence>
  </object>
  <object>
    <name>Vehicle</name>
    <bndbox>
      <xmin>326</xmin>
      <ymin>524</ymin>
      <xmax>393</xmax>
      <ymax>577</ymax>
    </bndbox>
    <confidence>0.924086</confidence>
  </object>
  <object>
    <name>Vehicle</name>
    <bndbox>
      <xmin>741</xmin>
      <ymin>510</ymin>
      <xmax>817</xmax>
      <ymax>577</ymax>
    </bndbox>
    <confidence>0.940073</confidence>
  </object>
  <object>
    <name>Vehicle</name>
    <bndbox>
      <xmin>1</xmin>
      <ymin>527</ymin>
      <xmax>118</xmax>
      <ymax>624</ymax>
    </bndbox>
    <confidence>0.957753</confidence>
  </object>
  <object>
    <name>Vehicle</name>
    <bndbox>
      <xmin>787</xmin>
      <ymin>489</ymin>
      <xmax>1003</xmax>
      <ymax>663</ymax>
    </bndbox>
    <confidence>0.966824</confidence>
  </object>
</annotation>
