<annotation>
  <folder>runs\detect\exp2</folder>
  <filename>1_20200615_112419_000990.jpg</filename>
  <source>
    <database>Unknown</database>
  </source>
  <size>
    <width>1920</width>
    <height>1080</height>
    <depth>3</depth>
  </size>
  <segmented>0</segmented>
  <object>
    <name>Vehicle</name>
    <bndbox>
      <xmin>619</xmin>
      <ymin>559</ymin>
      <xmax>690</xmax>
      <ymax>584</ymax>
    </bndbox>
    <confidence>0.419652</confidence>
  </object>
  <object>
    <name>Vehicle</name>
    <bndbox>
      <xmin>914</xmin>
      <ymin>530</ymin>
      <xmax>1072</xmax>
      <ymax>656</ymax>
    </bndbox>
    <confidence>0.965719</confidence>
  </object>
</annotation>
