<annotation>
  <folder>runs\detect\exp2</folder>
  <filename>1_20200615_112419_007050.jpg</filename>
  <source>
    <database>Unknown</database>
  </source>
  <size>
    <width>1920</width>
    <height>1080</height>
    <depth>3</depth>
  </size>
  <segmented>0</segmented>
  <object>
    <name>TrafficSign</name>
    <bndbox>
      <xmin>1534</xmin>
      <ymin>383</ymin>
      <xmax>1560</xmax>
      <ymax>408</ymax>
    </bndbox>
    <confidence>0.735576</confidence>
  </object>
  <object>
    <name>Vehicle</name>
    <bndbox>
      <xmin>1264</xmin>
      <ymin>477</ymin>
      <xmax>1300</xmax>
      <ymax>507</ymax>
    </bndbox>
    <confidence>0.896454</confidence>
  </object>
  <object>
    <name>TrafficSign</name>
    <bndbox>
      <xmin>1341</xmin>
      <ymin>262</ymin>
      <xmax>1377</xmax>
      <ymax>298</ymax>
    </bndbox>
    <confidence>0.912158</confidence>
  </object>
  <object>
    <name>Vehicle</name>
    <bndbox>
      <xmin>1313</xmin>
      <ymin>454</ymin>
      <xmax>1431</xmax>
      <ymax>551</ymax>
    </bndbox>
    <confidence>0.948803</confidence>
  </object>
  <object>
    <name>Vehicle</name>
    <bndbox>
      <xmin>976</xmin>
      <ymin>463</ymin>
      <xmax>1202</xmax>
      <ymax>630</ymax>
    </bndbox>
    <confidence>0.970782</confidence>
  </object>
  <object>
    <name>Vehicle</name>
    <bndbox>
      <xmin>1407</xmin>
      <ymin>426</ymin>
      <xmax>1678</xmax>
      <ymax>667</ymax>
    </bndbox>
    <confidence>0.972093</confidence>
  </object>
</annotation>
