<annotation>
  <folder>runs\detect\exp39</folder>
  <filename>1_20200615_112419_007200.jpg</filename>
  <source>
    <database>Unknown</database>
  </source>
  <size>
    <width>1920</width>
    <height>1080</height>
    <depth>3</depth>
  </size>
  <segmented>0</segmented>
  <object>
    <name>Vehicle</name>
    <bndbox>
      <xmin>1080</xmin>
      <ymin>467</ymin>
      <xmax>1108</xmax>
      <ymax>496</ymax>
    </bndbox>
    <confidence>0.783077</confidence>
  </object>
  <object>
    <name>Vehicle</name>
    <bndbox>
      <xmin>1061</xmin>
      <ymin>480</ymin>
      <xmax>1092</xmax>
      <ymax>506</ymax>
    </bndbox>
    <confidence>0.787285</confidence>
  </object>
  <object>
    <name>Vehicle</name>
    <bndbox>
      <xmin>1149</xmin>
      <ymin>490</ymin>
      <xmax>1283</xmax>
      <ymax>598</ymax>
    </bndbox>
    <confidence>0.954895</confidence>
  </object>
  <object>
    <name>Vehicle</name>
    <bndbox>
      <xmin>858</xmin>
      <ymin>490</ymin>
      <xmax>1056</xmax>
      <ymax>635</ymax>
    </bndbox>
    <confidence>0.962649</confidence>
  </object>
  <object>
    <name>Vehicle</name>
    <bndbox>
      <xmin>1459</xmin>
      <ymin>422</ymin>
      <xmax>1876</xmax>
      <ymax>767</ymax>
    </bndbox>
    <confidence>0.972132</confidence>
  </object>
</annotation>
