<annotation>
  <folder>runs\detect\exp2</folder>
  <filename>1_20200615_112419_002580.jpg</filename>
  <source>
    <database>Unknown</database>
  </source>
  <size>
    <width>1920</width>
    <height>1080</height>
    <depth>3</depth>
  </size>
  <segmented>0</segmented>
  <object>
    <name>TrafficSign</name>
    <bndbox>
      <xmin>1321</xmin>
      <ymin>413</ymin>
      <xmax>1345</xmax>
      <ymax>438</ymax>
    </bndbox>
    <confidence>0.573703</confidence>
  </object>
  <object>
    <name>Vehicle</name>
    <bndbox>
      <xmin>606</xmin>
      <ymin>513</ymin>
      <xmax>643</xmax>
      <ymax>553</ymax>
    </bndbox>
    <confidence>0.669217</confidence>
  </object>
  <object>
    <name>Vehicle</name>
    <bndbox>
      <xmin>729</xmin>
      <ymin>519</ymin>
      <xmax>768</xmax>
      <ymax>547</ymax>
    </bndbox>
    <confidence>0.861237</confidence>
  </object>
  <object>
    <name>Vehicle</name>
    <bndbox>
      <xmin>612</xmin>
      <ymin>518</ymin>
      <xmax>665</xmax>
      <ymax>558</ymax>
    </bndbox>
    <confidence>0.87787</confidence>
  </object>
  <object>
    <name>TrafficSign</name>
    <bndbox>
      <xmin>1533</xmin>
      <ymin>398</ymin>
      <xmax>1566</xmax>
      <ymax>432</ymax>
    </bndbox>
    <confidence>0.884348</confidence>
  </object>
  <object>
    <name>TrafficSign</name>
    <bndbox>
      <xmin>1342</xmin>
      <ymin>209</ymin>
      <xmax>1393</xmax>
      <ymax>260</ymax>
    </bndbox>
    <confidence>0.912088</confidence>
  </object>
  <object>
    <name>Vehicle</name>
    <bndbox>
      <xmin>303</xmin>
      <ymin>498</ymin>
      <xmax>437</xmax>
      <ymax>618</ymax>
    </bndbox>
    <confidence>0.959607</confidence>
  </object>
  <object>
    <name>Vehicle</name>
    <bndbox>
      <xmin>397</xmin>
      <ymin>502</ymin>
      <xmax>571</xmax>
      <ymax>638</ymax>
    </bndbox>
    <confidence>0.966407</confidence>
  </object>
  <object>
    <name>Vehicle</name>
    <bndbox>
      <xmin>973</xmin>
      <ymin>490</ymin>
      <xmax>1217</xmax>
      <ymax>688</ymax>
    </bndbox>
    <confidence>0.969597</confidence>
  </object>
  <object>
    <name>Vehicle</name>
    <bndbox>
      <xmin>1558</xmin>
      <ymin>477</ymin>
      <xmax>1921</xmax>
      <ymax>758</ymax>
    </bndbox>
    <confidence>0.97176</confidence>
  </object>
</annotation>
