<annotation>
  <folder>runs\detect\exp39</folder>
  <filename>1_20200615_112419_004200.jpg</filename>
  <source>
    <database>Unknown</database>
  </source>
  <size>
    <width>1920</width>
    <height>1080</height>
    <depth>3</depth>
  </size>
  <segmented>0</segmented>
  <object>
    <name>Vehicle</name>
    <bndbox>
      <xmin>1020</xmin>
      <ymin>523</ymin>
      <xmax>1057</xmax>
      <ymax>573</ymax>
    </bndbox>
    <confidence>0.344248</confidence>
  </object>
  <object>
    <name>Vehicle</name>
    <bndbox>
      <xmin>763</xmin>
      <ymin>530</ymin>
      <xmax>799</xmax>
      <ymax>616</ymax>
    </bndbox>
    <confidence>0.734332</confidence>
  </object>
  <object>
    <name>Vehicle</name>
    <bndbox>
      <xmin>1045</xmin>
      <ymin>518</ymin>
      <xmax>1167</xmax>
      <ymax>607</ymax>
    </bndbox>
    <confidence>0.826396</confidence>
  </object>
  <object>
    <name>TrafficLight</name>
    <bndbox>
      <xmin>1057</xmin>
      <ymin>405</ymin>
      <xmax>1108</xmax>
      <ymax>419</ymax>
    </bndbox>
    <confidence>0.83098</confidence>
  </object>
  <object>
    <name>TrafficLight</name>
    <bndbox>
      <xmin>920</xmin>
      <ymin>411</ymin>
      <xmax>972</xmax>
      <ymax>427</ymax>
    </bndbox>
    <confidence>0.832995</confidence>
  </object>
  <object>
    <name>TrafficSign</name>
    <bndbox>
      <xmin>996</xmin>
      <ymin>390</ymin>
      <xmax>1030</xmax>
      <ymax>424</ymax>
    </bndbox>
    <confidence>0.890986</confidence>
  </object>
  <object>
    <name>Vehicle</name>
    <bndbox>
      <xmin>56</xmin>
      <ymin>531</ymin>
      <xmax>183</xmax>
      <ymax>655</ymax>
    </bndbox>
    <confidence>0.940165</confidence>
  </object>
  <object>
    <name>Vehicle</name>
    <bndbox>
      <xmin>773</xmin>
      <ymin>471</ymin>
      <xmax>1052</xmax>
      <ymax>694</ymax>
    </bndbox>
    <confidence>0.962681</confidence>
  </object>
</annotation>
