<annotation>
  <folder>runs\detect\exp2</folder>
  <filename>1_20200615_112419_005880.jpg</filename>
  <source>
    <database>Unknown</database>
  </source>
  <size>
    <width>1920</width>
    <height>1080</height>
    <depth>3</depth>
  </size>
  <segmented>0</segmented>
  <object>
    <name>Vehicle</name>
    <bndbox>
      <xmin>554</xmin>
      <ymin>378</ymin>
      <xmax>594</xmax>
      <ymax>413</ymax>
    </bndbox>
    <confidence>0.473934</confidence>
  </object>
  <object>
    <name>Vehicle</name>
    <bndbox>
      <xmin>448</xmin>
      <ymin>384</ymin>
      <xmax>492</xmax>
      <ymax>415</ymax>
    </bndbox>
    <confidence>0.878722</confidence>
  </object>
  <object>
    <name>Vehicle</name>
    <bndbox>
      <xmin>599</xmin>
      <ymin>379</ymin>
      <xmax>643</xmax>
      <ymax>413</ymax>
    </bndbox>
    <confidence>0.895553</confidence>
  </object>
  <object>
    <name>Vehicle</name>
    <bndbox>
      <xmin>535</xmin>
      <ymin>389</ymin>
      <xmax>591</xmax>
      <ymax>433</ymax>
    </bndbox>
    <confidence>0.910194</confidence>
  </object>
  <object>
    <name>Vehicle</name>
    <bndbox>
      <xmin>98</xmin>
      <ymin>378</ymin>
      <xmax>149</xmax>
      <ymax>448</ymax>
    </bndbox>
    <confidence>0.912764</confidence>
  </object>
  <object>
    <name>Vehicle</name>
    <bndbox>
      <xmin>958</xmin>
      <ymin>398</ymin>
      <xmax>1025</xmax>
      <ymax>451</ymax>
    </bndbox>
    <confidence>0.92088</confidence>
  </object>
  <object>
    <name>Vehicle</name>
    <bndbox>
      <xmin>638</xmin>
      <ymin>393</ymin>
      <xmax>700</xmax>
      <ymax>436</ymax>
    </bndbox>
    <confidence>0.935775</confidence>
  </object>
  <object>
    <name>Vehicle</name>
    <bndbox>
      <xmin>725</xmin>
      <ymin>408</ymin>
      <xmax>814</xmax>
      <ymax>489</ymax>
    </bndbox>
    <confidence>0.940128</confidence>
  </object>
  <object>
    <name>Vehicle</name>
    <bndbox>
      <xmin>750</xmin>
      <ymin>436</ymin>
      <xmax>914</xmax>
      <ymax>561</ymax>
    </bndbox>
    <confidence>0.963832</confidence>
  </object>
</annotation>
