<annotation>
  <folder>runs\detect\exp39</folder>
  <filename>1_20200615_112419_002640.jpg</filename>
  <source>
    <database>Unknown</database>
  </source>
  <size>
    <width>1920</width>
    <height>1080</height>
    <depth>3</depth>
  </size>
  <segmented>0</segmented>
  <object>
    <name>Vehicle</name>
    <bndbox>
      <xmin>323</xmin>
      <ymin>529</ymin>
      <xmax>358</xmax>
      <ymax>558</ymax>
    </bndbox>
    <confidence>0.364454</confidence>
  </object>
  <object>
    <name>Vehicle</name>
    <bndbox>
      <xmin>592</xmin>
      <ymin>532</ymin>
      <xmax>633</xmax>
      <ymax>560</ymax>
    </bndbox>
    <confidence>0.831062</confidence>
  </object>
  <object>
    <name>TrafficSign</name>
    <bndbox>
      <xmin>1369</xmin>
      <ymin>395</ymin>
      <xmax>1399</xmax>
      <ymax>426</ymax>
    </bndbox>
    <confidence>0.884269</confidence>
  </object>
  <object>
    <name>TrafficSign</name>
    <bndbox>
      <xmin>1746</xmin>
      <ymin>349</ymin>
      <xmax>1795</xmax>
      <ymax>399</ymax>
    </bndbox>
    <confidence>0.912055</confidence>
  </object>
  <object>
    <name>Vehicle</name>
    <bndbox>
      <xmin>507</xmin>
      <ymin>520</ymin>
      <xmax>572</xmax>
      <ymax>575</ymax>
    </bndbox>
    <confidence>0.914299</confidence>
  </object>
  <object>
    <name>TrafficSign</name>
    <bndbox>
      <xmin>1467</xmin>
      <ymin>69</ymin>
      <xmax>1541</xmax>
      <ymax>146</ymax>
    </bndbox>
    <confidence>0.932341</confidence>
  </object>
  <object>
    <name>Vehicle</name>
    <bndbox>
      <xmin>418</xmin>
      <ymin>525</ymin>
      <xmax>514</xmax>
      <ymax>594</ymax>
    </bndbox>
    <confidence>0.947671</confidence>
  </object>
  <object>
    <name>Vehicle</name>
    <bndbox>
      <xmin>2</xmin>
      <ymin>487</ymin>
      <xmax>148</xmax>
      <ymax>753</ymax>
    </bndbox>
    <confidence>0.96308</confidence>
  </object>
  <object>
    <name>Vehicle</name>
    <bndbox>
      <xmin>1206</xmin>
      <ymin>502</ymin>
      <xmax>1385</xmax>
      <ymax>635</ymax>
    </bndbox>
    <confidence>0.963395</confidence>
  </object>
  <object>
    <name>Vehicle</name>
    <bndbox>
      <xmin>925</xmin>
      <ymin>489</ymin>
      <xmax>1166</xmax>
      <ymax>681</ymax>
    </bndbox>
    <confidence>0.964802</confidence>
  </object>
</annotation>
