<annotation>
  <folder>runs\detect\exp2</folder>
  <filename>1_20200615_112419_005580.jpg</filename>
  <source>
    <database>Unknown</database>
  </source>
  <size>
    <width>1920</width>
    <height>1080</height>
    <depth>3</depth>
  </size>
  <segmented>0</segmented>
  <object>
    <name>Vehicle</name>
    <bndbox>
      <xmin>685</xmin>
      <ymin>495</ymin>
      <xmax>720</xmax>
      <ymax>521</ymax>
    </bndbox>
    <confidence>0.569035</confidence>
  </object>
  <object>
    <name>Vehicle</name>
    <bndbox>
      <xmin>827</xmin>
      <ymin>495</ymin>
      <xmax>859</xmax>
      <ymax>521</ymax>
    </bndbox>
    <confidence>0.718871</confidence>
  </object>
  <object>
    <name>Vehicle</name>
    <bndbox>
      <xmin>911</xmin>
      <ymin>501</ymin>
      <xmax>940</xmax>
      <ymax>528</ymax>
    </bndbox>
    <confidence>0.777085</confidence>
  </object>
  <object>
    <name>Vehicle</name>
    <bndbox>
      <xmin>716</xmin>
      <ymin>464</ymin>
      <xmax>765</xmax>
      <ymax>514</ymax>
    </bndbox>
    <confidence>0.793416</confidence>
  </object>
  <object>
    <name>Vehicle</name>
    <bndbox>
      <xmin>936</xmin>
      <ymin>501</ymin>
      <xmax>975</xmax>
      <ymax>538</ymax>
    </bndbox>
    <confidence>0.829635</confidence>
  </object>
  <object>
    <name>TrafficSign</name>
    <bndbox>
      <xmin>1206</xmin>
      <ymin>373</ymin>
      <xmax>1233</xmax>
      <ymax>401</ymax>
    </bndbox>
    <confidence>0.841165</confidence>
  </object>
  <object>
    <name>Vehicle</name>
    <bndbox>
      <xmin>722</xmin>
      <ymin>501</ymin>
      <xmax>767</xmax>
      <ymax>539</ymax>
    </bndbox>
    <confidence>0.874625</confidence>
  </object>
  <object>
    <name>Vehicle</name>
    <bndbox>
      <xmin>869</xmin>
      <ymin>504</ymin>
      <xmax>915</xmax>
      <ymax>541</ymax>
    </bndbox>
    <confidence>0.907745</confidence>
  </object>
  <object>
    <name>Vehicle</name>
    <bndbox>
      <xmin>944</xmin>
      <ymin>506</ymin>
      <xmax>1008</xmax>
      <ymax>555</ymax>
    </bndbox>
    <confidence>0.928566</confidence>
  </object>
  <object>
    <name>Vehicle</name>
    <bndbox>
      <xmin>245</xmin>
      <ymin>471</ymin>
      <xmax>616</xmax>
      <ymax>746</ymax>
    </bndbox>
    <confidence>0.96529</confidence>
  </object>
</annotation>
