<annotation>
  <folder>runs\detect\exp39</folder>
  <filename>1_20200615_112419_000480.jpg</filename>
  <source>
    <database>Unknown</database>
  </source>
  <size>
    <width>1920</width>
    <height>1080</height>
    <depth>3</depth>
  </size>
  <segmented>0</segmented>
  <object>
    <name>Vehicle</name>
    <bndbox>
      <xmin>554</xmin>
      <ymin>507</ymin>
      <xmax>585</xmax>
      <ymax>540</ymax>
    </bndbox>
    <confidence>0.563478</confidence>
  </object>
  <object>
    <name>Vehicle</name>
    <bndbox>
      <xmin>601</xmin>
      <ymin>502</ymin>
      <xmax>628</xmax>
      <ymax>532</ymax>
    </bndbox>
    <confidence>0.563776</confidence>
  </object>
  <object>
    <name>Vehicle</name>
    <bndbox>
      <xmin>563</xmin>
      <ymin>502</ymin>
      <xmax>607</xmax>
      <ymax>538</ymax>
    </bndbox>
    <confidence>0.692069</confidence>
  </object>
  <object>
    <name>Vehicle</name>
    <bndbox>
      <xmin>1072</xmin>
      <ymin>482</ymin>
      <xmax>1111</xmax>
      <ymax>511</ymax>
    </bndbox>
    <confidence>0.726702</confidence>
  </object>
  <object>
    <name>Vehicle</name>
    <bndbox>
      <xmin>526</xmin>
      <ymin>513</ymin>
      <xmax>565</xmax>
      <ymax>547</ymax>
    </bndbox>
    <confidence>0.881395</confidence>
  </object>
  <object>
    <name>Vehicle</name>
    <bndbox>
      <xmin>482</xmin>
      <ymin>516</ymin>
      <xmax>534</xmax>
      <ymax>555</ymax>
    </bndbox>
    <confidence>0.92233</confidence>
  </object>
  <object>
    <name>Vehicle</name>
    <bndbox>
      <xmin>241</xmin>
      <ymin>485</ymin>
      <xmax>396</xmax>
      <ymax>613</ymax>
    </bndbox>
    <confidence>0.95218</confidence>
  </object>
  <object>
    <name>Vehicle</name>
    <bndbox>
      <xmin>813</xmin>
      <ymin>484</ymin>
      <xmax>1005</xmax>
      <ymax>640</ymax>
    </bndbox>
    <confidence>0.963359</confidence>
  </object>
</annotation>
