<annotation>
  <folder>runs\detect\exp2</folder>
  <filename>1_20200615_112419_000960.jpg</filename>
  <source>
    <database>Unknown</database>
  </source>
  <size>
    <width>1920</width>
    <height>1080</height>
    <depth>3</depth>
  </size>
  <segmented>0</segmented>
  <object>
    <name>TrafficSign</name>
    <bndbox>
      <xmin>1247</xmin>
      <ymin>98</ymin>
      <xmax>1310</xmax>
      <ymax>194</ymax>
    </bndbox>
    <confidence>0.252641</confidence>
  </object>
  <object>
    <name>TrafficSign</name>
    <bndbox>
      <xmin>1052</xmin>
      <ymin>99</ymin>
      <xmax>1313</xmax>
      <ymax>199</ymax>
    </bndbox>
    <confidence>0.85495</confidence>
  </object>
  <object>
    <name>TrafficSign</name>
    <bndbox>
      <xmin>1055</xmin>
      <ymin>103</ymin>
      <xmax>1123</xmax>
      <ymax>199</ymax>
    </bndbox>
    <confidence>0.861128</confidence>
  </object>
  <object>
    <name>Vehicle</name>
    <bndbox>
      <xmin>904</xmin>
      <ymin>511</ymin>
      <xmax>1058</xmax>
      <ymax>639</ymax>
    </bndbox>
    <confidence>0.962925</confidence>
  </object>
</annotation>
