<annotation>
  <folder>runs\detect\exp39</folder>
  <filename>1_20200615_112419_001560.jpg</filename>
  <source>
    <database>Unknown</database>
  </source>
  <size>
    <width>1920</width>
    <height>1080</height>
    <depth>3</depth>
  </size>
  <segmented>0</segmented>
  <object>
    <name>TrafficLight</name>
    <bndbox>
      <xmin>1111</xmin>
      <ymin>202</ymin>
      <xmax>1196</xmax>
      <ymax>227</ymax>
    </bndbox>
    <confidence>0.785717</confidence>
  </object>
  <object>
    <name>Vehicle</name>
    <bndbox>
      <xmin>676</xmin>
      <ymin>496</ymin>
      <xmax>712</xmax>
      <ymax>526</ymax>
    </bndbox>
    <confidence>0.851973</confidence>
  </object>
  <object>
    <name>TrafficSign</name>
    <bndbox>
      <xmin>1149</xmin>
      <ymin>290</ymin>
      <xmax>1182</xmax>
      <ymax>324</ymax>
    </bndbox>
    <confidence>0.901068</confidence>
  </object>
  <object>
    <name>Vehicle</name>
    <bndbox>
      <xmin>423</xmin>
      <ymin>489</ymin>
      <xmax>534</xmax>
      <ymax>574</ymax>
    </bndbox>
    <confidence>0.952795</confidence>
  </object>
  <object>
    <name>Vehicle</name>
    <bndbox>
      <xmin>764</xmin>
      <ymin>442</ymin>
      <xmax>1162</xmax>
      <ymax>772</ymax>
    </bndbox>
    <confidence>0.964129</confidence>
  </object>
</annotation>
