<annotation>
  <folder>runs\detect\exp39</folder>
  <filename>1_20200615_112419_006840.jpg</filename>
  <source>
    <database>Unknown</database>
  </source>
  <size>
    <width>1920</width>
    <height>1080</height>
    <depth>3</depth>
  </size>
  <segmented>0</segmented>
  <object>
    <name>Vehicle</name>
    <bndbox>
      <xmin>1843</xmin>
      <ymin>484</ymin>
      <xmax>1921</xmax>
      <ymax>1040</ymax>
    </bndbox>
    <confidence>0.707993</confidence>
  </object>
  <object>
    <name>Vehicle</name>
    <bndbox>
      <xmin>1642</xmin>
      <ymin>543</ymin>
      <xmax>1692</xmax>
      <ymax>576</ymax>
    </bndbox>
    <confidence>0.912854</confidence>
  </object>
  <object>
    <name>Vehicle</name>
    <bndbox>
      <xmin>1511</xmin>
      <ymin>541</ymin>
      <xmax>1593</xmax>
      <ymax>608</ymax>
    </bndbox>
    <confidence>0.926616</confidence>
  </object>
  <object>
    <name>Vehicle</name>
    <bndbox>
      <xmin>1380</xmin>
      <ymin>522</ymin>
      <xmax>1513</xmax>
      <ymax>644</ymax>
    </bndbox>
    <confidence>0.950589</confidence>
  </object>
  <object>
    <name>Vehicle</name>
    <bndbox>
      <xmin>1156</xmin>
      <ymin>532</ymin>
      <xmax>1324</xmax>
      <ymax>656</ymax>
    </bndbox>
    <confidence>0.955731</confidence>
  </object>
</annotation>
