<annotation>
  <folder>runs\detect\exp39</folder>
  <filename>1_20200615_112419_000090.jpg</filename>
  <source>
    <database>Unknown</database>
  </source>
  <size>
    <width>1920</width>
    <height>1080</height>
    <depth>3</depth>
  </size>
  <segmented>0</segmented>
  <object>
    <name>Vehicle</name>
    <bndbox>
      <xmin>379</xmin>
      <ymin>459</ymin>
      <xmax>427</xmax>
      <ymax>494</ymax>
    </bndbox>
    <confidence>0.324366</confidence>
  </object>
  <object>
    <name>Vehicle</name>
    <bndbox>
      <xmin>72</xmin>
      <ymin>543</ymin>
      <xmax>102</xmax>
      <ymax>568</ymax>
    </bndbox>
    <confidence>0.680536</confidence>
  </object>
  <object>
    <name>Vehicle</name>
    <bndbox>
      <xmin>18</xmin>
      <ymin>541</ymin>
      <xmax>54</xmax>
      <ymax>573</ymax>
    </bndbox>
    <confidence>0.690869</confidence>
  </object>
  <object>
    <name>Vehicle</name>
    <bndbox>
      <xmin>411</xmin>
      <ymin>410</ymin>
      <xmax>653</xmax>
      <ymax>629</ymax>
    </bndbox>
    <confidence>0.95561</confidence>
  </object>
  <object>
    <name>Vehicle</name>
    <bndbox>
      <xmin>151</xmin>
      <ymin>491</ymin>
      <xmax>544</xmax>
      <ymax>811</ymax>
    </bndbox>
    <confidence>0.972633</confidence>
  </object>
</annotation>
