<annotation>
  <folder>runs\detect\exp39</folder>
  <filename>1_20200615_112419_000120.jpg</filename>
  <source>
    <database>Unknown</database>
  </source>
  <size>
    <width>1920</width>
    <height>1080</height>
    <depth>3</depth>
  </size>
  <segmented>0</segmented>
  <object>
    <name>Vehicle</name>
    <bndbox>
      <xmin>882</xmin>
      <ymin>414</ymin>
      <xmax>934</xmax>
      <ymax>559</ymax>
    </bndbox>
    <confidence>0.420976</confidence>
  </object>
  <object>
    <name>Vehicle</name>
    <bndbox>
      <xmin>552</xmin>
      <ymin>514</ymin>
      <xmax>584</xmax>
      <ymax>538</ymax>
    </bndbox>
    <confidence>0.786966</confidence>
  </object>
  <object>
    <name>Vehicle</name>
    <bndbox>
      <xmin>488</xmin>
      <ymin>504</ymin>
      <xmax>531</xmax>
      <ymax>546</ymax>
    </bndbox>
    <confidence>0.877817</confidence>
  </object>
  <object>
    <name>Vehicle</name>
    <bndbox>
      <xmin>412</xmin>
      <ymin>515</ymin>
      <xmax>458</xmax>
      <ymax>556</ymax>
    </bndbox>
    <confidence>0.915698</confidence>
  </object>
  <object>
    <name>Vehicle</name>
    <bndbox>
      <xmin>171</xmin>
      <ymin>446</ymin>
      <xmax>317</xmax>
      <ymax>583</ymax>
    </bndbox>
    <confidence>0.933304</confidence>
  </object>
  <object>
    <name>Vehicle</name>
    <bndbox>
      <xmin>85</xmin>
      <ymin>521</ymin>
      <xmax>187</xmax>
      <ymax>597</ymax>
    </bndbox>
    <confidence>0.945014</confidence>
  </object>
  <object>
    <name>Vehicle</name>
    <bndbox>
      <xmin>1</xmin>
      <ymin>508</ymin>
      <xmax>91</xmax>
      <ymax>609</ymax>
    </bndbox>
    <confidence>0.950554</confidence>
  </object>
  <object>
    <name>Vehicle</name>
    <bndbox>
      <xmin>917</xmin>
      <ymin>363</ymin>
      <xmax>1184</xmax>
      <ymax>610</ymax>
    </bndbox>
    <confidence>0.964174</confidence>
  </object>
  <object>
    <name>Vehicle</name>
    <bndbox>
      <xmin>615</xmin>
      <ymin>475</ymin>
      <xmax>937</xmax>
      <ymax>739</ymax>
    </bndbox>
    <confidence>0.966461</confidence>
  </object>
</annotation>
