<annotation>
  <folder>runs\detect\exp2</folder>
  <filename>1_20200615_112419_005400.jpg</filename>
  <source>
    <database>Unknown</database>
  </source>
  <size>
    <width>1920</width>
    <height>1080</height>
    <depth>3</depth>
  </size>
  <segmented>0</segmented>
  <object>
    <name>Vehicle</name>
    <bndbox>
      <xmin>881</xmin>
      <ymin>515</ymin>
      <xmax>908</xmax>
      <ymax>540</ymax>
    </bndbox>
    <confidence>0.254758</confidence>
  </object>
  <object>
    <name>Vehicle</name>
    <bndbox>
      <xmin>1842</xmin>
      <ymin>471</ymin>
      <xmax>1913</xmax>
      <ymax>574</ymax>
    </bndbox>
    <confidence>0.701222</confidence>
  </object>
  <object>
    <name>TrafficSign</name>
    <bndbox>
      <xmin>1409</xmin>
      <ymin>366</ymin>
      <xmax>1453</xmax>
      <ymax>411</ymax>
    </bndbox>
    <confidence>0.902368</confidence>
  </object>
  <object>
    <name>Vehicle</name>
    <bndbox>
      <xmin>835</xmin>
      <ymin>511</ymin>
      <xmax>892</xmax>
      <ymax>556</ymax>
    </bndbox>
    <confidence>0.923881</confidence>
  </object>
  <object>
    <name>Vehicle</name>
    <bndbox>
      <xmin>925</xmin>
      <ymin>512</ymin>
      <xmax>986</xmax>
      <ymax>559</ymax>
    </bndbox>
    <confidence>0.92748</confidence>
  </object>
  <object>
    <name>TrafficSign</name>
    <bndbox>
      <xmin>1151</xmin>
      <ymin>112</ymin>
      <xmax>1219</xmax>
      <ymax>179</ymax>
    </bndbox>
    <confidence>0.9418</confidence>
  </object>
  <object>
    <name>Vehicle</name>
    <bndbox>
      <xmin>59</xmin>
      <ymin>402</ymin>
      <xmax>340</xmax>
      <ymax>678</ymax>
    </bndbox>
    <confidence>0.962151</confidence>
  </object>
  <object>
    <name>Vehicle</name>
    <bndbox>
      <xmin>2</xmin>
      <ymin>502</ymin>
      <xmax>172</xmax>
      <ymax>727</ymax>
    </bndbox>
    <confidence>0.965757</confidence>
  </object>
  <object>
    <name>Vehicle</name>
    <bndbox>
      <xmin>487</xmin>
      <ymin>490</ymin>
      <xmax>738</xmax>
      <ymax>683</ymax>
    </bndbox>
    <confidence>0.972584</confidence>
  </object>
</annotation>
