<annotation>
  <folder>runs\detect\exp39</folder>
  <filename>1_20200615_112419_007590.jpg</filename>
  <source>
    <database>Unknown</database>
  </source>
  <size>
    <width>1920</width>
    <height>1080</height>
    <depth>3</depth>
  </size>
  <segmented>0</segmented>
  <object>
    <name>TrafficSign</name>
    <bndbox>
      <xmin>1830</xmin>
      <ymin>299</ymin>
      <xmax>1920</xmax>
      <ymax>396</ymax>
    </bndbox>
    <confidence>0.928597</confidence>
  </object>
  <object>
    <name>Vehicle</name>
    <bndbox>
      <xmin>1202</xmin>
      <ymin>486</ymin>
      <xmax>1307</xmax>
      <ymax>563</ymax>
    </bndbox>
    <confidence>0.947812</confidence>
  </object>
  <object>
    <name>Vehicle</name>
    <bndbox>
      <xmin>1326</xmin>
      <ymin>466</ymin>
      <xmax>1529</xmax>
      <ymax>626</ymax>
    </bndbox>
    <confidence>0.965146</confidence>
  </object>
</annotation>
