<annotation>
  <folder>runs\detect\exp39</folder>
  <filename>1_20200615_112419_008910.jpg</filename>
  <source>
    <database>Unknown</database>
  </source>
  <size>
    <width>1920</width>
    <height>1080</height>
    <depth>3</depth>
  </size>
  <segmented>0</segmented>
  <object>
    <name>Vehicle</name>
    <bndbox>
      <xmin>317</xmin>
      <ymin>485</ymin>
      <xmax>440</xmax>
      <ymax>612</ymax>
    </bndbox>
    <confidence>0.354194</confidence>
  </object>
  <object>
    <name>Vehicle</name>
    <bndbox>
      <xmin>77</xmin>
      <ymin>501</ymin>
      <xmax>248</xmax>
      <ymax>651</ymax>
    </bndbox>
    <confidence>0.361627</confidence>
  </object>
  <object>
    <name>Vehicle</name>
    <bndbox>
      <xmin>466</xmin>
      <ymin>506</ymin>
      <xmax>522</xmax>
      <ymax>532</ymax>
    </bndbox>
    <confidence>0.508896</confidence>
  </object>
  <object>
    <name>Vehicle</name>
    <bndbox>
      <xmin>570</xmin>
      <ymin>472</ymin>
      <xmax>626</xmax>
      <ymax>521</ymax>
    </bndbox>
    <confidence>0.682893</confidence>
  </object>
  <object>
    <name>Vehicle</name>
    <bndbox>
      <xmin>322</xmin>
      <ymin>485</ymin>
      <xmax>437</xmax>
      <ymax>538</ymax>
    </bndbox>
    <confidence>0.758443</confidence>
  </object>
  <object>
    <name>Vehicle</name>
    <bndbox>
      <xmin>80</xmin>
      <ymin>503</ymin>
      <xmax>247</xmax>
      <ymax>556</ymax>
    </bndbox>
    <confidence>0.791176</confidence>
  </object>
  <object>
    <name>TrafficSign</name>
    <bndbox>
      <xmin>977</xmin>
      <ymin>343</ymin>
      <xmax>1008</xmax>
      <ymax>371</ymax>
    </bndbox>
    <confidence>0.824998</confidence>
  </object>
  <object>
    <name>TrafficSign</name>
    <bndbox>
      <xmin>600</xmin>
      <ymin>431</ymin>
      <xmax>642</xmax>
      <ymax>473</ymax>
    </bndbox>
    <confidence>0.913642</confidence>
  </object>
  <object>
    <name>Vehicle</name>
    <bndbox>
      <xmin>237</xmin>
      <ymin>458</ymin>
      <xmax>344</xmax>
      <ymax>543</ymax>
    </bndbox>
    <confidence>0.93564</confidence>
  </object>
  <object>
    <name>TrafficSign</name>
    <bndbox>
      <xmin>1725</xmin>
      <ymin>117</ymin>
      <xmax>1826</xmax>
      <ymax>218</ymax>
    </bndbox>
    <confidence>0.936292</confidence>
  </object>
  <object>
    <name>Vehicle</name>
    <bndbox>
      <xmin>837</xmin>
      <ymin>465</ymin>
      <xmax>1106</xmax>
      <ymax>683</ymax>
    </bndbox>
    <confidence>0.963944</confidence>
  </object>
</annotation>
