<annotation>
  <folder>runs\detect\exp2</folder>
  <filename>1_20200615_112419_004680.jpg</filename>
  <source>
    <database>Unknown</database>
  </source>
  <size>
    <width>1920</width>
    <height>1080</height>
    <depth>3</depth>
  </size>
  <segmented>0</segmented>
  <object>
    <name>TrafficSign</name>
    <bndbox>
      <xmin>1006</xmin>
      <ymin>398</ymin>
      <xmax>1048</xmax>
      <ymax>424</ymax>
    </bndbox>
    <confidence>0.396236</confidence>
  </object>
  <object>
    <name>Vehicle</name>
    <bndbox>
      <xmin>889</xmin>
      <ymin>502</ymin>
      <xmax>938</xmax>
      <ymax>537</ymax>
    </bndbox>
    <confidence>0.908712</confidence>
  </object>
  <object>
    <name>Vehicle</name>
    <bndbox>
      <xmin>954</xmin>
      <ymin>507</ymin>
      <xmax>1032</xmax>
      <ymax>566</ymax>
    </bndbox>
    <confidence>0.933193</confidence>
  </object>
  <object>
    <name>Vehicle</name>
    <bndbox>
      <xmin>654</xmin>
      <ymin>489</ymin>
      <xmax>850</xmax>
      <ymax>643</ymax>
    </bndbox>
    <confidence>0.970181</confidence>
  </object>
</annotation>
