<annotation>
  <folder>runs\detect\exp39</folder>
  <filename>1_20200615_112419_000570.jpg</filename>
  <source>
    <database>Unknown</database>
  </source>
  <size>
    <width>1920</width>
    <height>1080</height>
    <depth>3</depth>
  </size>
  <segmented>0</segmented>
  <object>
    <name>Pedestrian</name>
    <bndbox>
      <xmin>1493</xmin>
      <ymin>491</ymin>
      <xmax>1549</xmax>
      <ymax>532</ymax>
    </bndbox>
    <confidence>0.250492</confidence>
  </object>
  <object>
    <name>Vehicle</name>
    <bndbox>
      <xmin>579</xmin>
      <ymin>481</ymin>
      <xmax>605</xmax>
      <ymax>520</ymax>
    </bndbox>
    <confidence>0.459416</confidence>
  </object>
  <object>
    <name>Vehicle</name>
    <bndbox>
      <xmin>376</xmin>
      <ymin>469</ymin>
      <xmax>434</xmax>
      <ymax>505</ymax>
    </bndbox>
    <confidence>0.55813</confidence>
  </object>
  <object>
    <name>Vehicle</name>
    <bndbox>
      <xmin>429</xmin>
      <ymin>474</ymin>
      <xmax>484</xmax>
      <ymax>508</ymax>
    </bndbox>
    <confidence>0.63818</confidence>
  </object>
  <object>
    <name>Vehicle</name>
    <bndbox>
      <xmin>587</xmin>
      <ymin>479</ymin>
      <xmax>621</xmax>
      <ymax>515</ymax>
    </bndbox>
    <confidence>0.726418</confidence>
  </object>
  <object>
    <name>Vehicle</name>
    <bndbox>
      <xmin>513</xmin>
      <ymin>484</ymin>
      <xmax>561</xmax>
      <ymax>527</ymax>
    </bndbox>
    <confidence>0.830624</confidence>
  </object>
  <object>
    <name>TrafficSign</name>
    <bndbox>
      <xmin>1308</xmin>
      <ymin>355</ymin>
      <xmax>1338</xmax>
      <ymax>385</ymax>
    </bndbox>
    <confidence>0.837216</confidence>
  </object>
  <object>
    <name>Vehicle</name>
    <bndbox>
      <xmin>1190</xmin>
      <ymin>459</ymin>
      <xmax>1231</xmax>
      <ymax>497</ymax>
    </bndbox>
    <confidence>0.852505</confidence>
  </object>
  <object>
    <name>Vehicle</name>
    <bndbox>
      <xmin>501</xmin>
      <ymin>491</ymin>
      <xmax>537</xmax>
      <ymax>532</ymax>
    </bndbox>
    <confidence>0.866078</confidence>
  </object>
  <object>
    <name>Vehicle</name>
    <bndbox>
      <xmin>755</xmin>
      <ymin>463</ymin>
      <xmax>789</xmax>
      <ymax>491</ymax>
    </bndbox>
    <confidence>0.878229</confidence>
  </object>
  <object>
    <name>Vehicle</name>
    <bndbox>
      <xmin>534</xmin>
      <ymin>477</ymin>
      <xmax>586</xmax>
      <ymax>525</ymax>
    </bndbox>
    <confidence>0.892462</confidence>
  </object>
  <object>
    <name>Vehicle</name>
    <bndbox>
      <xmin>451</xmin>
      <ymin>491</ymin>
      <xmax>515</xmax>
      <ymax>540</ymax>
    </bndbox>
    <confidence>0.893534</confidence>
  </object>
  <object>
    <name>Vehicle</name>
    <bndbox>
      <xmin>377</xmin>
      <ymin>496</ymin>
      <xmax>456</xmax>
      <ymax>551</ymax>
    </bndbox>
    <confidence>0.945089</confidence>
  </object>
  <object>
    <name>Vehicle</name>
    <bndbox>
      <xmin>886</xmin>
      <ymin>459</ymin>
      <xmax>1121</xmax>
      <ymax>651</ymax>
    </bndbox>
    <confidence>0.969921</confidence>
  </object>
</annotation>
