<annotation>
  <folder>runs\detect\exp39</folder>
  <filename>1_20200615_112419_005850.jpg</filename>
  <source>
    <database>Unknown</database>
  </source>
  <size>
    <width>1920</width>
    <height>1080</height>
    <depth>3</depth>
  </size>
  <segmented>0</segmented>
  <object>
    <name>Vehicle</name>
    <bndbox>
      <xmin>497</xmin>
      <ymin>421</ymin>
      <xmax>533</xmax>
      <ymax>458</ymax>
    </bndbox>
    <confidence>0.29571</confidence>
  </object>
  <object>
    <name>Vehicle</name>
    <bndbox>
      <xmin>92</xmin>
      <ymin>451</ymin>
      <xmax>131</xmax>
      <ymax>493</ymax>
    </bndbox>
    <confidence>0.596034</confidence>
  </object>
  <object>
    <name>Vehicle</name>
    <bndbox>
      <xmin>500</xmin>
      <ymin>434</ymin>
      <xmax>545</xmax>
      <ymax>465</ymax>
    </bndbox>
    <confidence>0.768559</confidence>
  </object>
  <object>
    <name>Vehicle</name>
    <bndbox>
      <xmin>532</xmin>
      <ymin>425</ymin>
      <xmax>569</xmax>
      <ymax>459</ymax>
    </bndbox>
    <confidence>0.855238</confidence>
  </object>
  <object>
    <name>Vehicle</name>
    <bndbox>
      <xmin>817</xmin>
      <ymin>448</ymin>
      <xmax>869</xmax>
      <ymax>489</ymax>
    </bndbox>
    <confidence>0.874367</confidence>
  </object>
  <object>
    <name>Vehicle</name>
    <bndbox>
      <xmin>412</xmin>
      <ymin>436</ymin>
      <xmax>455</xmax>
      <ymax>468</ymax>
    </bndbox>
    <confidence>0.879056</confidence>
  </object>
  <object>
    <name>TrafficSign</name>
    <bndbox>
      <xmin>1759</xmin>
      <ymin>471</ymin>
      <xmax>1861</xmax>
      <ymax>581</ymax>
    </bndbox>
    <confidence>0.897398</confidence>
  </object>
  <object>
    <name>Vehicle</name>
    <bndbox>
      <xmin>500</xmin>
      <ymin>454</ymin>
      <xmax>557</xmax>
      <ymax>496</ymax>
    </bndbox>
    <confidence>0.897634</confidence>
  </object>
  <object>
    <name>TrafficSign</name>
    <bndbox>
      <xmin>1759</xmin>
      <ymin>182</ymin>
      <xmax>1846</xmax>
      <ymax>272</ymax>
    </bndbox>
    <confidence>0.914236</confidence>
  </object>
  <object>
    <name>Vehicle</name>
    <bndbox>
      <xmin>597</xmin>
      <ymin>454</ymin>
      <xmax>655</xmax>
      <ymax>495</ymax>
    </bndbox>
    <confidence>0.923439</confidence>
  </object>
  <object>
    <name>TrafficSign</name>
    <bndbox>
      <xmin>1742</xmin>
      <ymin>4</ymin>
      <xmax>1827</xmax>
      <ymax>92</ymax>
    </bndbox>
    <confidence>0.927557</confidence>
  </object>
  <object>
    <name>TrafficSign</name>
    <bndbox>
      <xmin>1750</xmin>
      <ymin>94</ymin>
      <xmax>1839</xmax>
      <ymax>182</ymax>
    </bndbox>
    <confidence>0.93021</confidence>
  </object>
  <object>
    <name>Vehicle</name>
    <bndbox>
      <xmin>691</xmin>
      <ymin>470</ymin>
      <xmax>774</xmax>
      <ymax>545</ymax>
    </bndbox>
    <confidence>0.939586</confidence>
  </object>
  <object>
    <name>Vehicle</name>
    <bndbox>
      <xmin>733</xmin>
      <ymin>493</ymin>
      <xmax>881</xmax>
      <ymax>600</ymax>
    </bndbox>
    <confidence>0.95606</confidence>
  </object>
</annotation>
