<annotation>
  <folder>runs\detect\exp2</folder>
  <filename>1_20200615_112419_004230.jpg</filename>
  <source>
    <database>Unknown</database>
  </source>
  <size>
    <width>1920</width>
    <height>1080</height>
    <depth>3</depth>
  </size>
  <segmented>0</segmented>
  <object>
    <name>TrafficLight</name>
    <bndbox>
      <xmin>950</xmin>
      <ymin>415</ymin>
      <xmax>1010</xmax>
      <ymax>433</ymax>
    </bndbox>
    <confidence>0.844803</confidence>
  </object>
  <object>
    <name>TrafficLight</name>
    <bndbox>
      <xmin>1108</xmin>
      <ymin>408</ymin>
      <xmax>1165</xmax>
      <ymax>424</ymax>
    </bndbox>
    <confidence>0.853884</confidence>
  </object>
  <object>
    <name>TrafficSign</name>
    <bndbox>
      <xmin>1038</xmin>
      <ymin>391</ymin>
      <xmax>1075</xmax>
      <ymax>429</ymax>
    </bndbox>
    <confidence>0.909</confidence>
  </object>
  <object>
    <name>Vehicle</name>
    <bndbox>
      <xmin>768</xmin>
      <ymin>546</ymin>
      <xmax>838</xmax>
      <ymax>654</ymax>
    </bndbox>
    <confidence>0.916271</confidence>
  </object>
  <object>
    <name>Vehicle</name>
    <bndbox>
      <xmin>1</xmin>
      <ymin>553</ymin>
      <xmax>88</xmax>
      <ymax>698</ymax>
    </bndbox>
    <confidence>0.94273</confidence>
  </object>
  <object>
    <name>Vehicle</name>
    <bndbox>
      <xmin>1095</xmin>
      <ymin>555</ymin>
      <xmax>1222</xmax>
      <ymax>645</ymax>
    </bndbox>
    <confidence>0.954138</confidence>
  </object>
  <object>
    <name>Vehicle</name>
    <bndbox>
      <xmin>811</xmin>
      <ymin>501</ymin>
      <xmax>1077</xmax>
      <ymax>723</ymax>
    </bndbox>
    <confidence>0.97037</confidence>
  </object>
</annotation>
