<annotation>
  <folder>runs\detect\exp2</folder>
  <filename>1_20200615_112419_001110.jpg</filename>
  <source>
    <database>Unknown</database>
  </source>
  <size>
    <width>1920</width>
    <height>1080</height>
    <depth>3</depth>
  </size>
  <segmented>0</segmented>
  <object>
    <name>TrafficSign</name>
    <bndbox>
      <xmin>1281</xmin>
      <ymin>404</ymin>
      <xmax>1308</xmax>
      <ymax>448</ymax>
    </bndbox>
    <confidence>0.257467</confidence>
  </object>
  <object>
    <name>TrafficLight</name>
    <bndbox>
      <xmin>1049</xmin>
      <ymin>376</ymin>
      <xmax>1083</xmax>
      <ymax>388</ymax>
    </bndbox>
    <confidence>0.269812</confidence>
  </object>
  <object>
    <name>Vehicle</name>
    <bndbox>
      <xmin>1120</xmin>
      <ymin>443</ymin>
      <xmax>1286</xmax>
      <ymax>523</ymax>
    </bndbox>
    <confidence>0.918071</confidence>
  </object>
  <object>
    <name>Vehicle</name>
    <bndbox>
      <xmin>642</xmin>
      <ymin>507</ymin>
      <xmax>695</xmax>
      <ymax>545</ymax>
    </bndbox>
    <confidence>0.924669</confidence>
  </object>
  <object>
    <name>Vehicle</name>
    <bndbox>
      <xmin>819</xmin>
      <ymin>473</ymin>
      <xmax>915</xmax>
      <ymax>530</ymax>
    </bndbox>
    <confidence>0.937922</confidence>
  </object>
  <object>
    <name>Vehicle</name>
    <bndbox>
      <xmin>885</xmin>
      <ymin>480</ymin>
      <xmax>1048</xmax>
      <ymax>610</ymax>
    </bndbox>
    <confidence>0.962946</confidence>
  </object>
</annotation>
