<annotation>
  <folder>runs\detect\exp2</folder>
  <filename>1_20200615_112419_005460.jpg</filename>
  <source>
    <database>Unknown</database>
  </source>
  <size>
    <width>1920</width>
    <height>1080</height>
    <depth>3</depth>
  </size>
  <segmented>0</segmented>
  <object>
    <name>Vehicle</name>
    <bndbox>
      <xmin>912</xmin>
      <ymin>341</ymin>
      <xmax>1069</xmax>
      <ymax>385</ymax>
    </bndbox>
    <confidence>0.396467</confidence>
  </object>
  <object>
    <name>Vehicle</name>
    <bndbox>
      <xmin>911</xmin>
      <ymin>492</ymin>
      <xmax>972</xmax>
      <ymax>539</ymax>
    </bndbox>
    <confidence>0.926114</confidence>
  </object>
  <object>
    <name>Vehicle</name>
    <bndbox>
      <xmin>837</xmin>
      <ymin>491</ymin>
      <xmax>888</xmax>
      <ymax>532</ymax>
    </bndbox>
    <confidence>0.931167</confidence>
  </object>
  <object>
    <name>Vehicle</name>
    <bndbox>
      <xmin>25</xmin>
      <ymin>502</ymin>
      <xmax>225</xmax>
      <ymax>630</ymax>
    </bndbox>
    <confidence>0.966541</confidence>
  </object>
  <object>
    <name>Vehicle</name>
    <bndbox>
      <xmin>463</xmin>
      <ymin>470</ymin>
      <xmax>711</xmax>
      <ymax>655</ymax>
    </bndbox>
    <confidence>0.972175</confidence>
  </object>
</annotation>
