<annotation>
  <folder>runs\detect\exp39</folder>
  <filename>1_20200615_112419_004410.jpg</filename>
  <source>
    <database>Unknown</database>
  </source>
  <size>
    <width>1920</width>
    <height>1080</height>
    <depth>3</depth>
  </size>
  <segmented>0</segmented>
  <object>
    <name>Pedestrian</name>
    <bndbox>
      <xmin>0</xmin>
      <ymin>581</ymin>
      <xmax>11</xmax>
      <ymax>652</ymax>
    </bndbox>
    <confidence>0.506491</confidence>
  </object>
  <object>
    <name>Vehicle</name>
    <bndbox>
      <xmin>1110</xmin>
      <ymin>555</ymin>
      <xmax>1159</xmax>
      <ymax>620</ymax>
    </bndbox>
    <confidence>0.817402</confidence>
  </object>
  <object>
    <name>Vehicle</name>
    <bndbox>
      <xmin>721</xmin>
      <ymin>583</ymin>
      <xmax>760</xmax>
      <ymax>616</ymax>
    </bndbox>
    <confidence>0.833062</confidence>
  </object>
  <object>
    <name>Vehicle</name>
    <bndbox>
      <xmin>611</xmin>
      <ymin>558</ymin>
      <xmax>643</xmax>
      <ymax>624</ymax>
    </bndbox>
    <confidence>0.867558</confidence>
  </object>
  <object>
    <name>TrafficSign</name>
    <bndbox>
      <xmin>1161</xmin>
      <ymin>389</ymin>
      <xmax>1190</xmax>
      <ymax>420</ymax>
    </bndbox>
    <confidence>0.879761</confidence>
  </object>
  <object>
    <name>TrafficLight</name>
    <bndbox>
      <xmin>1071</xmin>
      <ymin>307</ymin>
      <xmax>1143</xmax>
      <ymax>329</ymax>
    </bndbox>
    <confidence>0.882078</confidence>
  </object>
  <object>
    <name>Vehicle</name>
    <bndbox>
      <xmin>634</xmin>
      <ymin>570</ymin>
      <xmax>688</xmax>
      <ymax>619</ymax>
    </bndbox>
    <confidence>0.904784</confidence>
  </object>
  <object>
    <name>Vehicle</name>
    <bndbox>
      <xmin>664</xmin>
      <ymin>565</ymin>
      <xmax>717</xmax>
      <ymax>616</ymax>
    </bndbox>
    <confidence>0.910334</confidence>
  </object>
  <object>
    <name>Vehicle</name>
    <bndbox>
      <xmin>68</xmin>
      <ymin>338</ymin>
      <xmax>660</xmax>
      <ymax>797</ymax>
    </bndbox>
    <confidence>0.941694</confidence>
  </object>
  <object>
    <name>Vehicle</name>
    <bndbox>
      <xmin>857</xmin>
      <ymin>494</ymin>
      <xmax>1129</xmax>
      <ymax>716</ymax>
    </bndbox>
    <confidence>0.964111</confidence>
  </object>
</annotation>
