<annotation>
  <folder>runs\detect\exp39</folder>
  <filename>1_20200615_112419_000840.jpg</filename>
  <source>
    <database>Unknown</database>
  </source>
  <size>
    <width>1920</width>
    <height>1080</height>
    <depth>3</depth>
  </size>
  <segmented>0</segmented>
  <object>
    <name>TrafficSign</name>
    <bndbox>
      <xmin>971</xmin>
      <ymin>284</ymin>
      <xmax>1082</xmax>
      <ymax>329</ymax>
    </bndbox>
    <confidence>0.859932</confidence>
  </object>
  <object>
    <name>Vehicle</name>
    <bndbox>
      <xmin>1681</xmin>
      <ymin>425</ymin>
      <xmax>1910</xmax>
      <ymax>587</ymax>
    </bndbox>
    <confidence>0.925634</confidence>
  </object>
  <object>
    <name>Vehicle</name>
    <bndbox>
      <xmin>869</xmin>
      <ymin>461</ymin>
      <xmax>1021</xmax>
      <ymax>581</ymax>
    </bndbox>
    <confidence>0.956232</confidence>
  </object>
</annotation>
