<annotation>
  <folder>runs\detect\exp39</folder>
  <filename>1_20200615_112419_003510.jpg</filename>
  <source>
    <database>Unknown</database>
  </source>
  <size>
    <width>1920</width>
    <height>1080</height>
    <depth>3</depth>
  </size>
  <segmented>0</segmented>
  <object>
    <name>Vehicle</name>
    <bndbox>
      <xmin>387</xmin>
      <ymin>539</ymin>
      <xmax>418</xmax>
      <ymax>564</ymax>
    </bndbox>
    <confidence>0.631956</confidence>
  </object>
  <object>
    <name>TrafficSign</name>
    <bndbox>
      <xmin>1058</xmin>
      <ymin>421</ymin>
      <xmax>1088</xmax>
      <ymax>455</ymax>
    </bndbox>
    <confidence>0.840924</confidence>
  </object>
  <object>
    <name>TrafficSign</name>
    <bndbox>
      <xmin>1071</xmin>
      <ymin>74</ymin>
      <xmax>1140</xmax>
      <ymax>143</ymax>
    </bndbox>
    <confidence>0.903009</confidence>
  </object>
  <object>
    <name>TrafficSign</name>
    <bndbox>
      <xmin>1338</xmin>
      <ymin>332</ymin>
      <xmax>1384</xmax>
      <ymax>379</ymax>
    </bndbox>
    <confidence>0.90326</confidence>
  </object>
  <object>
    <name>Vehicle</name>
    <bndbox>
      <xmin>1813</xmin>
      <ymin>463</ymin>
      <xmax>1920</xmax>
      <ymax>673</ymax>
    </bndbox>
    <confidence>0.930088</confidence>
  </object>
  <object>
    <name>Vehicle</name>
    <bndbox>
      <xmin>793</xmin>
      <ymin>483</ymin>
      <xmax>940</xmax>
      <ymax>597</ymax>
    </bndbox>
    <confidence>0.946125</confidence>
  </object>
</annotation>
