<annotation>
  <folder>runs\detect\exp39</folder>
  <filename>1_20200615_112419_005280.jpg</filename>
  <source>
    <database>Unknown</database>
  </source>
  <size>
    <width>1920</width>
    <height>1080</height>
    <depth>3</depth>
  </size>
  <segmented>0</segmented>
  <object>
    <name>Pedestrian</name>
    <bndbox>
      <xmin>1471</xmin>
      <ymin>482</ymin>
      <xmax>1494</xmax>
      <ymax>563</ymax>
    </bndbox>
    <confidence>0.324572</confidence>
  </object>
  <object>
    <name>TrafficSign</name>
    <bndbox>
      <xmin>1291</xmin>
      <ymin>406</ymin>
      <xmax>1316</xmax>
      <ymax>433</ymax>
    </bndbox>
    <confidence>0.532502</confidence>
  </object>
  <object>
    <name>Pedestrian</name>
    <bndbox>
      <xmin>536</xmin>
      <ymin>517</ymin>
      <xmax>549</xmax>
      <ymax>552</ymax>
    </bndbox>
    <confidence>0.576642</confidence>
  </object>
  <object>
    <name>Pedestrian</name>
    <bndbox>
      <xmin>1493</xmin>
      <ymin>481</ymin>
      <xmax>1520</xmax>
      <ymax>568</ymax>
    </bndbox>
    <confidence>0.750374</confidence>
  </object>
  <object>
    <name>Vehicle</name>
    <bndbox>
      <xmin>690</xmin>
      <ymin>515</ymin>
      <xmax>727</xmax>
      <ymax>577</ymax>
    </bndbox>
    <confidence>0.864875</confidence>
  </object>
  <object>
    <name>TrafficLight</name>
    <bndbox>
      <xmin>927</xmin>
      <ymin>218</ymin>
      <xmax>1011</xmax>
      <ymax>244</ymax>
    </bndbox>
    <confidence>0.878579</confidence>
  </object>
  <object>
    <name>TrafficSign</name>
    <bndbox>
      <xmin>1064</xmin>
      <ymin>325</ymin>
      <xmax>1095</xmax>
      <ymax>356</ymax>
    </bndbox>
    <confidence>0.892518</confidence>
  </object>
  <object>
    <name>Vehicle</name>
    <bndbox>
      <xmin>659</xmin>
      <ymin>472</ymin>
      <xmax>746</xmax>
      <ymax>569</ymax>
    </bndbox>
    <confidence>0.909663</confidence>
  </object>
  <object>
    <name>TrafficSign</name>
    <bndbox>
      <xmin>1163</xmin>
      <ymin>148</ymin>
      <xmax>1216</xmax>
      <ymax>202</ymax>
    </bndbox>
    <confidence>0.912933</confidence>
  </object>
  <object>
    <name>Vehicle</name>
    <bndbox>
      <xmin>830</xmin>
      <ymin>505</ymin>
      <xmax>895</xmax>
      <ymax>564</ymax>
    </bndbox>
    <confidence>0.925742</confidence>
  </object>
  <object>
    <name>Vehicle</name>
    <bndbox>
      <xmin>1</xmin>
      <ymin>538</ymin>
      <xmax>79</xmax>
      <ymax>628</ymax>
    </bndbox>
    <confidence>0.93585</confidence>
  </object>
  <object>
    <name>Vehicle</name>
    <bndbox>
      <xmin>596</xmin>
      <ymin>503</ymin>
      <xmax>705</xmax>
      <ymax>585</ymax>
    </bndbox>
    <confidence>0.947706</confidence>
  </object>
  <object>
    <name>Vehicle</name>
    <bndbox>
      <xmin>856</xmin>
      <ymin>472</ymin>
      <xmax>1140</xmax>
      <ymax>709</ymax>
    </bndbox>
    <confidence>0.965287</confidence>
  </object>
</annotation>
