<annotation>
  <folder>runs\detect\exp39</folder>
  <filename>1_20200615_112419_001050.jpg</filename>
  <source>
    <database>Unknown</database>
  </source>
  <size>
    <width>1920</width>
    <height>1080</height>
    <depth>3</depth>
  </size>
  <segmented>0</segmented>
  <object>
    <name>Vehicle</name>
    <bndbox>
      <xmin>478</xmin>
      <ymin>491</ymin>
      <xmax>562</xmax>
      <ymax>537</ymax>
    </bndbox>
    <confidence>0.67636</confidence>
  </object>
  <object>
    <name>Vehicle</name>
    <bndbox>
      <xmin>671</xmin>
      <ymin>504</ymin>
      <xmax>722</xmax>
      <ymax>534</ymax>
    </bndbox>
    <confidence>0.904813</confidence>
  </object>
  <object>
    <name>Vehicle</name>
    <bndbox>
      <xmin>887</xmin>
      <ymin>467</ymin>
      <xmax>1046</xmax>
      <ymax>596</ymax>
    </bndbox>
    <confidence>0.959342</confidence>
  </object>
</annotation>
