<annotation>
  <folder>runs\detect\exp39</folder>
  <filename>1_20200615_112419_004920.jpg</filename>
  <source>
    <database>Unknown</database>
  </source>
  <size>
    <width>1920</width>
    <height>1080</height>
    <depth>3</depth>
  </size>
  <segmented>0</segmented>
  <object>
    <name>Vehicle</name>
    <bndbox>
      <xmin>692</xmin>
      <ymin>521</ymin>
      <xmax>735</xmax>
      <ymax>561</ymax>
    </bndbox>
    <confidence>0.352322</confidence>
  </object>
  <object>
    <name>Vehicle</name>
    <bndbox>
      <xmin>860</xmin>
      <ymin>524</ymin>
      <xmax>890</xmax>
      <ymax>551</ymax>
    </bndbox>
    <confidence>0.447277</confidence>
  </object>
  <object>
    <name>Pedestrian</name>
    <bndbox>
      <xmin>394</xmin>
      <ymin>523</ymin>
      <xmax>411</xmax>
      <ymax>565</ymax>
    </bndbox>
    <confidence>0.576326</confidence>
  </object>
  <object>
    <name>Vehicle</name>
    <bndbox>
      <xmin>685</xmin>
      <ymin>500</ymin>
      <xmax>736</xmax>
      <ymax>544</ymax>
    </bndbox>
    <confidence>0.684314</confidence>
  </object>
  <object>
    <name>TrafficSign</name>
    <bndbox>
      <xmin>1039</xmin>
      <ymin>216</ymin>
      <xmax>1170</xmax>
      <ymax>285</ymax>
    </bndbox>
    <confidence>0.817757</confidence>
  </object>
  <object>
    <name>Vehicle</name>
    <bndbox>
      <xmin>768</xmin>
      <ymin>504</ymin>
      <xmax>810</xmax>
      <ymax>554</ymax>
    </bndbox>
    <confidence>0.871058</confidence>
  </object>
  <object>
    <name>Vehicle</name>
    <bndbox>
      <xmin>739</xmin>
      <ymin>514</ymin>
      <xmax>789</xmax>
      <ymax>557</ymax>
    </bndbox>
    <confidence>0.89587</confidence>
  </object>
  <object>
    <name>TrafficSign</name>
    <bndbox>
      <xmin>1528</xmin>
      <ymin>117</ymin>
      <xmax>1582</xmax>
      <ymax>171</ymax>
    </bndbox>
    <confidence>0.908259</confidence>
  </object>
  <object>
    <name>Vehicle</name>
    <bndbox>
      <xmin>935</xmin>
      <ymin>505</ymin>
      <xmax>1014</xmax>
      <ymax>568</ymax>
    </bndbox>
    <confidence>0.932696</confidence>
  </object>
  <object>
    <name>Vehicle</name>
    <bndbox>
      <xmin>272</xmin>
      <ymin>497</ymin>
      <xmax>385</xmax>
      <ymax>617</ymax>
    </bndbox>
    <confidence>0.952228</confidence>
  </object>
  <object>
    <name>Vehicle</name>
    <bndbox>
      <xmin>450</xmin>
      <ymin>483</ymin>
      <xmax>731</xmax>
      <ymax>691</ymax>
    </bndbox>
    <confidence>0.965708</confidence>
  </object>
  <object>
    <name>Vehicle</name>
    <bndbox>
      <xmin>2</xmin>
      <ymin>474</ymin>
      <xmax>305</xmax>
      <ymax>702</ymax>
    </bndbox>
    <confidence>0.968411</confidence>
  </object>
</annotation>
