<annotation>
  <folder>runs\detect\exp39</folder>
  <filename>1_20200615_112419_006750.jpg</filename>
  <source>
    <database>Unknown</database>
  </source>
  <size>
    <width>1920</width>
    <height>1080</height>
    <depth>3</depth>
  </size>
  <segmented>0</segmented>
  <object>
    <name>Vehicle</name>
    <bndbox>
      <xmin>215</xmin>
      <ymin>464</ymin>
      <xmax>422</xmax>
      <ymax>555</ymax>
    </bndbox>
    <confidence>0.933098</confidence>
  </object>
  <object>
    <name>Vehicle</name>
    <bndbox>
      <xmin>963</xmin>
      <ymin>511</ymin>
      <xmax>1082</xmax>
      <ymax>616</ymax>
    </bndbox>
    <confidence>0.94989</confidence>
  </object>
  <object>
    <name>Vehicle</name>
    <bndbox>
      <xmin>1038</xmin>
      <ymin>460</ymin>
      <xmax>1389</xmax>
      <ymax>745</ymax>
    </bndbox>
    <confidence>0.961779</confidence>
  </object>
</annotation>
