<annotation>
  <folder>runs\detect\exp2</folder>
  <filename>1_20200615_112419_007860.jpg</filename>
  <source>
    <database>Unknown</database>
  </source>
  <size>
    <width>1920</width>
    <height>1080</height>
    <depth>3</depth>
  </size>
  <segmented>0</segmented>
  <object>
    <name>TrafficSign</name>
    <bndbox>
      <xmin>1472</xmin>
      <ymin>406</ymin>
      <xmax>1503</xmax>
      <ymax>438</ymax>
    </bndbox>
    <confidence>0.881255</confidence>
  </object>
  <object>
    <name>TrafficSign</name>
    <bndbox>
      <xmin>1212</xmin>
      <ymin>239</ymin>
      <xmax>1261</xmax>
      <ymax>288</ymax>
    </bndbox>
    <confidence>0.900037</confidence>
  </object>
  <object>
    <name>Vehicle</name>
    <bndbox>
      <xmin>1268</xmin>
      <ymin>507</ymin>
      <xmax>1416</xmax>
      <ymax>614</ymax>
    </bndbox>
    <confidence>0.963101</confidence>
  </object>
</annotation>
