<annotation>
  <folder>runs\detect\exp39</folder>
  <filename>1_20200615_112419_008730.jpg</filename>
  <source>
    <database>Unknown</database>
  </source>
  <size>
    <width>1920</width>
    <height>1080</height>
    <depth>3</depth>
  </size>
  <segmented>0</segmented>
  <object>
    <name>Vehicle</name>
    <bndbox>
      <xmin>99</xmin>
      <ymin>406</ymin>
      <xmax>296</xmax>
      <ymax>511</ymax>
    </bndbox>
    <confidence>0.84059</confidence>
  </object>
  <object>
    <name>Vehicle</name>
    <bndbox>
      <xmin>934</xmin>
      <ymin>485</ymin>
      <xmax>985</xmax>
      <ymax>554</ymax>
    </bndbox>
    <confidence>0.887495</confidence>
  </object>
  <object>
    <name>Vehicle</name>
    <bndbox>
      <xmin>1</xmin>
      <ymin>447</ymin>
      <xmax>363</xmax>
      <ymax>937</ymax>
    </bndbox>
    <confidence>0.965341</confidence>
  </object>
</annotation>
