<annotation>
  <folder>runs\detect\exp39</folder>
  <filename>1_20200615_112419_003900.jpg</filename>
  <source>
    <database>Unknown</database>
  </source>
  <size>
    <width>1920</width>
    <height>1080</height>
    <depth>3</depth>
  </size>
  <segmented>0</segmented>
  <object>
    <name>Pedestrian</name>
    <bndbox>
      <xmin>1324</xmin>
      <ymin>446</ymin>
      <xmax>1354</xmax>
      <ymax>510</ymax>
    </bndbox>
    <confidence>0.261693</confidence>
  </object>
  <object>
    <name>TrafficSign</name>
    <bndbox>
      <xmin>784</xmin>
      <ymin>288</ymin>
      <xmax>810</xmax>
      <ymax>326</ymax>
    </bndbox>
    <confidence>0.287491</confidence>
  </object>
  <object>
    <name>Vehicle</name>
    <bndbox>
      <xmin>535</xmin>
      <ymin>467</ymin>
      <xmax>570</xmax>
      <ymax>492</ymax>
    </bndbox>
    <confidence>0.561773</confidence>
  </object>
  <object>
    <name>TrafficSign</name>
    <bndbox>
      <xmin>784</xmin>
      <ymin>285</ymin>
      <xmax>889</xmax>
      <ymax>326</ymax>
    </bndbox>
    <confidence>0.797028</confidence>
  </object>
  <object>
    <name>Vehicle</name>
    <bndbox>
      <xmin>393</xmin>
      <ymin>468</ymin>
      <xmax>436</xmax>
      <ymax>501</ymax>
    </bndbox>
    <confidence>0.886105</confidence>
  </object>
  <object>
    <name>Vehicle</name>
    <bndbox>
      <xmin>793</xmin>
      <ymin>449</ymin>
      <xmax>1023</xmax>
      <ymax>633</ymax>
    </bndbox>
    <confidence>0.963342</confidence>
  </object>
  <object>
    <name>Vehicle</name>
    <bndbox>
      <xmin>1</xmin>
      <ymin>419</ymin>
      <xmax>406</xmax>
      <ymax>863</ymax>
    </bndbox>
    <confidence>0.967058</confidence>
  </object>
</annotation>
