<annotation>
  <folder>runs\detect\exp39</folder>
  <filename>1_20200615_112419_002970.jpg</filename>
  <source>
    <database>Unknown</database>
  </source>
  <size>
    <width>1920</width>
    <height>1080</height>
    <depth>3</depth>
  </size>
  <segmented>0</segmented>
  <object>
    <name>Vehicle</name>
    <bndbox>
      <xmin>566</xmin>
      <ymin>533</ymin>
      <xmax>596</xmax>
      <ymax>568</ymax>
    </bndbox>
    <confidence>0.255638</confidence>
  </object>
  <object>
    <name>Vehicle</name>
    <bndbox>
      <xmin>497</xmin>
      <ymin>543</ymin>
      <xmax>534</xmax>
      <ymax>572</ymax>
    </bndbox>
    <confidence>0.350288</confidence>
  </object>
  <object>
    <name>Vehicle</name>
    <bndbox>
      <xmin>308</xmin>
      <ymin>552</ymin>
      <xmax>341</xmax>
      <ymax>579</ymax>
    </bndbox>
    <confidence>0.810164</confidence>
  </object>
  <object>
    <name>Vehicle</name>
    <bndbox>
      <xmin>571</xmin>
      <ymin>541</ymin>
      <xmax>619</xmax>
      <ymax>578</ymax>
    </bndbox>
    <confidence>0.897417</confidence>
  </object>
  <object>
    <name>Vehicle</name>
    <bndbox>
      <xmin>340</xmin>
      <ymin>528</ymin>
      <xmax>406</xmax>
      <ymax>601</ymax>
    </bndbox>
    <confidence>0.922747</confidence>
  </object>
  <object>
    <name>Vehicle</name>
    <bndbox>
      <xmin>3</xmin>
      <ymin>551</ymin>
      <xmax>111</xmax>
      <ymax>685</ymax>
    </bndbox>
    <confidence>0.951843</confidence>
  </object>
  <object>
    <name>Vehicle</name>
    <bndbox>
      <xmin>785</xmin>
      <ymin>515</ymin>
      <xmax>944</xmax>
      <ymax>640</ymax>
    </bndbox>
    <confidence>0.959026</confidence>
  </object>
</annotation>
