<annotation>
  <folder>runs\detect\exp39</folder>
  <filename>1_20200615_112419_007260.jpg</filename>
  <source>
    <database>Unknown</database>
  </source>
  <size>
    <width>1920</width>
    <height>1080</height>
    <depth>3</depth>
  </size>
  <segmented>0</segmented>
  <object>
    <name>Vehicle</name>
    <bndbox>
      <xmin>1152</xmin>
      <ymin>439</ymin>
      <xmax>1179</xmax>
      <ymax>468</ymax>
    </bndbox>
    <confidence>0.650983</confidence>
  </object>
  <object>
    <name>Vehicle</name>
    <bndbox>
      <xmin>1062</xmin>
      <ymin>461</ymin>
      <xmax>1094</xmax>
      <ymax>487</ymax>
    </bndbox>
    <confidence>0.804264</confidence>
  </object>
  <object>
    <name>Vehicle</name>
    <bndbox>
      <xmin>1131</xmin>
      <ymin>452</ymin>
      <xmax>1162</xmax>
      <ymax>477</ymax>
    </bndbox>
    <confidence>0.811705</confidence>
  </object>
  <object>
    <name>Vehicle</name>
    <bndbox>
      <xmin>953</xmin>
      <ymin>447</ymin>
      <xmax>985</xmax>
      <ymax>476</ymax>
    </bndbox>
    <confidence>0.844984</confidence>
  </object>
  <object>
    <name>Vehicle</name>
    <bndbox>
      <xmin>859</xmin>
      <ymin>472</ymin>
      <xmax>899</xmax>
      <ymax>501</ymax>
    </bndbox>
    <confidence>0.878794</confidence>
  </object>
  <object>
    <name>Vehicle</name>
    <bndbox>
      <xmin>3</xmin>
      <ymin>491</ymin>
      <xmax>165</xmax>
      <ymax>556</ymax>
    </bndbox>
    <confidence>0.921026</confidence>
  </object>
  <object>
    <name>Vehicle</name>
    <bndbox>
      <xmin>1169</xmin>
      <ymin>481</ymin>
      <xmax>1309</xmax>
      <ymax>594</ymax>
    </bndbox>
    <confidence>0.956592</confidence>
  </object>
  <object>
    <name>Vehicle</name>
    <bndbox>
      <xmin>874</xmin>
      <ymin>487</ymin>
      <xmax>1052</xmax>
      <ymax>616</ymax>
    </bndbox>
    <confidence>0.959425</confidence>
  </object>
  <object>
    <name>Vehicle</name>
    <bndbox>
      <xmin>1531</xmin>
      <ymin>417</ymin>
      <xmax>1921</xmax>
      <ymax>814</ymax>
    </bndbox>
    <confidence>0.966326</confidence>
  </object>
</annotation>
