<annotation>
  <folder>runs\detect\exp39</folder>
  <filename>1_20200615_112419_006330.jpg</filename>
  <source>
    <database>Unknown</database>
  </source>
  <size>
    <width>1920</width>
    <height>1080</height>
    <depth>3</depth>
  </size>
  <segmented>0</segmented>
  <object>
    <name>Vehicle</name>
    <bndbox>
      <xmin>916</xmin>
      <ymin>455</ymin>
      <xmax>949</xmax>
      <ymax>481</ymax>
    </bndbox>
    <confidence>0.587002</confidence>
  </object>
  <object>
    <name>Vehicle</name>
    <bndbox>
      <xmin>885</xmin>
      <ymin>507</ymin>
      <xmax>933</xmax>
      <ymax>537</ymax>
    </bndbox>
    <confidence>0.65376</confidence>
  </object>
  <object>
    <name>TrafficLight</name>
    <bndbox>
      <xmin>1063</xmin>
      <ymin>212</ymin>
      <xmax>1106</xmax>
      <ymax>226</ymax>
    </bndbox>
    <confidence>0.672979</confidence>
  </object>
  <object>
    <name>TrafficSign</name>
    <bndbox>
      <xmin>1115</xmin>
      <ymin>199</ymin>
      <xmax>1142</xmax>
      <ymax>227</ymax>
    </bndbox>
    <confidence>0.841322</confidence>
  </object>
  <object>
    <name>TrafficSign</name>
    <bndbox>
      <xmin>916</xmin>
      <ymin>352</ymin>
      <xmax>949</xmax>
      <ymax>385</ymax>
    </bndbox>
    <confidence>0.885398</confidence>
  </object>
  <object>
    <name>Vehicle</name>
    <bndbox>
      <xmin>954</xmin>
      <ymin>538</ymin>
      <xmax>1023</xmax>
      <ymax>606</ymax>
    </bndbox>
    <confidence>0.900098</confidence>
  </object>
  <object>
    <name>Vehicle</name>
    <bndbox>
      <xmin>885</xmin>
      <ymin>554</ymin>
      <xmax>1020</xmax>
      <ymax>651</ymax>
    </bndbox>
    <confidence>0.95001</confidence>
  </object>
  <object>
    <name>Vehicle</name>
    <bndbox>
      <xmin>35</xmin>
      <ymin>491</ymin>
      <xmax>525</xmax>
      <ymax>834</ymax>
    </bndbox>
    <confidence>0.968835</confidence>
  </object>
</annotation>
