<annotation>
  <folder>runs\detect\exp39</folder>
  <filename>1_20200615_112419_005910.jpg</filename>
  <source>
    <database>Unknown</database>
  </source>
  <size>
    <width>1920</width>
    <height>1080</height>
    <depth>3</depth>
  </size>
  <segmented>0</segmented>
  <object>
    <name>Vehicle</name>
    <bndbox>
      <xmin>669</xmin>
      <ymin>406</ymin>
      <xmax>708</xmax>
      <ymax>442</ymax>
    </bndbox>
    <confidence>0.804821</confidence>
  </object>
  <object>
    <name>Vehicle</name>
    <bndbox>
      <xmin>493</xmin>
      <ymin>412</ymin>
      <xmax>537</xmax>
      <ymax>444</ymax>
    </bndbox>
    <confidence>0.860708</confidence>
  </object>
  <object>
    <name>Vehicle</name>
    <bndbox>
      <xmin>609</xmin>
      <ymin>405</ymin>
      <xmax>645</xmax>
      <ymax>443</ymax>
    </bndbox>
    <confidence>0.864588</confidence>
  </object>
  <object>
    <name>Vehicle</name>
    <bndbox>
      <xmin>88</xmin>
      <ymin>401</ymin>
      <xmax>160</xmax>
      <ymax>484</ymax>
    </bndbox>
    <confidence>0.897683</confidence>
  </object>
  <object>
    <name>Vehicle</name>
    <bndbox>
      <xmin>568</xmin>
      <ymin>405</ymin>
      <xmax>624</xmax>
      <ymax>449</ymax>
    </bndbox>
    <confidence>0.91247</confidence>
  </object>
  <object>
    <name>Vehicle</name>
    <bndbox>
      <xmin>680</xmin>
      <ymin>408</ymin>
      <xmax>744</xmax>
      <ymax>455</ymax>
    </bndbox>
    <confidence>0.924422</confidence>
  </object>
  <object>
    <name>Vehicle</name>
    <bndbox>
      <xmin>1116</xmin>
      <ymin>413</ymin>
      <xmax>1208</xmax>
      <ymax>480</ymax>
    </bndbox>
    <confidence>0.937983</confidence>
  </object>
  <object>
    <name>Vehicle</name>
    <bndbox>
      <xmin>768</xmin>
      <ymin>411</ymin>
      <xmax>863</xmax>
      <ymax>499</ymax>
    </bndbox>
    <confidence>0.938381</confidence>
  </object>
  <object>
    <name>Vehicle</name>
    <bndbox>
      <xmin>794</xmin>
      <ymin>438</ymin>
      <xmax>979</xmax>
      <ymax>579</ymax>
    </bndbox>
    <confidence>0.961132</confidence>
  </object>
</annotation>
