<annotation>
  <folder>runs\detect\exp2</folder>
  <filename>1_20200615_112419_002700.jpg</filename>
  <source>
    <database>Unknown</database>
  </source>
  <size>
    <width>1920</width>
    <height>1080</height>
    <depth>3</depth>
  </size>
  <segmented>0</segmented>
  <object>
    <name>Vehicle</name>
    <bndbox>
      <xmin>462</xmin>
      <ymin>530</ymin>
      <xmax>499</xmax>
      <ymax>558</ymax>
    </bndbox>
    <confidence>0.83238</confidence>
  </object>
  <object>
    <name>Vehicle</name>
    <bndbox>
      <xmin>294</xmin>
      <ymin>524</ymin>
      <xmax>334</xmax>
      <ymax>563</ymax>
    </bndbox>
    <confidence>0.844436</confidence>
  </object>
  <object>
    <name>Vehicle</name>
    <bndbox>
      <xmin>360</xmin>
      <ymin>533</ymin>
      <xmax>397</xmax>
      <ymax>564</ymax>
    </bndbox>
    <confidence>0.88064</confidence>
  </object>
  <object>
    <name>TrafficSign</name>
    <bndbox>
      <xmin>1530</xmin>
      <ymin>308</ymin>
      <xmax>1575</xmax>
      <ymax>352</ymax>
    </bndbox>
    <confidence>0.907229</confidence>
  </object>
  <object>
    <name>Vehicle</name>
    <bndbox>
      <xmin>311</xmin>
      <ymin>533</ymin>
      <xmax>369</xmax>
      <ymax>580</ymax>
    </bndbox>
    <confidence>0.918965</confidence>
  </object>
  <object>
    <name>Vehicle</name>
    <bndbox>
      <xmin>128</xmin>
      <ymin>512</ymin>
      <xmax>281</xmax>
      <ymax>633</ymax>
    </bndbox>
    <confidence>0.964552</confidence>
  </object>
  <object>
    <name>Vehicle</name>
    <bndbox>
      <xmin>817</xmin>
      <ymin>488</ymin>
      <xmax>1051</xmax>
      <ymax>677</ymax>
    </bndbox>
    <confidence>0.970617</confidence>
  </object>
</annotation>
