<annotation>
  <folder>runs\detect\exp2</folder>
  <filename>1_20200615_112419_000360.jpg</filename>
  <source>
    <database>Unknown</database>
  </source>
  <size>
    <width>1920</width>
    <height>1080</height>
    <depth>3</depth>
  </size>
  <segmented>0</segmented>
  <object>
    <name>Vehicle</name>
    <bndbox>
      <xmin>762</xmin>
      <ymin>514</ymin>
      <xmax>790</xmax>
      <ymax>542</ymax>
    </bndbox>
    <confidence>0.646835</confidence>
  </object>
  <object>
    <name>Vehicle</name>
    <bndbox>
      <xmin>778</xmin>
      <ymin>507</ymin>
      <xmax>809</xmax>
      <ymax>536</ymax>
    </bndbox>
    <confidence>0.725422</confidence>
  </object>
  <object>
    <name>Vehicle</name>
    <bndbox>
      <xmin>896</xmin>
      <ymin>481</ymin>
      <xmax>922</xmax>
      <ymax>512</ymax>
    </bndbox>
    <confidence>0.729599</confidence>
  </object>
  <object>
    <name>Vehicle</name>
    <bndbox>
      <xmin>734</xmin>
      <ymin>519</ymin>
      <xmax>772</xmax>
      <ymax>547</ymax>
    </bndbox>
    <confidence>0.874761</confidence>
  </object>
  <object>
    <name>Vehicle</name>
    <bndbox>
      <xmin>830</xmin>
      <ymin>504</ymin>
      <xmax>875</xmax>
      <ymax>550</ymax>
    </bndbox>
    <confidence>0.885319</confidence>
  </object>
  <object>
    <name>Vehicle</name>
    <bndbox>
      <xmin>1</xmin>
      <ymin>460</ymin>
      <xmax>251</xmax>
      <ymax>670</ymax>
    </bndbox>
    <confidence>0.959484</confidence>
  </object>
  <object>
    <name>Vehicle</name>
    <bndbox>
      <xmin>404</xmin>
      <ymin>520</ymin>
      <xmax>540</xmax>
      <ymax>613</ymax>
    </bndbox>
    <confidence>0.961427</confidence>
  </object>
  <object>
    <name>Vehicle</name>
    <bndbox>
      <xmin>964</xmin>
      <ymin>498</ymin>
      <xmax>1133</xmax>
      <ymax>633</ymax>
    </bndbox>
    <confidence>0.96894</confidence>
  </object>
</annotation>
