<annotation>
  <folder>runs\detect\exp2</folder>
  <filename>1_20200615_112419_001080.jpg</filename>
  <source>
    <database>Unknown</database>
  </source>
  <size>
    <width>1920</width>
    <height>1080</height>
    <depth>3</depth>
  </size>
  <segmented>0</segmented>
  <object>
    <name>Vehicle</name>
    <bndbox>
      <xmin>662</xmin>
      <ymin>540</ymin>
      <xmax>707</xmax>
      <ymax>575</ymax>
    </bndbox>
    <confidence>0.899089</confidence>
  </object>
  <object>
    <name>Vehicle</name>
    <bndbox>
      <xmin>613</xmin>
      <ymin>515</ymin>
      <xmax>706</xmax>
      <ymax>569</ymax>
    </bndbox>
    <confidence>0.918141</confidence>
  </object>
  <object>
    <name>Vehicle</name>
    <bndbox>
      <xmin>875</xmin>
      <ymin>506</ymin>
      <xmax>1036</xmax>
      <ymax>636</ymax>
    </bndbox>
    <confidence>0.96474</confidence>
  </object>
</annotation>
