<annotation>
  <folder>runs\detect\exp39</folder>
  <filename>1_20200615_112419_002490.jpg</filename>
  <source>
    <database>Unknown</database>
  </source>
  <size>
    <width>1920</width>
    <height>1080</height>
    <depth>3</depth>
  </size>
  <segmented>0</segmented>
  <object>
    <name>Vehicle</name>
    <bndbox>
      <xmin>549</xmin>
      <ymin>529</ymin>
      <xmax>575</xmax>
      <ymax>559</ymax>
    </bndbox>
    <confidence>0.658376</confidence>
  </object>
  <object>
    <name>TrafficSign</name>
    <bndbox>
      <xmin>1373</xmin>
      <ymin>433</ymin>
      <xmax>1400</xmax>
      <ymax>459</ymax>
    </bndbox>
    <confidence>0.844959</confidence>
  </object>
  <object>
    <name>Vehicle</name>
    <bndbox>
      <xmin>806</xmin>
      <ymin>525</ymin>
      <xmax>851</xmax>
      <ymax>557</ymax>
    </bndbox>
    <confidence>0.868156</confidence>
  </object>
  <object>
    <name>Vehicle</name>
    <bndbox>
      <xmin>648</xmin>
      <ymin>520</ymin>
      <xmax>687</xmax>
      <ymax>571</ymax>
    </bndbox>
    <confidence>0.898993</confidence>
  </object>
  <object>
    <name>TrafficSign</name>
    <bndbox>
      <xmin>1226</xmin>
      <ymin>287</ymin>
      <xmax>1264</xmax>
      <ymax>327</ymax>
    </bndbox>
    <confidence>0.916685</confidence>
  </object>
  <object>
    <name>Vehicle</name>
    <bndbox>
      <xmin>366</xmin>
      <ymin>526</ymin>
      <xmax>475</xmax>
      <ymax>623</ymax>
    </bndbox>
    <confidence>0.949962</confidence>
  </object>
  <object>
    <name>Vehicle</name>
    <bndbox>
      <xmin>556</xmin>
      <ymin>518</ymin>
      <xmax>669</xmax>
      <ymax>611</ymax>
    </bndbox>
    <confidence>0.950058</confidence>
  </object>
  <object>
    <name>Vehicle</name>
    <bndbox>
      <xmin>141</xmin>
      <ymin>522</ymin>
      <xmax>330</xmax>
      <ymax>658</ymax>
    </bndbox>
    <confidence>0.965494</confidence>
  </object>
  <object>
    <name>Vehicle</name>
    <bndbox>
      <xmin>874</xmin>
      <ymin>494</ymin>
      <xmax>1179</xmax>
      <ymax>743</ymax>
    </bndbox>
    <confidence>0.968089</confidence>
  </object>
</annotation>
