<annotation>
  <folder>runs\detect\exp39</folder>
  <filename>1_20200615_112419_003990.jpg</filename>
  <source>
    <database>Unknown</database>
  </source>
  <size>
    <width>1920</width>
    <height>1080</height>
    <depth>3</depth>
  </size>
  <segmented>0</segmented>
  <object>
    <name>TrafficSign</name>
    <bndbox>
      <xmin>835</xmin>
      <ymin>138</ymin>
      <xmax>889</xmax>
      <ymax>220</ymax>
    </bndbox>
    <confidence>0.447533</confidence>
  </object>
  <object>
    <name>Vehicle</name>
    <bndbox>
      <xmin>560</xmin>
      <ymin>519</ymin>
      <xmax>593</xmax>
      <ymax>545</ymax>
    </bndbox>
    <confidence>0.650312</confidence>
  </object>
  <object>
    <name>TrafficSign</name>
    <bndbox>
      <xmin>833</xmin>
      <ymin>137</ymin>
      <xmax>1052</xmax>
      <ymax>221</ymax>
    </bndbox>
    <confidence>0.702173</confidence>
  </object>
  <object>
    <name>Vehicle</name>
    <bndbox>
      <xmin>202</xmin>
      <ymin>508</ymin>
      <xmax>241</xmax>
      <ymax>554</ymax>
    </bndbox>
    <confidence>0.83917</confidence>
  </object>
  <object>
    <name>Vehicle</name>
    <bndbox>
      <xmin>78</xmin>
      <ymin>506</ymin>
      <xmax>203</xmax>
      <ymax>597</ymax>
    </bndbox>
    <confidence>0.957816</confidence>
  </object>
  <object>
    <name>Vehicle</name>
    <bndbox>
      <xmin>360</xmin>
      <ymin>487</ymin>
      <xmax>557</xmax>
      <ymax>632</ymax>
    </bndbox>
    <confidence>0.964728</confidence>
  </object>
  <object>
    <name>Vehicle</name>
    <bndbox>
      <xmin>629</xmin>
      <ymin>481</ymin>
      <xmax>889</xmax>
      <ymax>692</ymax>
    </bndbox>
    <confidence>0.968162</confidence>
  </object>
</annotation>
