<annotation>
  <folder>runs\detect\exp2</folder>
  <filename>1_20200615_112419_006360.jpg</filename>
  <source>
    <database>Unknown</database>
  </source>
  <size>
    <width>1920</width>
    <height>1080</height>
    <depth>3</depth>
  </size>
  <segmented>0</segmented>
  <object>
    <name>Vehicle</name>
    <bndbox>
      <xmin>992</xmin>
      <ymin>436</ymin>
      <xmax>1034</xmax>
      <ymax>475</ymax>
    </bndbox>
    <confidence>0.288352</confidence>
  </object>
  <object>
    <name>TrafficLight</name>
    <bndbox>
      <xmin>1198</xmin>
      <ymin>118</ymin>
      <xmax>1252</xmax>
      <ymax>137</ymax>
    </bndbox>
    <confidence>0.534109</confidence>
  </object>
  <object>
    <name>TrafficLight</name>
    <bndbox>
      <xmin>1107</xmin>
      <ymin>122</ymin>
      <xmax>1157</xmax>
      <ymax>141</ymax>
    </bndbox>
    <confidence>0.58879</confidence>
  </object>
  <object>
    <name>Vehicle</name>
    <bndbox>
      <xmin>911</xmin>
      <ymin>446</ymin>
      <xmax>953</xmax>
      <ymax>474</ymax>
    </bndbox>
    <confidence>0.597661</confidence>
  </object>
  <object>
    <name>TrafficSign</name>
    <bndbox>
      <xmin>1250</xmin>
      <ymin>108</ymin>
      <xmax>1275</xmax>
      <ymax>139</ymax>
    </bndbox>
    <confidence>0.638105</confidence>
  </object>
  <object>
    <name>Vehicle</name>
    <bndbox>
      <xmin>938</xmin>
      <ymin>387</ymin>
      <xmax>971</xmax>
      <ymax>414</ymax>
    </bndbox>
    <confidence>0.679311</confidence>
  </object>
  <object>
    <name>Vehicle</name>
    <bndbox>
      <xmin>922</xmin>
      <ymin>419</ymin>
      <xmax>963</xmax>
      <ymax>458</ymax>
    </bndbox>
    <confidence>0.685999</confidence>
  </object>
  <object>
    <name>Vehicle</name>
    <bndbox>
      <xmin>978</xmin>
      <ymin>485</ymin>
      <xmax>1036</xmax>
      <ymax>543</ymax>
    </bndbox>
    <confidence>0.740184</confidence>
  </object>
  <object>
    <name>TrafficSign</name>
    <bndbox>
      <xmin>1164</xmin>
      <ymin>112</ymin>
      <xmax>1194</xmax>
      <ymax>144</ymax>
    </bndbox>
    <confidence>0.882454</confidence>
  </object>
  <object>
    <name>TrafficSign</name>
    <bndbox>
      <xmin>929</xmin>
      <ymin>275</ymin>
      <xmax>968</xmax>
      <ymax>313</ymax>
    </bndbox>
    <confidence>0.906342</confidence>
  </object>
  <object>
    <name>Vehicle</name>
    <bndbox>
      <xmin>917</xmin>
      <ymin>519</ymin>
      <xmax>1044</xmax>
      <ymax>611</ymax>
    </bndbox>
    <confidence>0.952244</confidence>
  </object>
  <object>
    <name>Vehicle</name>
    <bndbox>
      <xmin>340</xmin>
      <ymin>499</ymin>
      <xmax>682</xmax>
      <ymax>750</ymax>
    </bndbox>
    <confidence>0.972289</confidence>
  </object>
</annotation>
