<annotation>
  <folder>runs\detect\exp2</folder>
  <filename>1_20200615_112419_006030.jpg</filename>
  <source>
    <database>Unknown</database>
  </source>
  <size>
    <width>1920</width>
    <height>1080</height>
    <depth>3</depth>
  </size>
  <segmented>0</segmented>
  <object>
    <name>Vehicle</name>
    <bndbox>
      <xmin>691</xmin>
      <ymin>527</ymin>
      <xmax>736</xmax>
      <ymax>565</ymax>
    </bndbox>
    <confidence>0.603032</confidence>
  </object>
  <object>
    <name>TrafficSign</name>
    <bndbox>
      <xmin>514</xmin>
      <ymin>345</ymin>
      <xmax>543</xmax>
      <ymax>374</ymax>
    </bndbox>
    <confidence>0.729753</confidence>
  </object>
  <object>
    <name>TrafficSign</name>
    <bndbox>
      <xmin>513</xmin>
      <ymin>372</ymin>
      <xmax>544</xmax>
      <ymax>400</ymax>
    </bndbox>
    <confidence>0.823289</confidence>
  </object>
  <object>
    <name>TrafficSign</name>
    <bndbox>
      <xmin>511</xmin>
      <ymin>248</ymin>
      <xmax>539</xmax>
      <ymax>277</ymax>
    </bndbox>
    <confidence>0.824605</confidence>
  </object>
  <object>
    <name>TrafficSign</name>
    <bndbox>
      <xmin>511</xmin>
      <ymin>290</ymin>
      <xmax>541</xmax>
      <ymax>319</ymax>
    </bndbox>
    <confidence>0.871429</confidence>
  </object>
  <object>
    <name>TrafficSign</name>
    <bndbox>
      <xmin>514</xmin>
      <ymin>318</ymin>
      <xmax>543</xmax>
      <ymax>346</ymax>
    </bndbox>
    <confidence>0.87557</confidence>
  </object>
  <object>
    <name>Vehicle</name>
    <bndbox>
      <xmin>639</xmin>
      <ymin>533</ymin>
      <xmax>696</xmax>
      <ymax>565</ymax>
    </bndbox>
    <confidence>0.889968</confidence>
  </object>
  <object>
    <name>Vehicle</name>
    <bndbox>
      <xmin>558</xmin>
      <ymin>530</ymin>
      <xmax>611</xmax>
      <ymax>566</ymax>
    </bndbox>
    <confidence>0.900557</confidence>
  </object>
  <object>
    <name>Vehicle</name>
    <bndbox>
      <xmin>713</xmin>
      <ymin>440</ymin>
      <xmax>1107</xmax>
      <ymax>740</ymax>
    </bndbox>
    <confidence>0.944764</confidence>
  </object>
  <object>
    <name>Vehicle</name>
    <bndbox>
      <xmin>228</xmin>
      <ymin>507</ymin>
      <xmax>330</xmax>
      <ymax>582</ymax>
    </bndbox>
    <confidence>0.945183</confidence>
  </object>
</annotation>
