<annotation>
  <folder>runs\detect\exp39</folder>
  <filename>1_20200615_112419_005550.jpg</filename>
  <source>
    <database>Unknown</database>
  </source>
  <size>
    <width>1920</width>
    <height>1080</height>
    <depth>3</depth>
  </size>
  <segmented>0</segmented>
  <object>
    <name>Vehicle</name>
    <bndbox>
      <xmin>861</xmin>
      <ymin>508</ymin>
      <xmax>889</xmax>
      <ymax>535</ymax>
    </bndbox>
    <confidence>0.251696</confidence>
  </object>
  <object>
    <name>Vehicle</name>
    <bndbox>
      <xmin>688</xmin>
      <ymin>501</ymin>
      <xmax>717</xmax>
      <ymax>528</ymax>
    </bndbox>
    <confidence>0.320127</confidence>
  </object>
  <object>
    <name>Vehicle</name>
    <bndbox>
      <xmin>930</xmin>
      <ymin>510</ymin>
      <xmax>967</xmax>
      <ymax>537</ymax>
    </bndbox>
    <confidence>0.401213</confidence>
  </object>
  <object>
    <name>TrafficSign</name>
    <bndbox>
      <xmin>1170</xmin>
      <ymin>399</ymin>
      <xmax>1195</xmax>
      <ymax>425</ymax>
    </bndbox>
    <confidence>0.589069</confidence>
  </object>
  <object>
    <name>Pedestrian</name>
    <bndbox>
      <xmin>173</xmin>
      <ymin>522</ymin>
      <xmax>193</xmax>
      <ymax>590</ymax>
    </bndbox>
    <confidence>0.755517</confidence>
  </object>
  <object>
    <name>Vehicle</name>
    <bndbox>
      <xmin>757</xmin>
      <ymin>511</ymin>
      <xmax>792</xmax>
      <ymax>541</ymax>
    </bndbox>
    <confidence>0.859281</confidence>
  </object>
  <object>
    <name>Vehicle</name>
    <bndbox>
      <xmin>719</xmin>
      <ymin>477</ymin>
      <xmax>770</xmax>
      <ymax>528</ymax>
    </bndbox>
    <confidence>0.880521</confidence>
  </object>
  <object>
    <name>Vehicle</name>
    <bndbox>
      <xmin>881</xmin>
      <ymin>515</ymin>
      <xmax>927</xmax>
      <ymax>551</ymax>
    </bndbox>
    <confidence>0.899206</confidence>
  </object>
  <object>
    <name>Vehicle</name>
    <bndbox>
      <xmin>947</xmin>
      <ymin>513</ymin>
      <xmax>1008</xmax>
      <ymax>561</ymax>
    </bndbox>
    <confidence>0.916949</confidence>
  </object>
  <object>
    <name>Vehicle</name>
    <bndbox>
      <xmin>387</xmin>
      <ymin>489</ymin>
      <xmax>686</xmax>
      <ymax>712</ymax>
    </bndbox>
    <confidence>0.968659</confidence>
  </object>
</annotation>
