<annotation>
  <folder>runs\detect\exp2</folder>
  <filename>1_20200615_112419_003480.jpg</filename>
  <source>
    <database>Unknown</database>
  </source>
  <size>
    <width>1920</width>
    <height>1080</height>
    <depth>3</depth>
  </size>
  <segmented>0</segmented>
  <object>
    <name>Vehicle</name>
    <bndbox>
      <xmin>658</xmin>
      <ymin>405</ymin>
      <xmax>761</xmax>
      <ymax>433</ymax>
    </bndbox>
    <confidence>0.327911</confidence>
  </object>
  <object>
    <name>Vehicle</name>
    <bndbox>
      <xmin>412</xmin>
      <ymin>535</ymin>
      <xmax>446</xmax>
      <ymax>560</ymax>
    </bndbox>
    <confidence>0.39768</confidence>
  </object>
  <object>
    <name>TrafficSign</name>
    <bndbox>
      <xmin>970</xmin>
      <ymin>446</ymin>
      <xmax>994</xmax>
      <ymax>473</ymax>
    </bndbox>
    <confidence>0.68002</confidence>
  </object>
  <object>
    <name>TrafficSign</name>
    <bndbox>
      <xmin>1152</xmin>
      <ymin>391</ymin>
      <xmax>1184</xmax>
      <ymax>423</ymax>
    </bndbox>
    <confidence>0.899321</confidence>
  </object>
  <object>
    <name>TrafficSign</name>
    <bndbox>
      <xmin>971</xmin>
      <ymin>215</ymin>
      <xmax>1019</xmax>
      <ymax>264</ymax>
    </bndbox>
    <confidence>0.909062</confidence>
  </object>
  <object>
    <name>Vehicle</name>
    <bndbox>
      <xmin>1374</xmin>
      <ymin>485</ymin>
      <xmax>1476</xmax>
      <ymax>599</ymax>
    </bndbox>
    <confidence>0.951077</confidence>
  </object>
  <object>
    <name>Vehicle</name>
    <bndbox>
      <xmin>797</xmin>
      <ymin>485</ymin>
      <xmax>929</xmax>
      <ymax>589</ymax>
    </bndbox>
    <confidence>0.952249</confidence>
  </object>
  <object>
    <name>Vehicle</name>
    <bndbox>
      <xmin>1447</xmin>
      <ymin>450</ymin>
      <xmax>1648</xmax>
      <ymax>610</ymax>
    </bndbox>
    <confidence>0.963995</confidence>
  </object>
</annotation>
