<annotation>
  <folder>runs\detect\exp2</folder>
  <filename>1_20200615_112419_000780.jpg</filename>
  <source>
    <database>Unknown</database>
  </source>
  <size>
    <width>1920</width>
    <height>1080</height>
    <depth>3</depth>
  </size>
  <segmented>0</segmented>
  <object>
    <name>TrafficSign</name>
    <bndbox>
      <xmin>975</xmin>
      <ymin>340</ymin>
      <xmax>1066</xmax>
      <ymax>377</ymax>
    </bndbox>
    <confidence>0.815137</confidence>
  </object>
  <object>
    <name>Vehicle</name>
    <bndbox>
      <xmin>85</xmin>
      <ymin>525</ymin>
      <xmax>161</xmax>
      <ymax>596</ymax>
    </bndbox>
    <confidence>0.938874</confidence>
  </object>
  <object>
    <name>Vehicle</name>
    <bndbox>
      <xmin>5</xmin>
      <ymin>529</ymin>
      <xmax>110</xmax>
      <ymax>607</ymax>
    </bndbox>
    <confidence>0.942788</confidence>
  </object>
  <object>
    <name>Vehicle</name>
    <bndbox>
      <xmin>1385</xmin>
      <ymin>473</ymin>
      <xmax>1511</xmax>
      <ymax>562</ymax>
    </bndbox>
    <confidence>0.952374</confidence>
  </object>
  <object>
    <name>Vehicle</name>
    <bndbox>
      <xmin>878</xmin>
      <ymin>491</ymin>
      <xmax>1038</xmax>
      <ymax>618</ymax>
    </bndbox>
    <confidence>0.964719</confidence>
  </object>
</annotation>
