<annotation>
  <folder>runs\detect\exp2</folder>
  <filename>1_20200615_112419_003840.jpg</filename>
  <source>
    <database>Unknown</database>
  </source>
  <size>
    <width>1920</width>
    <height>1080</height>
    <depth>3</depth>
  </size>
  <segmented>0</segmented>
  <object>
    <name>Pedestrian</name>
    <bndbox>
      <xmin>1030</xmin>
      <ymin>473</ymin>
      <xmax>1048</xmax>
      <ymax>516</ymax>
    </bndbox>
    <confidence>0.594344</confidence>
  </object>
  <object>
    <name>Vehicle</name>
    <bndbox>
      <xmin>432</xmin>
      <ymin>480</ymin>
      <xmax>462</xmax>
      <ymax>505</ymax>
    </bndbox>
    <confidence>0.631774</confidence>
  </object>
  <object>
    <name>TrafficSign</name>
    <bndbox>
      <xmin>642</xmin>
      <ymin>353</ymin>
      <xmax>722</xmax>
      <ymax>385</ymax>
    </bndbox>
    <confidence>0.753474</confidence>
  </object>
  <object>
    <name>Vehicle</name>
    <bndbox>
      <xmin>171</xmin>
      <ymin>497</ymin>
      <xmax>200</xmax>
      <ymax>543</ymax>
    </bndbox>
    <confidence>0.829208</confidence>
  </object>
  <object>
    <name>Vehicle</name>
    <bndbox>
      <xmin>129</xmin>
      <ymin>495</ymin>
      <xmax>183</xmax>
      <ymax>547</ymax>
    </bndbox>
    <confidence>0.907556</confidence>
  </object>
  <object>
    <name>Vehicle</name>
    <bndbox>
      <xmin>40</xmin>
      <ymin>503</ymin>
      <xmax>142</xmax>
      <ymax>560</ymax>
    </bndbox>
    <confidence>0.945082</confidence>
  </object>
  <object>
    <name>Vehicle</name>
    <bndbox>
      <xmin>737</xmin>
      <ymin>469</ymin>
      <xmax>949</xmax>
      <ymax>637</ymax>
    </bndbox>
    <confidence>0.969803</confidence>
  </object>
</annotation>
