<annotation>
  <folder>runs\detect\exp39</folder>
  <filename>1_20200615_112419_001320.jpg</filename>
  <source>
    <database>Unknown</database>
  </source>
  <size>
    <width>1920</width>
    <height>1080</height>
    <depth>3</depth>
  </size>
  <segmented>0</segmented>
  <object>
    <name>TrafficLight</name>
    <bndbox>
      <xmin>1035</xmin>
      <ymin>338</ymin>
      <xmax>1081</xmax>
      <ymax>352</ymax>
    </bndbox>
    <confidence>0.784137</confidence>
  </object>
  <object>
    <name>TrafficLight</name>
    <bndbox>
      <xmin>1135</xmin>
      <ymin>250</ymin>
      <xmax>1204</xmax>
      <ymax>271</ymax>
    </bndbox>
    <confidence>0.863497</confidence>
  </object>
  <object>
    <name>TrafficLight</name>
    <bndbox>
      <xmin>940</xmin>
      <ymin>251</ymin>
      <xmax>1012</xmax>
      <ymax>270</ymax>
    </bndbox>
    <confidence>0.868152</confidence>
  </object>
  <object>
    <name>Vehicle</name>
    <bndbox>
      <xmin>694</xmin>
      <ymin>499</ymin>
      <xmax>732</xmax>
      <ymax>531</ymax>
    </bndbox>
    <confidence>0.888029</confidence>
  </object>
  <object>
    <name>TrafficSign</name>
    <bndbox>
      <xmin>1051</xmin>
      <ymin>237</ymin>
      <xmax>1095</xmax>
      <ymax>282</ymax>
    </bndbox>
    <confidence>0.920446</confidence>
  </object>
  <object>
    <name>Vehicle</name>
    <bndbox>
      <xmin>859</xmin>
      <ymin>478</ymin>
      <xmax>1047</xmax>
      <ymax>629</ymax>
    </bndbox>
    <confidence>0.962541</confidence>
  </object>
</annotation>
