<annotation>
  <folder>runs\detect\exp39</folder>
  <filename>1_20200615_112419_007320.jpg</filename>
  <source>
    <database>Unknown</database>
  </source>
  <size>
    <width>1920</width>
    <height>1080</height>
    <depth>3</depth>
  </size>
  <segmented>0</segmented>
  <object>
    <name>Vehicle</name>
    <bndbox>
      <xmin>1117</xmin>
      <ymin>435</ymin>
      <xmax>1147</xmax>
      <ymax>460</ymax>
    </bndbox>
    <confidence>0.64863</confidence>
  </object>
  <object>
    <name>Vehicle</name>
    <bndbox>
      <xmin>1183</xmin>
      <ymin>429</ymin>
      <xmax>1211</xmax>
      <ymax>454</ymax>
    </bndbox>
    <confidence>0.654417</confidence>
  </object>
  <object>
    <name>Vehicle</name>
    <bndbox>
      <xmin>826</xmin>
      <ymin>454</ymin>
      <xmax>876</xmax>
      <ymax>498</ymax>
    </bndbox>
    <confidence>0.88117</confidence>
  </object>
  <object>
    <name>Vehicle</name>
    <bndbox>
      <xmin>890</xmin>
      <ymin>494</ymin>
      <xmax>1045</xmax>
      <ymax>608</ymax>
    </bndbox>
    <confidence>0.9528</confidence>
  </object>
  <object>
    <name>Vehicle</name>
    <bndbox>
      <xmin>1166</xmin>
      <ymin>481</ymin>
      <xmax>1312</xmax>
      <ymax>597</ymax>
    </bndbox>
    <confidence>0.958266</confidence>
  </object>
  <object>
    <name>Vehicle</name>
    <bndbox>
      <xmin>1587</xmin>
      <ymin>401</ymin>
      <xmax>1921</xmax>
      <ymax>838</ymax>
    </bndbox>
    <confidence>0.960238</confidence>
  </object>
</annotation>
