<annotation>
  <folder>runs\detect\exp2</folder>
  <filename>1_20200615_112419_005070.jpg</filename>
  <source>
    <database>Unknown</database>
  </source>
  <size>
    <width>1920</width>
    <height>1080</height>
    <depth>3</depth>
  </size>
  <segmented>0</segmented>
  <object>
    <name>TrafficLight</name>
    <bndbox>
      <xmin>977</xmin>
      <ymin>362</ymin>
      <xmax>1016</xmax>
      <ymax>374</ymax>
    </bndbox>
    <confidence>0.495528</confidence>
  </object>
  <object>
    <name>TrafficLight</name>
    <bndbox>
      <xmin>867</xmin>
      <ymin>365</ymin>
      <xmax>907</xmax>
      <ymax>377</ymax>
    </bndbox>
    <confidence>0.546702</confidence>
  </object>
  <object>
    <name>Vehicle</name>
    <bndbox>
      <xmin>417</xmin>
      <ymin>454</ymin>
      <xmax>484</xmax>
      <ymax>548</ymax>
    </bndbox>
    <confidence>0.60356</confidence>
  </object>
  <object>
    <name>Vehicle</name>
    <bndbox>
      <xmin>414</xmin>
      <ymin>492</ymin>
      <xmax>471</xmax>
      <ymax>550</ymax>
    </bndbox>
    <confidence>0.691543</confidence>
  </object>
  <object>
    <name>Vehicle</name>
    <bndbox>
      <xmin>614</xmin>
      <ymin>488</ymin>
      <xmax>683</xmax>
      <ymax>543</ymax>
    </bndbox>
    <confidence>0.769652</confidence>
  </object>
  <object>
    <name>TrafficSign</name>
    <bndbox>
      <xmin>929</xmin>
      <ymin>356</ymin>
      <xmax>956</xmax>
      <ymax>382</ymax>
    </bndbox>
    <confidence>0.785944</confidence>
  </object>
  <object>
    <name>Vehicle</name>
    <bndbox>
      <xmin>566</xmin>
      <ymin>480</ymin>
      <xmax>618</xmax>
      <ymax>536</ymax>
    </bndbox>
    <confidence>0.806147</confidence>
  </object>
  <object>
    <name>Vehicle</name>
    <bndbox>
      <xmin>799</xmin>
      <ymin>491</ymin>
      <xmax>839</xmax>
      <ymax>527</ymax>
    </bndbox>
    <confidence>0.829169</confidence>
  </object>
  <object>
    <name>Vehicle</name>
    <bndbox>
      <xmin>663</xmin>
      <ymin>478</ymin>
      <xmax>720</xmax>
      <ymax>535</ymax>
    </bndbox>
    <confidence>0.910366</confidence>
  </object>
  <object>
    <name>Vehicle</name>
    <bndbox>
      <xmin>425</xmin>
      <ymin>502</ymin>
      <xmax>503</xmax>
      <ymax>559</ymax>
    </bndbox>
    <confidence>0.924754</confidence>
  </object>
  <object>
    <name>Vehicle</name>
    <bndbox>
      <xmin>506</xmin>
      <ymin>484</ymin>
      <xmax>599</xmax>
      <ymax>556</ymax>
    </bndbox>
    <confidence>0.94715</confidence>
  </object>
  <object>
    <name>Vehicle</name>
    <bndbox>
      <xmin>239</xmin>
      <ymin>467</ymin>
      <xmax>410</xmax>
      <ymax>595</ymax>
    </bndbox>
    <confidence>0.964631</confidence>
  </object>
  <object>
    <name>Vehicle</name>
    <bndbox>
      <xmin>814</xmin>
      <ymin>455</ymin>
      <xmax>1061</xmax>
      <ymax>659</ymax>
    </bndbox>
    <confidence>0.966193</confidence>
  </object>
  <object>
    <name>Vehicle</name>
    <bndbox>
      <xmin>2</xmin>
      <ymin>399</ymin>
      <xmax>228</xmax>
      <ymax>608</ymax>
    </bndbox>
    <confidence>0.966743</confidence>
  </object>
</annotation>
