<annotation>
  <folder>runs\detect\exp2</folder>
  <filename>1_20200615_112419_008760.jpg</filename>
  <source>
    <database>Unknown</database>
  </source>
  <size>
    <width>1920</width>
    <height>1080</height>
    <depth>3</depth>
  </size>
  <segmented>0</segmented>
  <object>
    <name>Vehicle</name>
    <bndbox>
      <xmin>683</xmin>
      <ymin>501</ymin>
      <xmax>718</xmax>
      <ymax>537</ymax>
    </bndbox>
    <confidence>0.669908</confidence>
  </object>
  <object>
    <name>TrafficSign</name>
    <bndbox>
      <xmin>949</xmin>
      <ymin>374</ymin>
      <xmax>974</xmax>
      <ymax>399</ymax>
    </bndbox>
    <confidence>0.829722</confidence>
  </object>
  <object>
    <name>Vehicle</name>
    <bndbox>
      <xmin>944</xmin>
      <ymin>481</ymin>
      <xmax>998</xmax>
      <ymax>551</ymax>
    </bndbox>
    <confidence>0.914879</confidence>
  </object>
  <object>
    <name>Vehicle</name>
    <bndbox>
      <xmin>1</xmin>
      <ymin>460</ymin>
      <xmax>521</xmax>
      <ymax>840</ymax>
    </bndbox>
    <confidence>0.969741</confidence>
  </object>
</annotation>
