<annotation>
  <folder>runs\detect\exp2</folder>
  <filename>1_20200615_112419_007830.jpg</filename>
  <source>
    <database>Unknown</database>
  </source>
  <size>
    <width>1920</width>
    <height>1080</height>
    <depth>3</depth>
  </size>
  <segmented>0</segmented>
  <object>
    <name>TrafficSign</name>
    <bndbox>
      <xmin>1207</xmin>
      <ymin>318</ymin>
      <xmax>1242</xmax>
      <ymax>353</ymax>
    </bndbox>
    <confidence>0.689879</confidence>
  </object>
  <object>
    <name>Vehicle</name>
    <bndbox>
      <xmin>1247</xmin>
      <ymin>511</ymin>
      <xmax>1378</xmax>
      <ymax>606</ymax>
    </bndbox>
    <confidence>0.956996</confidence>
  </object>
  <object>
    <name>Vehicle</name>
    <bndbox>
      <xmin>1708</xmin>
      <ymin>440</ymin>
      <xmax>1920</xmax>
      <ymax>874</ymax>
    </bndbox>
    <confidence>0.960225</confidence>
  </object>
</annotation>
