<annotation>
  <folder>runs\detect\exp2</folder>
  <filename>1_20200615_112419_006630.jpg</filename>
  <source>
    <database>Unknown</database>
  </source>
  <size>
    <width>1920</width>
    <height>1080</height>
    <depth>3</depth>
  </size>
  <segmented>0</segmented>
  <object>
    <name>Vehicle</name>
    <bndbox>
      <xmin>897</xmin>
      <ymin>434</ymin>
      <xmax>933</xmax>
      <ymax>463</ymax>
    </bndbox>
    <confidence>0.477605</confidence>
  </object>
  <object>
    <name>Vehicle</name>
    <bndbox>
      <xmin>941</xmin>
      <ymin>422</ymin>
      <xmax>1009</xmax>
      <ymax>455</ymax>
    </bndbox>
    <confidence>0.768679</confidence>
  </object>
  <object>
    <name>Vehicle</name>
    <bndbox>
      <xmin>680</xmin>
      <ymin>420</ymin>
      <xmax>744</xmax>
      <ymax>456</ymax>
    </bndbox>
    <confidence>0.868989</confidence>
  </object>
  <object>
    <name>Vehicle</name>
    <bndbox>
      <xmin>863</xmin>
      <ymin>454</ymin>
      <xmax>1051</xmax>
      <ymax>599</ymax>
    </bndbox>
    <confidence>0.963998</confidence>
  </object>
</annotation>
