<annotation>
  <folder>runs\detect\exp2</folder>
  <filename>1_20200615_112419_003150.jpg</filename>
  <source>
    <database>Unknown</database>
  </source>
  <size>
    <width>1920</width>
    <height>1080</height>
    <depth>3</depth>
  </size>
  <segmented>0</segmented>
  <object>
    <name>Pedestrian</name>
    <bndbox>
      <xmin>1026</xmin>
      <ymin>492</ymin>
      <xmax>1041</xmax>
      <ymax>536</ymax>
    </bndbox>
    <confidence>0.515503</confidence>
  </object>
  <object>
    <name>Vehicle</name>
    <bndbox>
      <xmin>555</xmin>
      <ymin>526</ymin>
      <xmax>584</xmax>
      <ymax>551</ymax>
    </bndbox>
    <confidence>0.619761</confidence>
  </object>
  <object>
    <name>Vehicle</name>
    <bndbox>
      <xmin>604</xmin>
      <ymin>525</ymin>
      <xmax>635</xmax>
      <ymax>552</ymax>
    </bndbox>
    <confidence>0.774157</confidence>
  </object>
  <object>
    <name>Vehicle</name>
    <bndbox>
      <xmin>489</xmin>
      <ymin>524</ymin>
      <xmax>527</xmax>
      <ymax>553</ymax>
    </bndbox>
    <confidence>0.863614</confidence>
  </object>
  <object>
    <name>Vehicle</name>
    <bndbox>
      <xmin>644</xmin>
      <ymin>519</ymin>
      <xmax>684</xmax>
      <ymax>554</ymax>
    </bndbox>
    <confidence>0.892328</confidence>
  </object>
  <object>
    <name>Vehicle</name>
    <bndbox>
      <xmin>370</xmin>
      <ymin>512</ymin>
      <xmax>424</xmax>
      <ymax>571</ymax>
    </bndbox>
    <confidence>0.909757</confidence>
  </object>
  <object>
    <name>Vehicle</name>
    <bndbox>
      <xmin>1820</xmin>
      <ymin>473</ymin>
      <xmax>1921</xmax>
      <ymax>696</ymax>
    </bndbox>
    <confidence>0.93908</confidence>
  </object>
  <object>
    <name>Vehicle</name>
    <bndbox>
      <xmin>768</xmin>
      <ymin>508</ymin>
      <xmax>891</xmax>
      <ymax>602</ymax>
    </bndbox>
    <confidence>0.951556</confidence>
  </object>
</annotation>
