<annotation>
  <folder>runs\detect\exp39</folder>
  <filename>1_20200615_112419_005700.jpg</filename>
  <source>
    <database>Unknown</database>
  </source>
  <size>
    <width>1920</width>
    <height>1080</height>
    <depth>3</depth>
  </size>
  <segmented>0</segmented>
  <object>
    <name>TrafficSign</name>
    <bndbox>
      <xmin>1152</xmin>
      <ymin>409</ymin>
      <xmax>1181</xmax>
      <ymax>451</ymax>
    </bndbox>
    <confidence>0.299422</confidence>
  </object>
  <object>
    <name>TrafficSign</name>
    <bndbox>
      <xmin>754</xmin>
      <ymin>368</ymin>
      <xmax>824</xmax>
      <ymax>396</ymax>
    </bndbox>
    <confidence>0.564051</confidence>
  </object>
  <object>
    <name>Vehicle</name>
    <bndbox>
      <xmin>540</xmin>
      <ymin>463</ymin>
      <xmax>574</xmax>
      <ymax>489</ymax>
    </bndbox>
    <confidence>0.613884</confidence>
  </object>
  <object>
    <name>Vehicle</name>
    <bndbox>
      <xmin>502</xmin>
      <ymin>450</ymin>
      <xmax>532</xmax>
      <ymax>478</ymax>
    </bndbox>
    <confidence>0.625899</confidence>
  </object>
  <object>
    <name>Pedestrian</name>
    <bndbox>
      <xmin>1005</xmin>
      <ymin>461</ymin>
      <xmax>1021</xmax>
      <ymax>506</ymax>
    </bndbox>
    <confidence>0.699091</confidence>
  </object>
  <object>
    <name>Vehicle</name>
    <bndbox>
      <xmin>557</xmin>
      <ymin>481</ymin>
      <xmax>592</xmax>
      <ymax>508</ymax>
    </bndbox>
    <confidence>0.753066</confidence>
  </object>
  <object>
    <name>Vehicle</name>
    <bndbox>
      <xmin>601</xmin>
      <ymin>477</ymin>
      <xmax>636</xmax>
      <ymax>503</ymax>
    </bndbox>
    <confidence>0.771663</confidence>
  </object>
  <object>
    <name>TrafficSign</name>
    <bndbox>
      <xmin>1297</xmin>
      <ymin>365</ymin>
      <xmax>1336</xmax>
      <ymax>401</ymax>
    </bndbox>
    <confidence>0.853349</confidence>
  </object>
  <object>
    <name>Vehicle</name>
    <bndbox>
      <xmin>674</xmin>
      <ymin>478</ymin>
      <xmax>728</xmax>
      <ymax>516</ymax>
    </bndbox>
    <confidence>0.904204</confidence>
  </object>
  <object>
    <name>Vehicle</name>
    <bndbox>
      <xmin>798</xmin>
      <ymin>472</ymin>
      <xmax>854</xmax>
      <ymax>521</ymax>
    </bndbox>
    <confidence>0.91318</confidence>
  </object>
  <object>
    <name>TrafficSign</name>
    <bndbox>
      <xmin>1082</xmin>
      <ymin>159</ymin>
      <xmax>1139</xmax>
      <ymax>216</ymax>
    </bndbox>
    <confidence>0.922903</confidence>
  </object>
  <object>
    <name>Vehicle</name>
    <bndbox>
      <xmin>851</xmin>
      <ymin>487</ymin>
      <xmax>935</xmax>
      <ymax>548</ymax>
    </bndbox>
    <confidence>0.939375</confidence>
  </object>
  <object>
    <name>Vehicle</name>
    <bndbox>
      <xmin>221</xmin>
      <ymin>357</ymin>
      <xmax>460</xmax>
      <ymax>602</ymax>
    </bndbox>
    <confidence>0.962784</confidence>
  </object>
</annotation>
