<annotation>
  <folder>runs\detect\exp2</folder>
  <filename>1_20200615_112419_000330.jpg</filename>
  <source>
    <database>Unknown</database>
  </source>
  <size>
    <width>1920</width>
    <height>1080</height>
    <depth>3</depth>
  </size>
  <segmented>0</segmented>
  <object>
    <name>Vehicle</name>
    <bndbox>
      <xmin>835</xmin>
      <ymin>518</ymin>
      <xmax>862</xmax>
      <ymax>544</ymax>
    </bndbox>
    <confidence>0.429747</confidence>
  </object>
  <object>
    <name>Vehicle</name>
    <bndbox>
      <xmin>848</xmin>
      <ymin>511</ymin>
      <xmax>877</xmax>
      <ymax>538</ymax>
    </bndbox>
    <confidence>0.582512</confidence>
  </object>
  <object>
    <name>Vehicle</name>
    <bndbox>
      <xmin>809</xmin>
      <ymin>521</ymin>
      <xmax>844</xmax>
      <ymax>548</ymax>
    </bndbox>
    <confidence>0.859698</confidence>
  </object>
  <object>
    <name>Vehicle</name>
    <bndbox>
      <xmin>914</xmin>
      <ymin>509</ymin>
      <xmax>954</xmax>
      <ymax>546</ymax>
    </bndbox>
    <confidence>0.876602</confidence>
  </object>
  <object>
    <name>Vehicle</name>
    <bndbox>
      <xmin>326</xmin>
      <ymin>481</ymin>
      <xmax>515</xmax>
      <ymax>634</ymax>
    </bndbox>
    <confidence>0.942267</confidence>
  </object>
  <object>
    <name>Vehicle</name>
    <bndbox>
      <xmin>608</xmin>
      <ymin>523</ymin>
      <xmax>709</xmax>
      <ymax>595</ymax>
    </bndbox>
    <confidence>0.957333</confidence>
  </object>
  <object>
    <name>Vehicle</name>
    <bndbox>
      <xmin>1</xmin>
      <ymin>530</ymin>
      <xmax>103</xmax>
      <ymax>705</ymax>
    </bndbox>
    <confidence>0.95997</confidence>
  </object>
  <object>
    <name>Vehicle</name>
    <bndbox>
      <xmin>1001</xmin>
      <ymin>502</ymin>
      <xmax>1172</xmax>
      <ymax>638</ymax>
    </bndbox>
    <confidence>0.966548</confidence>
  </object>
</annotation>
