<annotation>
  <folder>runs\detect\exp39</folder>
  <filename>1_20200615_112419_001530.jpg</filename>
  <source>
    <database>Unknown</database>
  </source>
  <size>
    <width>1920</width>
    <height>1080</height>
    <depth>3</depth>
  </size>
  <segmented>0</segmented>
  <object>
    <name>Vehicle</name>
    <bndbox>
      <xmin>654</xmin>
      <ymin>495</ymin>
      <xmax>688</xmax>
      <ymax>521</ymax>
    </bndbox>
    <confidence>0.810937</confidence>
  </object>
  <object>
    <name>TrafficLight</name>
    <bndbox>
      <xmin>1099</xmin>
      <ymin>214</ymin>
      <xmax>1179</xmax>
      <ymax>238</ymax>
    </bndbox>
    <confidence>0.822134</confidence>
  </object>
  <object>
    <name>TrafficSign</name>
    <bndbox>
      <xmin>1141</xmin>
      <ymin>292</ymin>
      <xmax>1173</xmax>
      <ymax>326</ymax>
    </bndbox>
    <confidence>0.892935</confidence>
  </object>
  <object>
    <name>Vehicle</name>
    <bndbox>
      <xmin>467</xmin>
      <ymin>485</ymin>
      <xmax>566</xmax>
      <ymax>563</ymax>
    </bndbox>
    <confidence>0.954641</confidence>
  </object>
  <object>
    <name>Vehicle</name>
    <bndbox>
      <xmin>794</xmin>
      <ymin>447</ymin>
      <xmax>1120</xmax>
      <ymax>719</ymax>
    </bndbox>
    <confidence>0.96574</confidence>
  </object>
</annotation>
