<annotation>
  <folder>runs\detect\exp2</folder>
  <filename>1_20200615_112419_000930.jpg</filename>
  <source>
    <database>Unknown</database>
  </source>
  <size>
    <width>1920</width>
    <height>1080</height>
    <depth>3</depth>
  </size>
  <segmented>0</segmented>
  <object>
    <name>TrafficSign</name>
    <bndbox>
      <xmin>1036</xmin>
      <ymin>177</ymin>
      <xmax>1082</xmax>
      <ymax>249</ymax>
    </bndbox>
    <confidence>0.34493</confidence>
  </object>
  <object>
    <name>TrafficSign</name>
    <bndbox>
      <xmin>1036</xmin>
      <ymin>173</ymin>
      <xmax>1231</xmax>
      <ymax>249</ymax>
    </bndbox>
    <confidence>0.929021</confidence>
  </object>
  <object>
    <name>Vehicle</name>
    <bndbox>
      <xmin>905</xmin>
      <ymin>484</ymin>
      <xmax>1060</xmax>
      <ymax>609</ymax>
    </bndbox>
    <confidence>0.963909</confidence>
  </object>
</annotation>
