<annotation>
  <folder>runs\detect\exp39</folder>
  <filename>1_20200615_112419_006150.jpg</filename>
  <source>
    <database>Unknown</database>
  </source>
  <size>
    <width>1920</width>
    <height>1080</height>
    <depth>3</depth>
  </size>
  <segmented>0</segmented>
  <object>
    <name>TrafficSign</name>
    <bndbox>
      <xmin>406</xmin>
      <ymin>435</ymin>
      <xmax>440</xmax>
      <ymax>474</ymax>
    </bndbox>
    <confidence>0.723714</confidence>
  </object>
  <object>
    <name>Vehicle</name>
    <bndbox>
      <xmin>662</xmin>
      <ymin>530</ymin>
      <xmax>714</xmax>
      <ymax>630</ymax>
    </bndbox>
    <confidence>0.885136</confidence>
  </object>
  <object>
    <name>Vehicle</name>
    <bndbox>
      <xmin>524</xmin>
      <ymin>595</ymin>
      <xmax>593</xmax>
      <ymax>633</ymax>
    </bndbox>
    <confidence>0.90022</confidence>
  </object>
  <object>
    <name>TrafficSign</name>
    <bndbox>
      <xmin>221</xmin>
      <ymin>174</ymin>
      <xmax>296</xmax>
      <ymax>243</ymax>
    </bndbox>
    <confidence>0.926206</confidence>
  </object>
  <object>
    <name>Vehicle</name>
    <bndbox>
      <xmin>674</xmin>
      <ymin>493</ymin>
      <xmax>937</xmax>
      <ymax>693</ymax>
    </bndbox>
    <confidence>0.965377</confidence>
  </object>
</annotation>
