<annotation>
  <folder>runs\detect\exp39</folder>
  <filename>1_20200615_112419_004170.jpg</filename>
  <source>
    <database>Unknown</database>
  </source>
  <size>
    <width>1920</width>
    <height>1080</height>
    <depth>3</depth>
  </size>
  <segmented>0</segmented>
  <object>
    <name>TrafficSign</name>
    <bndbox>
      <xmin>997</xmin>
      <ymin>393</ymin>
      <xmax>1027</xmax>
      <ymax>423</ymax>
    </bndbox>
    <confidence>0.889159</confidence>
  </object>
  <object>
    <name>Vehicle</name>
    <bndbox>
      <xmin>1029</xmin>
      <ymin>501</ymin>
      <xmax>1136</xmax>
      <ymax>592</ymax>
    </bndbox>
    <confidence>0.938101</confidence>
  </object>
  <object>
    <name>Vehicle</name>
    <bndbox>
      <xmin>170</xmin>
      <ymin>506</ymin>
      <xmax>277</xmax>
      <ymax>611</ymax>
    </bndbox>
    <confidence>0.939174</confidence>
  </object>
  <object>
    <name>Vehicle</name>
    <bndbox>
      <xmin>784</xmin>
      <ymin>462</ymin>
      <xmax>1063</xmax>
      <ymax>692</ymax>
    </bndbox>
    <confidence>0.963234</confidence>
  </object>
</annotation>
