<annotation>
  <folder>runs\detect\exp2</folder>
  <filename>1_20200615_112419_003780.jpg</filename>
  <source>
    <database>Unknown</database>
  </source>
  <size>
    <width>1920</width>
    <height>1080</height>
    <depth>3</depth>
  </size>
  <segmented>0</segmented>
  <object>
    <name>TrafficSign</name>
    <bndbox>
      <xmin>587</xmin>
      <ymin>390</ymin>
      <xmax>650</xmax>
      <ymax>416</ymax>
    </bndbox>
    <confidence>0.617387</confidence>
  </object>
  <object>
    <name>Vehicle</name>
    <bndbox>
      <xmin>423</xmin>
      <ymin>493</ymin>
      <xmax>456</xmax>
      <ymax>518</ymax>
    </bndbox>
    <confidence>0.671478</confidence>
  </object>
  <object>
    <name>Vehicle</name>
    <bndbox>
      <xmin>215</xmin>
      <ymin>508</ymin>
      <xmax>256</xmax>
      <ymax>546</ymax>
    </bndbox>
    <confidence>0.878142</confidence>
  </object>
  <object>
    <name>Vehicle</name>
    <bndbox>
      <xmin>160</xmin>
      <ymin>512</ymin>
      <xmax>230</xmax>
      <ymax>554</ymax>
    </bndbox>
    <confidence>0.925608</confidence>
  </object>
  <object>
    <name>Vehicle</name>
    <bndbox>
      <xmin>786</xmin>
      <ymin>474</ymin>
      <xmax>979</xmax>
      <ymax>628</ymax>
    </bndbox>
    <confidence>0.967229</confidence>
  </object>
</annotation>
