<annotation>
  <folder>runs\detect\exp39</folder>
  <filename>1_20200615_112419_007710.jpg</filename>
  <source>
    <database>Unknown</database>
  </source>
  <size>
    <width>1920</width>
    <height>1080</height>
    <depth>3</depth>
  </size>
  <segmented>0</segmented>
  <object>
    <name>Vehicle</name>
    <bndbox>
      <xmin>1157</xmin>
      <ymin>514</ymin>
      <xmax>1260</xmax>
      <ymax>590</ymax>
    </bndbox>
    <confidence>0.946607</confidence>
  </object>
  <object>
    <name>Vehicle</name>
    <bndbox>
      <xmin>1402</xmin>
      <ymin>481</ymin>
      <xmax>1678</xmax>
      <ymax>694</ymax>
    </bndbox>
    <confidence>0.961392</confidence>
  </object>
</annotation>
