<annotation>
  <folder>runs\detect\exp39</folder>
  <filename>1_20200615_112419_004740.jpg</filename>
  <source>
    <database>Unknown</database>
  </source>
  <size>
    <width>1920</width>
    <height>1080</height>
    <depth>3</depth>
  </size>
  <segmented>0</segmented>
  <object>
    <name>Vehicle</name>
    <bndbox>
      <xmin>821</xmin>
      <ymin>461</ymin>
      <xmax>848</xmax>
      <ymax>486</ymax>
    </bndbox>
    <confidence>0.25387</confidence>
  </object>
  <object>
    <name>Vehicle</name>
    <bndbox>
      <xmin>793</xmin>
      <ymin>466</ymin>
      <xmax>825</xmax>
      <ymax>491</ymax>
    </bndbox>
    <confidence>0.56315</confidence>
  </object>
  <object>
    <name>Vehicle</name>
    <bndbox>
      <xmin>843</xmin>
      <ymin>460</ymin>
      <xmax>874</xmax>
      <ymax>486</ymax>
    </bndbox>
    <confidence>0.581562</confidence>
  </object>
  <object>
    <name>Pedestrian</name>
    <bndbox>
      <xmin>541</xmin>
      <ymin>471</ymin>
      <xmax>554</xmax>
      <ymax>510</ymax>
    </bndbox>
    <confidence>0.590484</confidence>
  </object>
  <object>
    <name>TrafficSign</name>
    <bndbox>
      <xmin>983</xmin>
      <ymin>359</ymin>
      <xmax>1034</xmax>
      <ymax>387</ymax>
    </bndbox>
    <confidence>0.689797</confidence>
  </object>
  <object>
    <name>Vehicle</name>
    <bndbox>
      <xmin>756</xmin>
      <ymin>469</ymin>
      <xmax>796</xmax>
      <ymax>499</ymax>
    </bndbox>
    <confidence>0.889296</confidence>
  </object>
  <object>
    <name>Vehicle</name>
    <bndbox>
      <xmin>872</xmin>
      <ymin>468</ymin>
      <xmax>917</xmax>
      <ymax>501</ymax>
    </bndbox>
    <confidence>0.902366</confidence>
  </object>
  <object>
    <name>Vehicle</name>
    <bndbox>
      <xmin>933</xmin>
      <ymin>486</ymin>
      <xmax>1009</xmax>
      <ymax>547</ymax>
    </bndbox>
    <confidence>0.929465</confidence>
  </object>
  <object>
    <name>Vehicle</name>
    <bndbox>
      <xmin>571</xmin>
      <ymin>480</ymin>
      <xmax>781</xmax>
      <ymax>642</ymax>
    </bndbox>
    <confidence>0.963985</confidence>
  </object>
</annotation>
