<annotation>
  <folder>runs\detect\exp2</folder>
  <filename>1_20200615_112419_000840.jpg</filename>
  <source>
    <database>Unknown</database>
  </source>
  <size>
    <width>1920</width>
    <height>1080</height>
    <depth>3</depth>
  </size>
  <segmented>0</segmented>
  <object>
    <name>TrafficSign</name>
    <bndbox>
      <xmin>972</xmin>
      <ymin>284</ymin>
      <xmax>1084</xmax>
      <ymax>328</ymax>
    </bndbox>
    <confidence>0.865934</confidence>
  </object>
  <object>
    <name>Vehicle</name>
    <bndbox>
      <xmin>1682</xmin>
      <ymin>425</ymin>
      <xmax>1914</xmax>
      <ymax>587</ymax>
    </bndbox>
    <confidence>0.936751</confidence>
  </object>
  <object>
    <name>Vehicle</name>
    <bndbox>
      <xmin>869</xmin>
      <ymin>461</ymin>
      <xmax>1021</xmax>
      <ymax>581</ymax>
    </bndbox>
    <confidence>0.960141</confidence>
  </object>
</annotation>
