<annotation>
  <folder>runs\detect\exp2</folder>
  <filename>1_20200615_112419_007380.jpg</filename>
  <source>
    <database>Unknown</database>
  </source>
  <size>
    <width>1920</width>
    <height>1080</height>
    <depth>3</depth>
  </size>
  <segmented>0</segmented>
  <object>
    <name>Vehicle</name>
    <bndbox>
      <xmin>1287</xmin>
      <ymin>408</ymin>
      <xmax>1335</xmax>
      <ymax>442</ymax>
    </bndbox>
    <confidence>0.441028</confidence>
  </object>
  <object>
    <name>Vehicle</name>
    <bndbox>
      <xmin>547</xmin>
      <ymin>442</ymin>
      <xmax>646</xmax>
      <ymax>488</ymax>
    </bndbox>
    <confidence>0.829872</confidence>
  </object>
  <object>
    <name>Vehicle</name>
    <bndbox>
      <xmin>932</xmin>
      <ymin>482</ymin>
      <xmax>1070</xmax>
      <ymax>584</ymax>
    </bndbox>
    <confidence>0.95856</confidence>
  </object>
  <object>
    <name>Vehicle</name>
    <bndbox>
      <xmin>1205</xmin>
      <ymin>474</ymin>
      <xmax>1359</xmax>
      <ymax>598</ymax>
    </bndbox>
    <confidence>0.966151</confidence>
  </object>
  <object>
    <name>Vehicle</name>
    <bndbox>
      <xmin>1603</xmin>
      <ymin>389</ymin>
      <xmax>1921</xmax>
      <ymax>866</ymax>
    </bndbox>
    <confidence>0.967896</confidence>
  </object>
</annotation>
