<annotation>
  <folder>runs\detect\exp39</folder>
  <filename>1_20200615_112419_004950.jpg</filename>
  <source>
    <database>Unknown</database>
  </source>
  <size>
    <width>1920</width>
    <height>1080</height>
    <depth>3</depth>
  </size>
  <segmented>0</segmented>
  <object>
    <name>Vehicle</name>
    <bndbox>
      <xmin>998</xmin>
      <ymin>492</ymin>
      <xmax>1023</xmax>
      <ymax>520</ymax>
    </bndbox>
    <confidence>0.253874</confidence>
  </object>
  <object>
    <name>Vehicle</name>
    <bndbox>
      <xmin>782</xmin>
      <ymin>493</ymin>
      <xmax>815</xmax>
      <ymax>524</ymax>
    </bndbox>
    <confidence>0.398926</confidence>
  </object>
  <object>
    <name>TrafficSign</name>
    <bndbox>
      <xmin>1064</xmin>
      <ymin>77</ymin>
      <xmax>1124</xmax>
      <ymax>167</ymax>
    </bndbox>
    <confidence>0.405214</confidence>
  </object>
  <object>
    <name>Vehicle</name>
    <bndbox>
      <xmin>803</xmin>
      <ymin>493</ymin>
      <xmax>830</xmax>
      <ymax>523</ymax>
    </bndbox>
    <confidence>0.601256</confidence>
  </object>
  <object>
    <name>Pedestrian</name>
    <bndbox>
      <xmin>276</xmin>
      <ymin>489</ymin>
      <xmax>297</xmax>
      <ymax>546</ymax>
    </bndbox>
    <confidence>0.721245</confidence>
  </object>
  <object>
    <name>TrafficSign</name>
    <bndbox>
      <xmin>1061</xmin>
      <ymin>71</ymin>
      <xmax>1244</xmax>
      <ymax>165</ymax>
    </bndbox>
    <confidence>0.741308</confidence>
  </object>
  <object>
    <name>Vehicle</name>
    <bndbox>
      <xmin>844</xmin>
      <ymin>491</ymin>
      <xmax>877</xmax>
      <ymax>521</ymax>
    </bndbox>
    <confidence>0.762204</confidence>
  </object>
  <object>
    <name>Vehicle</name>
    <bndbox>
      <xmin>468</xmin>
      <ymin>492</ymin>
      <xmax>543</xmax>
      <ymax>544</ymax>
    </bndbox>
    <confidence>0.929729</confidence>
  </object>
  <object>
    <name>Vehicle</name>
    <bndbox>
      <xmin>927</xmin>
      <ymin>477</ymin>
      <xmax>1006</xmax>
      <ymax>541</ymax>
    </bndbox>
    <confidence>0.934715</confidence>
  </object>
  <object>
    <name>Vehicle</name>
    <bndbox>
      <xmin>544</xmin>
      <ymin>456</ymin>
      <xmax>820</xmax>
      <ymax>658</ymax>
    </bndbox>
    <confidence>0.965931</confidence>
  </object>
</annotation>
