<annotation>
  <folder>runs\detect\exp2</folder>
  <filename>1_20200615_112419_000810.jpg</filename>
  <source>
    <database>Unknown</database>
  </source>
  <size>
    <width>1920</width>
    <height>1080</height>
    <depth>3</depth>
  </size>
  <segmented>0</segmented>
  <object>
    <name>TrafficSign</name>
    <bndbox>
      <xmin>981</xmin>
      <ymin>312</ymin>
      <xmax>1079</xmax>
      <ymax>352</ymax>
    </bndbox>
    <confidence>0.830335</confidence>
  </object>
  <object>
    <name>Vehicle</name>
    <bndbox>
      <xmin>1490</xmin>
      <ymin>451</ymin>
      <xmax>1670</xmax>
      <ymax>565</ymax>
    </bndbox>
    <confidence>0.96279</confidence>
  </object>
  <object>
    <name>Vehicle</name>
    <bndbox>
      <xmin>882</xmin>
      <ymin>472</ymin>
      <xmax>1035</xmax>
      <ymax>594</ymax>
    </bndbox>
    <confidence>0.964453</confidence>
  </object>
</annotation>
