<annotation>
  <folder>runs\detect\exp39</folder>
  <filename>1_20200615_112419_005100.jpg</filename>
  <source>
    <database>Unknown</database>
  </source>
  <size>
    <width>1920</width>
    <height>1080</height>
    <depth>3</depth>
  </size>
  <segmented>0</segmented>
  <object>
    <name>Vehicle</name>
    <bndbox>
      <xmin>806</xmin>
      <ymin>494</ymin>
      <xmax>847</xmax>
      <ymax>525</ymax>
    </bndbox>
    <confidence>0.63015</confidence>
  </object>
  <object>
    <name>Vehicle</name>
    <bndbox>
      <xmin>344</xmin>
      <ymin>476</ymin>
      <xmax>421</xmax>
      <ymax>568</ymax>
    </bndbox>
    <confidence>0.695304</confidence>
  </object>
  <object>
    <name>Vehicle</name>
    <bndbox>
      <xmin>793</xmin>
      <ymin>509</ymin>
      <xmax>842</xmax>
      <ymax>547</ymax>
    </bndbox>
    <confidence>0.77021</confidence>
  </object>
  <object>
    <name>Vehicle</name>
    <bndbox>
      <xmin>663</xmin>
      <ymin>520</ymin>
      <xmax>696</xmax>
      <ymax>548</ymax>
    </bndbox>
    <confidence>0.786228</confidence>
  </object>
  <object>
    <name>TrafficLight</name>
    <bndbox>
      <xmin>996</xmin>
      <ymin>359</ymin>
      <xmax>1041</xmax>
      <ymax>373</ymax>
    </bndbox>
    <confidence>0.824961</confidence>
  </object>
  <object>
    <name>TrafficLight</name>
    <bndbox>
      <xmin>869</xmin>
      <ymin>361</ymin>
      <xmax>916</xmax>
      <ymax>375</ymax>
    </bndbox>
    <confidence>0.833018</confidence>
  </object>
  <object>
    <name>Vehicle</name>
    <bndbox>
      <xmin>637</xmin>
      <ymin>496</ymin>
      <xmax>667</xmax>
      <ymax>549</ymax>
    </bndbox>
    <confidence>0.853026</confidence>
  </object>
  <object>
    <name>TrafficSign</name>
    <bndbox>
      <xmin>942</xmin>
      <ymin>352</ymin>
      <xmax>972</xmax>
      <ymax>381</ymax>
    </bndbox>
    <confidence>0.871527</confidence>
  </object>
  <object>
    <name>Vehicle</name>
    <bndbox>
      <xmin>419</xmin>
      <ymin>494</ymin>
      <xmax>528</xmax>
      <ymax>561</ymax>
    </bndbox>
    <confidence>0.877518</confidence>
  </object>
  <object>
    <name>Vehicle</name>
    <bndbox>
      <xmin>575</xmin>
      <ymin>486</ymin>
      <xmax>650</xmax>
      <ymax>561</ymax>
    </bndbox>
    <confidence>0.923496</confidence>
  </object>
  <object>
    <name>Vehicle</name>
    <bndbox>
      <xmin>486</xmin>
      <ymin>496</ymin>
      <xmax>586</xmax>
      <ymax>574</ymax>
    </bndbox>
    <confidence>0.94874</confidence>
  </object>
  <object>
    <name>Vehicle</name>
    <bndbox>
      <xmin>2</xmin>
      <ymin>495</ymin>
      <xmax>137</xmax>
      <ymax>617</ymax>
    </bndbox>
    <confidence>0.960831</confidence>
  </object>
  <object>
    <name>Vehicle</name>
    <bndbox>
      <xmin>824</xmin>
      <ymin>474</ymin>
      <xmax>1078</xmax>
      <ymax>683</ymax>
    </bndbox>
    <confidence>0.962133</confidence>
  </object>
  <object>
    <name>Vehicle</name>
    <bndbox>
      <xmin>206</xmin>
      <ymin>486</ymin>
      <xmax>376</xmax>
      <ymax>607</ymax>
    </bndbox>
    <confidence>0.962336</confidence>
  </object>
</annotation>
