<annotation>
  <folder>runs\detect\exp2</folder>
  <filename>1_20200615_112419_008040.jpg</filename>
  <source>
    <database>Unknown</database>
  </source>
  <size>
    <width>1920</width>
    <height>1080</height>
    <depth>3</depth>
  </size>
  <segmented>0</segmented>
  <object>
    <name>Vehicle</name>
    <bndbox>
      <xmin>1293</xmin>
      <ymin>502</ymin>
      <xmax>1326</xmax>
      <ymax>533</ymax>
    </bndbox>
    <confidence>0.830606</confidence>
  </object>
  <object>
    <name>Vehicle</name>
    <bndbox>
      <xmin>1328</xmin>
      <ymin>493</ymin>
      <xmax>1359</xmax>
      <ymax>534</ymax>
    </bndbox>
    <confidence>0.845895</confidence>
  </object>
  <object>
    <name>Vehicle</name>
    <bndbox>
      <xmin>1253</xmin>
      <ymin>507</ymin>
      <xmax>1287</xmax>
      <ymax>534</ymax>
    </bndbox>
    <confidence>0.862056</confidence>
  </object>
  <object>
    <name>Vehicle</name>
    <bndbox>
      <xmin>1579</xmin>
      <ymin>485</ymin>
      <xmax>1919</xmax>
      <ymax>796</ymax>
    </bndbox>
    <confidence>0.967253</confidence>
  </object>
</annotation>
