<annotation>
  <folder>runs\detect\exp2</folder>
  <filename>1_20200615_112419_007980.jpg</filename>
  <source>
    <database>Unknown</database>
  </source>
  <size>
    <width>1920</width>
    <height>1080</height>
    <depth>3</depth>
  </size>
  <segmented>0</segmented>
  <object>
    <name>Vehicle</name>
    <bndbox>
      <xmin>1349</xmin>
      <ymin>463</ymin>
      <xmax>1381</xmax>
      <ymax>504</ymax>
    </bndbox>
    <confidence>0.365019</confidence>
  </object>
  <object>
    <name>Vehicle</name>
    <bndbox>
      <xmin>1267</xmin>
      <ymin>479</ymin>
      <xmax>1300</xmax>
      <ymax>506</ymax>
    </bndbox>
    <confidence>0.876399</confidence>
  </object>
  <object>
    <name>Vehicle</name>
    <bndbox>
      <xmin>1304</xmin>
      <ymin>474</ymin>
      <xmax>1337</xmax>
      <ymax>505</ymax>
    </bndbox>
    <confidence>0.890963</confidence>
  </object>
  <object>
    <name>Vehicle</name>
    <bndbox>
      <xmin>1410</xmin>
      <ymin>467</ymin>
      <xmax>1716</xmax>
      <ymax>675</ymax>
    </bndbox>
    <confidence>0.973428</confidence>
  </object>
</annotation>
