<annotation>
  <folder>runs\detect\exp39</folder>
  <filename>1_20200615_112419_004140.jpg</filename>
  <source>
    <database>Unknown</database>
  </source>
  <size>
    <width>1920</width>
    <height>1080</height>
    <depth>3</depth>
  </size>
  <segmented>0</segmented>
  <object>
    <name>TrafficSign</name>
    <bndbox>
      <xmin>953</xmin>
      <ymin>380</ymin>
      <xmax>980</xmax>
      <ymax>408</ymax>
    </bndbox>
    <confidence>0.869993</confidence>
  </object>
  <object>
    <name>Vehicle</name>
    <bndbox>
      <xmin>233</xmin>
      <ymin>476</ymin>
      <xmax>323</xmax>
      <ymax>562</ymax>
    </bndbox>
    <confidence>0.920647</confidence>
  </object>
  <object>
    <name>Vehicle</name>
    <bndbox>
      <xmin>757</xmin>
      <ymin>437</ymin>
      <xmax>1045</xmax>
      <ymax>675</ymax>
    </bndbox>
    <confidence>0.964352</confidence>
  </object>
</annotation>
