<annotation>
  <folder>runs\detect\exp39</folder>
  <filename>1_20200615_112419_000180.jpg</filename>
  <source>
    <database>Unknown</database>
  </source>
  <size>
    <width>1920</width>
    <height>1080</height>
    <depth>3</depth>
  </size>
  <segmented>0</segmented>
  <object>
    <name>Vehicle</name>
    <bndbox>
      <xmin>1113</xmin>
      <ymin>417</ymin>
      <xmax>1197</xmax>
      <ymax>608</ymax>
    </bndbox>
    <confidence>0.815608</confidence>
  </object>
  <object>
    <name>Vehicle</name>
    <bndbox>
      <xmin>713</xmin>
      <ymin>523</ymin>
      <xmax>754</xmax>
      <ymax>553</ymax>
    </bndbox>
    <confidence>0.847185</confidence>
  </object>
  <object>
    <name>Vehicle</name>
    <bndbox>
      <xmin>631</xmin>
      <ymin>510</ymin>
      <xmax>683</xmax>
      <ymax>561</ymax>
    </bndbox>
    <confidence>0.866983</confidence>
  </object>
  <object>
    <name>Vehicle</name>
    <bndbox>
      <xmin>583</xmin>
      <ymin>525</ymin>
      <xmax>635</xmax>
      <ymax>565</ymax>
    </bndbox>
    <confidence>0.898465</confidence>
  </object>
  <object>
    <name>Vehicle</name>
    <bndbox>
      <xmin>514</xmin>
      <ymin>525</ymin>
      <xmax>576</xmax>
      <ymax>577</ymax>
    </bndbox>
    <confidence>0.927401</confidence>
  </object>
  <object>
    <name>Vehicle</name>
    <bndbox>
      <xmin>123</xmin>
      <ymin>530</ymin>
      <xmax>258</xmax>
      <ymax>623</ymax>
    </bndbox>
    <confidence>0.953927</confidence>
  </object>
  <object>
    <name>Vehicle</name>
    <bndbox>
      <xmin>211</xmin>
      <ymin>437</ymin>
      <xmax>405</xmax>
      <ymax>607</ymax>
    </bndbox>
    <confidence>0.956908</confidence>
  </object>
  <object>
    <name>Vehicle</name>
    <bndbox>
      <xmin>2</xmin>
      <ymin>514</ymin>
      <xmax>130</xmax>
      <ymax>642</ymax>
    </bndbox>
    <confidence>0.96269</confidence>
  </object>
  <object>
    <name>Vehicle</name>
    <bndbox>
      <xmin>1173</xmin>
      <ymin>315</ymin>
      <xmax>1554</xmax>
      <ymax>656</ymax>
    </bndbox>
    <confidence>0.964804</confidence>
  </object>
  <object>
    <name>Vehicle</name>
    <bndbox>
      <xmin>848</xmin>
      <ymin>495</ymin>
      <xmax>1095</xmax>
      <ymax>699</ymax>
    </bndbox>
    <confidence>0.965846</confidence>
  </object>
</annotation>
