<annotation>
  <folder>runs\detect\exp2</folder>
  <filename>1_20200615_112419_001500.jpg</filename>
  <source>
    <database>Unknown</database>
  </source>
  <size>
    <width>1920</width>
    <height>1080</height>
    <depth>3</depth>
  </size>
  <segmented>0</segmented>
  <object>
    <name>Vehicle</name>
    <bndbox>
      <xmin>653</xmin>
      <ymin>490</ymin>
      <xmax>685</xmax>
      <ymax>515</ymax>
    </bndbox>
    <confidence>0.442441</confidence>
  </object>
  <object>
    <name>TrafficLight</name>
    <bndbox>
      <xmin>1108</xmin>
      <ymin>225</ymin>
      <xmax>1185</xmax>
      <ymax>246</ymax>
    </bndbox>
    <confidence>0.857435</confidence>
  </object>
  <object>
    <name>TrafficSign</name>
    <bndbox>
      <xmin>1153</xmin>
      <ymin>295</ymin>
      <xmax>1184</xmax>
      <ymax>327</ymax>
    </bndbox>
    <confidence>0.897752</confidence>
  </object>
  <object>
    <name>Vehicle</name>
    <bndbox>
      <xmin>532</xmin>
      <ymin>480</ymin>
      <xmax>621</xmax>
      <ymax>550</ymax>
    </bndbox>
    <confidence>0.902056</confidence>
  </object>
  <object>
    <name>Vehicle</name>
    <bndbox>
      <xmin>839</xmin>
      <ymin>449</ymin>
      <xmax>1111</xmax>
      <ymax>673</ymax>
    </bndbox>
    <confidence>0.97021</confidence>
  </object>
</annotation>
