<annotation>
  <folder>runs\detect\exp2</folder>
  <filename>1_20200615_112419_007680.jpg</filename>
  <source>
    <database>Unknown</database>
  </source>
  <size>
    <width>1920</width>
    <height>1080</height>
    <depth>3</depth>
  </size>
  <segmented>0</segmented>
  <object>
    <name>Vehicle</name>
    <bndbox>
      <xmin>301</xmin>
      <ymin>470</ymin>
      <xmax>459</xmax>
      <ymax>497</ymax>
    </bndbox>
    <confidence>0.721536</confidence>
  </object>
  <object>
    <name>Vehicle</name>
    <bndbox>
      <xmin>530</xmin>
      <ymin>461</ymin>
      <xmax>671</xmax>
      <ymax>503</ymax>
    </bndbox>
    <confidence>0.884484</confidence>
  </object>
  <object>
    <name>Vehicle</name>
    <bndbox>
      <xmin>1151</xmin>
      <ymin>506</ymin>
      <xmax>1253</xmax>
      <ymax>580</ymax>
    </bndbox>
    <confidence>0.948076</confidence>
  </object>
  <object>
    <name>Vehicle</name>
    <bndbox>
      <xmin>1359</xmin>
      <ymin>477</ymin>
      <xmax>1611</xmax>
      <ymax>671</ymax>
    </bndbox>
    <confidence>0.969953</confidence>
  </object>
</annotation>
