<annotation>
  <folder>runs\detect\exp39</folder>
  <filename>1_20200615_112419_008940.jpg</filename>
  <source>
    <database>Unknown</database>
  </source>
  <size>
    <width>1920</width>
    <height>1080</height>
    <depth>3</depth>
  </size>
  <segmented>0</segmented>
  <object>
    <name>Vehicle</name>
    <bndbox>
      <xmin>427</xmin>
      <ymin>479</ymin>
      <xmax>534</xmax>
      <ymax>550</ymax>
    </bndbox>
    <confidence>0.648029</confidence>
  </object>
  <object>
    <name>TrafficSign</name>
    <bndbox>
      <xmin>985</xmin>
      <ymin>336</ymin>
      <xmax>1020</xmax>
      <ymax>368</ymax>
    </bndbox>
    <confidence>0.857537</confidence>
  </object>
  <object>
    <name>Vehicle</name>
    <bndbox>
      <xmin>248</xmin>
      <ymin>529</ymin>
      <xmax>334</xmax>
      <ymax>564</ymax>
    </bndbox>
    <confidence>0.877783</confidence>
  </object>
  <object>
    <name>TrafficSign</name>
    <bndbox>
      <xmin>461</xmin>
      <ymin>425</ymin>
      <xmax>517</xmax>
      <ymax>483</ymax>
    </bndbox>
    <confidence>0.914527</confidence>
  </object>
  <object>
    <name>Vehicle</name>
    <bndbox>
      <xmin>866</xmin>
      <ymin>486</ymin>
      <xmax>1113</xmax>
      <ymax>687</ymax>
    </bndbox>
    <confidence>0.960955</confidence>
  </object>
</annotation>
