<annotation>
  <folder>runs\detect\exp2</folder>
  <filename>1_20200615_112419_006510.jpg</filename>
  <source>
    <database>Unknown</database>
  </source>
  <size>
    <width>1920</width>
    <height>1080</height>
    <depth>3</depth>
  </size>
  <segmented>0</segmented>
  <object>
    <name>Vehicle</name>
    <bndbox>
      <xmin>788</xmin>
      <ymin>316</ymin>
      <xmax>819</xmax>
      <ymax>346</ymax>
    </bndbox>
    <confidence>0.306043</confidence>
  </object>
  <object>
    <name>Vehicle</name>
    <bndbox>
      <xmin>931</xmin>
      <ymin>388</ymin>
      <xmax>994</xmax>
      <ymax>429</ymax>
    </bndbox>
    <confidence>0.440525</confidence>
  </object>
  <object>
    <name>Vehicle</name>
    <bndbox>
      <xmin>890</xmin>
      <ymin>316</ymin>
      <xmax>927</xmax>
      <ymax>349</ymax>
    </bndbox>
    <confidence>0.747996</confidence>
  </object>
  <object>
    <name>Vehicle</name>
    <bndbox>
      <xmin>937</xmin>
      <ymin>342</ymin>
      <xmax>984</xmax>
      <ymax>380</ymax>
    </bndbox>
    <confidence>0.865872</confidence>
  </object>
  <object>
    <name>Vehicle</name>
    <bndbox>
      <xmin>871</xmin>
      <ymin>340</ymin>
      <xmax>915</xmax>
      <ymax>374</ymax>
    </bndbox>
    <confidence>0.882258</confidence>
  </object>
  <object>
    <name>Vehicle</name>
    <bndbox>
      <xmin>909</xmin>
      <ymin>426</ymin>
      <xmax>1020</xmax>
      <ymax>507</ymax>
    </bndbox>
    <confidence>0.941273</confidence>
  </object>
  <object>
    <name>Vehicle</name>
    <bndbox>
      <xmin>734</xmin>
      <ymin>440</ymin>
      <xmax>916</xmax>
      <ymax>582</ymax>
    </bndbox>
    <confidence>0.967246</confidence>
  </object>
</annotation>
