<annotation>
  <folder>runs\detect\exp2</folder>
  <filename>1_20200615_112419_006750.jpg</filename>
  <source>
    <database>Unknown</database>
  </source>
  <size>
    <width>1920</width>
    <height>1080</height>
    <depth>3</depth>
  </size>
  <segmented>0</segmented>
  <object>
    <name>Vehicle</name>
    <bndbox>
      <xmin>214</xmin>
      <ymin>464</ymin>
      <xmax>423</xmax>
      <ymax>555</ymax>
    </bndbox>
    <confidence>0.937605</confidence>
  </object>
  <object>
    <name>Vehicle</name>
    <bndbox>
      <xmin>963</xmin>
      <ymin>511</ymin>
      <xmax>1082</xmax>
      <ymax>616</ymax>
    </bndbox>
    <confidence>0.954599</confidence>
  </object>
  <object>
    <name>Vehicle</name>
    <bndbox>
      <xmin>1036</xmin>
      <ymin>460</ymin>
      <xmax>1389</xmax>
      <ymax>744</ymax>
    </bndbox>
    <confidence>0.965193</confidence>
  </object>
</annotation>
