<annotation>
  <folder>runs\detect\exp2</folder>
  <filename>1_20200615_112419_008340.jpg</filename>
  <source>
    <database>Unknown</database>
  </source>
  <size>
    <width>1920</width>
    <height>1080</height>
    <depth>3</depth>
  </size>
  <segmented>0</segmented>
  <object>
    <name>Vehicle</name>
    <bndbox>
      <xmin>905</xmin>
      <ymin>469</ymin>
      <xmax>949</xmax>
      <ymax>497</ymax>
    </bndbox>
    <confidence>0.436437</confidence>
  </object>
  <object>
    <name>Vehicle</name>
    <bndbox>
      <xmin>1148</xmin>
      <ymin>477</ymin>
      <xmax>1174</xmax>
      <ymax>513</ymax>
    </bndbox>
    <confidence>0.472417</confidence>
  </object>
  <object>
    <name>Vehicle</name>
    <bndbox>
      <xmin>845</xmin>
      <ymin>462</ymin>
      <xmax>922</xmax>
      <ymax>497</ymax>
    </bndbox>
    <confidence>0.724675</confidence>
  </object>
  <object>
    <name>Vehicle</name>
    <bndbox>
      <xmin>1076</xmin>
      <ymin>488</ymin>
      <xmax>1104</xmax>
      <ymax>516</ymax>
    </bndbox>
    <confidence>0.801874</confidence>
  </object>
  <object>
    <name>TrafficSign</name>
    <bndbox>
      <xmin>1226</xmin>
      <ymin>408</ymin>
      <xmax>1252</xmax>
      <ymax>434</ymax>
    </bndbox>
    <confidence>0.824284</confidence>
  </object>
  <object>
    <name>Vehicle</name>
    <bndbox>
      <xmin>1101</xmin>
      <ymin>470</ymin>
      <xmax>1144</xmax>
      <ymax>521</ymax>
    </bndbox>
    <confidence>0.897069</confidence>
  </object>
  <object>
    <name>TrafficSign</name>
    <bndbox>
      <xmin>1008</xmin>
      <ymin>269</ymin>
      <xmax>1048</xmax>
      <ymax>309</ymax>
    </bndbox>
    <confidence>0.914487</confidence>
  </object>
</annotation>
