<annotation>
  <folder>runs\detect\exp39</folder>
  <filename>1_20200615_112419_007680.jpg</filename>
  <source>
    <database>Unknown</database>
  </source>
  <size>
    <width>1920</width>
    <height>1080</height>
    <depth>3</depth>
  </size>
  <segmented>0</segmented>
  <object>
    <name>Vehicle</name>
    <bndbox>
      <xmin>301</xmin>
      <ymin>470</ymin>
      <xmax>459</xmax>
      <ymax>497</ymax>
    </bndbox>
    <confidence>0.702132</confidence>
  </object>
  <object>
    <name>Vehicle</name>
    <bndbox>
      <xmin>528</xmin>
      <ymin>461</ymin>
      <xmax>670</xmax>
      <ymax>504</ymax>
    </bndbox>
    <confidence>0.872376</confidence>
  </object>
  <object>
    <name>Vehicle</name>
    <bndbox>
      <xmin>1151</xmin>
      <ymin>506</ymin>
      <xmax>1252</xmax>
      <ymax>580</ymax>
    </bndbox>
    <confidence>0.94291</confidence>
  </object>
  <object>
    <name>Vehicle</name>
    <bndbox>
      <xmin>1360</xmin>
      <ymin>477</ymin>
      <xmax>1610</xmax>
      <ymax>671</ymax>
    </bndbox>
    <confidence>0.96579</confidence>
  </object>
</annotation>
