<annotation>
  <folder>runs\detect\exp2</folder>
  <filename>1_20200615_112419_006300.jpg</filename>
  <source>
    <database>Unknown</database>
  </source>
  <size>
    <width>1920</width>
    <height>1080</height>
    <depth>3</depth>
  </size>
  <segmented>0</segmented>
  <object>
    <name>Vehicle</name>
    <bndbox>
      <xmin>843</xmin>
      <ymin>520</ymin>
      <xmax>881</xmax>
      <ymax>549</ymax>
    </bndbox>
    <confidence>0.263213</confidence>
  </object>
  <object>
    <name>Vehicle</name>
    <bndbox>
      <xmin>820</xmin>
      <ymin>564</ymin>
      <xmax>864</xmax>
      <ymax>616</ymax>
    </bndbox>
    <confidence>0.61738</confidence>
  </object>
  <object>
    <name>TrafficSign</name>
    <bndbox>
      <xmin>1039</xmin>
      <ymin>277</ymin>
      <xmax>1064</xmax>
      <ymax>303</ymax>
    </bndbox>
    <confidence>0.780441</confidence>
  </object>
  <object>
    <name>Vehicle</name>
    <bndbox>
      <xmin>2</xmin>
      <ymin>449</ymin>
      <xmax>196</xmax>
      <ymax>994</ymax>
    </bndbox>
    <confidence>0.876377</confidence>
  </object>
  <object>
    <name>TrafficSign</name>
    <bndbox>
      <xmin>865</xmin>
      <ymin>414</ymin>
      <xmax>893</xmax>
      <ymax>442</ymax>
    </bndbox>
    <confidence>0.881222</confidence>
  </object>
  <object>
    <name>Vehicle</name>
    <bndbox>
      <xmin>823</xmin>
      <ymin>570</ymin>
      <xmax>966</xmax>
      <ymax>673</ymax>
    </bndbox>
    <confidence>0.957127</confidence>
  </object>
</annotation>
