<annotation>
  <folder>runs\detect\exp2</folder>
  <filename>1_20200615_112419_006420.jpg</filename>
  <source>
    <database>Unknown</database>
  </source>
  <size>
    <width>1920</width>
    <height>1080</height>
    <depth>3</depth>
  </size>
  <segmented>0</segmented>
  <object>
    <name>Vehicle</name>
    <bndbox>
      <xmin>898</xmin>
      <ymin>276</ymin>
      <xmax>931</xmax>
      <ymax>301</ymax>
    </bndbox>
    <confidence>0.281073</confidence>
  </object>
  <object>
    <name>Vehicle</name>
    <bndbox>
      <xmin>895</xmin>
      <ymin>310</ymin>
      <xmax>933</xmax>
      <ymax>339</ymax>
    </bndbox>
    <confidence>0.722003</confidence>
  </object>
  <object>
    <name>Vehicle</name>
    <bndbox>
      <xmin>947</xmin>
      <ymin>383</ymin>
      <xmax>1006</xmax>
      <ymax>426</ymax>
    </bndbox>
    <confidence>0.770448</confidence>
  </object>
  <object>
    <name>Vehicle</name>
    <bndbox>
      <xmin>917</xmin>
      <ymin>422</ymin>
      <xmax>1020</xmax>
      <ymax>502</ymax>
    </bndbox>
    <confidence>0.863537</confidence>
  </object>
  <object>
    <name>Vehicle</name>
    <bndbox>
      <xmin>954</xmin>
      <ymin>331</ymin>
      <xmax>1000</xmax>
      <ymax>370</ymax>
    </bndbox>
    <confidence>0.888032</confidence>
  </object>
  <object>
    <name>Vehicle</name>
    <bndbox>
      <xmin>879</xmin>
      <ymin>339</ymin>
      <xmax>925</xmax>
      <ymax>375</ymax>
    </bndbox>
    <confidence>0.893906</confidence>
  </object>
  <object>
    <name>TrafficSign</name>
    <bndbox>
      <xmin>847</xmin>
      <ymin>30</ymin>
      <xmax>918</xmax>
      <ymax>100</ymax>
    </bndbox>
    <confidence>0.929567</confidence>
  </object>
  <object>
    <name>Vehicle</name>
    <bndbox>
      <xmin>525</xmin>
      <ymin>441</ymin>
      <xmax>758</xmax>
      <ymax>617</ymax>
    </bndbox>
    <confidence>0.967529</confidence>
  </object>
</annotation>
