<annotation>
  <folder>runs\detect\exp39</folder>
  <filename>1_20200615_112419_003480.jpg</filename>
  <source>
    <database>Unknown</database>
  </source>
  <size>
    <width>1920</width>
    <height>1080</height>
    <depth>3</depth>
  </size>
  <segmented>0</segmented>
  <object>
    <name>Vehicle</name>
    <bndbox>
      <xmin>658</xmin>
      <ymin>405</ymin>
      <xmax>761</xmax>
      <ymax>433</ymax>
    </bndbox>
    <confidence>0.250393</confidence>
  </object>
  <object>
    <name>Vehicle</name>
    <bndbox>
      <xmin>410</xmin>
      <ymin>535</ymin>
      <xmax>445</xmax>
      <ymax>560</ymax>
    </bndbox>
    <confidence>0.394936</confidence>
  </object>
  <object>
    <name>TrafficSign</name>
    <bndbox>
      <xmin>970</xmin>
      <ymin>446</ymin>
      <xmax>994</xmax>
      <ymax>473</ymax>
    </bndbox>
    <confidence>0.667214</confidence>
  </object>
  <object>
    <name>TrafficSign</name>
    <bndbox>
      <xmin>1152</xmin>
      <ymin>391</ymin>
      <xmax>1184</xmax>
      <ymax>423</ymax>
    </bndbox>
    <confidence>0.892876</confidence>
  </object>
  <object>
    <name>TrafficSign</name>
    <bndbox>
      <xmin>971</xmin>
      <ymin>215</ymin>
      <xmax>1020</xmax>
      <ymax>264</ymax>
    </bndbox>
    <confidence>0.902716</confidence>
  </object>
  <object>
    <name>Vehicle</name>
    <bndbox>
      <xmin>1374</xmin>
      <ymin>484</ymin>
      <xmax>1476</xmax>
      <ymax>599</ymax>
    </bndbox>
    <confidence>0.946822</confidence>
  </object>
  <object>
    <name>Vehicle</name>
    <bndbox>
      <xmin>799</xmin>
      <ymin>485</ymin>
      <xmax>930</xmax>
      <ymax>589</ymax>
    </bndbox>
    <confidence>0.9477</confidence>
  </object>
  <object>
    <name>Vehicle</name>
    <bndbox>
      <xmin>1447</xmin>
      <ymin>449</ymin>
      <xmax>1648</xmax>
      <ymax>610</ymax>
    </bndbox>
    <confidence>0.959435</confidence>
  </object>
</annotation>
