<annotation>
  <folder>runs\detect\exp39</folder>
  <filename>1_20200615_112419_004680.jpg</filename>
  <source>
    <database>Unknown</database>
  </source>
  <size>
    <width>1920</width>
    <height>1080</height>
    <depth>3</depth>
  </size>
  <segmented>0</segmented>
  <object>
    <name>TrafficSign</name>
    <bndbox>
      <xmin>1006</xmin>
      <ymin>398</ymin>
      <xmax>1047</xmax>
      <ymax>424</ymax>
    </bndbox>
    <confidence>0.389007</confidence>
  </object>
  <object>
    <name>Vehicle</name>
    <bndbox>
      <xmin>889</xmin>
      <ymin>502</ymin>
      <xmax>938</xmax>
      <ymax>537</ymax>
    </bndbox>
    <confidence>0.903555</confidence>
  </object>
  <object>
    <name>Vehicle</name>
    <bndbox>
      <xmin>954</xmin>
      <ymin>507</ymin>
      <xmax>1032</xmax>
      <ymax>566</ymax>
    </bndbox>
    <confidence>0.928374</confidence>
  </object>
  <object>
    <name>Vehicle</name>
    <bndbox>
      <xmin>652</xmin>
      <ymin>488</ymin>
      <xmax>849</xmax>
      <ymax>643</ymax>
    </bndbox>
    <confidence>0.965985</confidence>
  </object>
</annotation>
