<annotation>
  <folder>runs\detect\exp2</folder>
  <filename>1_20200615_112419_004950.jpg</filename>
  <source>
    <database>Unknown</database>
  </source>
  <size>
    <width>1920</width>
    <height>1080</height>
    <depth>3</depth>
  </size>
  <segmented>0</segmented>
  <object>
    <name>TrafficSign</name>
    <bndbox>
      <xmin>1063</xmin>
      <ymin>75</ymin>
      <xmax>1124</xmax>
      <ymax>165</ymax>
    </bndbox>
    <confidence>0.375445</confidence>
  </object>
  <object>
    <name>Vehicle</name>
    <bndbox>
      <xmin>782</xmin>
      <ymin>494</ymin>
      <xmax>815</xmax>
      <ymax>524</ymax>
    </bndbox>
    <confidence>0.396199</confidence>
  </object>
  <object>
    <name>Vehicle</name>
    <bndbox>
      <xmin>802</xmin>
      <ymin>493</ymin>
      <xmax>831</xmax>
      <ymax>523</ymax>
    </bndbox>
    <confidence>0.613071</confidence>
  </object>
  <object>
    <name>TrafficSign</name>
    <bndbox>
      <xmin>1061</xmin>
      <ymin>71</ymin>
      <xmax>1244</xmax>
      <ymax>165</ymax>
    </bndbox>
    <confidence>0.700308</confidence>
  </object>
  <object>
    <name>Pedestrian</name>
    <bndbox>
      <xmin>276</xmin>
      <ymin>489</ymin>
      <xmax>297</xmax>
      <ymax>547</ymax>
    </bndbox>
    <confidence>0.737548</confidence>
  </object>
  <object>
    <name>Vehicle</name>
    <bndbox>
      <xmin>844</xmin>
      <ymin>491</ymin>
      <xmax>877</xmax>
      <ymax>521</ymax>
    </bndbox>
    <confidence>0.764486</confidence>
  </object>
  <object>
    <name>Vehicle</name>
    <bndbox>
      <xmin>468</xmin>
      <ymin>492</ymin>
      <xmax>543</xmax>
      <ymax>544</ymax>
    </bndbox>
    <confidence>0.933183</confidence>
  </object>
  <object>
    <name>Vehicle</name>
    <bndbox>
      <xmin>925</xmin>
      <ymin>477</ymin>
      <xmax>1005</xmax>
      <ymax>541</ymax>
    </bndbox>
    <confidence>0.937668</confidence>
  </object>
  <object>
    <name>Vehicle</name>
    <bndbox>
      <xmin>544</xmin>
      <ymin>456</ymin>
      <xmax>818</xmax>
      <ymax>658</ymax>
    </bndbox>
    <confidence>0.969501</confidence>
  </object>
</annotation>
