<annotation>
  <folder>runs\detect\exp39</folder>
  <filename>1_20200615_112419_004530.jpg</filename>
  <source>
    <database>Unknown</database>
  </source>
  <size>
    <width>1920</width>
    <height>1080</height>
    <depth>3</depth>
  </size>
  <segmented>0</segmented>
  <object>
    <name>TrafficSign</name>
    <bndbox>
      <xmin>1489</xmin>
      <ymin>391</ymin>
      <xmax>1524</xmax>
      <ymax>425</ymax>
    </bndbox>
    <confidence>0.88231</confidence>
  </object>
  <object>
    <name>TrafficSign</name>
    <bndbox>
      <xmin>1302</xmin>
      <ymin>202</ymin>
      <xmax>1353</xmax>
      <ymax>252</ymax>
    </bndbox>
    <confidence>0.912331</confidence>
  </object>
  <object>
    <name>Vehicle</name>
    <bndbox>
      <xmin>646</xmin>
      <ymin>530</ymin>
      <xmax>706</xmax>
      <ymax>573</ymax>
    </bndbox>
    <confidence>0.923715</confidence>
  </object>
  <object>
    <name>Vehicle</name>
    <bndbox>
      <xmin>411</xmin>
      <ymin>515</ymin>
      <xmax>509</xmax>
      <ymax>586</ymax>
    </bndbox>
    <confidence>0.949941</confidence>
  </object>
  <object>
    <name>Vehicle</name>
    <bndbox>
      <xmin>1</xmin>
      <ymin>520</ymin>
      <xmax>101</xmax>
      <ymax>678</ymax>
    </bndbox>
    <confidence>0.95366</confidence>
  </object>
  <object>
    <name>Vehicle</name>
    <bndbox>
      <xmin>255</xmin>
      <ymin>503</ymin>
      <xmax>413</xmax>
      <ymax>620</ymax>
    </bndbox>
    <confidence>0.964742</confidence>
  </object>
  <object>
    <name>Vehicle</name>
    <bndbox>
      <xmin>882</xmin>
      <ymin>483</ymin>
      <xmax>1099</xmax>
      <ymax>661</ymax>
    </bndbox>
    <confidence>0.969379</confidence>
  </object>
</annotation>
