<annotation>
  <folder>runs\detect\exp2</folder>
  <filename>1_20200615_112419_002760.jpg</filename>
  <source>
    <database>Unknown</database>
  </source>
  <size>
    <width>1920</width>
    <height>1080</height>
    <depth>3</depth>
  </size>
  <segmented>0</segmented>
  <object>
    <name>Vehicle</name>
    <bndbox>
      <xmin>329</xmin>
      <ymin>494</ymin>
      <xmax>392</xmax>
      <ymax>545</ymax>
    </bndbox>
    <confidence>0.565946</confidence>
  </object>
  <object>
    <name>Vehicle</name>
    <bndbox>
      <xmin>561</xmin>
      <ymin>529</ymin>
      <xmax>594</xmax>
      <ymax>555</ymax>
    </bndbox>
    <confidence>0.747899</confidence>
  </object>
  <object>
    <name>Vehicle</name>
    <bndbox>
      <xmin>416</xmin>
      <ymin>528</ymin>
      <xmax>454</xmax>
      <ymax>555</ymax>
    </bndbox>
    <confidence>0.814976</confidence>
  </object>
  <object>
    <name>Vehicle</name>
    <bndbox>
      <xmin>290</xmin>
      <ymin>527</ymin>
      <xmax>327</xmax>
      <ymax>559</ymax>
    </bndbox>
    <confidence>0.890593</confidence>
  </object>
  <object>
    <name>Vehicle</name>
    <bndbox>
      <xmin>326</xmin>
      <ymin>524</ymin>
      <xmax>393</xmax>
      <ymax>577</ymax>
    </bndbox>
    <confidence>0.927147</confidence>
  </object>
  <object>
    <name>Vehicle</name>
    <bndbox>
      <xmin>741</xmin>
      <ymin>510</ymin>
      <xmax>817</xmax>
      <ymax>577</ymax>
    </bndbox>
    <confidence>0.943906</confidence>
  </object>
  <object>
    <name>Vehicle</name>
    <bndbox>
      <xmin>1</xmin>
      <ymin>527</ymin>
      <xmax>118</xmax>
      <ymax>624</ymax>
    </bndbox>
    <confidence>0.961985</confidence>
  </object>
  <object>
    <name>Vehicle</name>
    <bndbox>
      <xmin>785</xmin>
      <ymin>488</ymin>
      <xmax>1004</xmax>
      <ymax>662</ymax>
    </bndbox>
    <confidence>0.970538</confidence>
  </object>
</annotation>
