<annotation>
  <folder>runs\detect\exp2</folder>
  <filename>1_20200615_112419_003690.jpg</filename>
  <source>
    <database>Unknown</database>
  </source>
  <size>
    <width>1920</width>
    <height>1080</height>
    <depth>3</depth>
  </size>
  <segmented>0</segmented>
  <object>
    <name>Vehicle</name>
    <bndbox>
      <xmin>163</xmin>
      <ymin>528</ymin>
      <xmax>193</xmax>
      <ymax>558</ymax>
    </bndbox>
    <confidence>0.431844</confidence>
  </object>
  <object>
    <name>Vehicle</name>
    <bndbox>
      <xmin>194</xmin>
      <ymin>521</ymin>
      <xmax>227</xmax>
      <ymax>552</ymax>
    </bndbox>
    <confidence>0.668044</confidence>
  </object>
  <object>
    <name>Vehicle</name>
    <bndbox>
      <xmin>808</xmin>
      <ymin>478</ymin>
      <xmax>991</xmax>
      <ymax>623</ymax>
    </bndbox>
    <confidence>0.96494</confidence>
  </object>
</annotation>
