<annotation>
  <folder>runs\detect\exp39</folder>
  <filename>1_20200615_112419_006960.jpg</filename>
  <source>
    <database>Unknown</database>
  </source>
  <size>
    <width>1920</width>
    <height>1080</height>
    <depth>3</depth>
  </size>
  <segmented>0</segmented>
  <object>
    <name>Vehicle</name>
    <bndbox>
      <xmin>1600</xmin>
      <ymin>460</ymin>
      <xmax>1630</xmax>
      <ymax>487</ymax>
    </bndbox>
    <confidence>0.350428</confidence>
  </object>
  <object>
    <name>Vehicle</name>
    <bndbox>
      <xmin>1557</xmin>
      <ymin>464</ymin>
      <xmax>1588</xmax>
      <ymax>490</ymax>
    </bndbox>
    <confidence>0.773083</confidence>
  </object>
  <object>
    <name>TrafficSign</name>
    <bndbox>
      <xmin>1867</xmin>
      <ymin>361</ymin>
      <xmax>1914</xmax>
      <ymax>407</ymax>
    </bndbox>
    <confidence>0.884689</confidence>
  </object>
  <object>
    <name>Vehicle</name>
    <bndbox>
      <xmin>1372</xmin>
      <ymin>456</ymin>
      <xmax>1567</xmax>
      <ymax>633</ymax>
    </bndbox>
    <confidence>0.962234</confidence>
  </object>
  <object>
    <name>Vehicle</name>
    <bndbox>
      <xmin>1030</xmin>
      <ymin>484</ymin>
      <xmax>1237</xmax>
      <ymax>635</ymax>
    </bndbox>
    <confidence>0.964582</confidence>
  </object>
</annotation>
