<annotation>
  <folder>runs\detect\exp2</folder>
  <filename>1_20200615_112419_004800.jpg</filename>
  <source>
    <database>Unknown</database>
  </source>
  <size>
    <width>1920</width>
    <height>1080</height>
    <depth>3</depth>
  </size>
  <segmented>0</segmented>
  <object>
    <name>Pedestrian</name>
    <bndbox>
      <xmin>446</xmin>
      <ymin>474</ymin>
      <xmax>462</xmax>
      <ymax>529</ymax>
    </bndbox>
    <confidence>0.531998</confidence>
  </object>
  <object>
    <name>Vehicle</name>
    <bndbox>
      <xmin>781</xmin>
      <ymin>464</ymin>
      <xmax>816</xmax>
      <ymax>496</ymax>
    </bndbox>
    <confidence>0.757477</confidence>
  </object>
  <object>
    <name>Vehicle</name>
    <bndbox>
      <xmin>908</xmin>
      <ymin>468</ymin>
      <xmax>941</xmax>
      <ymax>497</ymax>
    </bndbox>
    <confidence>0.815629</confidence>
  </object>
  <object>
    <name>TrafficSign</name>
    <bndbox>
      <xmin>1000</xmin>
      <ymin>338</ymin>
      <xmax>1062</xmax>
      <ymax>369</ymax>
    </bndbox>
    <confidence>0.8329</confidence>
  </object>
  <object>
    <name>Vehicle</name>
    <bndbox>
      <xmin>734</xmin>
      <ymin>473</ymin>
      <xmax>779</xmax>
      <ymax>506</ymax>
    </bndbox>
    <confidence>0.879487</confidence>
  </object>
  <object>
    <name>Vehicle</name>
    <bndbox>
      <xmin>810</xmin>
      <ymin>464</ymin>
      <xmax>854</xmax>
      <ymax>499</ymax>
    </bndbox>
    <confidence>0.891978</confidence>
  </object>
  <object>
    <name>Vehicle</name>
    <bndbox>
      <xmin>943</xmin>
      <ymin>473</ymin>
      <xmax>1019</xmax>
      <ymax>534</ymax>
    </bndbox>
    <confidence>0.938791</confidence>
  </object>
  <object>
    <name>Vehicle</name>
    <bndbox>
      <xmin>227</xmin>
      <ymin>499</ymin>
      <xmax>350</xmax>
      <ymax>593</ymax>
    </bndbox>
    <confidence>0.961849</confidence>
  </object>
  <object>
    <name>Vehicle</name>
    <bndbox>
      <xmin>522</xmin>
      <ymin>480</ymin>
      <xmax>758</xmax>
      <ymax>657</ymax>
    </bndbox>
    <confidence>0.978484</confidence>
  </object>
</annotation>
