<annotation>
  <folder>runs\detect\exp2</folder>
  <filename>1_20200615_112419_005820.jpg</filename>
  <source>
    <database>Unknown</database>
  </source>
  <size>
    <width>1920</width>
    <height>1080</height>
    <depth>3</depth>
  </size>
  <segmented>0</segmented>
  <object>
    <name>Vehicle</name>
    <bndbox>
      <xmin>473</xmin>
      <ymin>451</ymin>
      <xmax>517</xmax>
      <ymax>481</ymax>
    </bndbox>
    <confidence>0.279543</confidence>
  </object>
  <object>
    <name>Vehicle</name>
    <bndbox>
      <xmin>67</xmin>
      <ymin>451</ymin>
      <xmax>109</xmax>
      <ymax>483</ymax>
    </bndbox>
    <confidence>0.283405</confidence>
  </object>
  <object>
    <name>Pedestrian</name>
    <bndbox>
      <xmin>45</xmin>
      <ymin>504</ymin>
      <xmax>62</xmax>
      <ymax>550</ymax>
    </bndbox>
    <confidence>0.655329</confidence>
  </object>
  <object>
    <name>TrafficSign</name>
    <bndbox>
      <xmin>887</xmin>
      <ymin>124</ymin>
      <xmax>1120</xmax>
      <ymax>215</ymax>
    </bndbox>
    <confidence>0.686055</confidence>
  </object>
  <object>
    <name>Vehicle</name>
    <bndbox>
      <xmin>76</xmin>
      <ymin>468</ymin>
      <xmax>112</xmax>
      <ymax>503</ymax>
    </bndbox>
    <confidence>0.708896</confidence>
  </object>
  <object>
    <name>TrafficSign</name>
    <bndbox>
      <xmin>1247</xmin>
      <ymin>505</ymin>
      <xmax>1296</xmax>
      <ymax>556</ymax>
    </bndbox>
    <confidence>0.806877</confidence>
  </object>
  <object>
    <name>Vehicle</name>
    <bndbox>
      <xmin>459</xmin>
      <ymin>445</ymin>
      <xmax>490</xmax>
      <ymax>477</ymax>
    </bndbox>
    <confidence>0.817071</confidence>
  </object>
  <object>
    <name>Vehicle</name>
    <bndbox>
      <xmin>710</xmin>
      <ymin>475</ymin>
      <xmax>755</xmax>
      <ymax>507</ymax>
    </bndbox>
    <confidence>0.821501</confidence>
  </object>
  <object>
    <name>Vehicle</name>
    <bndbox>
      <xmin>472</xmin>
      <ymin>463</ymin>
      <xmax>518</xmax>
      <ymax>496</ymax>
    </bndbox>
    <confidence>0.829063</confidence>
  </object>
  <object>
    <name>Pedestrian</name>
    <bndbox>
      <xmin>1857</xmin>
      <ymin>399</ymin>
      <xmax>1920</xmax>
      <ymax>608</ymax>
    </bndbox>
    <confidence>0.857357</confidence>
  </object>
  <object>
    <name>Vehicle</name>
    <bndbox>
      <xmin>393</xmin>
      <ymin>464</ymin>
      <xmax>436</xmax>
      <ymax>496</ymax>
    </bndbox>
    <confidence>0.860838</confidence>
  </object>
  <object>
    <name>TrafficSign</name>
    <bndbox>
      <xmin>1244</xmin>
      <ymin>231</ymin>
      <xmax>1289</xmax>
      <ymax>275</ymax>
    </bndbox>
    <confidence>0.874723</confidence>
  </object>
  <object>
    <name>TrafficSign</name>
    <bndbox>
      <xmin>1250</xmin>
      <ymin>363</ymin>
      <xmax>1295</xmax>
      <ymax>407</ymax>
    </bndbox>
    <confidence>0.887996</confidence>
  </object>
  <object>
    <name>TrafficSign</name>
    <bndbox>
      <xmin>1247</xmin>
      <ymin>320</ymin>
      <xmax>1291</xmax>
      <ymax>364</ymax>
    </bndbox>
    <confidence>0.895742</confidence>
  </object>
  <object>
    <name>TrafficSign</name>
    <bndbox>
      <xmin>1246</xmin>
      <ymin>276</ymin>
      <xmax>1290</xmax>
      <ymax>319</ymax>
    </bndbox>
    <confidence>0.909462</confidence>
  </object>
  <object>
    <name>Vehicle</name>
    <bndbox>
      <xmin>485</xmin>
      <ymin>487</ymin>
      <xmax>538</xmax>
      <ymax>529</ymax>
    </bndbox>
    <confidence>0.920236</confidence>
  </object>
  <object>
    <name>Vehicle</name>
    <bndbox>
      <xmin>564</xmin>
      <ymin>487</ymin>
      <xmax>620</xmax>
      <ymax>525</ymax>
    </bndbox>
    <confidence>0.933594</confidence>
  </object>
  <object>
    <name>Vehicle</name>
    <bndbox>
      <xmin>671</xmin>
      <ymin>499</ymin>
      <xmax>751</xmax>
      <ymax>567</ymax>
    </bndbox>
    <confidence>0.935585</confidence>
  </object>
  <object>
    <name>Vehicle</name>
    <bndbox>
      <xmin>729</xmin>
      <ymin>509</ymin>
      <xmax>861</xmax>
      <ymax>603</ymax>
    </bndbox>
    <confidence>0.95923</confidence>
  </object>
</annotation>
