<annotation>
  <folder>runs\detect\exp39</folder>
  <filename>1_20200615_112419_006600.jpg</filename>
  <source>
    <database>Unknown</database>
  </source>
  <size>
    <width>1920</width>
    <height>1080</height>
    <depth>3</depth>
  </size>
  <segmented>0</segmented>
  <object>
    <name>Vehicle</name>
    <bndbox>
      <xmin>941</xmin>
      <ymin>395</ymin>
      <xmax>992</xmax>
      <ymax>427</ymax>
    </bndbox>
    <confidence>0.454804</confidence>
  </object>
  <object>
    <name>Vehicle</name>
    <bndbox>
      <xmin>752</xmin>
      <ymin>397</ymin>
      <xmax>792</xmax>
      <ymax>425</ymax>
    </bndbox>
    <confidence>0.569109</confidence>
  </object>
  <object>
    <name>Vehicle</name>
    <bndbox>
      <xmin>935</xmin>
      <ymin>408</ymin>
      <xmax>1000</xmax>
      <ymax>452</ymax>
    </bndbox>
    <confidence>0.67031</confidence>
  </object>
  <object>
    <name>Vehicle</name>
    <bndbox>
      <xmin>434</xmin>
      <ymin>442</ymin>
      <xmax>530</xmax>
      <ymax>488</ymax>
    </bndbox>
    <confidence>0.736223</confidence>
  </object>
  <object>
    <name>Vehicle</name>
    <bndbox>
      <xmin>878</xmin>
      <ymin>399</ymin>
      <xmax>923</xmax>
      <ymax>433</ymax>
    </bndbox>
    <confidence>0.866084</confidence>
  </object>
  <object>
    <name>Vehicle</name>
    <bndbox>
      <xmin>858</xmin>
      <ymin>455</ymin>
      <xmax>1031</xmax>
      <ymax>591</ymax>
    </bndbox>
    <confidence>0.95667</confidence>
  </object>
</annotation>
