<annotation>
  <folder>runs\detect\exp39</folder>
  <filename>1_20200615_112419_004260.jpg</filename>
  <source>
    <database>Unknown</database>
  </source>
  <size>
    <width>1920</width>
    <height>1080</height>
    <depth>3</depth>
  </size>
  <segmented>0</segmented>
  <object>
    <name>Pedestrian</name>
    <bndbox>
      <xmin>387</xmin>
      <ymin>667</ymin>
      <xmax>403</xmax>
      <ymax>696</ymax>
    </bndbox>
    <confidence>0.374772</confidence>
  </object>
  <object>
    <name>TrafficLight</name>
    <bndbox>
      <xmin>1029</xmin>
      <ymin>511</ymin>
      <xmax>1070</xmax>
      <ymax>523</ymax>
    </bndbox>
    <confidence>0.417214</confidence>
  </object>
  <object>
    <name>TrafficLight</name>
    <bndbox>
      <xmin>963</xmin>
      <ymin>406</ymin>
      <xmax>1030</xmax>
      <ymax>426</ymax>
    </bndbox>
    <confidence>0.843174</confidence>
  </object>
  <object>
    <name>TrafficLight</name>
    <bndbox>
      <xmin>1143</xmin>
      <ymin>401</ymin>
      <xmax>1208</xmax>
      <ymax>421</ymax>
    </bndbox>
    <confidence>0.860691</confidence>
  </object>
  <object>
    <name>TrafficSign</name>
    <bndbox>
      <xmin>1063</xmin>
      <ymin>381</ymin>
      <xmax>1105</xmax>
      <ymax>423</ymax>
    </bndbox>
    <confidence>0.903942</confidence>
  </object>
  <object>
    <name>Vehicle</name>
    <bndbox>
      <xmin>755</xmin>
      <ymin>553</ymin>
      <xmax>861</xmax>
      <ymax>678</ymax>
    </bndbox>
    <confidence>0.93796</confidence>
  </object>
  <object>
    <name>Vehicle</name>
    <bndbox>
      <xmin>1119</xmin>
      <ymin>583</ymin>
      <xmax>1241</xmax>
      <ymax>672</ymax>
    </bndbox>
    <confidence>0.948116</confidence>
  </object>
  <object>
    <name>Vehicle</name>
    <bndbox>
      <xmin>832</xmin>
      <ymin>529</ymin>
      <xmax>1099</xmax>
      <ymax>747</ymax>
    </bndbox>
    <confidence>0.964744</confidence>
  </object>
</annotation>
