<annotation>
  <folder>runs\detect\exp39</folder>
  <filename>1_20200615_112419_000420.jpg</filename>
  <source>
    <database>Unknown</database>
  </source>
  <size>
    <width>1920</width>
    <height>1080</height>
    <depth>3</depth>
  </size>
  <segmented>0</segmented>
  <object>
    <name>Vehicle</name>
    <bndbox>
      <xmin>565</xmin>
      <ymin>472</ymin>
      <xmax>596</xmax>
      <ymax>499</ymax>
    </bndbox>
    <confidence>0.322519</confidence>
  </object>
  <object>
    <name>Vehicle</name>
    <bndbox>
      <xmin>582</xmin>
      <ymin>489</ymin>
      <xmax>619</xmax>
      <ymax>521</ymax>
    </bndbox>
    <confidence>0.85542</confidence>
  </object>
  <object>
    <name>Vehicle</name>
    <bndbox>
      <xmin>720</xmin>
      <ymin>450</ymin>
      <xmax>765</xmax>
      <ymax>488</ymax>
    </bndbox>
    <confidence>0.86142</confidence>
  </object>
  <object>
    <name>Vehicle</name>
    <bndbox>
      <xmin>615</xmin>
      <ymin>471</ymin>
      <xmax>684</xmax>
      <ymax>535</ymax>
    </bndbox>
    <confidence>0.923894</confidence>
  </object>
  <object>
    <name>Vehicle</name>
    <bndbox>
      <xmin>863</xmin>
      <ymin>462</ymin>
      <xmax>1036</xmax>
      <ymax>603</ymax>
    </bndbox>
    <confidence>0.964172</confidence>
  </object>
</annotation>
