<annotation>
  <folder>runs\detect\exp2</folder>
  <filename>1_20200615_112419_008220.jpg</filename>
  <source>
    <database>Unknown</database>
  </source>
  <size>
    <width>1920</width>
    <height>1080</height>
    <depth>3</depth>
  </size>
  <segmented>0</segmented>
  <object>
    <name>TrafficSign</name>
    <bndbox>
      <xmin>1384</xmin>
      <ymin>445</ymin>
      <xmax>1414</xmax>
      <ymax>480</ymax>
    </bndbox>
    <confidence>0.785721</confidence>
  </object>
  <object>
    <name>Vehicle</name>
    <bndbox>
      <xmin>1023</xmin>
      <ymin>462</ymin>
      <xmax>1081</xmax>
      <ymax>509</ymax>
    </bndbox>
    <confidence>0.788287</confidence>
  </object>
  <object>
    <name>Vehicle</name>
    <bndbox>
      <xmin>1269</xmin>
      <ymin>499</ymin>
      <xmax>1304</xmax>
      <ymax>526</ymax>
    </bndbox>
    <confidence>0.873972</confidence>
  </object>
  <object>
    <name>Vehicle</name>
    <bndbox>
      <xmin>1310</xmin>
      <ymin>482</ymin>
      <xmax>1348</xmax>
      <ymax>529</ymax>
    </bndbox>
    <confidence>0.893702</confidence>
  </object>
  <object>
    <name>Vehicle</name>
    <bndbox>
      <xmin>313</xmin>
      <ymin>390</ymin>
      <xmax>581</xmax>
      <ymax>497</ymax>
    </bndbox>
    <confidence>0.926473</confidence>
  </object>
</annotation>
