<annotation>
  <folder>runs\detect\exp2</folder>
  <filename>1_20200615_112419_008940.jpg</filename>
  <source>
    <database>Unknown</database>
  </source>
  <size>
    <width>1920</width>
    <height>1080</height>
    <depth>3</depth>
  </size>
  <segmented>0</segmented>
  <object>
    <name>Vehicle</name>
    <bndbox>
      <xmin>426</xmin>
      <ymin>478</ymin>
      <xmax>535</xmax>
      <ymax>550</ymax>
    </bndbox>
    <confidence>0.682875</confidence>
  </object>
  <object>
    <name>TrafficSign</name>
    <bndbox>
      <xmin>987</xmin>
      <ymin>336</ymin>
      <xmax>1021</xmax>
      <ymax>367</ymax>
    </bndbox>
    <confidence>0.86833</confidence>
  </object>
  <object>
    <name>Vehicle</name>
    <bndbox>
      <xmin>248</xmin>
      <ymin>529</ymin>
      <xmax>334</xmax>
      <ymax>564</ymax>
    </bndbox>
    <confidence>0.887796</confidence>
  </object>
  <object>
    <name>TrafficSign</name>
    <bndbox>
      <xmin>461</xmin>
      <ymin>425</ymin>
      <xmax>517</xmax>
      <ymax>483</ymax>
    </bndbox>
    <confidence>0.920078</confidence>
  </object>
  <object>
    <name>Vehicle</name>
    <bndbox>
      <xmin>866</xmin>
      <ymin>486</ymin>
      <xmax>1113</xmax>
      <ymax>687</ymax>
    </bndbox>
    <confidence>0.966315</confidence>
  </object>
</annotation>
