<annotation>
  <folder>runs\detect\exp2</folder>
  <filename>1_20200615_112419_008970.jpg</filename>
  <source>
    <database>Unknown</database>
  </source>
  <size>
    <width>1920</width>
    <height>1080</height>
    <depth>3</depth>
  </size>
  <segmented>0</segmented>
  <object>
    <name>Vehicle</name>
    <bndbox>
      <xmin>372</xmin>
      <ymin>522</ymin>
      <xmax>433</xmax>
      <ymax>557</ymax>
    </bndbox>
    <confidence>0.758797</confidence>
  </object>
  <object>
    <name>TrafficSign</name>
    <bndbox>
      <xmin>986</xmin>
      <ymin>299</ymin>
      <xmax>1028</xmax>
      <ymax>336</ymax>
    </bndbox>
    <confidence>0.866136</confidence>
  </object>
  <object>
    <name>Vehicle</name>
    <bndbox>
      <xmin>294</xmin>
      <ymin>525</ymin>
      <xmax>364</xmax>
      <ymax>567</ymax>
    </bndbox>
    <confidence>0.875014</confidence>
  </object>
  <object>
    <name>Vehicle</name>
    <bndbox>
      <xmin>28</xmin>
      <ymin>432</ymin>
      <xmax>254</xmax>
      <ymax>577</ymax>
    </bndbox>
    <confidence>0.913668</confidence>
  </object>
  <object>
    <name>TrafficSign</name>
    <bndbox>
      <xmin>170</xmin>
      <ymin>374</ymin>
      <xmax>256</xmax>
      <ymax>464</ymax>
    </bndbox>
    <confidence>0.938056</confidence>
  </object>
  <object>
    <name>Vehicle</name>
    <bndbox>
      <xmin>882</xmin>
      <ymin>492</ymin>
      <xmax>1116</xmax>
      <ymax>682</ymax>
    </bndbox>
    <confidence>0.96971</confidence>
  </object>
</annotation>
