<annotation>
  <folder>runs\detect\exp39</folder>
  <filename>1_20200615_112419_004290.jpg</filename>
  <source>
    <database>Unknown</database>
  </source>
  <size>
    <width>1920</width>
    <height>1080</height>
    <depth>3</depth>
  </size>
  <segmented>0</segmented>
  <object>
    <name>Pedestrian</name>
    <bndbox>
      <xmin>1272</xmin>
      <ymin>536</ymin>
      <xmax>1288</xmax>
      <ymax>586</ymax>
    </bndbox>
    <confidence>0.293651</confidence>
  </object>
  <object>
    <name>Pedestrian</name>
    <bndbox>
      <xmin>335</xmin>
      <ymin>581</ymin>
      <xmax>354</xmax>
      <ymax>621</ymax>
    </bndbox>
    <confidence>0.60081</confidence>
  </object>
  <object>
    <name>TrafficLight</name>
    <bndbox>
      <xmin>1036</xmin>
      <ymin>409</ymin>
      <xmax>1081</xmax>
      <ymax>422</ymax>
    </bndbox>
    <confidence>0.694567</confidence>
  </object>
  <object>
    <name>TrafficLight</name>
    <bndbox>
      <xmin>1173</xmin>
      <ymin>279</ymin>
      <xmax>1248</xmax>
      <ymax>300</ymax>
    </bndbox>
    <confidence>0.817719</confidence>
  </object>
  <object>
    <name>Vehicle</name>
    <bndbox>
      <xmin>669</xmin>
      <ymin>571</ymin>
      <xmax>719</xmax>
      <ymax>603</ymax>
    </bndbox>
    <confidence>0.84703</confidence>
  </object>
  <object>
    <name>TrafficSign</name>
    <bndbox>
      <xmin>1082</xmin>
      <ymin>256</ymin>
      <xmax>1130</xmax>
      <ymax>303</ymax>
    </bndbox>
    <confidence>0.922413</confidence>
  </object>
  <object>
    <name>Vehicle</name>
    <bndbox>
      <xmin>718</xmin>
      <ymin>459</ymin>
      <xmax>848</xmax>
      <ymax>603</ymax>
    </bndbox>
    <confidence>0.934447</confidence>
  </object>
  <object>
    <name>Vehicle</name>
    <bndbox>
      <xmin>1126</xmin>
      <ymin>512</ymin>
      <xmax>1249</xmax>
      <ymax>597</ymax>
    </bndbox>
    <confidence>0.946823</confidence>
  </object>
  <object>
    <name>Vehicle</name>
    <bndbox>
      <xmin>832</xmin>
      <ymin>443</ymin>
      <xmax>1106</xmax>
      <ymax>667</ymax>
    </bndbox>
    <confidence>0.964939</confidence>
  </object>
</annotation>
