<annotation>
  <folder>runs\detect\exp39</folder>
  <filename>1_20200615_112419_006300.jpg</filename>
  <source>
    <database>Unknown</database>
  </source>
  <size>
    <width>1920</width>
    <height>1080</height>
    <depth>3</depth>
  </size>
  <segmented>0</segmented>
  <object>
    <name>Vehicle</name>
    <bndbox>
      <xmin>843</xmin>
      <ymin>520</ymin>
      <xmax>881</xmax>
      <ymax>549</ymax>
    </bndbox>
    <confidence>0.27242</confidence>
  </object>
  <object>
    <name>Vehicle</name>
    <bndbox>
      <xmin>820</xmin>
      <ymin>564</ymin>
      <xmax>864</xmax>
      <ymax>616</ymax>
    </bndbox>
    <confidence>0.626635</confidence>
  </object>
  <object>
    <name>TrafficSign</name>
    <bndbox>
      <xmin>1039</xmin>
      <ymin>277</ymin>
      <xmax>1064</xmax>
      <ymax>304</ymax>
    </bndbox>
    <confidence>0.767236</confidence>
  </object>
  <object>
    <name>TrafficSign</name>
    <bndbox>
      <xmin>865</xmin>
      <ymin>414</ymin>
      <xmax>893</xmax>
      <ymax>442</ymax>
    </bndbox>
    <confidence>0.865465</confidence>
  </object>
  <object>
    <name>Vehicle</name>
    <bndbox>
      <xmin>2</xmin>
      <ymin>452</ymin>
      <xmax>196</xmax>
      <ymax>990</ymax>
    </bndbox>
    <confidence>0.866831</confidence>
  </object>
  <object>
    <name>Vehicle</name>
    <bndbox>
      <xmin>824</xmin>
      <ymin>568</ymin>
      <xmax>965</xmax>
      <ymax>671</ymax>
    </bndbox>
    <confidence>0.953265</confidence>
  </object>
</annotation>
