<annotation>
  <folder>runs\detect\exp2</folder>
  <filename>1_20200615_112419_000180.jpg</filename>
  <source>
    <database>Unknown</database>
  </source>
  <size>
    <width>1920</width>
    <height>1080</height>
    <depth>3</depth>
  </size>
  <segmented>0</segmented>
  <object>
    <name>Vehicle</name>
    <bndbox>
      <xmin>1113</xmin>
      <ymin>414</ymin>
      <xmax>1197</xmax>
      <ymax>609</ymax>
    </bndbox>
    <confidence>0.833023</confidence>
  </object>
  <object>
    <name>Vehicle</name>
    <bndbox>
      <xmin>713</xmin>
      <ymin>523</ymin>
      <xmax>754</xmax>
      <ymax>553</ymax>
    </bndbox>
    <confidence>0.850046</confidence>
  </object>
  <object>
    <name>Vehicle</name>
    <bndbox>
      <xmin>631</xmin>
      <ymin>509</ymin>
      <xmax>683</xmax>
      <ymax>561</ymax>
    </bndbox>
    <confidence>0.871636</confidence>
  </object>
  <object>
    <name>Vehicle</name>
    <bndbox>
      <xmin>583</xmin>
      <ymin>525</ymin>
      <xmax>635</xmax>
      <ymax>565</ymax>
    </bndbox>
    <confidence>0.903806</confidence>
  </object>
  <object>
    <name>Vehicle</name>
    <bndbox>
      <xmin>514</xmin>
      <ymin>525</ymin>
      <xmax>576</xmax>
      <ymax>577</ymax>
    </bndbox>
    <confidence>0.931047</confidence>
  </object>
  <object>
    <name>Vehicle</name>
    <bndbox>
      <xmin>123</xmin>
      <ymin>530</ymin>
      <xmax>258</xmax>
      <ymax>623</ymax>
    </bndbox>
    <confidence>0.957169</confidence>
  </object>
  <object>
    <name>Vehicle</name>
    <bndbox>
      <xmin>210</xmin>
      <ymin>437</ymin>
      <xmax>405</xmax>
      <ymax>607</ymax>
    </bndbox>
    <confidence>0.96093</confidence>
  </object>
  <object>
    <name>Vehicle</name>
    <bndbox>
      <xmin>2</xmin>
      <ymin>514</ymin>
      <xmax>130</xmax>
      <ymax>642</ymax>
    </bndbox>
    <confidence>0.965867</confidence>
  </object>
  <object>
    <name>Vehicle</name>
    <bndbox>
      <xmin>1173</xmin>
      <ymin>315</ymin>
      <xmax>1554</xmax>
      <ymax>656</ymax>
    </bndbox>
    <confidence>0.968251</confidence>
  </object>
  <object>
    <name>Vehicle</name>
    <bndbox>
      <xmin>847</xmin>
      <ymin>495</ymin>
      <xmax>1093</xmax>
      <ymax>699</ymax>
    </bndbox>
    <confidence>0.969508</confidence>
  </object>
</annotation>
