<annotation>
  <folder>runs\detect\exp39</folder>
  <filename>1_20200615_112419_007020.jpg</filename>
  <source>
    <database>Unknown</database>
  </source>
  <size>
    <width>1920</width>
    <height>1080</height>
    <depth>3</depth>
  </size>
  <segmented>0</segmented>
  <object>
    <name>TrafficSign</name>
    <bndbox>
      <xmin>1387</xmin>
      <ymin>293</ymin>
      <xmax>1418</xmax>
      <ymax>324</ymax>
    </bndbox>
    <confidence>0.894039</confidence>
  </object>
  <object>
    <name>Vehicle</name>
    <bndbox>
      <xmin>1319</xmin>
      <ymin>450</ymin>
      <xmax>1408</xmax>
      <ymax>545</ymax>
    </bndbox>
    <confidence>0.942578</confidence>
  </object>
  <object>
    <name>Vehicle</name>
    <bndbox>
      <xmin>1372</xmin>
      <ymin>434</ymin>
      <xmax>1618</xmax>
      <ymax>654</ymax>
    </bndbox>
    <confidence>0.96833</confidence>
  </object>
  <object>
    <name>Vehicle</name>
    <bndbox>
      <xmin>962</xmin>
      <ymin>466</ymin>
      <xmax>1182</xmax>
      <ymax>627</ymax>
    </bndbox>
    <confidence>0.970078</confidence>
  </object>
</annotation>
