<annotation>
  <folder>runs\detect\exp2</folder>
  <filename>1_20200615_112419_007440.jpg</filename>
  <source>
    <database>Unknown</database>
  </source>
  <size>
    <width>1920</width>
    <height>1080</height>
    <depth>3</depth>
  </size>
  <segmented>0</segmented>
  <object>
    <name>TrafficSign</name>
    <bndbox>
      <xmin>1375</xmin>
      <ymin>388</ymin>
      <xmax>1400</xmax>
      <ymax>414</ymax>
    </bndbox>
    <confidence>0.710363</confidence>
  </object>
  <object>
    <name>Vehicle</name>
    <bndbox>
      <xmin>1757</xmin>
      <ymin>355</ymin>
      <xmax>1920</xmax>
      <ymax>969</ymax>
    </bndbox>
    <confidence>0.870341</confidence>
  </object>
  <object>
    <name>Vehicle</name>
    <bndbox>
      <xmin>1028</xmin>
      <ymin>465</ymin>
      <xmax>1157</xmax>
      <ymax>558</ymax>
    </bndbox>
    <confidence>0.955475</confidence>
  </object>
  <object>
    <name>Vehicle</name>
    <bndbox>
      <xmin>1266</xmin>
      <ymin>456</ymin>
      <xmax>1430</xmax>
      <ymax>585</ymax>
    </bndbox>
    <confidence>0.967041</confidence>
  </object>
</annotation>
