<annotation>
  <folder>runs\detect\exp2</folder>
  <filename>1_20200615_112419_000390.jpg</filename>
  <source>
    <database>Unknown</database>
  </source>
  <size>
    <width>1920</width>
    <height>1080</height>
    <depth>3</depth>
  </size>
  <segmented>0</segmented>
  <object>
    <name>Vehicle</name>
    <bndbox>
      <xmin>700</xmin>
      <ymin>491</ymin>
      <xmax>729</xmax>
      <ymax>520</ymax>
    </bndbox>
    <confidence>0.463022</confidence>
  </object>
  <object>
    <name>Vehicle</name>
    <bndbox>
      <xmin>682</xmin>
      <ymin>496</ymin>
      <xmax>712</xmax>
      <ymax>523</ymax>
    </bndbox>
    <confidence>0.756342</confidence>
  </object>
  <object>
    <name>Vehicle</name>
    <bndbox>
      <xmin>809</xmin>
      <ymin>463</ymin>
      <xmax>843</xmax>
      <ymax>498</ymax>
    </bndbox>
    <confidence>0.845149</confidence>
  </object>
  <object>
    <name>Vehicle</name>
    <bndbox>
      <xmin>650</xmin>
      <ymin>501</ymin>
      <xmax>690</xmax>
      <ymax>531</ymax>
    </bndbox>
    <confidence>0.874421</confidence>
  </object>
  <object>
    <name>Vehicle</name>
    <bndbox>
      <xmin>725</xmin>
      <ymin>487</ymin>
      <xmax>779</xmax>
      <ymax>538</ymax>
    </bndbox>
    <confidence>0.923907</confidence>
  </object>
  <object>
    <name>Vehicle</name>
    <bndbox>
      <xmin>910</xmin>
      <ymin>477</ymin>
      <xmax>1081</xmax>
      <ymax>615</ymax>
    </bndbox>
    <confidence>0.965551</confidence>
  </object>
  <object>
    <name>Vehicle</name>
    <bndbox>
      <xmin>36</xmin>
      <ymin>502</ymin>
      <xmax>255</xmax>
      <ymax>640</ymax>
    </bndbox>
    <confidence>0.967153</confidence>
  </object>
</annotation>
