<annotation>
  <folder>runs\detect\exp39</folder>
  <filename>1_20200615_112419_005340.jpg</filename>
  <source>
    <database>Unknown</database>
  </source>
  <size>
    <width>1920</width>
    <height>1080</height>
    <depth>3</depth>
  </size>
  <segmented>0</segmented>
  <object>
    <name>Vehicle</name>
    <bndbox>
      <xmin>931</xmin>
      <ymin>536</ymin>
      <xmax>962</xmax>
      <ymax>563</ymax>
    </bndbox>
    <confidence>0.444972</confidence>
  </object>
  <object>
    <name>TrafficSign</name>
    <bndbox>
      <xmin>1461</xmin>
      <ymin>368</ymin>
      <xmax>1497</xmax>
      <ymax>405</ymax>
    </bndbox>
    <confidence>0.446563</confidence>
  </object>
  <object>
    <name>Vehicle</name>
    <bndbox>
      <xmin>978</xmin>
      <ymin>533</ymin>
      <xmax>1008</xmax>
      <ymax>567</ymax>
    </bndbox>
    <confidence>0.558727</confidence>
  </object>
  <object>
    <name>Pedestrian</name>
    <bndbox>
      <xmin>1758</xmin>
      <ymin>477</ymin>
      <xmax>1788</xmax>
      <ymax>633</ymax>
    </bndbox>
    <confidence>0.611112</confidence>
  </object>
  <object>
    <name>TrafficSign</name>
    <bndbox>
      <xmin>1511</xmin>
      <ymin>367</ymin>
      <xmax>1548</xmax>
      <ymax>404</ymax>
    </bndbox>
    <confidence>0.698255</confidence>
  </object>
  <object>
    <name>TrafficSign</name>
    <bndbox>
      <xmin>1283</xmin>
      <ymin>437</ymin>
      <xmax>1310</xmax>
      <ymax>466</ymax>
    </bndbox>
    <confidence>0.82498</confidence>
  </object>
  <object>
    <name>TrafficLight</name>
    <bndbox>
      <xmin>920</xmin>
      <ymin>16</ymin>
      <xmax>1069</xmax>
      <ymax>58</ymax>
    </bndbox>
    <confidence>0.894079</confidence>
  </object>
  <object>
    <name>TrafficSign</name>
    <bndbox>
      <xmin>1120</xmin>
      <ymin>284</ymin>
      <xmax>1162</xmax>
      <ymax>326</ymax>
    </bndbox>
    <confidence>0.903486</confidence>
  </object>
  <object>
    <name>Vehicle</name>
    <bndbox>
      <xmin>989</xmin>
      <ymin>534</ymin>
      <xmax>1052</xmax>
      <ymax>584</ymax>
    </bndbox>
    <confidence>0.916098</confidence>
  </object>
  <object>
    <name>Vehicle</name>
    <bndbox>
      <xmin>558</xmin>
      <ymin>543</ymin>
      <xmax>636</xmax>
      <ymax>639</ymax>
    </bndbox>
    <confidence>0.929066</confidence>
  </object>
  <object>
    <name>Vehicle</name>
    <bndbox>
      <xmin>551</xmin>
      <ymin>486</ymin>
      <xmax>674</xmax>
      <ymax>629</ymax>
    </bndbox>
    <confidence>0.953335</confidence>
  </object>
  <object>
    <name>Vehicle</name>
    <bndbox>
      <xmin>683</xmin>
      <ymin>506</ymin>
      <xmax>948</xmax>
      <ymax>721</ymax>
    </bndbox>
    <confidence>0.957537</confidence>
  </object>
  <object>
    <name>Vehicle</name>
    <bndbox>
      <xmin>404</xmin>
      <ymin>527</ymin>
      <xmax>581</xmax>
      <ymax>662</ymax>
    </bndbox>
    <confidence>0.962589</confidence>
  </object>
</annotation>
