<annotation>
  <folder>runs\detect\exp2</folder>
  <filename>1_20200615_112419_000600.jpg</filename>
  <source>
    <database>Unknown</database>
  </source>
  <size>
    <width>1920</width>
    <height>1080</height>
    <depth>3</depth>
  </size>
  <segmented>0</segmented>
  <object>
    <name>Vehicle</name>
    <bndbox>
      <xmin>383</xmin>
      <ymin>486</ymin>
      <xmax>446</xmax>
      <ymax>515</ymax>
    </bndbox>
    <confidence>0.269039</confidence>
  </object>
  <object>
    <name>Vehicle</name>
    <bndbox>
      <xmin>560</xmin>
      <ymin>489</ymin>
      <xmax>593</xmax>
      <ymax>525</ymax>
    </bndbox>
    <confidence>0.287382</confidence>
  </object>
  <object>
    <name>TrafficSign</name>
    <bndbox>
      <xmin>1019</xmin>
      <ymin>363</ymin>
      <xmax>1067</xmax>
      <ymax>388</ymax>
    </bndbox>
    <confidence>0.475163</confidence>
  </object>
  <object>
    <name>Vehicle</name>
    <bndbox>
      <xmin>545</xmin>
      <ymin>490</ymin>
      <xmax>584</xmax>
      <ymax>528</ymax>
    </bndbox>
    <confidence>0.767908</confidence>
  </object>
  <object>
    <name>Vehicle</name>
    <bndbox>
      <xmin>318</xmin>
      <ymin>480</ymin>
      <xmax>381</xmax>
      <ymax>513</ymax>
    </bndbox>
    <confidence>0.775283</confidence>
  </object>
  <object>
    <name>Vehicle</name>
    <bndbox>
      <xmin>536</xmin>
      <ymin>492</ymin>
      <xmax>562</xmax>
      <ymax>536</ymax>
    </bndbox>
    <confidence>0.812789</confidence>
  </object>
  <object>
    <name>TrafficSign</name>
    <bndbox>
      <xmin>1383</xmin>
      <ymin>323</ymin>
      <xmax>1424</xmax>
      <ymax>362</ymax>
    </bndbox>
    <confidence>0.885148</confidence>
  </object>
  <object>
    <name>Vehicle</name>
    <bndbox>
      <xmin>437</xmin>
      <ymin>504</ymin>
      <xmax>484</xmax>
      <ymax>550</ymax>
    </bndbox>
    <confidence>0.888689</confidence>
  </object>
  <object>
    <name>Vehicle</name>
    <bndbox>
      <xmin>1211</xmin>
      <ymin>460</ymin>
      <xmax>1262</xmax>
      <ymax>502</ymax>
    </bndbox>
    <confidence>0.889944</confidence>
  </object>
  <object>
    <name>Vehicle</name>
    <bndbox>
      <xmin>462</xmin>
      <ymin>496</ymin>
      <xmax>516</xmax>
      <ymax>543</ymax>
    </bndbox>
    <confidence>0.902755</confidence>
  </object>
  <object>
    <name>Vehicle</name>
    <bndbox>
      <xmin>483</xmin>
      <ymin>487</ymin>
      <xmax>543</xmax>
      <ymax>540</ymax>
    </bndbox>
    <confidence>0.912534</confidence>
  </object>
  <object>
    <name>Vehicle</name>
    <bndbox>
      <xmin>713</xmin>
      <ymin>473</ymin>
      <xmax>754</xmax>
      <ymax>505</ymax>
    </bndbox>
    <confidence>0.912807</confidence>
  </object>
  <object>
    <name>Vehicle</name>
    <bndbox>
      <xmin>376</xmin>
      <ymin>505</ymin>
      <xmax>455</xmax>
      <ymax>561</ymax>
    </bndbox>
    <confidence>0.94505</confidence>
  </object>
  <object>
    <name>Vehicle</name>
    <bndbox>
      <xmin>288</xmin>
      <ymin>512</ymin>
      <xmax>380</xmax>
      <ymax>575</ymax>
    </bndbox>
    <confidence>0.94978</confidence>
  </object>
  <object>
    <name>Vehicle</name>
    <bndbox>
      <xmin>899</xmin>
      <ymin>461</ymin>
      <xmax>1142</xmax>
      <ymax>662</ymax>
    </bndbox>
    <confidence>0.970339</confidence>
  </object>
</annotation>
