<annotation>
  <folder>runs\detect\exp2</folder>
  <filename>1_20200615_112419_000090.jpg</filename>
  <source>
    <database>Unknown</database>
  </source>
  <size>
    <width>1920</width>
    <height>1080</height>
    <depth>3</depth>
  </size>
  <segmented>0</segmented>
  <object>
    <name>Vehicle</name>
    <bndbox>
      <xmin>379</xmin>
      <ymin>461</ymin>
      <xmax>427</xmax>
      <ymax>493</ymax>
    </bndbox>
    <confidence>0.378541</confidence>
  </object>
  <object>
    <name>Vehicle</name>
    <bndbox>
      <xmin>18</xmin>
      <ymin>540</ymin>
      <xmax>54</xmax>
      <ymax>573</ymax>
    </bndbox>
    <confidence>0.70008</confidence>
  </object>
  <object>
    <name>Vehicle</name>
    <bndbox>
      <xmin>412</xmin>
      <ymin>410</ymin>
      <xmax>652</xmax>
      <ymax>629</ymax>
    </bndbox>
    <confidence>0.960425</confidence>
  </object>
  <object>
    <name>Vehicle</name>
    <bndbox>
      <xmin>151</xmin>
      <ymin>491</ymin>
      <xmax>544</xmax>
      <ymax>811</ymax>
    </bndbox>
    <confidence>0.975554</confidence>
  </object>
</annotation>
