<annotation>
  <folder>runs\detect\exp2</folder>
  <filename>1_20200615_112419_007740.jpg</filename>
  <source>
    <database>Unknown</database>
  </source>
  <size>
    <width>1920</width>
    <height>1080</height>
    <depth>3</depth>
  </size>
  <segmented>0</segmented>
  <object>
    <name>Vehicle</name>
    <bndbox>
      <xmin>1189</xmin>
      <ymin>511</ymin>
      <xmax>1296</xmax>
      <ymax>589</ymax>
    </bndbox>
    <confidence>0.948885</confidence>
  </object>
  <object>
    <name>Vehicle</name>
    <bndbox>
      <xmin>1456</xmin>
      <ymin>477</ymin>
      <xmax>1762</xmax>
      <ymax>711</ymax>
    </bndbox>
    <confidence>0.973792</confidence>
  </object>
</annotation>
