<annotation>
  <folder>runs\detect\exp39</folder>
  <filename>1_20200615_112419_004080.jpg</filename>
  <source>
    <database>Unknown</database>
  </source>
  <size>
    <width>1920</width>
    <height>1080</height>
    <depth>3</depth>
  </size>
  <segmented>0</segmented>
  <object>
    <name>Vehicle</name>
    <bndbox>
      <xmin>716</xmin>
      <ymin>520</ymin>
      <xmax>764</xmax>
      <ymax>564</ymax>
    </bndbox>
    <confidence>0.276155</confidence>
  </object>
  <object>
    <name>Vehicle</name>
    <bndbox>
      <xmin>312</xmin>
      <ymin>514</ymin>
      <xmax>378</xmax>
      <ymax>579</ymax>
    </bndbox>
    <confidence>0.900332</confidence>
  </object>
  <object>
    <name>Vehicle</name>
    <bndbox>
      <xmin>738</xmin>
      <ymin>465</ymin>
      <xmax>1034</xmax>
      <ymax>710</ymax>
    </bndbox>
    <confidence>0.963193</confidence>
  </object>
</annotation>
