<annotation>
  <folder>runs\detect\exp2</folder>
  <filename>1_20200615_112419_003090.jpg</filename>
  <source>
    <database>Unknown</database>
  </source>
  <size>
    <width>1920</width>
    <height>1080</height>
    <depth>3</depth>
  </size>
  <segmented>0</segmented>
  <object>
    <name>Vehicle</name>
    <bndbox>
      <xmin>821</xmin>
      <ymin>501</ymin>
      <xmax>852</xmax>
      <ymax>544</ymax>
    </bndbox>
    <confidence>0.280154</confidence>
  </object>
  <object>
    <name>Vehicle</name>
    <bndbox>
      <xmin>455</xmin>
      <ymin>528</ymin>
      <xmax>485</xmax>
      <ymax>553</ymax>
    </bndbox>
    <confidence>0.311296</confidence>
  </object>
  <object>
    <name>Pedestrian</name>
    <bndbox>
      <xmin>1248</xmin>
      <ymin>513</ymin>
      <xmax>1266</xmax>
      <ymax>562</ymax>
    </bndbox>
    <confidence>0.369468</confidence>
  </object>
  <object>
    <name>Vehicle</name>
    <bndbox>
      <xmin>731</xmin>
      <ymin>512</ymin>
      <xmax>774</xmax>
      <ymax>555</ymax>
    </bndbox>
    <confidence>0.82653</confidence>
  </object>
  <object>
    <name>Vehicle</name>
    <bndbox>
      <xmin>617</xmin>
      <ymin>526</ymin>
      <xmax>648</xmax>
      <ymax>553</ymax>
    </bndbox>
    <confidence>0.842895</confidence>
  </object>
  <object>
    <name>Vehicle</name>
    <bndbox>
      <xmin>384</xmin>
      <ymin>523</ymin>
      <xmax>417</xmax>
      <ymax>559</ymax>
    </bndbox>
    <confidence>0.847961</confidence>
  </object>
  <object>
    <name>Vehicle</name>
    <bndbox>
      <xmin>577</xmin>
      <ymin>523</ymin>
      <xmax>619</xmax>
      <ymax>554</ymax>
    </bndbox>
    <confidence>0.861265</confidence>
  </object>
  <object>
    <name>Vehicle</name>
    <bndbox>
      <xmin>301</xmin>
      <ymin>525</ymin>
      <xmax>401</xmax>
      <ymax>605</ymax>
    </bndbox>
    <confidence>0.953229</confidence>
  </object>
  <object>
    <name>Vehicle</name>
    <bndbox>
      <xmin>1279</xmin>
      <ymin>505</ymin>
      <xmax>1399</xmax>
      <ymax>598</ymax>
    </bndbox>
    <confidence>0.953731</confidence>
  </object>
  <object>
    <name>Vehicle</name>
    <bndbox>
      <xmin>820</xmin>
      <ymin>506</ymin>
      <xmax>948</xmax>
      <ymax>606</ymax>
    </bndbox>
    <confidence>0.956512</confidence>
  </object>
</annotation>
