<annotation>
  <folder>runs\detect\exp2</folder>
  <filename>1_20200615_112419_002550.jpg</filename>
  <source>
    <database>Unknown</database>
  </source>
  <size>
    <width>1920</width>
    <height>1080</height>
    <depth>3</depth>
  </size>
  <segmented>0</segmented>
  <object>
    <name>TrafficSign</name>
    <bndbox>
      <xmin>1467</xmin>
      <ymin>386</ymin>
      <xmax>1498</xmax>
      <ymax>417</ymax>
    </bndbox>
    <confidence>0.877879</confidence>
  </object>
  <object>
    <name>Vehicle</name>
    <bndbox>
      <xmin>760</xmin>
      <ymin>497</ymin>
      <xmax>801</xmax>
      <ymax>526</ymax>
    </bndbox>
    <confidence>0.877945</confidence>
  </object>
  <object>
    <name>TrafficLight</name>
    <bndbox>
      <xmin>1309</xmin>
      <ymin>0</ymin>
      <xmax>1454</xmax>
      <ymax>33</ymax>
    </bndbox>
    <confidence>0.885277</confidence>
  </object>
  <object>
    <name>Vehicle</name>
    <bndbox>
      <xmin>623</xmin>
      <ymin>500</ymin>
      <xmax>670</xmax>
      <ymax>535</ymax>
    </bndbox>
    <confidence>0.906736</confidence>
  </object>
  <object>
    <name>TrafficSign</name>
    <bndbox>
      <xmin>1295</xmin>
      <ymin>217</ymin>
      <xmax>1341</xmax>
      <ymax>263</ymax>
    </bndbox>
    <confidence>0.914657</confidence>
  </object>
  <object>
    <name>Vehicle</name>
    <bndbox>
      <xmin>479</xmin>
      <ymin>482</ymin>
      <xmax>626</xmax>
      <ymax>598</ymax>
    </bndbox>
    <confidence>0.937803</confidence>
  </object>
  <object>
    <name>Vehicle</name>
    <bndbox>
      <xmin>0</xmin>
      <ymin>495</ymin>
      <xmax>98</xmax>
      <ymax>705</ymax>
    </bndbox>
    <confidence>0.956983</confidence>
  </object>
  <object>
    <name>Vehicle</name>
    <bndbox>
      <xmin>959</xmin>
      <ymin>469</ymin>
      <xmax>1214</xmax>
      <ymax>676</ymax>
    </bndbox>
    <confidence>0.969983</confidence>
  </object>
</annotation>
