<annotation>
  <folder>runs\detect\exp39</folder>
  <filename>1_20200615_112419_004830.jpg</filename>
  <source>
    <database>Unknown</database>
  </source>
  <size>
    <width>1920</width>
    <height>1080</height>
    <depth>3</depth>
  </size>
  <segmented>0</segmented>
  <object>
    <name>Vehicle</name>
    <bndbox>
      <xmin>818</xmin>
      <ymin>454</ymin>
      <xmax>848</xmax>
      <ymax>488</ymax>
    </bndbox>
    <confidence>0.701704</confidence>
  </object>
  <object>
    <name>Vehicle</name>
    <bndbox>
      <xmin>910</xmin>
      <ymin>460</ymin>
      <xmax>939</xmax>
      <ymax>490</ymax>
    </bndbox>
    <confidence>0.776432</confidence>
  </object>
  <object>
    <name>TrafficSign</name>
    <bndbox>
      <xmin>990</xmin>
      <ymin>301</ymin>
      <xmax>1063</xmax>
      <ymax>340</ymax>
    </bndbox>
    <confidence>0.816827</confidence>
  </object>
  <object>
    <name>Vehicle</name>
    <bndbox>
      <xmin>717</xmin>
      <ymin>459</ymin>
      <xmax>758</xmax>
      <ymax>499</ymax>
    </bndbox>
    <confidence>0.87248</confidence>
  </object>
  <object>
    <name>Vehicle</name>
    <bndbox>
      <xmin>661</xmin>
      <ymin>470</ymin>
      <xmax>711</xmax>
      <ymax>511</ymax>
    </bndbox>
    <confidence>0.873027</confidence>
  </object>
  <object>
    <name>Vehicle</name>
    <bndbox>
      <xmin>751</xmin>
      <ymin>457</ymin>
      <xmax>807</xmax>
      <ymax>502</ymax>
    </bndbox>
    <confidence>0.887745</confidence>
  </object>
  <object>
    <name>Vehicle</name>
    <bndbox>
      <xmin>926</xmin>
      <ymin>459</ymin>
      <xmax>1003</xmax>
      <ymax>521</ymax>
    </bndbox>
    <confidence>0.928594</confidence>
  </object>
  <object>
    <name>Vehicle</name>
    <bndbox>
      <xmin>434</xmin>
      <ymin>484</ymin>
      <xmax>520</xmax>
      <ymax>563</ymax>
    </bndbox>
    <confidence>0.943287</confidence>
  </object>
  <object>
    <name>Vehicle</name>
    <bndbox>
      <xmin>309</xmin>
      <ymin>492</ymin>
      <xmax>422</xmax>
      <ymax>567</ymax>
    </bndbox>
    <confidence>0.953874</confidence>
  </object>
  <object>
    <name>Vehicle</name>
    <bndbox>
      <xmin>473</xmin>
      <ymin>477</ymin>
      <xmax>723</xmax>
      <ymax>668</ymax>
    </bndbox>
    <confidence>0.966031</confidence>
  </object>
</annotation>
