<annotation>
  <folder>runs\detect\exp39</folder>
  <filename>1_20200615_112419_007140.jpg</filename>
  <source>
    <database>Unknown</database>
  </source>
  <size>
    <width>1920</width>
    <height>1080</height>
    <depth>3</depth>
  </size>
  <segmented>0</segmented>
  <object>
    <name>TrafficSign</name>
    <bndbox>
      <xmin>1350</xmin>
      <ymin>0</ymin>
      <xmax>1437</xmax>
      <ymax>33</ymax>
    </bndbox>
    <confidence>0.511883</confidence>
  </object>
  <object>
    <name>Vehicle</name>
    <bndbox>
      <xmin>1073</xmin>
      <ymin>489</ymin>
      <xmax>1103</xmax>
      <ymax>521</ymax>
    </bndbox>
    <confidence>0.636936</confidence>
  </object>
  <object>
    <name>Vehicle</name>
    <bndbox>
      <xmin>1101</xmin>
      <ymin>475</ymin>
      <xmax>1128</xmax>
      <ymax>505</ymax>
    </bndbox>
    <confidence>0.742142</confidence>
  </object>
  <object>
    <name>TrafficSign</name>
    <bndbox>
      <xmin>1866</xmin>
      <ymin>284</ymin>
      <xmax>1920</xmax>
      <ymax>346</ymax>
    </bndbox>
    <confidence>0.910672</confidence>
  </object>
  <object>
    <name>Vehicle</name>
    <bndbox>
      <xmin>1180</xmin>
      <ymin>490</ymin>
      <xmax>1313</xmax>
      <ymax>596</ymax>
    </bndbox>
    <confidence>0.960083</confidence>
  </object>
  <object>
    <name>Vehicle</name>
    <bndbox>
      <xmin>903</xmin>
      <ymin>490</ymin>
      <xmax>1119</xmax>
      <ymax>650</ymax>
    </bndbox>
    <confidence>0.967343</confidence>
  </object>
  <object>
    <name>Vehicle</name>
    <bndbox>
      <xmin>1460</xmin>
      <ymin>432</ymin>
      <xmax>1829</xmax>
      <ymax>742</ymax>
    </bndbox>
    <confidence>0.967785</confidence>
  </object>
</annotation>
