<annotation>
  <folder>runs\detect\exp2</folder>
  <filename>1_20200615_112419_004740.jpg</filename>
  <source>
    <database>Unknown</database>
  </source>
  <size>
    <width>1920</width>
    <height>1080</height>
    <depth>3</depth>
  </size>
  <segmented>0</segmented>
  <object>
    <name>Vehicle</name>
    <bndbox>
      <xmin>793</xmin>
      <ymin>466</ymin>
      <xmax>825</xmax>
      <ymax>491</ymax>
    </bndbox>
    <confidence>0.555861</confidence>
  </object>
  <object>
    <name>Pedestrian</name>
    <bndbox>
      <xmin>541</xmin>
      <ymin>472</ymin>
      <xmax>554</xmax>
      <ymax>510</ymax>
    </bndbox>
    <confidence>0.589208</confidence>
  </object>
  <object>
    <name>Vehicle</name>
    <bndbox>
      <xmin>843</xmin>
      <ymin>460</ymin>
      <xmax>874</xmax>
      <ymax>486</ymax>
    </bndbox>
    <confidence>0.602103</confidence>
  </object>
  <object>
    <name>TrafficSign</name>
    <bndbox>
      <xmin>983</xmin>
      <ymin>360</ymin>
      <xmax>1034</xmax>
      <ymax>387</ymax>
    </bndbox>
    <confidence>0.750979</confidence>
  </object>
  <object>
    <name>Vehicle</name>
    <bndbox>
      <xmin>756</xmin>
      <ymin>469</ymin>
      <xmax>796</xmax>
      <ymax>499</ymax>
    </bndbox>
    <confidence>0.892938</confidence>
  </object>
  <object>
    <name>Vehicle</name>
    <bndbox>
      <xmin>872</xmin>
      <ymin>468</ymin>
      <xmax>917</xmax>
      <ymax>501</ymax>
    </bndbox>
    <confidence>0.9071</confidence>
  </object>
  <object>
    <name>Vehicle</name>
    <bndbox>
      <xmin>933</xmin>
      <ymin>486</ymin>
      <xmax>1009</xmax>
      <ymax>547</ymax>
    </bndbox>
    <confidence>0.933484</confidence>
  </object>
  <object>
    <name>Vehicle</name>
    <bndbox>
      <xmin>571</xmin>
      <ymin>480</ymin>
      <xmax>781</xmax>
      <ymax>641</ymax>
    </bndbox>
    <confidence>0.968377</confidence>
  </object>
</annotation>
