<annotation>
  <folder>runs\detect\exp39</folder>
  <filename>1_20200615_112419_002790.jpg</filename>
  <source>
    <database>Unknown</database>
  </source>
  <size>
    <width>1920</width>
    <height>1080</height>
    <depth>3</depth>
  </size>
  <segmented>0</segmented>
  <object>
    <name>Vehicle</name>
    <bndbox>
      <xmin>352</xmin>
      <ymin>505</ymin>
      <xmax>377</xmax>
      <ymax>539</ymax>
    </bndbox>
    <confidence>0.513755</confidence>
  </object>
  <object>
    <name>Vehicle</name>
    <bndbox>
      <xmin>439</xmin>
      <ymin>508</ymin>
      <xmax>476</xmax>
      <ymax>533</ymax>
    </bndbox>
    <confidence>0.70269</confidence>
  </object>
  <object>
    <name>Vehicle</name>
    <bndbox>
      <xmin>622</xmin>
      <ymin>509</ymin>
      <xmax>656</xmax>
      <ymax>536</ymax>
    </bndbox>
    <confidence>0.827708</confidence>
  </object>
  <object>
    <name>Vehicle</name>
    <bndbox>
      <xmin>371</xmin>
      <ymin>476</ymin>
      <xmax>434</xmax>
      <ymax>549</ymax>
    </bndbox>
    <confidence>0.85288</confidence>
  </object>
  <object>
    <name>Vehicle</name>
    <bndbox>
      <xmin>720</xmin>
      <ymin>498</ymin>
      <xmax>796</xmax>
      <ymax>556</ymax>
    </bndbox>
    <confidence>0.938897</confidence>
  </object>
  <object>
    <name>Vehicle</name>
    <bndbox>
      <xmin>244</xmin>
      <ymin>502</ymin>
      <xmax>352</xmax>
      <ymax>581</ymax>
    </bndbox>
    <confidence>0.947686</confidence>
  </object>
  <object>
    <name>Vehicle</name>
    <bndbox>
      <xmin>807</xmin>
      <ymin>470</ymin>
      <xmax>1013</xmax>
      <ymax>635</ymax>
    </bndbox>
    <confidence>0.965185</confidence>
  </object>
</annotation>
