<annotation>
  <folder>runs\detect\exp2</folder>
  <filename>1_20200615_112419_003540.jpg</filename>
  <source>
    <database>Unknown</database>
  </source>
  <size>
    <width>1920</width>
    <height>1080</height>
    <depth>3</depth>
  </size>
  <segmented>0</segmented>
  <object>
    <name>TrafficSign</name>
    <bndbox>
      <xmin>1187</xmin>
      <ymin>383</ymin>
      <xmax>1226</xmax>
      <ymax>428</ymax>
    </bndbox>
    <confidence>0.885182</confidence>
  </object>
  <object>
    <name>TrafficSign</name>
    <bndbox>
      <xmin>1747</xmin>
      <ymin>182</ymin>
      <xmax>1828</xmax>
      <ymax>264</ymax>
    </bndbox>
    <confidence>0.936155</confidence>
  </object>
  <object>
    <name>Vehicle</name>
    <bndbox>
      <xmin>785</xmin>
      <ymin>478</ymin>
      <xmax>939</xmax>
      <ymax>601</ymax>
    </bndbox>
    <confidence>0.95409</confidence>
  </object>
</annotation>
