<annotation>
  <folder>runs\detect\exp39</folder>
  <filename>1_20200615_112419_000630.jpg</filename>
  <source>
    <database>Unknown</database>
  </source>
  <size>
    <width>1920</width>
    <height>1080</height>
    <depth>3</depth>
  </size>
  <segmented>0</segmented>
  <object>
    <name>Vehicle</name>
    <bndbox>
      <xmin>316</xmin>
      <ymin>457</ymin>
      <xmax>369</xmax>
      <ymax>483</ymax>
    </bndbox>
    <confidence>0.330084</confidence>
  </object>
  <object>
    <name>Pedestrian</name>
    <bndbox>
      <xmin>1429</xmin>
      <ymin>431</ymin>
      <xmax>1450</xmax>
      <ymax>464</ymax>
    </bndbox>
    <confidence>0.417483</confidence>
  </object>
  <object>
    <name>TrafficSign</name>
    <bndbox>
      <xmin>1006</xmin>
      <ymin>331</ymin>
      <xmax>1062</xmax>
      <ymax>357</ymax>
    </bndbox>
    <confidence>0.458963</confidence>
  </object>
  <object>
    <name>Vehicle</name>
    <bndbox>
      <xmin>513</xmin>
      <ymin>461</ymin>
      <xmax>546</xmax>
      <ymax>500</ymax>
    </bndbox>
    <confidence>0.636695</confidence>
  </object>
  <object>
    <name>Vehicle</name>
    <bndbox>
      <xmin>248</xmin>
      <ymin>451</ymin>
      <xmax>305</xmax>
      <ymax>488</ymax>
    </bndbox>
    <confidence>0.753446</confidence>
  </object>
  <object>
    <name>Vehicle</name>
    <bndbox>
      <xmin>492</xmin>
      <ymin>462</ymin>
      <xmax>534</xmax>
      <ymax>504</ymax>
    </bndbox>
    <confidence>0.858823</confidence>
  </object>
  <object>
    <name>TrafficSign</name>
    <bndbox>
      <xmin>1477</xmin>
      <ymin>255</ymin>
      <xmax>1525</xmax>
      <ymax>306</ymax>
    </bndbox>
    <confidence>0.886236</confidence>
  </object>
  <object>
    <name>Vehicle</name>
    <bndbox>
      <xmin>1220</xmin>
      <ymin>433</ymin>
      <xmax>1272</xmax>
      <ymax>478</ymax>
    </bndbox>
    <confidence>0.888652</confidence>
  </object>
  <object>
    <name>Vehicle</name>
    <bndbox>
      <xmin>474</xmin>
      <ymin>465</ymin>
      <xmax>508</xmax>
      <ymax>511</ymax>
    </bndbox>
    <confidence>0.891967</confidence>
  </object>
  <object>
    <name>Vehicle</name>
    <bndbox>
      <xmin>394</xmin>
      <ymin>469</ymin>
      <xmax>454</xmax>
      <ymax>521</ymax>
    </bndbox>
    <confidence>0.907633</confidence>
  </object>
  <object>
    <name>Vehicle</name>
    <bndbox>
      <xmin>357</xmin>
      <ymin>477</ymin>
      <xmax>416</xmax>
      <ymax>529</ymax>
    </bndbox>
    <confidence>0.909427</confidence>
  </object>
  <object>
    <name>Vehicle</name>
    <bndbox>
      <xmin>653</xmin>
      <ymin>447</ymin>
      <xmax>701</xmax>
      <ymax>485</ymax>
    </bndbox>
    <confidence>0.915712</confidence>
  </object>
  <object>
    <name>Vehicle</name>
    <bndbox>
      <xmin>415</xmin>
      <ymin>459</ymin>
      <xmax>486</xmax>
      <ymax>518</ymax>
    </bndbox>
    <confidence>0.920267</confidence>
  </object>
  <object>
    <name>Vehicle</name>
    <bndbox>
      <xmin>286</xmin>
      <ymin>478</ymin>
      <xmax>379</xmax>
      <ymax>539</ymax>
    </bndbox>
    <confidence>0.93845</confidence>
  </object>
  <object>
    <name>Vehicle</name>
    <bndbox>
      <xmin>176</xmin>
      <ymin>485</ymin>
      <xmax>283</xmax>
      <ymax>557</ymax>
    </bndbox>
    <confidence>0.946091</confidence>
  </object>
  <object>
    <name>Vehicle</name>
    <bndbox>
      <xmin>902</xmin>
      <ymin>439</ymin>
      <xmax>1139</xmax>
      <ymax>633</ymax>
    </bndbox>
    <confidence>0.967504</confidence>
  </object>
</annotation>
