<annotation>
  <folder>runs\detect\exp39</folder>
  <filename>1_20200615_112419_008370.jpg</filename>
  <source>
    <database>Unknown</database>
  </source>
  <size>
    <width>1920</width>
    <height>1080</height>
    <depth>3</depth>
  </size>
  <segmented>0</segmented>
  <object>
    <name>Vehicle</name>
    <bndbox>
      <xmin>1048</xmin>
      <ymin>487</ymin>
      <xmax>1073</xmax>
      <ymax>516</ymax>
    </bndbox>
    <confidence>0.301222</confidence>
  </object>
  <object>
    <name>Vehicle</name>
    <bndbox>
      <xmin>1113</xmin>
      <ymin>466</ymin>
      <xmax>1151</xmax>
      <ymax>515</ymax>
    </bndbox>
    <confidence>0.362257</confidence>
  </object>
  <object>
    <name>Vehicle</name>
    <bndbox>
      <xmin>693</xmin>
      <ymin>456</ymin>
      <xmax>784</xmax>
      <ymax>500</ymax>
    </bndbox>
    <confidence>0.74912</confidence>
  </object>
  <object>
    <name>Vehicle</name>
    <bndbox>
      <xmin>758</xmin>
      <ymin>464</ymin>
      <xmax>820</xmax>
      <ymax>500</ymax>
    </bndbox>
    <confidence>0.802217</confidence>
  </object>
  <object>
    <name>TrafficSign</name>
    <bndbox>
      <xmin>1237</xmin>
      <ymin>372</ymin>
      <xmax>1274</xmax>
      <ymax>408</ymax>
    </bndbox>
    <confidence>0.886699</confidence>
  </object>
  <object>
    <name>Vehicle</name>
    <bndbox>
      <xmin>1068</xmin>
      <ymin>469</ymin>
      <xmax>1109</xmax>
      <ymax>521</ymax>
    </bndbox>
    <confidence>0.895168</confidence>
  </object>
  <object>
    <name>TrafficSign</name>
    <bndbox>
      <xmin>938</xmin>
      <ymin>183</ymin>
      <xmax>993</xmax>
      <ymax>238</ymax>
    </bndbox>
    <confidence>0.920414</confidence>
  </object>
</annotation>
