<annotation>
  <folder>runs\detect\exp2</folder>
  <filename>1_20200615_112419_000150.jpg</filename>
  <source>
    <database>Unknown</database>
  </source>
  <size>
    <width>1920</width>
    <height>1080</height>
    <depth>3</depth>
  </size>
  <segmented>0</segmented>
  <object>
    <name>Vehicle</name>
    <bndbox>
      <xmin>595</xmin>
      <ymin>521</ymin>
      <xmax>625</xmax>
      <ymax>555</ymax>
    </bndbox>
    <confidence>0.771858</confidence>
  </object>
  <object>
    <name>Vehicle</name>
    <bndbox>
      <xmin>693</xmin>
      <ymin>520</ymin>
      <xmax>729</xmax>
      <ymax>547</ymax>
    </bndbox>
    <confidence>0.848558</confidence>
  </object>
  <object>
    <name>Vehicle</name>
    <bndbox>
      <xmin>618</xmin>
      <ymin>510</ymin>
      <xmax>664</xmax>
      <ymax>556</ymax>
    </bndbox>
    <confidence>0.877333</confidence>
  </object>
  <object>
    <name>Vehicle</name>
    <bndbox>
      <xmin>1050</xmin>
      <ymin>414</ymin>
      <xmax>1120</xmax>
      <ymax>596</ymax>
    </bndbox>
    <confidence>0.889294</confidence>
  </object>
  <object>
    <name>Vehicle</name>
    <bndbox>
      <xmin>1</xmin>
      <ymin>528</ymin>
      <xmax>41</xmax>
      <ymax>641</ymax>
    </bndbox>
    <confidence>0.921585</confidence>
  </object>
  <object>
    <name>Vehicle</name>
    <bndbox>
      <xmin>525</xmin>
      <ymin>523</ymin>
      <xmax>576</xmax>
      <ymax>568</ymax>
    </bndbox>
    <confidence>0.925829</confidence>
  </object>
  <object>
    <name>Vehicle</name>
    <bndbox>
      <xmin>163</xmin>
      <ymin>527</ymin>
      <xmax>280</xmax>
      <ymax>611</ymax>
    </bndbox>
    <confidence>0.95353</confidence>
  </object>
  <object>
    <name>Vehicle</name>
    <bndbox>
      <xmin>20</xmin>
      <ymin>511</ymin>
      <xmax>167</xmax>
      <ymax>624</ymax>
    </bndbox>
    <confidence>0.956687</confidence>
  </object>
  <object>
    <name>Vehicle</name>
    <bndbox>
      <xmin>249</xmin>
      <ymin>444</ymin>
      <xmax>419</xmax>
      <ymax>596</ymax>
    </bndbox>
    <confidence>0.956855</confidence>
  </object>
  <object>
    <name>Vehicle</name>
    <bndbox>
      <xmin>1097</xmin>
      <ymin>345</ymin>
      <xmax>1412</xmax>
      <ymax>634</ymax>
    </bndbox>
    <confidence>0.965619</confidence>
  </object>
  <object>
    <name>Vehicle</name>
    <bndbox>
      <xmin>784</xmin>
      <ymin>486</ymin>
      <xmax>1060</xmax>
      <ymax>714</ymax>
    </bndbox>
    <confidence>0.969594</confidence>
  </object>
</annotation>
