<annotation>
  <folder>runs\detect\exp2</folder>
  <filename>1_20200615_112419_003060.jpg</filename>
  <source>
    <database>Unknown</database>
  </source>
  <size>
    <width>1920</width>
    <height>1080</height>
    <depth>3</depth>
  </size>
  <segmented>0</segmented>
  <object>
    <name>Vehicle</name>
    <bndbox>
      <xmin>638</xmin>
      <ymin>523</ymin>
      <xmax>676</xmax>
      <ymax>560</ymax>
    </bndbox>
    <confidence>0.545059</confidence>
  </object>
  <object>
    <name>Vehicle</name>
    <bndbox>
      <xmin>285</xmin>
      <ymin>536</ymin>
      <xmax>319</xmax>
      <ymax>567</ymax>
    </bndbox>
    <confidence>0.777757</confidence>
  </object>
  <object>
    <name>Vehicle</name>
    <bndbox>
      <xmin>525</xmin>
      <ymin>532</ymin>
      <xmax>551</xmax>
      <ymax>560</ymax>
    </bndbox>
    <confidence>0.78895</confidence>
  </object>
  <object>
    <name>Vehicle</name>
    <bndbox>
      <xmin>544</xmin>
      <ymin>530</ymin>
      <xmax>588</xmax>
      <ymax>562</ymax>
    </bndbox>
    <confidence>0.914445</confidence>
  </object>
  <object>
    <name>Vehicle</name>
    <bndbox>
      <xmin>364</xmin>
      <ymin>536</ymin>
      <xmax>427</xmax>
      <ymax>590</ymax>
    </bndbox>
    <confidence>0.921896</confidence>
  </object>
  <object>
    <name>Vehicle</name>
    <bndbox>
      <xmin>1108</xmin>
      <ymin>509</ymin>
      <xmax>1202</xmax>
      <ymax>583</ymax>
    </bndbox>
    <confidence>0.948118</confidence>
  </object>
  <object>
    <name>Vehicle</name>
    <bndbox>
      <xmin>763</xmin>
      <ymin>508</ymin>
      <xmax>898</xmax>
      <ymax>614</ymax>
    </bndbox>
    <confidence>0.956459</confidence>
  </object>
</annotation>
