<annotation>
  <folder>runs\detect\exp2</folder>
  <filename>1_20200615_112419_006120.jpg</filename>
  <source>
    <database>Unknown</database>
  </source>
  <size>
    <width>1920</width>
    <height>1080</height>
    <depth>3</depth>
  </size>
  <segmented>0</segmented>
  <object>
    <name>TrafficSign</name>
    <bndbox>
      <xmin>84</xmin>
      <ymin>547</ymin>
      <xmax>162</xmax>
      <ymax>629</ymax>
    </bndbox>
    <confidence>0.392675</confidence>
  </object>
  <object>
    <name>Vehicle</name>
    <bndbox>
      <xmin>12</xmin>
      <ymin>529</ymin>
      <xmax>60</xmax>
      <ymax>599</ymax>
    </bndbox>
    <confidence>0.441361</confidence>
  </object>
  <object>
    <name>Vehicle</name>
    <bndbox>
      <xmin>33</xmin>
      <ymin>543</ymin>
      <xmax>212</xmax>
      <ymax>630</ymax>
    </bndbox>
    <confidence>0.486534</confidence>
  </object>
  <object>
    <name>TrafficSign</name>
    <bndbox>
      <xmin>168</xmin>
      <ymin>0</ymin>
      <xmax>234</xmax>
      <ymax>49</ymax>
    </bndbox>
    <confidence>0.893138</confidence>
  </object>
  <object>
    <name>TrafficSign</name>
    <bndbox>
      <xmin>372</xmin>
      <ymin>265</ymin>
      <xmax>430</xmax>
      <ymax>317</ymax>
    </bndbox>
    <confidence>0.902397</confidence>
  </object>
  <object>
    <name>TrafficSign</name>
    <bndbox>
      <xmin>171</xmin>
      <ymin>119</ymin>
      <xmax>238</xmax>
      <ymax>186</ymax>
    </bndbox>
    <confidence>0.919588</confidence>
  </object>
  <object>
    <name>Vehicle</name>
    <bndbox>
      <xmin>572</xmin>
      <ymin>569</ymin>
      <xmax>653</xmax>
      <ymax>621</ymax>
    </bndbox>
    <confidence>0.920982</confidence>
  </object>
  <object>
    <name>TrafficSign</name>
    <bndbox>
      <xmin>168</xmin>
      <ymin>51</ymin>
      <xmax>236</xmax>
      <ymax>116</ymax>
    </bndbox>
    <confidence>0.922978</confidence>
  </object>
  <object>
    <name>TrafficSign</name>
    <bndbox>
      <xmin>174</xmin>
      <ymin>187</ymin>
      <xmax>242</xmax>
      <ymax>254</ymax>
    </bndbox>
    <confidence>0.934267</confidence>
  </object>
  <object>
    <name>Vehicle</name>
    <bndbox>
      <xmin>700</xmin>
      <ymin>470</ymin>
      <xmax>1020</xmax>
      <ymax>717</ymax>
    </bndbox>
    <confidence>0.973594</confidence>
  </object>
</annotation>
