<annotation>
  <folder>runs\detect\exp2</folder>
  <filename>1_20200615_112419_005610.jpg</filename>
  <source>
    <database>Unknown</database>
  </source>
  <size>
    <width>1920</width>
    <height>1080</height>
    <depth>3</depth>
  </size>
  <segmented>0</segmented>
  <object>
    <name>Vehicle</name>
    <bndbox>
      <xmin>474</xmin>
      <ymin>493</ymin>
      <xmax>523</xmax>
      <ymax>527</ymax>
    </bndbox>
    <confidence>0.350643</confidence>
  </object>
  <object>
    <name>Pedestrian</name>
    <bndbox>
      <xmin>1036</xmin>
      <ymin>480</ymin>
      <xmax>1048</xmax>
      <ymax>508</ymax>
    </bndbox>
    <confidence>0.40459</confidence>
  </object>
  <object>
    <name>TrafficSign</name>
    <bndbox>
      <xmin>1111</xmin>
      <ymin>452</ymin>
      <xmax>1138</xmax>
      <ymax>478</ymax>
    </bndbox>
    <confidence>0.416005</confidence>
  </object>
  <object>
    <name>Vehicle</name>
    <bndbox>
      <xmin>827</xmin>
      <ymin>488</ymin>
      <xmax>856</xmax>
      <ymax>513</ymax>
    </bndbox>
    <confidence>0.682172</confidence>
  </object>
  <object>
    <name>TrafficSign</name>
    <bndbox>
      <xmin>1048</xmin>
      <ymin>358</ymin>
      <xmax>1073</xmax>
      <ymax>385</ymax>
    </bndbox>
    <confidence>0.76304</confidence>
  </object>
  <object>
    <name>Vehicle</name>
    <bndbox>
      <xmin>717</xmin>
      <ymin>455</ymin>
      <xmax>772</xmax>
      <ymax>528</ymax>
    </bndbox>
    <confidence>0.783712</confidence>
  </object>
  <object>
    <name>Vehicle</name>
    <bndbox>
      <xmin>902</xmin>
      <ymin>492</ymin>
      <xmax>931</xmax>
      <ymax>519</ymax>
    </bndbox>
    <confidence>0.837548</confidence>
  </object>
  <object>
    <name>Vehicle</name>
    <bndbox>
      <xmin>949</xmin>
      <ymin>493</ymin>
      <xmax>989</xmax>
      <ymax>534</ymax>
    </bndbox>
    <confidence>0.889921</confidence>
  </object>
  <object>
    <name>TrafficSign</name>
    <bndbox>
      <xmin>1283</xmin>
      <ymin>337</ymin>
      <xmax>1317</xmax>
      <ymax>372</ymax>
    </bndbox>
    <confidence>0.893679</confidence>
  </object>
  <object>
    <name>Vehicle</name>
    <bndbox>
      <xmin>869</xmin>
      <ymin>497</ymin>
      <xmax>915</xmax>
      <ymax>534</ymax>
    </bndbox>
    <confidence>0.901173</confidence>
  </object>
  <object>
    <name>Vehicle</name>
    <bndbox>
      <xmin>680</xmin>
      <ymin>498</ymin>
      <xmax>737</xmax>
      <ymax>549</ymax>
    </bndbox>
    <confidence>0.904504</confidence>
  </object>
  <object>
    <name>Vehicle</name>
    <bndbox>
      <xmin>962</xmin>
      <ymin>502</ymin>
      <xmax>1031</xmax>
      <ymax>553</ymax>
    </bndbox>
    <confidence>0.931561</confidence>
  </object>
  <object>
    <name>Vehicle</name>
    <bndbox>
      <xmin>2</xmin>
      <ymin>455</ymin>
      <xmax>513</xmax>
      <ymax>820</ymax>
    </bndbox>
    <confidence>0.967967</confidence>
  </object>
</annotation>
