<annotation>
  <folder>runs\detect\exp39</folder>
  <filename>1_20200615_112419_000870.jpg</filename>
  <source>
    <database>Unknown</database>
  </source>
  <size>
    <width>1920</width>
    <height>1080</height>
    <depth>3</depth>
  </size>
  <segmented>0</segmented>
  <object>
    <name>TrafficSign</name>
    <bndbox>
      <xmin>983</xmin>
      <ymin>271</ymin>
      <xmax>1015</xmax>
      <ymax>319</ymax>
    </bndbox>
    <confidence>0.296888</confidence>
  </object>
  <object>
    <name>TrafficSign</name>
    <bndbox>
      <xmin>982</xmin>
      <ymin>267</ymin>
      <xmax>1112</xmax>
      <ymax>320</ymax>
    </bndbox>
    <confidence>0.854792</confidence>
  </object>
  <object>
    <name>Vehicle</name>
    <bndbox>
      <xmin>876</xmin>
      <ymin>472</ymin>
      <xmax>1028</xmax>
      <ymax>594</ymax>
    </bndbox>
    <confidence>0.959406</confidence>
  </object>
</annotation>
