<annotation>
  <folder>runs\detect\exp39</folder>
  <filename>1_20200615_112419_006450.jpg</filename>
  <source>
    <database>Unknown</database>
  </source>
  <size>
    <width>1920</width>
    <height>1080</height>
    <depth>3</depth>
  </size>
  <segmented>0</segmented>
  <object>
    <name>Vehicle</name>
    <bndbox>
      <xmin>878</xmin>
      <ymin>308</ymin>
      <xmax>915</xmax>
      <ymax>337</ymax>
    </bndbox>
    <confidence>0.705466</confidence>
  </object>
  <object>
    <name>Vehicle</name>
    <bndbox>
      <xmin>928</xmin>
      <ymin>385</ymin>
      <xmax>985</xmax>
      <ymax>424</ymax>
    </bndbox>
    <confidence>0.807974</confidence>
  </object>
  <object>
    <name>Vehicle</name>
    <bndbox>
      <xmin>905</xmin>
      <ymin>422</ymin>
      <xmax>1008</xmax>
      <ymax>508</ymax>
    </bndbox>
    <confidence>0.872533</confidence>
  </object>
  <object>
    <name>Vehicle</name>
    <bndbox>
      <xmin>862</xmin>
      <ymin>339</ymin>
      <xmax>906</xmax>
      <ymax>373</ymax>
    </bndbox>
    <confidence>0.876558</confidence>
  </object>
  <object>
    <name>Vehicle</name>
    <bndbox>
      <xmin>936</xmin>
      <ymin>334</ymin>
      <xmax>980</xmax>
      <ymax>373</ymax>
    </bndbox>
    <confidence>0.881678</confidence>
  </object>
  <object>
    <name>Vehicle</name>
    <bndbox>
      <xmin>567</xmin>
      <ymin>442</ymin>
      <xmax>771</xmax>
      <ymax>602</ymax>
    </bndbox>
    <confidence>0.94194</confidence>
  </object>
</annotation>
