<annotation>
  <folder>runs\detect\exp39</folder>
  <filename>1_20200615_112419_004320.jpg</filename>
  <source>
    <database>Unknown</database>
  </source>
  <size>
    <width>1920</width>
    <height>1080</height>
    <depth>3</depth>
  </size>
  <segmented>0</segmented>
  <object>
    <name>Pedestrian</name>
    <bndbox>
      <xmin>276</xmin>
      <ymin>624</ymin>
      <xmax>299</xmax>
      <ymax>679</ymax>
    </bndbox>
    <confidence>0.624923</confidence>
  </object>
  <object>
    <name>TrafficSign</name>
    <bndbox>
      <xmin>1122</xmin>
      <ymin>484</ymin>
      <xmax>1147</xmax>
      <ymax>509</ymax>
    </bndbox>
    <confidence>0.722054</confidence>
  </object>
  <object>
    <name>TrafficLight</name>
    <bndbox>
      <xmin>1045</xmin>
      <ymin>435</ymin>
      <xmax>1095</xmax>
      <ymax>449</ymax>
    </bndbox>
    <confidence>0.776856</confidence>
  </object>
  <object>
    <name>Vehicle</name>
    <bndbox>
      <xmin>631</xmin>
      <ymin>610</ymin>
      <xmax>673</xmax>
      <ymax>664</ymax>
    </bndbox>
    <confidence>0.855624</confidence>
  </object>
  <object>
    <name>TrafficSign</name>
    <bndbox>
      <xmin>1104</xmin>
      <ymin>252</ymin>
      <xmax>1160</xmax>
      <ymax>308</ymax>
    </bndbox>
    <confidence>0.909491</confidence>
  </object>
  <object>
    <name>Vehicle</name>
    <bndbox>
      <xmin>668</xmin>
      <ymin>495</ymin>
      <xmax>848</xmax>
      <ymax>663</ymax>
    </bndbox>
    <confidence>0.940729</confidence>
  </object>
  <object>
    <name>Vehicle</name>
    <bndbox>
      <xmin>1121</xmin>
      <ymin>570</ymin>
      <xmax>1239</xmax>
      <ymax>652</ymax>
    </bndbox>
    <confidence>0.946751</confidence>
  </object>
  <object>
    <name>Vehicle</name>
    <bndbox>
      <xmin>833</xmin>
      <ymin>497</ymin>
      <xmax>1115</xmax>
      <ymax>731</ymax>
    </bndbox>
    <confidence>0.964604</confidence>
  </object>
</annotation>
