<annotation>
  <folder>runs\detect\exp2</folder>
  <filename>1_20200615_112419_006780.jpg</filename>
  <source>
    <database>Unknown</database>
  </source>
  <size>
    <width>1920</width>
    <height>1080</height>
    <depth>3</depth>
  </size>
  <segmented>0</segmented>
  <object>
    <name>Vehicle</name>
    <bndbox>
      <xmin>1219</xmin>
      <ymin>546</ymin>
      <xmax>1297</xmax>
      <ymax>646</ymax>
    </bndbox>
    <confidence>0.925536</confidence>
  </object>
  <object>
    <name>Vehicle</name>
    <bndbox>
      <xmin>1067</xmin>
      <ymin>543</ymin>
      <xmax>1216</xmax>
      <ymax>652</ymax>
    </bndbox>
    <confidence>0.957554</confidence>
  </object>
  <object>
    <name>Vehicle</name>
    <bndbox>
      <xmin>1247</xmin>
      <ymin>461</ymin>
      <xmax>1715</xmax>
      <ymax>822</ymax>
    </bndbox>
    <confidence>0.976022</confidence>
  </object>
</annotation>
