<annotation>
  <folder>runs\detect\exp2</folder>
  <filename>1_20200615_112419_005730.jpg</filename>
  <source>
    <database>Unknown</database>
  </source>
  <size>
    <width>1920</width>
    <height>1080</height>
    <depth>3</depth>
  </size>
  <segmented>0</segmented>
  <object>
    <name>Vehicle</name>
    <bndbox>
      <xmin>113</xmin>
      <ymin>389</ymin>
      <xmax>141</xmax>
      <ymax>424</ymax>
    </bndbox>
    <confidence>0.332955</confidence>
  </object>
  <object>
    <name>Pedestrian</name>
    <bndbox>
      <xmin>1055</xmin>
      <ymin>403</ymin>
      <xmax>1077</xmax>
      <ymax>455</ymax>
    </bndbox>
    <confidence>0.685306</confidence>
  </object>
  <object>
    <name>Vehicle</name>
    <bndbox>
      <xmin>655</xmin>
      <ymin>433</ymin>
      <xmax>681</xmax>
      <ymax>464</ymax>
    </bndbox>
    <confidence>0.766537</confidence>
  </object>
  <object>
    <name>Vehicle</name>
    <bndbox>
      <xmin>467</xmin>
      <ymin>389</ymin>
      <xmax>498</xmax>
      <ymax>417</ymax>
    </bndbox>
    <confidence>0.779237</confidence>
  </object>
  <object>
    <name>Vehicle</name>
    <bndbox>
      <xmin>498</xmin>
      <ymin>401</ymin>
      <xmax>531</xmax>
      <ymax>429</ymax>
    </bndbox>
    <confidence>0.82644</confidence>
  </object>
  <object>
    <name>TrafficSign</name>
    <bndbox>
      <xmin>761</xmin>
      <ymin>293</ymin>
      <xmax>844</xmax>
      <ymax>325</ymax>
    </bndbox>
    <confidence>0.835824</confidence>
  </object>
  <object>
    <name>Vehicle</name>
    <bndbox>
      <xmin>490</xmin>
      <ymin>424</ymin>
      <xmax>531</xmax>
      <ymax>452</ymax>
    </bndbox>
    <confidence>0.847949</confidence>
  </object>
  <object>
    <name>Vehicle</name>
    <bndbox>
      <xmin>611</xmin>
      <ymin>432</ymin>
      <xmax>662</xmax>
      <ymax>471</ymax>
    </bndbox>
    <confidence>0.860433</confidence>
  </object>
  <object>
    <name>Vehicle</name>
    <bndbox>
      <xmin>546</xmin>
      <ymin>418</ymin>
      <xmax>586</xmax>
      <ymax>448</ymax>
    </bndbox>
    <confidence>0.892566</confidence>
  </object>
  <object>
    <name>TrafficSign</name>
    <bndbox>
      <xmin>1690</xmin>
      <ymin>190</ymin>
      <xmax>1759</xmax>
      <ymax>263</ymax>
    </bndbox>
    <confidence>0.897044</confidence>
  </object>
  <object>
    <name>Vehicle</name>
    <bndbox>
      <xmin>405</xmin>
      <ymin>425</ymin>
      <xmax>452</xmax>
      <ymax>475</ymax>
    </bndbox>
    <confidence>0.907863</confidence>
  </object>
  <object>
    <name>Vehicle</name>
    <bndbox>
      <xmin>759</xmin>
      <ymin>421</ymin>
      <xmax>819</xmax>
      <ymax>474</ymax>
    </bndbox>
    <confidence>0.928059</confidence>
  </object>
  <object>
    <name>Vehicle</name>
    <bndbox>
      <xmin>821</xmin>
      <ymin>431</ymin>
      <xmax>916</xmax>
      <ymax>500</ymax>
    </bndbox>
    <confidence>0.953681</confidence>
  </object>
</annotation>
