<annotation>
  <folder>runs\detect\exp2</folder>
  <filename>1_20200615_112419_004860.jpg</filename>
  <source>
    <database>Unknown</database>
  </source>
  <size>
    <width>1920</width>
    <height>1080</height>
    <depth>3</depth>
  </size>
  <segmented>0</segmented>
  <object>
    <name>TrafficSign</name>
    <bndbox>
      <xmin>1010</xmin>
      <ymin>250</ymin>
      <xmax>1036</xmax>
      <ymax>291</ymax>
    </bndbox>
    <confidence>0.41641</confidence>
  </object>
  <object>
    <name>Vehicle</name>
    <bndbox>
      <xmin>754</xmin>
      <ymin>424</ymin>
      <xmax>790</xmax>
      <ymax>454</ymax>
    </bndbox>
    <confidence>0.461346</confidence>
  </object>
  <object>
    <name>Vehicle</name>
    <bndbox>
      <xmin>824</xmin>
      <ymin>427</ymin>
      <xmax>855</xmax>
      <ymax>466</ymax>
    </bndbox>
    <confidence>0.64302</confidence>
  </object>
  <object>
    <name>Vehicle</name>
    <bndbox>
      <xmin>811</xmin>
      <ymin>437</ymin>
      <xmax>842</xmax>
      <ymax>467</ymax>
    </bndbox>
    <confidence>0.762019</confidence>
  </object>
  <object>
    <name>Vehicle</name>
    <bndbox>
      <xmin>770</xmin>
      <ymin>442</ymin>
      <xmax>805</xmax>
      <ymax>470</ymax>
    </bndbox>
    <confidence>0.776872</confidence>
  </object>
  <object>
    <name>Pedestrian</name>
    <bndbox>
      <xmin>260</xmin>
      <ymin>448</ymin>
      <xmax>281</xmax>
      <ymax>509</ymax>
    </bndbox>
    <confidence>0.809061</confidence>
  </object>
  <object>
    <name>TrafficSign</name>
    <bndbox>
      <xmin>1010</xmin>
      <ymin>248</ymin>
      <xmax>1091</xmax>
      <ymax>291</ymax>
    </bndbox>
    <confidence>0.85221</confidence>
  </object>
  <object>
    <name>Vehicle</name>
    <bndbox>
      <xmin>662</xmin>
      <ymin>432</ymin>
      <xmax>707</xmax>
      <ymax>478</ymax>
    </bndbox>
    <confidence>0.872866</confidence>
  </object>
  <object>
    <name>TrafficSign</name>
    <bndbox>
      <xmin>1245</xmin>
      <ymin>235</ymin>
      <xmax>1274</xmax>
      <ymax>263</ymax>
    </bndbox>
    <confidence>0.883707</confidence>
  </object>
  <object>
    <name>Vehicle</name>
    <bndbox>
      <xmin>695</xmin>
      <ymin>428</ymin>
      <xmax>773</xmax>
      <ymax>491</ymax>
    </bndbox>
    <confidence>0.92823</confidence>
  </object>
  <object>
    <name>Vehicle</name>
    <bndbox>
      <xmin>938</xmin>
      <ymin>429</ymin>
      <xmax>1015</xmax>
      <ymax>491</ymax>
    </bndbox>
    <confidence>0.932557</confidence>
  </object>
  <object>
    <name>Vehicle</name>
    <bndbox>
      <xmin>1</xmin>
      <ymin>473</ymin>
      <xmax>162</xmax>
      <ymax>628</ymax>
    </bndbox>
    <confidence>0.964961</confidence>
  </object>
  <object>
    <name>Vehicle</name>
    <bndbox>
      <xmin>445</xmin>
      <ymin>434</ymin>
      <xmax>710</xmax>
      <ymax>636</ymax>
    </bndbox>
    <confidence>0.967902</confidence>
  </object>
</annotation>
