<annotation>
  <folder>runs\detect\exp2</folder>
  <filename>1_20200615_112419_002880.jpg</filename>
  <source>
    <database>Unknown</database>
  </source>
  <size>
    <width>1920</width>
    <height>1080</height>
    <depth>3</depth>
  </size>
  <segmented>0</segmented>
  <object>
    <name>Vehicle</name>
    <bndbox>
      <xmin>458</xmin>
      <ymin>508</ymin>
      <xmax>491</xmax>
      <ymax>536</ymax>
    </bndbox>
    <confidence>0.84982</confidence>
  </object>
  <object>
    <name>Vehicle</name>
    <bndbox>
      <xmin>725</xmin>
      <ymin>511</ymin>
      <xmax>768</xmax>
      <ymax>543</ymax>
    </bndbox>
    <confidence>0.888372</confidence>
  </object>
  <object>
    <name>Vehicle</name>
    <bndbox>
      <xmin>369</xmin>
      <ymin>512</ymin>
      <xmax>412</xmax>
      <ymax>553</ymax>
    </bndbox>
    <confidence>0.909404</confidence>
  </object>
  <object>
    <name>Vehicle</name>
    <bndbox>
      <xmin>257</xmin>
      <ymin>505</ymin>
      <xmax>308</xmax>
      <ymax>560</ymax>
    </bndbox>
    <confidence>0.919577</confidence>
  </object>
  <object>
    <name>Vehicle</name>
    <bndbox>
      <xmin>626</xmin>
      <ymin>506</ymin>
      <xmax>683</xmax>
      <ymax>549</ymax>
    </bndbox>
    <confidence>0.920615</confidence>
  </object>
  <object>
    <name>Vehicle</name>
    <bndbox>
      <xmin>291</xmin>
      <ymin>499</ymin>
      <xmax>379</xmax>
      <ymax>574</ymax>
    </bndbox>
    <confidence>0.939238</confidence>
  </object>
  <object>
    <name>Vehicle</name>
    <bndbox>
      <xmin>1</xmin>
      <ymin>370</ymin>
      <xmax>145</xmax>
      <ymax>640</ymax>
    </bndbox>
    <confidence>0.94229</confidence>
  </object>
  <object>
    <name>Vehicle</name>
    <bndbox>
      <xmin>802</xmin>
      <ymin>488</ymin>
      <xmax>983</xmax>
      <ymax>632</ymax>
    </bndbox>
    <confidence>0.966149</confidence>
  </object>
</annotation>
