<annotation>
  <folder>runs\detect\exp39</folder>
  <filename>1_20200615_112419_008340.jpg</filename>
  <source>
    <database>Unknown</database>
  </source>
  <size>
    <width>1920</width>
    <height>1080</height>
    <depth>3</depth>
  </size>
  <segmented>0</segmented>
  <object>
    <name>Vehicle</name>
    <bndbox>
      <xmin>1148</xmin>
      <ymin>478</ymin>
      <xmax>1174</xmax>
      <ymax>513</ymax>
    </bndbox>
    <confidence>0.391901</confidence>
  </object>
  <object>
    <name>Vehicle</name>
    <bndbox>
      <xmin>907</xmin>
      <ymin>469</ymin>
      <xmax>950</xmax>
      <ymax>497</ymax>
    </bndbox>
    <confidence>0.433399</confidence>
  </object>
  <object>
    <name>Vehicle</name>
    <bndbox>
      <xmin>845</xmin>
      <ymin>462</ymin>
      <xmax>922</xmax>
      <ymax>498</ymax>
    </bndbox>
    <confidence>0.716142</confidence>
  </object>
  <object>
    <name>Vehicle</name>
    <bndbox>
      <xmin>1076</xmin>
      <ymin>488</ymin>
      <xmax>1104</xmax>
      <ymax>516</ymax>
    </bndbox>
    <confidence>0.776681</confidence>
  </object>
  <object>
    <name>TrafficSign</name>
    <bndbox>
      <xmin>1224</xmin>
      <ymin>408</ymin>
      <xmax>1251</xmax>
      <ymax>434</ymax>
    </bndbox>
    <confidence>0.819011</confidence>
  </object>
  <object>
    <name>Vehicle</name>
    <bndbox>
      <xmin>1101</xmin>
      <ymin>470</ymin>
      <xmax>1144</xmax>
      <ymax>521</ymax>
    </bndbox>
    <confidence>0.893158</confidence>
  </object>
  <object>
    <name>TrafficSign</name>
    <bndbox>
      <xmin>1006</xmin>
      <ymin>269</ymin>
      <xmax>1047</xmax>
      <ymax>309</ymax>
    </bndbox>
    <confidence>0.910598</confidence>
  </object>
</annotation>
