<annotation>
  <folder>runs\detect\exp2</folder>
  <filename>1_20200615_112419_000720.jpg</filename>
  <source>
    <database>Unknown</database>
  </source>
  <size>
    <width>1920</width>
    <height>1080</height>
    <depth>3</depth>
  </size>
  <segmented>0</segmented>
  <object>
    <name>TrafficSign</name>
    <bndbox>
      <xmin>989</xmin>
      <ymin>325</ymin>
      <xmax>1064</xmax>
      <ymax>354</ymax>
    </bndbox>
    <confidence>0.522856</confidence>
  </object>
  <object>
    <name>Vehicle</name>
    <bndbox>
      <xmin>45</xmin>
      <ymin>447</ymin>
      <xmax>101</xmax>
      <ymax>493</ymax>
    </bndbox>
    <confidence>0.592266</confidence>
  </object>
  <object>
    <name>Vehicle</name>
    <bndbox>
      <xmin>1</xmin>
      <ymin>460</ymin>
      <xmax>49</xmax>
      <ymax>505</ymax>
    </bndbox>
    <confidence>0.761505</confidence>
  </object>
  <object>
    <name>Vehicle</name>
    <bndbox>
      <xmin>53</xmin>
      <ymin>470</ymin>
      <xmax>134</xmax>
      <ymax>504</ymax>
    </bndbox>
    <confidence>0.784909</confidence>
  </object>
  <object>
    <name>Vehicle</name>
    <bndbox>
      <xmin>230</xmin>
      <ymin>480</ymin>
      <xmax>273</xmax>
      <ymax>541</ymax>
    </bndbox>
    <confidence>0.820259</confidence>
  </object>
  <object>
    <name>Vehicle</name>
    <bndbox>
      <xmin>79</xmin>
      <ymin>484</ymin>
      <xmax>179</xmax>
      <ymax>563</ymax>
    </bndbox>
    <confidence>0.936302</confidence>
  </object>
  <object>
    <name>Vehicle</name>
    <bndbox>
      <xmin>0</xmin>
      <ymin>495</ymin>
      <xmax>98</xmax>
      <ymax>578</ymax>
    </bndbox>
    <confidence>0.941877</confidence>
  </object>
  <object>
    <name>Vehicle</name>
    <bndbox>
      <xmin>1287</xmin>
      <ymin>446</ymin>
      <xmax>1374</xmax>
      <ymax>512</ymax>
    </bndbox>
    <confidence>0.944594</confidence>
  </object>
  <object>
    <name>Vehicle</name>
    <bndbox>
      <xmin>138</xmin>
      <ymin>469</ymin>
      <xmax>240</xmax>
      <ymax>554</ymax>
    </bndbox>
    <confidence>0.946679</confidence>
  </object>
  <object>
    <name>Vehicle</name>
    <bndbox>
      <xmin>250</xmin>
      <ymin>478</ymin>
      <xmax>365</xmax>
      <ymax>559</ymax>
    </bndbox>
    <confidence>0.952699</confidence>
  </object>
  <object>
    <name>Vehicle</name>
    <bndbox>
      <xmin>899</xmin>
      <ymin>459</ymin>
      <xmax>1082</xmax>
      <ymax>605</ymax>
    </bndbox>
    <confidence>0.968498</confidence>
  </object>
</annotation>
