<annotation>
  <folder>runs\detect\exp39</folder>
  <filename>1_20200615_112419_007230.jpg</filename>
  <source>
    <database>Unknown</database>
  </source>
  <size>
    <width>1920</width>
    <height>1080</height>
    <depth>3</depth>
  </size>
  <segmented>0</segmented>
  <object>
    <name>Vehicle</name>
    <bndbox>
      <xmin>983</xmin>
      <ymin>452</ymin>
      <xmax>1012</xmax>
      <ymax>479</ymax>
    </bndbox>
    <confidence>0.748188</confidence>
  </object>
  <object>
    <name>Vehicle</name>
    <bndbox>
      <xmin>1020</xmin>
      <ymin>484</ymin>
      <xmax>1053</xmax>
      <ymax>510</ymax>
    </bndbox>
    <confidence>0.777171</confidence>
  </object>
  <object>
    <name>Vehicle</name>
    <bndbox>
      <xmin>1093</xmin>
      <ymin>475</ymin>
      <xmax>1123</xmax>
      <ymax>500</ymax>
    </bndbox>
    <confidence>0.790928</confidence>
  </object>
  <object>
    <name>Vehicle</name>
    <bndbox>
      <xmin>1108</xmin>
      <ymin>461</ymin>
      <xmax>1139</xmax>
      <ymax>490</ymax>
    </bndbox>
    <confidence>0.832173</confidence>
  </object>
  <object>
    <name>Vehicle</name>
    <bndbox>
      <xmin>1154</xmin>
      <ymin>491</ymin>
      <xmax>1292</xmax>
      <ymax>601</ymax>
    </bndbox>
    <confidence>0.957392</confidence>
  </object>
  <object>
    <name>Vehicle</name>
    <bndbox>
      <xmin>862</xmin>
      <ymin>498</ymin>
      <xmax>1048</xmax>
      <ymax>635</ymax>
    </bndbox>
    <confidence>0.962525</confidence>
  </object>
  <object>
    <name>Vehicle</name>
    <bndbox>
      <xmin>1483</xmin>
      <ymin>419</ymin>
      <xmax>1921</xmax>
      <ymax>790</ymax>
    </bndbox>
    <confidence>0.964444</confidence>
  </object>
</annotation>
