<annotation>
  <folder>runs\detect\exp2</folder>
  <filename>1_20200615_112419_000480.jpg</filename>
  <source>
    <database>Unknown</database>
  </source>
  <size>
    <width>1920</width>
    <height>1080</height>
    <depth>3</depth>
  </size>
  <segmented>0</segmented>
  <object>
    <name>Vehicle</name>
    <bndbox>
      <xmin>602</xmin>
      <ymin>502</ymin>
      <xmax>628</xmax>
      <ymax>532</ymax>
    </bndbox>
    <confidence>0.589923</confidence>
  </object>
  <object>
    <name>Vehicle</name>
    <bndbox>
      <xmin>556</xmin>
      <ymin>506</ymin>
      <xmax>589</xmax>
      <ymax>539</ymax>
    </bndbox>
    <confidence>0.675468</confidence>
  </object>
  <object>
    <name>Vehicle</name>
    <bndbox>
      <xmin>571</xmin>
      <ymin>501</ymin>
      <xmax>609</xmax>
      <ymax>537</ymax>
    </bndbox>
    <confidence>0.7105</confidence>
  </object>
  <object>
    <name>Vehicle</name>
    <bndbox>
      <xmin>1072</xmin>
      <ymin>482</ymin>
      <xmax>1111</xmax>
      <ymax>511</ymax>
    </bndbox>
    <confidence>0.757424</confidence>
  </object>
  <object>
    <name>Vehicle</name>
    <bndbox>
      <xmin>526</xmin>
      <ymin>513</ymin>
      <xmax>565</xmax>
      <ymax>547</ymax>
    </bndbox>
    <confidence>0.889484</confidence>
  </object>
  <object>
    <name>Vehicle</name>
    <bndbox>
      <xmin>482</xmin>
      <ymin>516</ymin>
      <xmax>534</xmax>
      <ymax>555</ymax>
    </bndbox>
    <confidence>0.925767</confidence>
  </object>
  <object>
    <name>Vehicle</name>
    <bndbox>
      <xmin>241</xmin>
      <ymin>485</ymin>
      <xmax>396</xmax>
      <ymax>613</ymax>
    </bndbox>
    <confidence>0.957647</confidence>
  </object>
  <object>
    <name>Vehicle</name>
    <bndbox>
      <xmin>813</xmin>
      <ymin>484</ymin>
      <xmax>1005</xmax>
      <ymax>640</ymax>
    </bndbox>
    <confidence>0.967931</confidence>
  </object>
</annotation>
