<annotation>
  <folder>runs\detect\exp39</folder>
  <filename>1_20200615_112419_001380.jpg</filename>
  <source>
    <database>Unknown</database>
  </source>
  <size>
    <width>1920</width>
    <height>1080</height>
    <depth>3</depth>
  </size>
  <segmented>0</segmented>
  <object>
    <name>TrafficLight</name>
    <bndbox>
      <xmin>1088</xmin>
      <ymin>328</ymin>
      <xmax>1145</xmax>
      <ymax>344</ymax>
    </bndbox>
    <confidence>0.814173</confidence>
  </object>
  <object>
    <name>TrafficSign</name>
    <bndbox>
      <xmin>1135</xmin>
      <ymin>366</ymin>
      <xmax>1160</xmax>
      <ymax>392</ymax>
    </bndbox>
    <confidence>0.828996</confidence>
  </object>
  <object>
    <name>Vehicle</name>
    <bndbox>
      <xmin>704</xmin>
      <ymin>517</ymin>
      <xmax>754</xmax>
      <ymax>559</ymax>
    </bndbox>
    <confidence>0.910412</confidence>
  </object>
  <object>
    <name>TrafficSign</name>
    <bndbox>
      <xmin>1120</xmin>
      <ymin>183</ymin>
      <xmax>1176</xmax>
      <ymax>239</ymax>
    </bndbox>
    <confidence>0.932696</confidence>
  </object>
  <object>
    <name>Vehicle</name>
    <bndbox>
      <xmin>894</xmin>
      <ymin>496</ymin>
      <xmax>1087</xmax>
      <ymax>652</ymax>
    </bndbox>
    <confidence>0.962088</confidence>
  </object>
</annotation>
