<annotation>
  <folder>runs\detect\exp39</folder>
  <filename>1_20200615_112419_006120.jpg</filename>
  <source>
    <database>Unknown</database>
  </source>
  <size>
    <width>1920</width>
    <height>1080</height>
    <depth>3</depth>
  </size>
  <segmented>0</segmented>
  <object>
    <name>Vehicle</name>
    <bndbox>
      <xmin>12</xmin>
      <ymin>529</ymin>
      <xmax>60</xmax>
      <ymax>599</ymax>
    </bndbox>
    <confidence>0.307355</confidence>
  </object>
  <object>
    <name>TrafficSign</name>
    <bndbox>
      <xmin>80</xmin>
      <ymin>547</ymin>
      <xmax>166</xmax>
      <ymax>629</ymax>
    </bndbox>
    <confidence>0.322662</confidence>
  </object>
  <object>
    <name>Vehicle</name>
    <bndbox>
      <xmin>22</xmin>
      <ymin>541</ymin>
      <xmax>223</xmax>
      <ymax>632</ymax>
    </bndbox>
    <confidence>0.514981</confidence>
  </object>
  <object>
    <name>TrafficSign</name>
    <bndbox>
      <xmin>168</xmin>
      <ymin>0</ymin>
      <xmax>234</xmax>
      <ymax>49</ymax>
    </bndbox>
    <confidence>0.88616</confidence>
  </object>
  <object>
    <name>TrafficSign</name>
    <bndbox>
      <xmin>374</xmin>
      <ymin>265</ymin>
      <xmax>431</xmax>
      <ymax>317</ymax>
    </bndbox>
    <confidence>0.897446</confidence>
  </object>
  <object>
    <name>TrafficSign</name>
    <bndbox>
      <xmin>170</xmin>
      <ymin>51</ymin>
      <xmax>237</xmax>
      <ymax>117</ymax>
    </bndbox>
    <confidence>0.909696</confidence>
  </object>
  <object>
    <name>TrafficSign</name>
    <bndbox>
      <xmin>171</xmin>
      <ymin>119</ymin>
      <xmax>238</xmax>
      <ymax>186</ymax>
    </bndbox>
    <confidence>0.914858</confidence>
  </object>
  <object>
    <name>Vehicle</name>
    <bndbox>
      <xmin>573</xmin>
      <ymin>569</ymin>
      <xmax>655</xmax>
      <ymax>621</ymax>
    </bndbox>
    <confidence>0.916719</confidence>
  </object>
  <object>
    <name>TrafficSign</name>
    <bndbox>
      <xmin>174</xmin>
      <ymin>187</ymin>
      <xmax>243</xmax>
      <ymax>254</ymax>
    </bndbox>
    <confidence>0.928055</confidence>
  </object>
  <object>
    <name>Vehicle</name>
    <bndbox>
      <xmin>700</xmin>
      <ymin>469</ymin>
      <xmax>1020</xmax>
      <ymax>717</ymax>
    </bndbox>
    <confidence>0.970863</confidence>
  </object>
</annotation>
