<annotation>
  <folder>runs\detect\exp2</folder>
  <filename>1_20200615_112419_000510.jpg</filename>
  <source>
    <database>Unknown</database>
  </source>
  <size>
    <width>1920</width>
    <height>1080</height>
    <depth>3</depth>
  </size>
  <segmented>0</segmented>
  <object>
    <name>Vehicle</name>
    <bndbox>
      <xmin>524</xmin>
      <ymin>490</ymin>
      <xmax>557</xmax>
      <ymax>524</ymax>
    </bndbox>
    <confidence>0.301196</confidence>
  </object>
  <object>
    <name>Vehicle</name>
    <bndbox>
      <xmin>1549</xmin>
      <ymin>455</ymin>
      <xmax>1617</xmax>
      <ymax>486</ymax>
    </bndbox>
    <confidence>0.36981</confidence>
  </object>
  <object>
    <name>Vehicle</name>
    <bndbox>
      <xmin>392</xmin>
      <ymin>478</ymin>
      <xmax>427</xmax>
      <ymax>504</ymax>
    </bndbox>
    <confidence>0.432514</confidence>
  </object>
  <object>
    <name>Vehicle</name>
    <bndbox>
      <xmin>434</xmin>
      <ymin>481</ymin>
      <xmax>481</xmax>
      <ymax>507</ymax>
    </bndbox>
    <confidence>0.435108</confidence>
  </object>
  <object>
    <name>Vehicle</name>
    <bndbox>
      <xmin>570</xmin>
      <ymin>485</ymin>
      <xmax>602</xmax>
      <ymax>517</ymax>
    </bndbox>
    <confidence>0.699645</confidence>
  </object>
  <object>
    <name>Vehicle</name>
    <bndbox>
      <xmin>530</xmin>
      <ymin>483</ymin>
      <xmax>575</xmax>
      <ymax>523</ymax>
    </bndbox>
    <confidence>0.759202</confidence>
  </object>
  <object>
    <name>Vehicle</name>
    <bndbox>
      <xmin>1079</xmin>
      <ymin>468</ymin>
      <xmax>1116</xmax>
      <ymax>499</ymax>
    </bndbox>
    <confidence>0.778379</confidence>
  </object>
  <object>
    <name>Vehicle</name>
    <bndbox>
      <xmin>510</xmin>
      <ymin>494</ymin>
      <xmax>539</xmax>
      <ymax>529</ymax>
    </bndbox>
    <confidence>0.807086</confidence>
  </object>
  <object>
    <name>Vehicle</name>
    <bndbox>
      <xmin>479</xmin>
      <ymin>497</ymin>
      <xmax>525</xmax>
      <ymax>535</ymax>
    </bndbox>
    <confidence>0.873748</confidence>
  </object>
  <object>
    <name>Vehicle</name>
    <bndbox>
      <xmin>427</xmin>
      <ymin>501</ymin>
      <xmax>486</xmax>
      <ymax>544</ymax>
    </bndbox>
    <confidence>0.92921</confidence>
  </object>
  <object>
    <name>Vehicle</name>
    <bndbox>
      <xmin>790</xmin>
      <ymin>471</ymin>
      <xmax>997</xmax>
      <ymax>637</ymax>
    </bndbox>
    <confidence>0.968745</confidence>
  </object>
</annotation>
