<annotation>
  <folder>runs\detect\exp2</folder>
  <filename>1_20200615_112419_002670.jpg</filename>
  <source>
    <database>Unknown</database>
  </source>
  <size>
    <width>1920</width>
    <height>1080</height>
    <depth>3</depth>
  </size>
  <segmented>0</segmented>
  <object>
    <name>Vehicle</name>
    <bndbox>
      <xmin>553</xmin>
      <ymin>600</ymin>
      <xmax>579</xmax>
      <ymax>625</ymax>
    </bndbox>
    <confidence>0.269754</confidence>
  </object>
  <object>
    <name>Vehicle</name>
    <bndbox>
      <xmin>316</xmin>
      <ymin>591</ymin>
      <xmax>341</xmax>
      <ymax>625</ymax>
    </bndbox>
    <confidence>0.662778</confidence>
  </object>
  <object>
    <name>Vehicle</name>
    <bndbox>
      <xmin>519</xmin>
      <ymin>596</ymin>
      <xmax>558</xmax>
      <ymax>624</ymax>
    </bndbox>
    <confidence>0.879843</confidence>
  </object>
  <object>
    <name>TrafficSign</name>
    <bndbox>
      <xmin>1425</xmin>
      <ymin>424</ymin>
      <xmax>1461</xmax>
      <ymax>461</ymax>
    </bndbox>
    <confidence>0.880739</confidence>
  </object>
  <object>
    <name>TrafficSign</name>
    <bndbox>
      <xmin>1625</xmin>
      <ymin>0</ymin>
      <xmax>1726</xmax>
      <ymax>52</ymax>
    </bndbox>
    <confidence>0.913449</confidence>
  </object>
  <object>
    <name>Vehicle</name>
    <bndbox>
      <xmin>375</xmin>
      <ymin>581</ymin>
      <xmax>469</xmax>
      <ymax>658</ymax>
    </bndbox>
    <confidence>0.952492</confidence>
  </object>
  <object>
    <name>Vehicle</name>
    <bndbox>
      <xmin>1077</xmin>
      <ymin>572</ymin>
      <xmax>1196</xmax>
      <ymax>678</ymax>
    </bndbox>
    <confidence>0.954693</confidence>
  </object>
  <object>
    <name>Vehicle</name>
    <bndbox>
      <xmin>98</xmin>
      <ymin>590</ymin>
      <xmax>270</xmax>
      <ymax>705</ymax>
    </bndbox>
    <confidence>0.96584</confidence>
  </object>
  <object>
    <name>Vehicle</name>
    <bndbox>
      <xmin>862</xmin>
      <ymin>556</ymin>
      <xmax>1102</xmax>
      <ymax>746</ymax>
    </bndbox>
    <confidence>0.970161</confidence>
  </object>
</annotation>
