<annotation>
  <folder>runs\detect\exp39</folder>
  <filename>1_20200615_112419_005040.jpg</filename>
  <source>
    <database>Unknown</database>
  </source>
  <size>
    <width>1920</width>
    <height>1080</height>
    <depth>3</depth>
  </size>
  <segmented>0</segmented>
  <object>
    <name>TrafficLight</name>
    <bndbox>
      <xmin>880</xmin>
      <ymin>394</ymin>
      <xmax>916</xmax>
      <ymax>405</ymax>
    </bndbox>
    <confidence>0.313197</confidence>
  </object>
  <object>
    <name>TrafficLight</name>
    <bndbox>
      <xmin>977</xmin>
      <ymin>392</ymin>
      <xmax>1016</xmax>
      <ymax>404</ymax>
    </bndbox>
    <confidence>0.354404</confidence>
  </object>
  <object>
    <name>Vehicle</name>
    <bndbox>
      <xmin>489</xmin>
      <ymin>469</ymin>
      <xmax>541</xmax>
      <ymax>504</ymax>
    </bndbox>
    <confidence>0.360542</confidence>
  </object>
  <object>
    <name>Vehicle</name>
    <bndbox>
      <xmin>815</xmin>
      <ymin>505</ymin>
      <xmax>847</xmax>
      <ymax>538</ymax>
    </bndbox>
    <confidence>0.60924</confidence>
  </object>
  <object>
    <name>Vehicle</name>
    <bndbox>
      <xmin>615</xmin>
      <ymin>493</ymin>
      <xmax>656</xmax>
      <ymax>545</ymax>
    </bndbox>
    <confidence>0.845603</confidence>
  </object>
  <object>
    <name>Vehicle</name>
    <bndbox>
      <xmin>722</xmin>
      <ymin>496</ymin>
      <xmax>763</xmax>
      <ymax>542</ymax>
    </bndbox>
    <confidence>0.891416</confidence>
  </object>
  <object>
    <name>Vehicle</name>
    <bndbox>
      <xmin>478</xmin>
      <ymin>502</ymin>
      <xmax>524</xmax>
      <ymax>562</ymax>
    </bndbox>
    <confidence>0.8949</confidence>
  </object>
  <object>
    <name>Vehicle</name>
    <bndbox>
      <xmin>691</xmin>
      <ymin>501</ymin>
      <xmax>740</xmax>
      <ymax>544</ymax>
    </bndbox>
    <confidence>0.904139</confidence>
  </object>
  <object>
    <name>Vehicle</name>
    <bndbox>
      <xmin>633</xmin>
      <ymin>499</ymin>
      <xmax>697</xmax>
      <ymax>551</ymax>
    </bndbox>
    <confidence>0.919835</confidence>
  </object>
  <object>
    <name>Vehicle</name>
    <bndbox>
      <xmin>334</xmin>
      <ymin>439</ymin>
      <xmax>463</xmax>
      <ymax>574</ymax>
    </bndbox>
    <confidence>0.938764</confidence>
  </object>
  <object>
    <name>Vehicle</name>
    <bndbox>
      <xmin>511</xmin>
      <ymin>488</ymin>
      <xmax>607</xmax>
      <ymax>567</ymax>
    </bndbox>
    <confidence>0.940096</confidence>
  </object>
  <object>
    <name>Vehicle</name>
    <bndbox>
      <xmin>146</xmin>
      <ymin>423</ymin>
      <xmax>340</xmax>
      <ymax>603</ymax>
    </bndbox>
    <confidence>0.958059</confidence>
  </object>
  <object>
    <name>Vehicle</name>
    <bndbox>
      <xmin>816</xmin>
      <ymin>469</ymin>
      <xmax>1062</xmax>
      <ymax>667</ymax>
    </bndbox>
    <confidence>0.958727</confidence>
  </object>
</annotation>
