<annotation>
  <folder>runs\detect\exp39</folder>
  <filename>1_20200615_112419_005760.jpg</filename>
  <source>
    <database>Unknown</database>
  </source>
  <size>
    <width>1920</width>
    <height>1080</height>
    <depth>3</depth>
  </size>
  <segmented>0</segmented>
  <object>
    <name>Vehicle</name>
    <bndbox>
      <xmin>566</xmin>
      <ymin>437</ymin>
      <xmax>602</xmax>
      <ymax>463</ymax>
    </bndbox>
    <confidence>0.604401</confidence>
  </object>
  <object>
    <name>Pedestrian</name>
    <bndbox>
      <xmin>117</xmin>
      <ymin>455</ymin>
      <xmax>130</xmax>
      <ymax>489</ymax>
    </bndbox>
    <confidence>0.700146</confidence>
  </object>
  <object>
    <name>Pedestrian</name>
    <bndbox>
      <xmin>1138</xmin>
      <ymin>427</ymin>
      <xmax>1165</xmax>
      <ymax>480</ymax>
    </bndbox>
    <confidence>0.726124</confidence>
  </object>
  <object>
    <name>Vehicle</name>
    <bndbox>
      <xmin>522</xmin>
      <ymin>463</ymin>
      <xmax>575</xmax>
      <ymax>494</ymax>
    </bndbox>
    <confidence>0.744025</confidence>
  </object>
  <object>
    <name>TrafficSign</name>
    <bndbox>
      <xmin>757</xmin>
      <ymin>285</ymin>
      <xmax>867</xmax>
      <ymax>329</ymax>
    </bndbox>
    <confidence>0.768261</confidence>
  </object>
  <object>
    <name>Vehicle</name>
    <bndbox>
      <xmin>415</xmin>
      <ymin>412</ymin>
      <xmax>445</xmax>
      <ymax>443</ymax>
    </bndbox>
    <confidence>0.786696</confidence>
  </object>
  <object>
    <name>Vehicle</name>
    <bndbox>
      <xmin>439</xmin>
      <ymin>425</ymin>
      <xmax>475</xmax>
      <ymax>452</ymax>
    </bndbox>
    <confidence>0.827621</confidence>
  </object>
  <object>
    <name>Vehicle</name>
    <bndbox>
      <xmin>406</xmin>
      <ymin>446</ymin>
      <xmax>448</xmax>
      <ymax>475</ymax>
    </bndbox>
    <confidence>0.831344</confidence>
  </object>
  <object>
    <name>Vehicle</name>
    <bndbox>
      <xmin>568</xmin>
      <ymin>461</ymin>
      <xmax>611</xmax>
      <ymax>495</ymax>
    </bndbox>
    <confidence>0.880725</confidence>
  </object>
  <object>
    <name>Vehicle</name>
    <bndbox>
      <xmin>468</xmin>
      <ymin>442</ymin>
      <xmax>509</xmax>
      <ymax>472</ymax>
    </bndbox>
    <confidence>0.893902</confidence>
  </object>
  <object>
    <name>Vehicle</name>
    <bndbox>
      <xmin>685</xmin>
      <ymin>455</ymin>
      <xmax>752</xmax>
      <ymax>513</ymax>
    </bndbox>
    <confidence>0.929777</confidence>
  </object>
  <object>
    <name>Vehicle</name>
    <bndbox>
      <xmin>762</xmin>
      <ymin>454</ymin>
      <xmax>867</xmax>
      <ymax>530</ymax>
    </bndbox>
    <confidence>0.933152</confidence>
  </object>
  <object>
    <name>Vehicle</name>
    <bndbox>
      <xmin>294</xmin>
      <ymin>445</ymin>
      <xmax>371</xmax>
      <ymax>526</ymax>
    </bndbox>
    <confidence>0.938517</confidence>
  </object>
</annotation>
