<annotation>
  <folder>runs\detect\exp2</folder>
  <filename>1_20200615_112419_001140.jpg</filename>
  <source>
    <database>Unknown</database>
  </source>
  <size>
    <width>1920</width>
    <height>1080</height>
    <depth>3</depth>
  </size>
  <segmented>0</segmented>
  <object>
    <name>TrafficLight</name>
    <bndbox>
      <xmin>1085</xmin>
      <ymin>365</ymin>
      <xmax>1124</xmax>
      <ymax>377</ymax>
    </bndbox>
    <confidence>0.300201</confidence>
  </object>
  <object>
    <name>TrafficLight</name>
    <bndbox>
      <xmin>982</xmin>
      <ymin>366</ymin>
      <xmax>1023</xmax>
      <ymax>378</ymax>
    </bndbox>
    <confidence>0.590351</confidence>
  </object>
  <object>
    <name>Vehicle</name>
    <bndbox>
      <xmin>1087</xmin>
      <ymin>465</ymin>
      <xmax>1204</xmax>
      <ymax>526</ymax>
    </bndbox>
    <confidence>0.842814</confidence>
  </object>
  <object>
    <name>Vehicle</name>
    <bndbox>
      <xmin>1003</xmin>
      <ymin>443</ymin>
      <xmax>1216</xmax>
      <ymax>522</ymax>
    </bndbox>
    <confidence>0.884958</confidence>
  </object>
  <object>
    <name>Vehicle</name>
    <bndbox>
      <xmin>609</xmin>
      <ymin>507</ymin>
      <xmax>676</xmax>
      <ymax>555</ymax>
    </bndbox>
    <confidence>0.936779</confidence>
  </object>
  <object>
    <name>Vehicle</name>
    <bndbox>
      <xmin>913</xmin>
      <ymin>478</ymin>
      <xmax>1080</xmax>
      <ymax>612</ymax>
    </bndbox>
    <confidence>0.962317</confidence>
  </object>
</annotation>
