<annotation>
  <folder>runs\detect\exp39</folder>
  <filename>1_20200615_112419_004050.jpg</filename>
  <source>
    <database>Unknown</database>
  </source>
  <size>
    <width>1920</width>
    <height>1080</height>
    <depth>3</depth>
  </size>
  <segmented>0</segmented>
  <object>
    <name>Vehicle</name>
    <bndbox>
      <xmin>335</xmin>
      <ymin>530</ymin>
      <xmax>390</xmax>
      <ymax>587</ymax>
    </bndbox>
    <confidence>0.869819</confidence>
  </object>
  <object>
    <name>Vehicle</name>
    <bndbox>
      <xmin>659</xmin>
      <ymin>511</ymin>
      <xmax>775</xmax>
      <ymax>625</ymax>
    </bndbox>
    <confidence>0.955784</confidence>
  </object>
  <object>
    <name>Vehicle</name>
    <bndbox>
      <xmin>731</xmin>
      <ymin>491</ymin>
      <xmax>1017</xmax>
      <ymax>730</ymax>
    </bndbox>
    <confidence>0.965071</confidence>
  </object>
</annotation>
