<annotation>
  <folder>runs\detect\exp2</folder>
  <filename>1_20200615_112419_002610.jpg</filename>
  <source>
    <database>Unknown</database>
  </source>
  <size>
    <width>1920</width>
    <height>1080</height>
    <depth>3</depth>
  </size>
  <segmented>0</segmented>
  <object>
    <name>TrafficSign</name>
    <bndbox>
      <xmin>1353</xmin>
      <ymin>344</ymin>
      <xmax>1379</xmax>
      <ymax>370</ymax>
    </bndbox>
    <confidence>0.719367</confidence>
  </object>
  <object>
    <name>Vehicle</name>
    <bndbox>
      <xmin>600</xmin>
      <ymin>461</ymin>
      <xmax>639</xmax>
      <ymax>505</ymax>
    </bndbox>
    <confidence>0.831601</confidence>
  </object>
  <object>
    <name>Vehicle</name>
    <bndbox>
      <xmin>678</xmin>
      <ymin>468</ymin>
      <xmax>715</xmax>
      <ymax>498</ymax>
    </bndbox>
    <confidence>0.87567</confidence>
  </object>
  <object>
    <name>Vehicle</name>
    <bndbox>
      <xmin>480</xmin>
      <ymin>476</ymin>
      <xmax>517</xmax>
      <ymax>504</ymax>
    </bndbox>
    <confidence>0.879619</confidence>
  </object>
  <object>
    <name>TrafficSign</name>
    <bndbox>
      <xmin>1626</xmin>
      <ymin>316</ymin>
      <xmax>1667</xmax>
      <ymax>356</ymax>
    </bndbox>
    <confidence>0.907252</confidence>
  </object>
  <object>
    <name>Vehicle</name>
    <bndbox>
      <xmin>558</xmin>
      <ymin>466</ymin>
      <xmax>626</xmax>
      <ymax>518</ymax>
    </bndbox>
    <confidence>0.924802</confidence>
  </object>
  <object>
    <name>TrafficSign</name>
    <bndbox>
      <xmin>1400</xmin>
      <ymin>93</ymin>
      <xmax>1460</xmax>
      <ymax>154</ymax>
    </bndbox>
    <confidence>0.930883</confidence>
  </object>
  <object>
    <name>Vehicle</name>
    <bndbox>
      <xmin>971</xmin>
      <ymin>423</ymin>
      <xmax>1209</xmax>
      <ymax>614</ymax>
    </bndbox>
    <confidence>0.969728</confidence>
  </object>
  <object>
    <name>Vehicle</name>
    <bndbox>
      <xmin>1358</xmin>
      <ymin>422</ymin>
      <xmax>1600</xmax>
      <ymax>603</ymax>
    </bndbox>
    <confidence>0.972044</confidence>
  </object>
  <object>
    <name>Vehicle</name>
    <bndbox>
      <xmin>202</xmin>
      <ymin>442</ymin>
      <xmax>440</xmax>
      <ymax>624</ymax>
    </bndbox>
    <confidence>0.975734</confidence>
  </object>
</annotation>
