<annotation>
  <folder>runs\detect\exp2</folder>
  <filename>1_20200615_112419_001260.jpg</filename>
  <source>
    <database>Unknown</database>
  </source>
  <size>
    <width>1920</width>
    <height>1080</height>
    <depth>3</depth>
  </size>
  <segmented>0</segmented>
  <object>
    <name>TrafficLight</name>
    <bndbox>
      <xmin>1035</xmin>
      <ymin>360</ymin>
      <xmax>1073</xmax>
      <ymax>372</ymax>
    </bndbox>
    <confidence>0.410432</confidence>
  </object>
  <object>
    <name>Vehicle</name>
    <bndbox>
      <xmin>2</xmin>
      <ymin>521</ymin>
      <xmax>105</xmax>
      <ymax>576</ymax>
    </bndbox>
    <confidence>0.783032</confidence>
  </object>
  <object>
    <name>Vehicle</name>
    <bndbox>
      <xmin>716</xmin>
      <ymin>501</ymin>
      <xmax>749</xmax>
      <ymax>528</ymax>
    </bndbox>
    <confidence>0.820284</confidence>
  </object>
  <object>
    <name>TrafficLight</name>
    <bndbox>
      <xmin>1111</xmin>
      <ymin>296</ymin>
      <xmax>1168</xmax>
      <ymax>311</ymax>
    </bndbox>
    <confidence>0.823429</confidence>
  </object>
  <object>
    <name>TrafficLight</name>
    <bndbox>
      <xmin>956</xmin>
      <ymin>297</ymin>
      <xmax>1013</xmax>
      <ymax>313</ymax>
    </bndbox>
    <confidence>0.855756</confidence>
  </object>
  <object>
    <name>TrafficSign</name>
    <bndbox>
      <xmin>1045</xmin>
      <ymin>285</ymin>
      <xmax>1081</xmax>
      <ymax>321</ymax>
    </bndbox>
    <confidence>0.913897</confidence>
  </object>
  <object>
    <name>Vehicle</name>
    <bndbox>
      <xmin>42</xmin>
      <ymin>455</ymin>
      <xmax>330</xmax>
      <ymax>572</ymax>
    </bndbox>
    <confidence>0.923797</confidence>
  </object>
  <object>
    <name>Vehicle</name>
    <bndbox>
      <xmin>895</xmin>
      <ymin>474</ymin>
      <xmax>1082</xmax>
      <ymax>625</ymax>
    </bndbox>
    <confidence>0.96597</confidence>
  </object>
</annotation>
