<annotation>
  <folder>runs\detect\exp2</folder>
  <filename>1_20200615_112419_002940.jpg</filename>
  <source>
    <database>Unknown</database>
  </source>
  <size>
    <width>1920</width>
    <height>1080</height>
    <depth>3</depth>
  </size>
  <segmented>0</segmented>
  <object>
    <name>Vehicle</name>
    <bndbox>
      <xmin>533</xmin>
      <ymin>531</ymin>
      <xmax>568</xmax>
      <ymax>562</ymax>
    </bndbox>
    <confidence>0.807007</confidence>
  </object>
  <object>
    <name>Vehicle</name>
    <bndbox>
      <xmin>361</xmin>
      <ymin>522</ymin>
      <xmax>413</xmax>
      <ymax>577</ymax>
    </bndbox>
    <confidence>0.884054</confidence>
  </object>
  <object>
    <name>Vehicle</name>
    <bndbox>
      <xmin>595</xmin>
      <ymin>529</ymin>
      <xmax>647</xmax>
      <ymax>567</ymax>
    </bndbox>
    <confidence>0.927793</confidence>
  </object>
  <object>
    <name>Vehicle</name>
    <bndbox>
      <xmin>242</xmin>
      <ymin>536</ymin>
      <xmax>352</xmax>
      <ymax>617</ymax>
    </bndbox>
    <confidence>0.955787</confidence>
  </object>
  <object>
    <name>Vehicle</name>
    <bndbox>
      <xmin>809</xmin>
      <ymin>507</ymin>
      <xmax>976</xmax>
      <ymax>638</ymax>
    </bndbox>
    <confidence>0.965369</confidence>
  </object>
</annotation>
