<annotation>
  <folder>runs\detect\exp2</folder>
  <filename>1_20200615_112419_007920.jpg</filename>
  <source>
    <database>Unknown</database>
  </source>
  <size>
    <width>1920</width>
    <height>1080</height>
    <depth>3</depth>
  </size>
  <segmented>0</segmented>
  <object>
    <name>Vehicle</name>
    <bndbox>
      <xmin>1303</xmin>
      <ymin>475</ymin>
      <xmax>1336</xmax>
      <ymax>507</ymax>
    </bndbox>
    <confidence>0.845884</confidence>
  </object>
  <object>
    <name>Vehicle</name>
    <bndbox>
      <xmin>1271</xmin>
      <ymin>480</ymin>
      <xmax>1305</xmax>
      <ymax>507</ymax>
    </bndbox>
    <confidence>0.859123</confidence>
  </object>
  <object>
    <name>Vehicle</name>
    <bndbox>
      <xmin>1299</xmin>
      <ymin>475</ymin>
      <xmax>1512</xmax>
      <ymax>622</ymax>
    </bndbox>
    <confidence>0.963049</confidence>
  </object>
</annotation>
