<annotation>
  <folder>runs\detect\exp39</folder>
  <filename>1_20200615_112419_004650.jpg</filename>
  <source>
    <database>Unknown</database>
  </source>
  <size>
    <width>1920</width>
    <height>1080</height>
    <depth>3</depth>
  </size>
  <segmented>0</segmented>
  <object>
    <name>TrafficSign</name>
    <bndbox>
      <xmin>969</xmin>
      <ymin>426</ymin>
      <xmax>1008</xmax>
      <ymax>452</ymax>
    </bndbox>
    <confidence>0.308961</confidence>
  </object>
  <object>
    <name>Vehicle</name>
    <bndbox>
      <xmin>852</xmin>
      <ymin>527</ymin>
      <xmax>903</xmax>
      <ymax>565</ymax>
    </bndbox>
    <confidence>0.893572</confidence>
  </object>
  <object>
    <name>Vehicle</name>
    <bndbox>
      <xmin>918</xmin>
      <ymin>524</ymin>
      <xmax>994</xmax>
      <ymax>585</ymax>
    </bndbox>
    <confidence>0.936249</confidence>
  </object>
  <object>
    <name>Vehicle</name>
    <bndbox>
      <xmin>667</xmin>
      <ymin>502</ymin>
      <xmax>859</xmax>
      <ymax>656</ymax>
    </bndbox>
    <confidence>0.963648</confidence>
  </object>
</annotation>
