<annotation>
  <folder>runs\detect\exp39</folder>
  <filename>1_20200615_112419_002670.jpg</filename>
  <source>
    <database>Unknown</database>
  </source>
  <size>
    <width>1920</width>
    <height>1080</height>
    <depth>3</depth>
  </size>
  <segmented>0</segmented>
  <object>
    <name>Vehicle</name>
    <bndbox>
      <xmin>316</xmin>
      <ymin>591</ymin>
      <xmax>341</xmax>
      <ymax>625</ymax>
    </bndbox>
    <confidence>0.657673</confidence>
  </object>
  <object>
    <name>Vehicle</name>
    <bndbox>
      <xmin>519</xmin>
      <ymin>596</ymin>
      <xmax>558</xmax>
      <ymax>624</ymax>
    </bndbox>
    <confidence>0.872917</confidence>
  </object>
  <object>
    <name>TrafficSign</name>
    <bndbox>
      <xmin>1426</xmin>
      <ymin>425</ymin>
      <xmax>1463</xmax>
      <ymax>461</ymax>
    </bndbox>
    <confidence>0.876373</confidence>
  </object>
  <object>
    <name>TrafficSign</name>
    <bndbox>
      <xmin>1627</xmin>
      <ymin>0</ymin>
      <xmax>1727</xmax>
      <ymax>54</ymax>
    </bndbox>
    <confidence>0.905863</confidence>
  </object>
  <object>
    <name>Vehicle</name>
    <bndbox>
      <xmin>375</xmin>
      <ymin>581</ymin>
      <xmax>469</xmax>
      <ymax>658</ymax>
    </bndbox>
    <confidence>0.949379</confidence>
  </object>
  <object>
    <name>Vehicle</name>
    <bndbox>
      <xmin>1077</xmin>
      <ymin>572</ymin>
      <xmax>1196</xmax>
      <ymax>678</ymax>
    </bndbox>
    <confidence>0.950198</confidence>
  </object>
  <object>
    <name>Vehicle</name>
    <bndbox>
      <xmin>100</xmin>
      <ymin>590</ymin>
      <xmax>271</xmax>
      <ymax>704</ymax>
    </bndbox>
    <confidence>0.961946</confidence>
  </object>
  <object>
    <name>Vehicle</name>
    <bndbox>
      <xmin>862</xmin>
      <ymin>555</ymin>
      <xmax>1102</xmax>
      <ymax>746</ymax>
    </bndbox>
    <confidence>0.965894</confidence>
  </object>
</annotation>
