<annotation>
  <folder>runs\detect\exp2</folder>
  <filename>1_20200615_112419_006900.jpg</filename>
  <source>
    <database>Unknown</database>
  </source>
  <size>
    <width>1920</width>
    <height>1080</height>
    <depth>3</depth>
  </size>
  <segmented>0</segmented>
  <object>
    <name>TrafficSign</name>
    <bndbox>
      <xmin>1828</xmin>
      <ymin>395</ymin>
      <xmax>1859</xmax>
      <ymax>427</ymax>
    </bndbox>
    <confidence>0.773714</confidence>
  </object>
  <object>
    <name>Vehicle</name>
    <bndbox>
      <xmin>1541</xmin>
      <ymin>492</ymin>
      <xmax>1571</xmax>
      <ymax>566</ymax>
    </bndbox>
    <confidence>0.858398</confidence>
  </object>
  <object>
    <name>Vehicle</name>
    <bndbox>
      <xmin>1742</xmin>
      <ymin>479</ymin>
      <xmax>1777</xmax>
      <ymax>505</ymax>
    </bndbox>
    <confidence>0.862081</confidence>
  </object>
  <object>
    <name>Vehicle</name>
    <bndbox>
      <xmin>1619</xmin>
      <ymin>483</ymin>
      <xmax>1666</xmax>
      <ymax>517</ymax>
    </bndbox>
    <confidence>0.909095</confidence>
  </object>
  <object>
    <name>Vehicle</name>
    <bndbox>
      <xmin>1128</xmin>
      <ymin>492</ymin>
      <xmax>1316</xmax>
      <ymax>631</ymax>
    </bndbox>
    <confidence>0.960695</confidence>
  </object>
  <object>
    <name>Vehicle</name>
    <bndbox>
      <xmin>1396</xmin>
      <ymin>478</ymin>
      <xmax>1557</xmax>
      <ymax>625</ymax>
    </bndbox>
    <confidence>0.962555</confidence>
  </object>
</annotation>
