<annotation>
  <folder>runs\detect\exp39</folder>
  <filename>1_20200615_112419_000930.jpg</filename>
  <source>
    <database>Unknown</database>
  </source>
  <size>
    <width>1920</width>
    <height>1080</height>
    <depth>3</depth>
  </size>
  <segmented>0</segmented>
  <object>
    <name>TrafficSign</name>
    <bndbox>
      <xmin>1037</xmin>
      <ymin>178</ymin>
      <xmax>1084</xmax>
      <ymax>249</ymax>
    </bndbox>
    <confidence>0.364942</confidence>
  </object>
  <object>
    <name>TrafficSign</name>
    <bndbox>
      <xmin>1036</xmin>
      <ymin>173</ymin>
      <xmax>1231</xmax>
      <ymax>249</ymax>
    </bndbox>
    <confidence>0.92334</confidence>
  </object>
  <object>
    <name>Vehicle</name>
    <bndbox>
      <xmin>905</xmin>
      <ymin>484</ymin>
      <xmax>1059</xmax>
      <ymax>609</ymax>
    </bndbox>
    <confidence>0.959633</confidence>
  </object>
</annotation>
