<annotation>
  <folder>runs\detect\exp39</folder>
  <filename>1_20200615_112419_003780.jpg</filename>
  <source>
    <database>Unknown</database>
  </source>
  <size>
    <width>1920</width>
    <height>1080</height>
    <depth>3</depth>
  </size>
  <segmented>0</segmented>
  <object>
    <name>TrafficSign</name>
    <bndbox>
      <xmin>587</xmin>
      <ymin>390</ymin>
      <xmax>650</xmax>
      <ymax>416</ymax>
    </bndbox>
    <confidence>0.620209</confidence>
  </object>
  <object>
    <name>Vehicle</name>
    <bndbox>
      <xmin>423</xmin>
      <ymin>493</ymin>
      <xmax>456</xmax>
      <ymax>518</ymax>
    </bndbox>
    <confidence>0.679878</confidence>
  </object>
  <object>
    <name>Vehicle</name>
    <bndbox>
      <xmin>215</xmin>
      <ymin>508</ymin>
      <xmax>256</xmax>
      <ymax>547</ymax>
    </bndbox>
    <confidence>0.87452</confidence>
  </object>
  <object>
    <name>Vehicle</name>
    <bndbox>
      <xmin>158</xmin>
      <ymin>513</ymin>
      <xmax>229</xmax>
      <ymax>554</ymax>
    </bndbox>
    <confidence>0.922032</confidence>
  </object>
  <object>
    <name>Vehicle</name>
    <bndbox>
      <xmin>786</xmin>
      <ymin>474</ymin>
      <xmax>979</xmax>
      <ymax>628</ymax>
    </bndbox>
    <confidence>0.963327</confidence>
  </object>
</annotation>
