<annotation>
  <folder>runs\detect\exp39</folder>
  <filename>1_20200615_112419_001440.jpg</filename>
  <source>
    <database>Unknown</database>
  </source>
  <size>
    <width>1920</width>
    <height>1080</height>
    <depth>3</depth>
  </size>
  <segmented>0</segmented>
  <object>
    <name>TrafficLight</name>
    <bndbox>
      <xmin>1104</xmin>
      <ymin>277</ymin>
      <xmax>1169</xmax>
      <ymax>296</ymax>
    </bndbox>
    <confidence>0.838534</confidence>
  </object>
  <object>
    <name>TrafficLight</name>
    <bndbox>
      <xmin>981</xmin>
      <ymin>90</ymin>
      <xmax>1096</xmax>
      <ymax>121</ymax>
    </bndbox>
    <confidence>0.889807</confidence>
  </object>
  <object>
    <name>TrafficSign</name>
    <bndbox>
      <xmin>1149</xmin>
      <ymin>328</ymin>
      <xmax>1177</xmax>
      <ymax>356</ymax>
    </bndbox>
    <confidence>0.891147</confidence>
  </object>
  <object>
    <name>TrafficLight</name>
    <bndbox>
      <xmin>1296</xmin>
      <ymin>88</ymin>
      <xmax>1409</xmax>
      <ymax>120</ymax>
    </bndbox>
    <confidence>0.896488</confidence>
  </object>
  <object>
    <name>Vehicle</name>
    <bndbox>
      <xmin>632</xmin>
      <ymin>493</ymin>
      <xmax>697</xmax>
      <ymax>548</ymax>
    </bndbox>
    <confidence>0.92541</confidence>
  </object>
  <object>
    <name>TrafficSign</name>
    <bndbox>
      <xmin>1162</xmin>
      <ymin>67</ymin>
      <xmax>1234</xmax>
      <ymax>140</ymax>
    </bndbox>
    <confidence>0.931868</confidence>
  </object>
  <object>
    <name>Vehicle</name>
    <bndbox>
      <xmin>884</xmin>
      <ymin>473</ymin>
      <xmax>1093</xmax>
      <ymax>643</ymax>
    </bndbox>
    <confidence>0.967765</confidence>
  </object>
</annotation>
