<annotation>
  <folder>runs\detect\exp2</folder>
  <filename>1_20200615_112419_007140.jpg</filename>
  <source>
    <database>Unknown</database>
  </source>
  <size>
    <width>1920</width>
    <height>1080</height>
    <depth>3</depth>
  </size>
  <segmented>0</segmented>
  <object>
    <name>TrafficSign</name>
    <bndbox>
      <xmin>1350</xmin>
      <ymin>0</ymin>
      <xmax>1437</xmax>
      <ymax>33</ymax>
    </bndbox>
    <confidence>0.517605</confidence>
  </object>
  <object>
    <name>Vehicle</name>
    <bndbox>
      <xmin>1073</xmin>
      <ymin>489</ymin>
      <xmax>1103</xmax>
      <ymax>521</ymax>
    </bndbox>
    <confidence>0.665589</confidence>
  </object>
  <object>
    <name>Vehicle</name>
    <bndbox>
      <xmin>1101</xmin>
      <ymin>475</ymin>
      <xmax>1128</xmax>
      <ymax>505</ymax>
    </bndbox>
    <confidence>0.76075</confidence>
  </object>
  <object>
    <name>TrafficSign</name>
    <bndbox>
      <xmin>1866</xmin>
      <ymin>283</ymin>
      <xmax>1920</xmax>
      <ymax>346</ymax>
    </bndbox>
    <confidence>0.919203</confidence>
  </object>
  <object>
    <name>Vehicle</name>
    <bndbox>
      <xmin>1180</xmin>
      <ymin>490</ymin>
      <xmax>1313</xmax>
      <ymax>595</ymax>
    </bndbox>
    <confidence>0.963001</confidence>
  </object>
  <object>
    <name>Vehicle</name>
    <bndbox>
      <xmin>902</xmin>
      <ymin>490</ymin>
      <xmax>1120</xmax>
      <ymax>649</ymax>
    </bndbox>
    <confidence>0.970031</confidence>
  </object>
  <object>
    <name>Vehicle</name>
    <bndbox>
      <xmin>1460</xmin>
      <ymin>432</ymin>
      <xmax>1829</xmax>
      <ymax>742</ymax>
    </bndbox>
    <confidence>0.971589</confidence>
  </object>
</annotation>
