<annotation>
  <folder>runs\detect\exp39</folder>
  <filename>1_20200615_112419_008220.jpg</filename>
  <source>
    <database>Unknown</database>
  </source>
  <size>
    <width>1920</width>
    <height>1080</height>
    <depth>3</depth>
  </size>
  <segmented>0</segmented>
  <object>
    <name>TrafficSign</name>
    <bndbox>
      <xmin>1383</xmin>
      <ymin>445</ymin>
      <xmax>1414</xmax>
      <ymax>480</ymax>
    </bndbox>
    <confidence>0.769898</confidence>
  </object>
  <object>
    <name>Vehicle</name>
    <bndbox>
      <xmin>1022</xmin>
      <ymin>463</ymin>
      <xmax>1079</xmax>
      <ymax>510</ymax>
    </bndbox>
    <confidence>0.780216</confidence>
  </object>
  <object>
    <name>Vehicle</name>
    <bndbox>
      <xmin>1269</xmin>
      <ymin>499</ymin>
      <xmax>1304</xmax>
      <ymax>526</ymax>
    </bndbox>
    <confidence>0.870938</confidence>
  </object>
  <object>
    <name>Vehicle</name>
    <bndbox>
      <xmin>1310</xmin>
      <ymin>482</ymin>
      <xmax>1348</xmax>
      <ymax>529</ymax>
    </bndbox>
    <confidence>0.885657</confidence>
  </object>
  <object>
    <name>Vehicle</name>
    <bndbox>
      <xmin>313</xmin>
      <ymin>390</ymin>
      <xmax>581</xmax>
      <ymax>497</ymax>
    </bndbox>
    <confidence>0.914783</confidence>
  </object>
</annotation>
