<annotation>
  <folder>runs\detect\exp39</folder>
  <filename>1_20200615_112419_000540.jpg</filename>
  <source>
    <database>Unknown</database>
  </source>
  <size>
    <width>1920</width>
    <height>1080</height>
    <depth>3</depth>
  </size>
  <segmented>0</segmented>
  <object>
    <name>TrafficSign</name>
    <bndbox>
      <xmin>1019</xmin>
      <ymin>382</ymin>
      <xmax>1058</xmax>
      <ymax>407</ymax>
    </bndbox>
    <confidence>0.278695</confidence>
  </object>
  <object>
    <name>Vehicle</name>
    <bndbox>
      <xmin>425</xmin>
      <ymin>479</ymin>
      <xmax>467</xmax>
      <ymax>506</ymax>
    </bndbox>
    <confidence>0.536124</confidence>
  </object>
  <object>
    <name>Vehicle</name>
    <bndbox>
      <xmin>619</xmin>
      <ymin>489</ymin>
      <xmax>652</xmax>
      <ymax>522</ymax>
    </bndbox>
    <confidence>0.659752</confidence>
  </object>
  <object>
    <name>Vehicle</name>
    <bndbox>
      <xmin>472</xmin>
      <ymin>484</ymin>
      <xmax>526</xmax>
      <ymax>514</ymax>
    </bndbox>
    <confidence>0.695671</confidence>
  </object>
  <object>
    <name>Vehicle</name>
    <bndbox>
      <xmin>1168</xmin>
      <ymin>472</ymin>
      <xmax>1201</xmax>
      <ymax>506</ymax>
    </bndbox>
    <confidence>0.717899</confidence>
  </object>
  <object>
    <name>Vehicle</name>
    <bndbox>
      <xmin>564</xmin>
      <ymin>496</ymin>
      <xmax>601</xmax>
      <ymax>535</ymax>
    </bndbox>
    <confidence>0.761566</confidence>
  </object>
  <object>
    <name>Vehicle</name>
    <bndbox>
      <xmin>782</xmin>
      <ymin>470</ymin>
      <xmax>815</xmax>
      <ymax>495</ymax>
    </bndbox>
    <confidence>0.764946</confidence>
  </object>
  <object>
    <name>Vehicle</name>
    <bndbox>
      <xmin>570</xmin>
      <ymin>487</ymin>
      <xmax>619</xmax>
      <ymax>529</ymax>
    </bndbox>
    <confidence>0.802176</confidence>
  </object>
  <object>
    <name>Vehicle</name>
    <bndbox>
      <xmin>546</xmin>
      <ymin>501</ymin>
      <xmax>580</xmax>
      <ymax>538</ymax>
    </bndbox>
    <confidence>0.850663</confidence>
  </object>
  <object>
    <name>Vehicle</name>
    <bndbox>
      <xmin>508</xmin>
      <ymin>501</ymin>
      <xmax>562</xmax>
      <ymax>543</ymax>
    </bndbox>
    <confidence>0.908511</confidence>
  </object>
  <object>
    <name>Vehicle</name>
    <bndbox>
      <xmin>447</xmin>
      <ymin>507</ymin>
      <xmax>514</xmax>
      <ymax>555</ymax>
    </bndbox>
    <confidence>0.93116</confidence>
  </object>
  <object>
    <name>Vehicle</name>
    <bndbox>
      <xmin>873</xmin>
      <ymin>475</ymin>
      <xmax>1091</xmax>
      <ymax>655</ymax>
    </bndbox>
    <confidence>0.949575</confidence>
  </object>
</annotation>
