<annotation>
  <folder>runs\detect\exp39</folder>
  <filename>1_20200615_112419_001200.jpg</filename>
  <source>
    <database>Unknown</database>
  </source>
  <size>
    <width>1920</width>
    <height>1080</height>
    <depth>3</depth>
  </size>
  <segmented>0</segmented>
  <object>
    <name>TrafficLight</name>
    <bndbox>
      <xmin>1103</xmin>
      <ymin>334</ymin>
      <xmax>1149</xmax>
      <ymax>349</ymax>
    </bndbox>
    <confidence>0.773678</confidence>
  </object>
  <object>
    <name>TrafficLight</name>
    <bndbox>
      <xmin>978</xmin>
      <ymin>337</ymin>
      <xmax>1024</xmax>
      <ymax>351</ymax>
    </bndbox>
    <confidence>0.812514</confidence>
  </object>
  <object>
    <name>TrafficSign</name>
    <bndbox>
      <xmin>1051</xmin>
      <ymin>327</ymin>
      <xmax>1079</xmax>
      <ymax>356</ymax>
    </bndbox>
    <confidence>0.891631</confidence>
  </object>
  <object>
    <name>Vehicle</name>
    <bndbox>
      <xmin>629</xmin>
      <ymin>440</ymin>
      <xmax>879</xmax>
      <ymax>545</ymax>
    </bndbox>
    <confidence>0.950973</confidence>
  </object>
  <object>
    <name>Vehicle</name>
    <bndbox>
      <xmin>256</xmin>
      <ymin>513</ymin>
      <xmax>402</xmax>
      <ymax>609</ymax>
    </bndbox>
    <confidence>0.957899</confidence>
  </object>
  <object>
    <name>Vehicle</name>
    <bndbox>
      <xmin>915</xmin>
      <ymin>475</ymin>
      <xmax>1090</xmax>
      <ymax>619</ymax>
    </bndbox>
    <confidence>0.963066</confidence>
  </object>
</annotation>
