<annotation>
  <folder>runs\detect\exp2</folder>
  <filename>1_20200615_112419_006720.jpg</filename>
  <source>
    <database>Unknown</database>
  </source>
  <size>
    <width>1920</width>
    <height>1080</height>
    <depth>3</depth>
  </size>
  <segmented>0</segmented>
  <object>
    <name>Vehicle</name>
    <bndbox>
      <xmin>900</xmin>
      <ymin>493</ymin>
      <xmax>944</xmax>
      <ymax>553</ymax>
    </bndbox>
    <confidence>0.49133</confidence>
  </object>
  <object>
    <name>Vehicle</name>
    <bndbox>
      <xmin>459</xmin>
      <ymin>497</ymin>
      <xmax>567</xmax>
      <ymax>522</ymax>
    </bndbox>
    <confidence>0.741964</confidence>
  </object>
  <object>
    <name>Vehicle</name>
    <bndbox>
      <xmin>894</xmin>
      <ymin>471</ymin>
      <xmax>1176</xmax>
      <ymax>700</ymax>
    </bndbox>
    <confidence>0.965608</confidence>
  </object>
</annotation>
