<annotation>
  <folder>runs\detect\exp2</folder>
  <filename>1_20200615_112419_005100.jpg</filename>
  <source>
    <database>Unknown</database>
  </source>
  <size>
    <width>1920</width>
    <height>1080</height>
    <depth>3</depth>
  </size>
  <segmented>0</segmented>
  <object>
    <name>Vehicle</name>
    <bndbox>
      <xmin>806</xmin>
      <ymin>494</ymin>
      <xmax>847</xmax>
      <ymax>525</ymax>
    </bndbox>
    <confidence>0.642731</confidence>
  </object>
  <object>
    <name>Vehicle</name>
    <bndbox>
      <xmin>340</xmin>
      <ymin>469</ymin>
      <xmax>422</xmax>
      <ymax>569</ymax>
    </bndbox>
    <confidence>0.70894</confidence>
  </object>
  <object>
    <name>Vehicle</name>
    <bndbox>
      <xmin>794</xmin>
      <ymin>509</ymin>
      <xmax>842</xmax>
      <ymax>547</ymax>
    </bndbox>
    <confidence>0.783613</confidence>
  </object>
  <object>
    <name>Vehicle</name>
    <bndbox>
      <xmin>663</xmin>
      <ymin>520</ymin>
      <xmax>696</xmax>
      <ymax>548</ymax>
    </bndbox>
    <confidence>0.795335</confidence>
  </object>
  <object>
    <name>TrafficLight</name>
    <bndbox>
      <xmin>996</xmin>
      <ymin>359</ymin>
      <xmax>1041</xmax>
      <ymax>373</ymax>
    </bndbox>
    <confidence>0.830701</confidence>
  </object>
  <object>
    <name>TrafficLight</name>
    <bndbox>
      <xmin>869</xmin>
      <ymin>361</ymin>
      <xmax>916</xmax>
      <ymax>375</ymax>
    </bndbox>
    <confidence>0.842505</confidence>
  </object>
  <object>
    <name>Vehicle</name>
    <bndbox>
      <xmin>637</xmin>
      <ymin>496</ymin>
      <xmax>667</xmax>
      <ymax>549</ymax>
    </bndbox>
    <confidence>0.857486</confidence>
  </object>
  <object>
    <name>TrafficSign</name>
    <bndbox>
      <xmin>942</xmin>
      <ymin>352</ymin>
      <xmax>972</xmax>
      <ymax>381</ymax>
    </bndbox>
    <confidence>0.88108</confidence>
  </object>
  <object>
    <name>Vehicle</name>
    <bndbox>
      <xmin>418</xmin>
      <ymin>493</ymin>
      <xmax>528</xmax>
      <ymax>561</ymax>
    </bndbox>
    <confidence>0.890128</confidence>
  </object>
  <object>
    <name>Vehicle</name>
    <bndbox>
      <xmin>575</xmin>
      <ymin>486</ymin>
      <xmax>650</xmax>
      <ymax>561</ymax>
    </bndbox>
    <confidence>0.926867</confidence>
  </object>
  <object>
    <name>Vehicle</name>
    <bndbox>
      <xmin>486</xmin>
      <ymin>496</ymin>
      <xmax>586</xmax>
      <ymax>574</ymax>
    </bndbox>
    <confidence>0.953121</confidence>
  </object>
  <object>
    <name>Vehicle</name>
    <bndbox>
      <xmin>2</xmin>
      <ymin>495</ymin>
      <xmax>137</xmax>
      <ymax>617</ymax>
    </bndbox>
    <confidence>0.964013</confidence>
  </object>
  <object>
    <name>Vehicle</name>
    <bndbox>
      <xmin>825</xmin>
      <ymin>474</ymin>
      <xmax>1079</xmax>
      <ymax>683</ymax>
    </bndbox>
    <confidence>0.966149</confidence>
  </object>
  <object>
    <name>Vehicle</name>
    <bndbox>
      <xmin>206</xmin>
      <ymin>486</ymin>
      <xmax>376</xmax>
      <ymax>607</ymax>
    </bndbox>
    <confidence>0.966676</confidence>
  </object>
</annotation>
