<annotation>
  <folder>runs\detect\exp2</folder>
  <filename>1_20200615_112419_007350.jpg</filename>
  <source>
    <database>Unknown</database>
  </source>
  <size>
    <width>1920</width>
    <height>1080</height>
    <depth>3</depth>
  </size>
  <segmented>0</segmented>
  <object>
    <name>Vehicle</name>
    <bndbox>
      <xmin>1219</xmin>
      <ymin>396</ymin>
      <xmax>1276</xmax>
      <ymax>432</ymax>
    </bndbox>
    <confidence>0.663149</confidence>
  </object>
  <object>
    <name>Vehicle</name>
    <bndbox>
      <xmin>733</xmin>
      <ymin>435</ymin>
      <xmax>801</xmax>
      <ymax>482</ymax>
    </bndbox>
    <confidence>0.871801</confidence>
  </object>
  <object>
    <name>Vehicle</name>
    <bndbox>
      <xmin>895</xmin>
      <ymin>473</ymin>
      <xmax>1043</xmax>
      <ymax>581</ymax>
    </bndbox>
    <confidence>0.957743</confidence>
  </object>
  <object>
    <name>Vehicle</name>
    <bndbox>
      <xmin>1174</xmin>
      <ymin>461</ymin>
      <xmax>1323</xmax>
      <ymax>581</ymax>
    </bndbox>
    <confidence>0.959799</confidence>
  </object>
  <object>
    <name>Vehicle</name>
    <bndbox>
      <xmin>1578</xmin>
      <ymin>378</ymin>
      <xmax>1920</xmax>
      <ymax>830</ymax>
    </bndbox>
    <confidence>0.966634</confidence>
  </object>
</annotation>
