<annotation>
  <folder>runs\detect\exp2</folder>
  <filename>1_20200615_112419_003960.jpg</filename>
  <source>
    <database>Unknown</database>
  </source>
  <size>
    <width>1920</width>
    <height>1080</height>
    <depth>3</depth>
  </size>
  <segmented>0</segmented>
  <object>
    <name>Vehicle</name>
    <bndbox>
      <xmin>228</xmin>
      <ymin>527</ymin>
      <xmax>265</xmax>
      <ymax>567</ymax>
    </bndbox>
    <confidence>0.844803</confidence>
  </object>
  <object>
    <name>Vehicle</name>
    <bndbox>
      <xmin>305</xmin>
      <ymin>522</ymin>
      <xmax>373</xmax>
      <ymax>581</ymax>
    </bndbox>
    <confidence>0.90913</confidence>
  </object>
  <object>
    <name>TrafficSign</name>
    <bndbox>
      <xmin>821</xmin>
      <ymin>234</ymin>
      <xmax>980</xmax>
      <ymax>297</ymax>
    </bndbox>
    <confidence>0.912397</confidence>
  </object>
  <object>
    <name>Vehicle</name>
    <bndbox>
      <xmin>716</xmin>
      <ymin>481</ymin>
      <xmax>965</xmax>
      <ymax>683</ymax>
    </bndbox>
    <confidence>0.966344</confidence>
  </object>
  <object>
    <name>Vehicle</name>
    <bndbox>
      <xmin>347</xmin>
      <ymin>499</ymin>
      <xmax>599</xmax>
      <ymax>680</ymax>
    </bndbox>
    <confidence>0.972549</confidence>
  </object>
</annotation>
