<annotation>
  <folder>runs\detect\exp2</folder>
  <filename>1_20200615_112419_006240.jpg</filename>
  <source>
    <database>Unknown</database>
  </source>
  <size>
    <width>1920</width>
    <height>1080</height>
    <depth>3</depth>
  </size>
  <segmented>0</segmented>
  <object>
    <name>TrafficSign</name>
    <bndbox>
      <xmin>871</xmin>
      <ymin>345</ymin>
      <xmax>896</xmax>
      <ymax>376</ymax>
    </bndbox>
    <confidence>0.369683</confidence>
  </object>
  <object>
    <name>Vehicle</name>
    <bndbox>
      <xmin>692</xmin>
      <ymin>577</ymin>
      <xmax>740</xmax>
      <ymax>630</ymax>
    </bndbox>
    <confidence>0.484664</confidence>
  </object>
  <object>
    <name>Vehicle</name>
    <bndbox>
      <xmin>927</xmin>
      <ymin>445</ymin>
      <xmax>965</xmax>
      <ymax>472</ymax>
    </bndbox>
    <confidence>0.678198</confidence>
  </object>
  <object>
    <name>Vehicle</name>
    <bndbox>
      <xmin>675</xmin>
      <ymin>598</ymin>
      <xmax>730</xmax>
      <ymax>637</ymax>
    </bndbox>
    <confidence>0.910025</confidence>
  </object>
  <object>
    <name>Vehicle</name>
    <bndbox>
      <xmin>740</xmin>
      <ymin>522</ymin>
      <xmax>913</xmax>
      <ymax>648</ymax>
    </bndbox>
    <confidence>0.970381</confidence>
  </object>
</annotation>
