<annotation>
  <folder>runs\detect\exp2</folder>
  <filename>1_20200615_112419_000540.jpg</filename>
  <source>
    <database>Unknown</database>
  </source>
  <size>
    <width>1920</width>
    <height>1080</height>
    <depth>3</depth>
  </size>
  <segmented>0</segmented>
  <object>
    <name>TrafficSign</name>
    <bndbox>
      <xmin>1019</xmin>
      <ymin>382</ymin>
      <xmax>1058</xmax>
      <ymax>407</ymax>
    </bndbox>
    <confidence>0.330981</confidence>
  </object>
  <object>
    <name>Vehicle</name>
    <bndbox>
      <xmin>424</xmin>
      <ymin>479</ymin>
      <xmax>465</xmax>
      <ymax>505</ymax>
    </bndbox>
    <confidence>0.583606</confidence>
  </object>
  <object>
    <name>Vehicle</name>
    <bndbox>
      <xmin>619</xmin>
      <ymin>490</ymin>
      <xmax>652</xmax>
      <ymax>522</ymax>
    </bndbox>
    <confidence>0.649732</confidence>
  </object>
  <object>
    <name>Vehicle</name>
    <bndbox>
      <xmin>472</xmin>
      <ymin>484</ymin>
      <xmax>526</xmax>
      <ymax>514</ymax>
    </bndbox>
    <confidence>0.706957</confidence>
  </object>
  <object>
    <name>Vehicle</name>
    <bndbox>
      <xmin>1169</xmin>
      <ymin>472</ymin>
      <xmax>1203</xmax>
      <ymax>506</ymax>
    </bndbox>
    <confidence>0.740933</confidence>
  </object>
  <object>
    <name>Vehicle</name>
    <bndbox>
      <xmin>782</xmin>
      <ymin>470</ymin>
      <xmax>815</xmax>
      <ymax>496</ymax>
    </bndbox>
    <confidence>0.777944</confidence>
  </object>
  <object>
    <name>Vehicle</name>
    <bndbox>
      <xmin>573</xmin>
      <ymin>487</ymin>
      <xmax>620</xmax>
      <ymax>530</ymax>
    </bndbox>
    <confidence>0.790314</confidence>
  </object>
  <object>
    <name>Vehicle</name>
    <bndbox>
      <xmin>563</xmin>
      <ymin>495</ymin>
      <xmax>602</xmax>
      <ymax>534</ymax>
    </bndbox>
    <confidence>0.800405</confidence>
  </object>
  <object>
    <name>Vehicle</name>
    <bndbox>
      <xmin>546</xmin>
      <ymin>501</ymin>
      <xmax>580</xmax>
      <ymax>538</ymax>
    </bndbox>
    <confidence>0.858739</confidence>
  </object>
  <object>
    <name>Vehicle</name>
    <bndbox>
      <xmin>508</xmin>
      <ymin>501</ymin>
      <xmax>562</xmax>
      <ymax>543</ymax>
    </bndbox>
    <confidence>0.913065</confidence>
  </object>
  <object>
    <name>Vehicle</name>
    <bndbox>
      <xmin>447</xmin>
      <ymin>507</ymin>
      <xmax>514</xmax>
      <ymax>555</ymax>
    </bndbox>
    <confidence>0.935952</confidence>
  </object>
  <object>
    <name>Vehicle</name>
    <bndbox>
      <xmin>873</xmin>
      <ymin>475</ymin>
      <xmax>1091</xmax>
      <ymax>655</ymax>
    </bndbox>
    <confidence>0.956224</confidence>
  </object>
</annotation>
