<annotation>
  <folder>runs\detect\exp2</folder>
  <filename>1_20200615_112419_002730.jpg</filename>
  <source>
    <database>Unknown</database>
  </source>
  <size>
    <width>1920</width>
    <height>1080</height>
    <depth>3</depth>
  </size>
  <segmented>0</segmented>
  <object>
    <name>Vehicle</name>
    <bndbox>
      <xmin>525</xmin>
      <ymin>523</ymin>
      <xmax>556</xmax>
      <ymax>548</ymax>
    </bndbox>
    <confidence>0.662005</confidence>
  </object>
  <object>
    <name>Vehicle</name>
    <bndbox>
      <xmin>300</xmin>
      <ymin>509</ymin>
      <xmax>346</xmax>
      <ymax>555</ymax>
    </bndbox>
    <confidence>0.824698</confidence>
  </object>
  <object>
    <name>Vehicle</name>
    <bndbox>
      <xmin>418</xmin>
      <ymin>521</ymin>
      <xmax>457</xmax>
      <ymax>549</ymax>
    </bndbox>
    <confidence>0.845458</confidence>
  </object>
  <object>
    <name>TrafficSign</name>
    <bndbox>
      <xmin>1762</xmin>
      <ymin>234</ymin>
      <xmax>1822</xmax>
      <ymax>293</ymax>
    </bndbox>
    <confidence>0.915631</confidence>
  </object>
  <object>
    <name>Vehicle</name>
    <bndbox>
      <xmin>338</xmin>
      <ymin>523</ymin>
      <xmax>390</xmax>
      <ymax>563</ymax>
    </bndbox>
    <confidence>0.920606</confidence>
  </object>
  <object>
    <name>Vehicle</name>
    <bndbox>
      <xmin>197</xmin>
      <ymin>523</ymin>
      <xmax>281</xmax>
      <ymax>588</ymax>
    </bndbox>
    <confidence>0.947906</confidence>
  </object>
  <object>
    <name>Vehicle</name>
    <bndbox>
      <xmin>784</xmin>
      <ymin>489</ymin>
      <xmax>1015</xmax>
      <ymax>672</ymax>
    </bndbox>
    <confidence>0.969943</confidence>
  </object>
</annotation>
