<annotation>
  <folder>runs\detect\exp39</folder>
  <filename>1_20200615_112419_006990.jpg</filename>
  <source>
    <database>Unknown</database>
  </source>
  <size>
    <width>1920</width>
    <height>1080</height>
    <depth>3</depth>
  </size>
  <segmented>0</segmented>
  <object>
    <name>Vehicle</name>
    <bndbox>
      <xmin>1363</xmin>
      <ymin>417</ymin>
      <xmax>1434</xmax>
      <ymax>470</ymax>
    </bndbox>
    <confidence>0.64628</confidence>
  </object>
  <object>
    <name>TrafficSign</name>
    <bndbox>
      <xmin>1451</xmin>
      <ymin>320</ymin>
      <xmax>1478</xmax>
      <ymax>348</ymax>
    </bndbox>
    <confidence>0.844385</confidence>
  </object>
  <object>
    <name>Vehicle</name>
    <bndbox>
      <xmin>1346</xmin>
      <ymin>466</ymin>
      <xmax>1406</xmax>
      <ymax>554</ymax>
    </bndbox>
    <confidence>0.919815</confidence>
  </object>
  <object>
    <name>Vehicle</name>
    <bndbox>
      <xmin>1370</xmin>
      <ymin>453</ymin>
      <xmax>1590</xmax>
      <ymax>650</ymax>
    </bndbox>
    <confidence>0.959073</confidence>
  </object>
  <object>
    <name>Vehicle</name>
    <bndbox>
      <xmin>982</xmin>
      <ymin>480</ymin>
      <xmax>1201</xmax>
      <ymax>640</ymax>
    </bndbox>
    <confidence>0.965994</confidence>
  </object>
</annotation>
