<annotation>
  <folder>runs\detect\exp39</folder>
  <filename>1_20200615_112419_002520.jpg</filename>
  <source>
    <database>Unknown</database>
  </source>
  <size>
    <width>1920</width>
    <height>1080</height>
    <depth>3</depth>
  </size>
  <segmented>0</segmented>
  <object>
    <name>Vehicle</name>
    <bndbox>
      <xmin>786</xmin>
      <ymin>518</ymin>
      <xmax>825</xmax>
      <ymax>548</ymax>
    </bndbox>
    <confidence>0.870034</confidence>
  </object>
  <object>
    <name>TrafficSign</name>
    <bndbox>
      <xmin>1410</xmin>
      <ymin>416</ymin>
      <xmax>1438</xmax>
      <ymax>444</ymax>
    </bndbox>
    <confidence>0.870237</confidence>
  </object>
  <object>
    <name>Vehicle</name>
    <bndbox>
      <xmin>629</xmin>
      <ymin>512</ymin>
      <xmax>663</xmax>
      <ymax>573</ymax>
    </bndbox>
    <confidence>0.879277</confidence>
  </object>
  <object>
    <name>TrafficLight</name>
    <bndbox>
      <xmin>1239</xmin>
      <ymin>97</ymin>
      <xmax>1359</xmax>
      <ymax>131</ymax>
    </bndbox>
    <confidence>0.891375</confidence>
  </object>
  <object>
    <name>TrafficSign</name>
    <bndbox>
      <xmin>1252</xmin>
      <ymin>264</ymin>
      <xmax>1294</xmax>
      <ymax>306</ymax>
    </bndbox>
    <confidence>0.908801</confidence>
  </object>
  <object>
    <name>Vehicle</name>
    <bndbox>
      <xmin>1</xmin>
      <ymin>514</ymin>
      <xmax>72</xmax>
      <ymax>704</ymax>
    </bndbox>
    <confidence>0.933566</confidence>
  </object>
  <object>
    <name>Vehicle</name>
    <bndbox>
      <xmin>528</xmin>
      <ymin>509</ymin>
      <xmax>654</xmax>
      <ymax>610</ymax>
    </bndbox>
    <confidence>0.957197</confidence>
  </object>
  <object>
    <name>Vehicle</name>
    <bndbox>
      <xmin>917</xmin>
      <ymin>498</ymin>
      <xmax>1194</xmax>
      <ymax>721</ymax>
    </bndbox>
    <confidence>0.960599</confidence>
  </object>
  <object>
    <name>Vehicle</name>
    <bndbox>
      <xmin>223</xmin>
      <ymin>523</ymin>
      <xmax>366</xmax>
      <ymax>651</ymax>
    </bndbox>
    <confidence>0.961046</confidence>
  </object>
</annotation>
