<annotation>
  <folder>runs\detect\exp39</folder>
  <filename>1_20200615_112419_004620.jpg</filename>
  <source>
    <database>Unknown</database>
  </source>
  <size>
    <width>1920</width>
    <height>1080</height>
    <depth>3</depth>
  </size>
  <segmented>0</segmented>
  <object>
    <name>TrafficSign</name>
    <bndbox>
      <xmin>974</xmin>
      <ymin>434</ymin>
      <xmax>1012</xmax>
      <ymax>459</ymax>
    </bndbox>
    <confidence>0.427835</confidence>
  </object>
  <object>
    <name>Vehicle</name>
    <bndbox>
      <xmin>929</xmin>
      <ymin>521</ymin>
      <xmax>999</xmax>
      <ymax>582</ymax>
    </bndbox>
    <confidence>0.924237</confidence>
  </object>
  <object>
    <name>Vehicle</name>
    <bndbox>
      <xmin>2</xmin>
      <ymin>535</ymin>
      <xmax>179</xmax>
      <ymax>642</ymax>
    </bndbox>
    <confidence>0.958897</confidence>
  </object>
  <object>
    <name>Vehicle</name>
    <bndbox>
      <xmin>739</xmin>
      <ymin>494</ymin>
      <xmax>940</xmax>
      <ymax>653</ymax>
    </bndbox>
    <confidence>0.965752</confidence>
  </object>
</annotation>
