<annotation>
  <folder>runs\detect\exp2</folder>
  <filename>1_20200615_112419_005130.jpg</filename>
  <source>
    <database>Unknown</database>
  </source>
  <size>
    <width>1920</width>
    <height>1080</height>
    <depth>3</depth>
  </size>
  <segmented>0</segmented>
  <object>
    <name>Vehicle</name>
    <bndbox>
      <xmin>235</xmin>
      <ymin>437</ymin>
      <xmax>381</xmax>
      <ymax>554</ymax>
    </bndbox>
    <confidence>0.577096</confidence>
  </object>
  <object>
    <name>TrafficLight</name>
    <bndbox>
      <xmin>950</xmin>
      <ymin>373</ymin>
      <xmax>988</xmax>
      <ymax>385</ymax>
    </bndbox>
    <confidence>0.607915</confidence>
  </object>
  <object>
    <name>Vehicle</name>
    <bndbox>
      <xmin>800</xmin>
      <ymin>483</ymin>
      <xmax>843</xmax>
      <ymax>520</ymax>
    </bndbox>
    <confidence>0.716148</confidence>
  </object>
  <object>
    <name>TrafficLight</name>
    <bndbox>
      <xmin>1007</xmin>
      <ymin>323</ymin>
      <xmax>1060</xmax>
      <ymax>338</ymax>
    </bndbox>
    <confidence>0.874922</confidence>
  </object>
  <object>
    <name>TrafficLight</name>
    <bndbox>
      <xmin>859</xmin>
      <ymin>325</ymin>
      <xmax>913</xmax>
      <ymax>340</ymax>
    </bndbox>
    <confidence>0.879742</confidence>
  </object>
  <object>
    <name>Vehicle</name>
    <bndbox>
      <xmin>624</xmin>
      <ymin>513</ymin>
      <xmax>664</xmax>
      <ymax>545</ymax>
    </bndbox>
    <confidence>0.890465</confidence>
  </object>
  <object>
    <name>Vehicle</name>
    <bndbox>
      <xmin>783</xmin>
      <ymin>498</ymin>
      <xmax>834</xmax>
      <ymax>540</ymax>
    </bndbox>
    <confidence>0.891104</confidence>
  </object>
  <object>
    <name>Vehicle</name>
    <bndbox>
      <xmin>570</xmin>
      <ymin>485</ymin>
      <xmax>626</xmax>
      <ymax>549</ymax>
    </bndbox>
    <confidence>0.894582</confidence>
  </object>
  <object>
    <name>TrafficSign</name>
    <bndbox>
      <xmin>943</xmin>
      <ymin>313</ymin>
      <xmax>978</xmax>
      <ymax>348</ymax>
    </bndbox>
    <confidence>0.896444</confidence>
  </object>
  <object>
    <name>Vehicle</name>
    <bndbox>
      <xmin>393</xmin>
      <ymin>466</ymin>
      <xmax>525</xmax>
      <ymax>578</ymax>
    </bndbox>
    <confidence>0.953304</confidence>
  </object>
  <object>
    <name>Vehicle</name>
    <bndbox>
      <xmin>182</xmin>
      <ymin>479</ymin>
      <xmax>359</xmax>
      <ymax>609</ymax>
    </bndbox>
    <confidence>0.968388</confidence>
  </object>
  <object>
    <name>Vehicle</name>
    <bndbox>
      <xmin>830</xmin>
      <ymin>463</ymin>
      <xmax>1098</xmax>
      <ymax>685</ymax>
    </bndbox>
    <confidence>0.970546</confidence>
  </object>
</annotation>
