<annotation>
  <folder>runs\detect\exp39</folder>
  <filename>1_20200615_112419_003810.jpg</filename>
  <source>
    <database>Unknown</database>
  </source>
  <size>
    <width>1920</width>
    <height>1080</height>
    <depth>3</depth>
  </size>
  <segmented>0</segmented>
  <object>
    <name>Pedestrian</name>
    <bndbox>
      <xmin>959</xmin>
      <ymin>513</ymin>
      <xmax>977</xmax>
      <ymax>552</ymax>
    </bndbox>
    <confidence>0.512682</confidence>
  </object>
  <object>
    <name>Vehicle</name>
    <bndbox>
      <xmin>430</xmin>
      <ymin>518</ymin>
      <xmax>463</xmax>
      <ymax>544</ymax>
    </bndbox>
    <confidence>0.727776</confidence>
  </object>
  <object>
    <name>TrafficSign</name>
    <bndbox>
      <xmin>619</xmin>
      <ymin>407</ymin>
      <xmax>690</xmax>
      <ymax>435</ymax>
    </bndbox>
    <confidence>0.80692</confidence>
  </object>
  <object>
    <name>Vehicle</name>
    <bndbox>
      <xmin>187</xmin>
      <ymin>533</ymin>
      <xmax>234</xmax>
      <ymax>578</ymax>
    </bndbox>
    <confidence>0.899169</confidence>
  </object>
  <object>
    <name>Vehicle</name>
    <bndbox>
      <xmin>117</xmin>
      <ymin>540</ymin>
      <xmax>203</xmax>
      <ymax>587</ymax>
    </bndbox>
    <confidence>0.934061</confidence>
  </object>
  <object>
    <name>Vehicle</name>
    <bndbox>
      <xmin>778</xmin>
      <ymin>506</ymin>
      <xmax>980</xmax>
      <ymax>667</ymax>
    </bndbox>
    <confidence>0.96251</confidence>
  </object>
</annotation>
