<annotation>
  <folder>runs\detect\exp39</folder>
  <filename>1_20200615_112419_003000.jpg</filename>
  <source>
    <database>Unknown</database>
  </source>
  <size>
    <width>1920</width>
    <height>1080</height>
    <depth>3</depth>
  </size>
  <segmented>0</segmented>
  <object>
    <name>Vehicle</name>
    <bndbox>
      <xmin>586</xmin>
      <ymin>512</ymin>
      <xmax>615</xmax>
      <ymax>549</ymax>
    </bndbox>
    <confidence>0.32478</confidence>
  </object>
  <object>
    <name>Vehicle</name>
    <bndbox>
      <xmin>402</xmin>
      <ymin>530</ymin>
      <xmax>429</xmax>
      <ymax>556</ymax>
    </bndbox>
    <confidence>0.545072</confidence>
  </object>
  <object>
    <name>Vehicle</name>
    <bndbox>
      <xmin>510</xmin>
      <ymin>521</ymin>
      <xmax>540</xmax>
      <ymax>553</ymax>
    </bndbox>
    <confidence>0.566661</confidence>
  </object>
  <object>
    <name>Vehicle</name>
    <bndbox>
      <xmin>529</xmin>
      <ymin>523</ymin>
      <xmax>576</xmax>
      <ymax>559</ymax>
    </bndbox>
    <confidence>0.817882</confidence>
  </object>
  <object>
    <name>Vehicle</name>
    <bndbox>
      <xmin>592</xmin>
      <ymin>519</ymin>
      <xmax>655</xmax>
      <ymax>553</ymax>
    </bndbox>
    <confidence>0.880731</confidence>
  </object>
  <object>
    <name>Vehicle</name>
    <bndbox>
      <xmin>322</xmin>
      <ymin>531</ymin>
      <xmax>361</xmax>
      <ymax>564</ymax>
    </bndbox>
    <confidence>0.887747</confidence>
  </object>
  <object>
    <name>Vehicle</name>
    <bndbox>
      <xmin>912</xmin>
      <ymin>512</ymin>
      <xmax>978</xmax>
      <ymax>563</ymax>
    </bndbox>
    <confidence>0.925536</confidence>
  </object>
  <object>
    <name>Vehicle</name>
    <bndbox>
      <xmin>195</xmin>
      <ymin>501</ymin>
      <xmax>305</xmax>
      <ymax>608</ymax>
    </bndbox>
    <confidence>0.942523</confidence>
  </object>
  <object>
    <name>Vehicle</name>
    <bndbox>
      <xmin>746</xmin>
      <ymin>500</ymin>
      <xmax>895</xmax>
      <ymax>617</ymax>
    </bndbox>
    <confidence>0.958356</confidence>
  </object>
</annotation>
