<annotation>
  <folder>runs\detect\exp39</folder>
  <filename>1_20200615_112419_001470.jpg</filename>
  <source>
    <database>Unknown</database>
  </source>
  <size>
    <width>1920</width>
    <height>1080</height>
    <depth>3</depth>
  </size>
  <segmented>0</segmented>
  <object>
    <name>TrafficLight</name>
    <bndbox>
      <xmin>1104</xmin>
      <ymin>266</ymin>
      <xmax>1172</xmax>
      <ymax>286</ymax>
    </bndbox>
    <confidence>0.837387</confidence>
  </object>
  <object>
    <name>TrafficLight</name>
    <bndbox>
      <xmin>1328</xmin>
      <ymin>38</ymin>
      <xmax>1457</xmax>
      <ymax>74</ymax>
    </bndbox>
    <confidence>0.860582</confidence>
  </object>
  <object>
    <name>TrafficSign</name>
    <bndbox>
      <xmin>1149</xmin>
      <ymin>326</ymin>
      <xmax>1178</xmax>
      <ymax>355</ymax>
    </bndbox>
    <confidence>0.892716</confidence>
  </object>
  <object>
    <name>TrafficLight</name>
    <bndbox>
      <xmin>972</xmin>
      <ymin>39</ymin>
      <xmax>1103</xmax>
      <ymax>74</ymax>
    </bndbox>
    <confidence>0.894585</confidence>
  </object>
  <object>
    <name>TrafficSign</name>
    <bndbox>
      <xmin>1175</xmin>
      <ymin>13</ymin>
      <xmax>1257</xmax>
      <ymax>95</ymax>
    </bndbox>
    <confidence>0.934658</confidence>
  </object>
  <object>
    <name>Vehicle</name>
    <bndbox>
      <xmin>589</xmin>
      <ymin>501</ymin>
      <xmax>663</xmax>
      <ymax>564</ymax>
    </bndbox>
    <confidence>0.935592</confidence>
  </object>
  <object>
    <name>Vehicle</name>
    <bndbox>
      <xmin>863</xmin>
      <ymin>477</ymin>
      <xmax>1096</xmax>
      <ymax>666</ymax>
    </bndbox>
    <confidence>0.972231</confidence>
  </object>
</annotation>
