<annotation>
  <folder>runs\detect\exp2</folder>
  <filename>1_20200615_112419_007560.jpg</filename>
  <source>
    <database>Unknown</database>
  </source>
  <size>
    <width>1920</width>
    <height>1080</height>
    <depth>3</depth>
  </size>
  <segmented>0</segmented>
  <object>
    <name>TrafficSign</name>
    <bndbox>
      <xmin>1582</xmin>
      <ymin>352</ymin>
      <xmax>1652</xmax>
      <ymax>416</ymax>
    </bndbox>
    <confidence>0.926931</confidence>
  </object>
  <object>
    <name>Vehicle</name>
    <bndbox>
      <xmin>1203</xmin>
      <ymin>467</ymin>
      <xmax>1313</xmax>
      <ymax>548</ymax>
    </bndbox>
    <confidence>0.950424</confidence>
  </object>
  <object>
    <name>Vehicle</name>
    <bndbox>
      <xmin>1320</xmin>
      <ymin>455</ymin>
      <xmax>1513</xmax>
      <ymax>607</ymax>
    </bndbox>
    <confidence>0.968443</confidence>
  </object>
</annotation>
