<annotation>
  <folder>runs\detect\exp2</folder>
  <filename>1_20200615_112419_002640.jpg</filename>
  <source>
    <database>Unknown</database>
  </source>
  <size>
    <width>1920</width>
    <height>1080</height>
    <depth>3</depth>
  </size>
  <segmented>0</segmented>
  <object>
    <name>Vehicle</name>
    <bndbox>
      <xmin>323</xmin>
      <ymin>529</ymin>
      <xmax>358</xmax>
      <ymax>558</ymax>
    </bndbox>
    <confidence>0.398003</confidence>
  </object>
  <object>
    <name>Vehicle</name>
    <bndbox>
      <xmin>592</xmin>
      <ymin>532</ymin>
      <xmax>633</xmax>
      <ymax>560</ymax>
    </bndbox>
    <confidence>0.835071</confidence>
  </object>
  <object>
    <name>TrafficSign</name>
    <bndbox>
      <xmin>1369</xmin>
      <ymin>395</ymin>
      <xmax>1399</xmax>
      <ymax>426</ymax>
    </bndbox>
    <confidence>0.891608</confidence>
  </object>
  <object>
    <name>Vehicle</name>
    <bndbox>
      <xmin>507</xmin>
      <ymin>520</ymin>
      <xmax>572</xmax>
      <ymax>575</ymax>
    </bndbox>
    <confidence>0.916417</confidence>
  </object>
  <object>
    <name>TrafficSign</name>
    <bndbox>
      <xmin>1747</xmin>
      <ymin>349</ymin>
      <xmax>1795</xmax>
      <ymax>399</ymax>
    </bndbox>
    <confidence>0.916841</confidence>
  </object>
  <object>
    <name>TrafficSign</name>
    <bndbox>
      <xmin>1468</xmin>
      <ymin>69</ymin>
      <xmax>1543</xmax>
      <ymax>146</ymax>
    </bndbox>
    <confidence>0.938713</confidence>
  </object>
  <object>
    <name>Vehicle</name>
    <bndbox>
      <xmin>418</xmin>
      <ymin>525</ymin>
      <xmax>514</xmax>
      <ymax>594</ymax>
    </bndbox>
    <confidence>0.951151</confidence>
  </object>
  <object>
    <name>Vehicle</name>
    <bndbox>
      <xmin>1204</xmin>
      <ymin>501</ymin>
      <xmax>1386</xmax>
      <ymax>636</ymax>
    </bndbox>
    <confidence>0.967459</confidence>
  </object>
  <object>
    <name>Vehicle</name>
    <bndbox>
      <xmin>1</xmin>
      <ymin>487</ymin>
      <xmax>149</xmax>
      <ymax>754</ymax>
    </bndbox>
    <confidence>0.967719</confidence>
  </object>
  <object>
    <name>Vehicle</name>
    <bndbox>
      <xmin>925</xmin>
      <ymin>489</ymin>
      <xmax>1166</xmax>
      <ymax>681</ymax>
    </bndbox>
    <confidence>0.968975</confidence>
  </object>
</annotation>
