<annotation>
  <folder>runs\detect\exp39</folder>
  <filename>1_20200615_112419_000270.jpg</filename>
  <source>
    <database>Unknown</database>
  </source>
  <size>
    <width>1920</width>
    <height>1080</height>
    <depth>3</depth>
  </size>
  <segmented>0</segmented>
  <object>
    <name>Vehicle</name>
    <bndbox>
      <xmin>914</xmin>
      <ymin>503</ymin>
      <xmax>947</xmax>
      <ymax>528</ymax>
    </bndbox>
    <confidence>0.7355</confidence>
  </object>
  <object>
    <name>Vehicle</name>
    <bndbox>
      <xmin>1038</xmin>
      <ymin>491</ymin>
      <xmax>1068</xmax>
      <ymax>520</ymax>
    </bndbox>
    <confidence>0.829533</confidence>
  </object>
  <object>
    <name>Vehicle</name>
    <bndbox>
      <xmin>536</xmin>
      <ymin>501</ymin>
      <xmax>593</xmax>
      <ymax>571</ymax>
    </bndbox>
    <confidence>0.927119</confidence>
  </object>
  <object>
    <name>Vehicle</name>
    <bndbox>
      <xmin>842</xmin>
      <ymin>500</ymin>
      <xmax>906</xmax>
      <ymax>546</ymax>
    </bndbox>
    <confidence>0.929253</confidence>
  </object>
  <object>
    <name>Vehicle</name>
    <bndbox>
      <xmin>689</xmin>
      <ymin>477</ymin>
      <xmax>790</xmax>
      <ymax>563</ymax>
    </bndbox>
    <confidence>0.935266</confidence>
  </object>
  <object>
    <name>Vehicle</name>
    <bndbox>
      <xmin>1</xmin>
      <ymin>502</ymin>
      <xmax>96</xmax>
      <ymax>659</ymax>
    </bndbox>
    <confidence>0.947506</confidence>
  </object>
  <object>
    <name>Vehicle</name>
    <bndbox>
      <xmin>433</xmin>
      <ymin>500</ymin>
      <xmax>554</xmax>
      <ymax>596</ymax>
    </bndbox>
    <confidence>0.952647</confidence>
  </object>
  <object>
    <name>Vehicle</name>
    <bndbox>
      <xmin>1589</xmin>
      <ymin>273</ymin>
      <xmax>1921</xmax>
      <ymax>667</ymax>
    </bndbox>
    <confidence>0.954941</confidence>
  </object>
  <object>
    <name>Vehicle</name>
    <bndbox>
      <xmin>55</xmin>
      <ymin>356</ymin>
      <xmax>407</xmax>
      <ymax>633</ymax>
    </bndbox>
    <confidence>0.955967</confidence>
  </object>
  <object>
    <name>Vehicle</name>
    <bndbox>
      <xmin>1073</xmin>
      <ymin>472</ymin>
      <xmax>1268</xmax>
      <ymax>625</ymax>
    </bndbox>
    <confidence>0.962312</confidence>
  </object>
</annotation>
