<annotation>
  <folder>runs\detect\exp2</folder>
  <filename>1_20200615_112419_000420.jpg</filename>
  <source>
    <database>Unknown</database>
  </source>
  <size>
    <width>1920</width>
    <height>1080</height>
    <depth>3</depth>
  </size>
  <segmented>0</segmented>
  <object>
    <name>Vehicle</name>
    <bndbox>
      <xmin>565</xmin>
      <ymin>472</ymin>
      <xmax>596</xmax>
      <ymax>499</ymax>
    </bndbox>
    <confidence>0.398626</confidence>
  </object>
  <object>
    <name>Vehicle</name>
    <bndbox>
      <xmin>582</xmin>
      <ymin>489</ymin>
      <xmax>619</xmax>
      <ymax>521</ymax>
    </bndbox>
    <confidence>0.8665</confidence>
  </object>
  <object>
    <name>Vehicle</name>
    <bndbox>
      <xmin>719</xmin>
      <ymin>450</ymin>
      <xmax>765</xmax>
      <ymax>489</ymax>
    </bndbox>
    <confidence>0.873567</confidence>
  </object>
  <object>
    <name>Vehicle</name>
    <bndbox>
      <xmin>616</xmin>
      <ymin>471</ymin>
      <xmax>684</xmax>
      <ymax>534</ymax>
    </bndbox>
    <confidence>0.928513</confidence>
  </object>
  <object>
    <name>Vehicle</name>
    <bndbox>
      <xmin>863</xmin>
      <ymin>461</ymin>
      <xmax>1037</xmax>
      <ymax>603</ymax>
    </bndbox>
    <confidence>0.967363</confidence>
  </object>
</annotation>
