<annotation>
  <folder>runs\detect\exp2</folder>
  <filename>1_20200615_112419_008460.jpg</filename>
  <source>
    <database>Unknown</database>
  </source>
  <size>
    <width>1920</width>
    <height>1080</height>
    <depth>3</depth>
  </size>
  <segmented>0</segmented>
  <object>
    <name>Vehicle</name>
    <bndbox>
      <xmin>1147</xmin>
      <ymin>496</ymin>
      <xmax>1171</xmax>
      <ymax>524</ymax>
    </bndbox>
    <confidence>0.255519</confidence>
  </object>
  <object>
    <name>Vehicle</name>
    <bndbox>
      <xmin>1207</xmin>
      <ymin>480</ymin>
      <xmax>1235</xmax>
      <ymax>522</ymax>
    </bndbox>
    <confidence>0.79805</confidence>
  </object>
  <object>
    <name>Vehicle</name>
    <bndbox>
      <xmin>1166</xmin>
      <ymin>475</ymin>
      <xmax>1211</xmax>
      <ymax>530</ymax>
    </bndbox>
    <confidence>0.888874</confidence>
  </object>
</annotation>
