<annotation>
  <folder>runs\detect\exp2</folder>
  <filename>1_20200615_112419_000210.jpg</filename>
  <source>
    <database>Unknown</database>
  </source>
  <size>
    <width>1920</width>
    <height>1080</height>
    <depth>3</depth>
  </size>
  <segmented>0</segmented>
  <object>
    <name>Vehicle</name>
    <bndbox>
      <xmin>805</xmin>
      <ymin>496</ymin>
      <xmax>840</xmax>
      <ymax>522</ymax>
    </bndbox>
    <confidence>0.361462</confidence>
  </object>
  <object>
    <name>Vehicle</name>
    <bndbox>
      <xmin>905</xmin>
      <ymin>490</ymin>
      <xmax>932</xmax>
      <ymax>516</ymax>
    </bndbox>
    <confidence>0.419481</confidence>
  </object>
  <object>
    <name>Vehicle</name>
    <bndbox>
      <xmin>770</xmin>
      <ymin>505</ymin>
      <xmax>818</xmax>
      <ymax>540</ymax>
    </bndbox>
    <confidence>0.90795</confidence>
  </object>
  <object>
    <name>Vehicle</name>
    <bndbox>
      <xmin>670</xmin>
      <ymin>490</ymin>
      <xmax>735</xmax>
      <ymax>551</ymax>
    </bndbox>
    <confidence>0.924243</confidence>
  </object>
  <object>
    <name>Vehicle</name>
    <bndbox>
      <xmin>592</xmin>
      <ymin>507</ymin>
      <xmax>650</xmax>
      <ymax>555</ymax>
    </bndbox>
    <confidence>0.929081</confidence>
  </object>
  <object>
    <name>Vehicle</name>
    <bndbox>
      <xmin>1238</xmin>
      <ymin>356</ymin>
      <xmax>1360</xmax>
      <ymax>604</ymax>
    </bndbox>
    <confidence>0.934369</confidence>
  </object>
  <object>
    <name>Vehicle</name>
    <bndbox>
      <xmin>523</xmin>
      <ymin>506</ymin>
      <xmax>597</xmax>
      <ymax>569</ymax>
    </bndbox>
    <confidence>0.943397</confidence>
  </object>
  <object>
    <name>Vehicle</name>
    <bndbox>
      <xmin>1</xmin>
      <ymin>488</ymin>
      <xmax>82</xmax>
      <ymax>638</ymax>
    </bndbox>
    <confidence>0.954309</confidence>
  </object>
  <object>
    <name>Vehicle</name>
    <bndbox>
      <xmin>80</xmin>
      <ymin>511</ymin>
      <xmax>251</xmax>
      <ymax>621</ymax>
    </bndbox>
    <confidence>0.958317</confidence>
  </object>
  <object>
    <name>Vehicle</name>
    <bndbox>
      <xmin>194</xmin>
      <ymin>407</ymin>
      <xmax>429</xmax>
      <ymax>599</ymax>
    </bndbox>
    <confidence>0.961772</confidence>
  </object>
  <object>
    <name>Vehicle</name>
    <bndbox>
      <xmin>948</xmin>
      <ymin>472</ymin>
      <xmax>1175</xmax>
      <ymax>655</ymax>
    </bndbox>
    <confidence>0.96993</confidence>
  </object>
  <object>
    <name>Vehicle</name>
    <bndbox>
      <xmin>1326</xmin>
      <ymin>240</ymin>
      <xmax>1867</xmax>
      <ymax>679</ymax>
    </bndbox>
    <confidence>0.972024</confidence>
  </object>
</annotation>
