<annotation>
  <folder>runs\detect\exp39</folder>
  <filename>1_20200615_112419_006060.jpg</filename>
  <source>
    <database>Unknown</database>
  </source>
  <size>
    <width>1920</width>
    <height>1080</height>
    <depth>3</depth>
  </size>
  <segmented>0</segmented>
  <object>
    <name>TrafficSign</name>
    <bndbox>
      <xmin>503</xmin>
      <ymin>368</ymin>
      <xmax>535</xmax>
      <ymax>401</ymax>
    </bndbox>
    <confidence>0.295488</confidence>
  </object>
  <object>
    <name>Vehicle</name>
    <bndbox>
      <xmin>545</xmin>
      <ymin>569</ymin>
      <xmax>596</xmax>
      <ymax>601</ymax>
    </bndbox>
    <confidence>0.848897</confidence>
  </object>
  <object>
    <name>Vehicle</name>
    <bndbox>
      <xmin>637</xmin>
      <ymin>568</ymin>
      <xmax>692</xmax>
      <ymax>600</ymax>
    </bndbox>
    <confidence>0.856949</confidence>
  </object>
  <object>
    <name>TrafficSign</name>
    <bndbox>
      <xmin>475</xmin>
      <ymin>195</ymin>
      <xmax>510</xmax>
      <ymax>230</ymax>
    </bndbox>
    <confidence>0.858815</confidence>
  </object>
  <object>
    <name>TrafficSign</name>
    <bndbox>
      <xmin>481</xmin>
      <ymin>353</ymin>
      <xmax>516</xmax>
      <ymax>389</ymax>
    </bndbox>
    <confidence>0.863782</confidence>
  </object>
  <object>
    <name>TrafficSign</name>
    <bndbox>
      <xmin>477</xmin>
      <ymin>249</ymin>
      <xmax>513</xmax>
      <ymax>284</ymax>
    </bndbox>
    <confidence>0.873374</confidence>
  </object>
  <object>
    <name>TrafficSign</name>
    <bndbox>
      <xmin>478</xmin>
      <ymin>320</ymin>
      <xmax>514</xmax>
      <ymax>354</ymax>
    </bndbox>
    <confidence>0.895417</confidence>
  </object>
  <object>
    <name>TrafficSign</name>
    <bndbox>
      <xmin>477</xmin>
      <ymin>284</ymin>
      <xmax>513</xmax>
      <ymax>320</ymax>
    </bndbox>
    <confidence>0.906834</confidence>
  </object>
  <object>
    <name>Vehicle</name>
    <bndbox>
      <xmin>682</xmin>
      <ymin>453</ymin>
      <xmax>1086</xmax>
      <ymax>767</ymax>
    </bndbox>
    <confidence>0.963211</confidence>
  </object>
</annotation>
