<annotation>
  <folder>runs\detect\exp2</folder>
  <filename>1_20200615_112419_004470.jpg</filename>
  <source>
    <database>Unknown</database>
  </source>
  <size>
    <width>1920</width>
    <height>1080</height>
    <depth>3</depth>
  </size>
  <segmented>0</segmented>
  <object>
    <name>TrafficLight</name>
    <bndbox>
      <xmin>1102</xmin>
      <ymin>169</ymin>
      <xmax>1204</xmax>
      <ymax>199</ymax>
    </bndbox>
    <confidence>0.889951</confidence>
  </object>
  <object>
    <name>Vehicle</name>
    <bndbox>
      <xmin>731</xmin>
      <ymin>555</ymin>
      <xmax>773</xmax>
      <ymax>586</ymax>
    </bndbox>
    <confidence>0.893569</confidence>
  </object>
  <object>
    <name>TrafficSign</name>
    <bndbox>
      <xmin>1192</xmin>
      <ymin>315</ymin>
      <xmax>1229</xmax>
      <ymax>351</ymax>
    </bndbox>
    <confidence>0.899475</confidence>
  </object>
  <object>
    <name>Vehicle</name>
    <bndbox>
      <xmin>623</xmin>
      <ymin>545</ymin>
      <xmax>674</xmax>
      <ymax>592</ymax>
    </bndbox>
    <confidence>0.922963</confidence>
  </object>
  <object>
    <name>Vehicle</name>
    <bndbox>
      <xmin>544</xmin>
      <ymin>532</ymin>
      <xmax>626</xmax>
      <ymax>601</ymax>
    </bndbox>
    <confidence>0.942474</confidence>
  </object>
  <object>
    <name>Vehicle</name>
    <bndbox>
      <xmin>447</xmin>
      <ymin>539</ymin>
      <xmax>553</xmax>
      <ymax>612</ymax>
    </bndbox>
    <confidence>0.955972</confidence>
  </object>
  <object>
    <name>Vehicle</name>
    <bndbox>
      <xmin>286</xmin>
      <ymin>530</ymin>
      <xmax>419</xmax>
      <ymax>639</ymax>
    </bndbox>
    <confidence>0.961227</confidence>
  </object>
  <object>
    <name>Vehicle</name>
    <bndbox>
      <xmin>855</xmin>
      <ymin>503</ymin>
      <xmax>1095</xmax>
      <ymax>697</ymax>
    </bndbox>
    <confidence>0.966775</confidence>
  </object>
  <object>
    <name>Vehicle</name>
    <bndbox>
      <xmin>1</xmin>
      <ymin>529</ymin>
      <xmax>209</xmax>
      <ymax>683</ymax>
    </bndbox>
    <confidence>0.971327</confidence>
  </object>
</annotation>
