<annotation>
  <folder>runs\detect\exp39</folder>
  <filename>1_20200615_112020_000630.jpg</filename>
  <source>
    <database>Unknown</database>
  </source>
  <size>
    <width>1920</width>
    <height>1080</height>
    <depth>3</depth>
  </size>
  <segmented>0</segmented>
  <object>
    <name>Vehicle</name>
    <bndbox>
      <xmin>1278</xmin>
      <ymin>462</ymin>
      <xmax>1320</xmax>
      <ymax>504</ymax>
    </bndbox>
    <confidence>0.832688</confidence>
  </object>
  <object>
    <name>Vehicle</name>
    <bndbox>
      <xmin>996</xmin>
      <ymin>476</ymin>
      <xmax>1054</xmax>
      <ymax>526</ymax>
    </bndbox>
    <confidence>0.907714</confidence>
  </object>
  <object>
    <name>Vehicle</name>
    <bndbox>
      <xmin>857</xmin>
      <ymin>468</ymin>
      <xmax>956</xmax>
      <ymax>541</ymax>
    </bndbox>
    <confidence>0.941322</confidence>
  </object>
  <object>
    <name>Vehicle</name>
    <bndbox>
      <xmin>2</xmin>
      <ymin>9</ymin>
      <xmax>613</xmax>
      <ymax>934</ymax>
    </bndbox>
    <confidence>0.947737</confidence>
  </object>
  <object>
    <name>Vehicle</name>
    <bndbox>
      <xmin>547</xmin>
      <ymin>479</ymin>
      <xmax>680</xmax>
      <ymax>594</ymax>
    </bndbox>
    <confidence>0.951282</confidence>
  </object>
</annotation>
