<annotation>
  <folder>runs\detect\exp2</folder>
  <filename>1_20200615_112020_000420.jpg</filename>
  <source>
    <database>Unknown</database>
  </source>
  <size>
    <width>1920</width>
    <height>1080</height>
    <depth>3</depth>
  </size>
  <segmented>0</segmented>
  <object>
    <name>Vehicle</name>
    <bndbox>
      <xmin>1184</xmin>
      <ymin>437</ymin>
      <xmax>1255</xmax>
      <ymax>520</ymax>
    </bndbox>
    <confidence>0.898933</confidence>
  </object>
  <object>
    <name>Vehicle</name>
    <bndbox>
      <xmin>896</xmin>
      <ymin>371</ymin>
      <xmax>1073</xmax>
      <ymax>561</ymax>
    </bndbox>
    <confidence>0.91388</confidence>
  </object>
  <object>
    <name>Vehicle</name>
    <bndbox>
      <xmin>567</xmin>
      <ymin>448</ymin>
      <xmax>730</xmax>
      <ymax>579</ymax>
    </bndbox>
    <confidence>0.946011</confidence>
  </object>
</annotation>
