<annotation>
  <folder>runs\detect\exp39</folder>
  <filename>1_20200615_112020_000180.jpg</filename>
  <source>
    <database>Unknown</database>
  </source>
  <size>
    <width>1920</width>
    <height>1080</height>
    <depth>3</depth>
  </size>
  <segmented>0</segmented>
  <object>
    <name>Vehicle</name>
    <bndbox>
      <xmin>1247</xmin>
      <ymin>475</ymin>
      <xmax>1298</xmax>
      <ymax>513</ymax>
    </bndbox>
    <confidence>0.872057</confidence>
  </object>
  <object>
    <name>Vehicle</name>
    <bndbox>
      <xmin>1</xmin>
      <ymin>6</ymin>
      <xmax>263</xmax>
      <ymax>895</ymax>
    </bndbox>
    <confidence>0.935786</confidence>
  </object>
  <object>
    <name>Vehicle</name>
    <bndbox>
      <xmin>794</xmin>
      <ymin>383</ymin>
      <xmax>947</xmax>
      <ymax>547</ymax>
    </bndbox>
    <confidence>0.948181</confidence>
  </object>
  <object>
    <name>Vehicle</name>
    <bndbox>
      <xmin>485</xmin>
      <ymin>409</ymin>
      <xmax>678</xmax>
      <ymax>592</ymax>
    </bndbox>
    <confidence>0.960063</confidence>
  </object>
</annotation>
