<annotation>
  <folder>runs\detect\exp2</folder>
  <filename>1_20200615_112020_000630.jpg</filename>
  <source>
    <database>Unknown</database>
  </source>
  <size>
    <width>1920</width>
    <height>1080</height>
    <depth>3</depth>
  </size>
  <segmented>0</segmented>
  <object>
    <name>Vehicle</name>
    <bndbox>
      <xmin>1278</xmin>
      <ymin>462</ymin>
      <xmax>1320</xmax>
      <ymax>504</ymax>
    </bndbox>
    <confidence>0.846185</confidence>
  </object>
  <object>
    <name>Vehicle</name>
    <bndbox>
      <xmin>998</xmin>
      <ymin>476</ymin>
      <xmax>1055</xmax>
      <ymax>526</ymax>
    </bndbox>
    <confidence>0.912728</confidence>
  </object>
  <object>
    <name>Vehicle</name>
    <bndbox>
      <xmin>857</xmin>
      <ymin>468</ymin>
      <xmax>956</xmax>
      <ymax>541</ymax>
    </bndbox>
    <confidence>0.945102</confidence>
  </object>
  <object>
    <name>Vehicle</name>
    <bndbox>
      <xmin>2</xmin>
      <ymin>7</ymin>
      <xmax>613</xmax>
      <ymax>935</ymax>
    </bndbox>
    <confidence>0.952109</confidence>
  </object>
  <object>
    <name>Vehicle</name>
    <bndbox>
      <xmin>547</xmin>
      <ymin>480</ymin>
      <xmax>680</xmax>
      <ymax>593</ymax>
    </bndbox>
    <confidence>0.954658</confidence>
  </object>
</annotation>
