<annotation>
  <folder>runs\detect\exp39</folder>
  <filename>1_20200615_112020_000330.jpg</filename>
  <source>
    <database>Unknown</database>
  </source>
  <size>
    <width>1920</width>
    <height>1080</height>
    <depth>3</depth>
  </size>
  <segmented>0</segmented>
  <object>
    <name>Vehicle</name>
    <bndbox>
      <xmin>956</xmin>
      <ymin>479</ymin>
      <xmax>1010</xmax>
      <ymax>531</ymax>
    </bndbox>
    <confidence>0.863258</confidence>
  </object>
  <object>
    <name>Vehicle</name>
    <bndbox>
      <xmin>1162</xmin>
      <ymin>454</ymin>
      <xmax>1224</xmax>
      <ymax>513</ymax>
    </bndbox>
    <confidence>0.878094</confidence>
  </object>
  <object>
    <name>Vehicle</name>
    <bndbox>
      <xmin>1253</xmin>
      <ymin>433</ymin>
      <xmax>1332</xmax>
      <ymax>507</ymax>
    </bndbox>
    <confidence>0.882847</confidence>
  </object>
  <object>
    <name>Vehicle</name>
    <bndbox>
      <xmin>1007</xmin>
      <ymin>416</ymin>
      <xmax>1115</xmax>
      <ymax>542</ymax>
    </bndbox>
    <confidence>0.901799</confidence>
  </object>
  <object>
    <name>Vehicle</name>
    <bndbox>
      <xmin>0</xmin>
      <ymin>4</ymin>
      <xmax>254</xmax>
      <ymax>873</ymax>
    </bndbox>
    <confidence>0.911348</confidence>
  </object>
</annotation>
