<annotation>
  <folder>runs\detect\exp2</folder>
  <filename>1_20200615_112020_000510.jpg</filename>
  <source>
    <database>Unknown</database>
  </source>
  <size>
    <width>1920</width>
    <height>1080</height>
    <depth>3</depth>
  </size>
  <segmented>0</segmented>
  <object>
    <name>Vehicle</name>
    <bndbox>
      <xmin>1333</xmin>
      <ymin>447</ymin>
      <xmax>1389</xmax>
      <ymax>506</ymax>
    </bndbox>
    <confidence>0.859386</confidence>
  </object>
  <object>
    <name>Vehicle</name>
    <bndbox>
      <xmin>998</xmin>
      <ymin>462</ymin>
      <xmax>1065</xmax>
      <ymax>528</ymax>
    </bndbox>
    <confidence>0.876235</confidence>
  </object>
  <object>
    <name>Vehicle</name>
    <bndbox>
      <xmin>1177</xmin>
      <ymin>423</ymin>
      <xmax>1255</xmax>
      <ymax>519</ymax>
    </bndbox>
    <confidence>0.902443</confidence>
  </object>
  <object>
    <name>Vehicle</name>
    <bndbox>
      <xmin>341</xmin>
      <ymin>479</ymin>
      <xmax>533</xmax>
      <ymax>619</ymax>
    </bndbox>
    <confidence>0.966361</confidence>
  </object>
</annotation>
