<annotation>
  <folder>runs\detect\exp2</folder>
  <filename>1_20200615_112020_000600.jpg</filename>
  <source>
    <database>Unknown</database>
  </source>
  <size>
    <width>1920</width>
    <height>1080</height>
    <depth>3</depth>
  </size>
  <segmented>0</segmented>
  <object>
    <name>Vehicle</name>
    <bndbox>
      <xmin>1345</xmin>
      <ymin>440</ymin>
      <xmax>1407</xmax>
      <ymax>506</ymax>
    </bndbox>
    <confidence>0.868699</confidence>
  </object>
  <object>
    <name>Vehicle</name>
    <bndbox>
      <xmin>1215</xmin>
      <ymin>466</ymin>
      <xmax>1265</xmax>
      <ymax>510</ymax>
    </bndbox>
    <confidence>0.883272</confidence>
  </object>
  <object>
    <name>Vehicle</name>
    <bndbox>
      <xmin>902</xmin>
      <ymin>477</ymin>
      <xmax>979</xmax>
      <ymax>537</ymax>
    </bndbox>
    <confidence>0.941415</confidence>
  </object>
  <object>
    <name>Vehicle</name>
    <bndbox>
      <xmin>737</xmin>
      <ymin>470</ymin>
      <xmax>858</xmax>
      <ymax>561</ymax>
    </bndbox>
    <confidence>0.95897</confidence>
  </object>
  <object>
    <name>Vehicle</name>
    <bndbox>
      <xmin>0</xmin>
      <ymin>480</ymin>
      <xmax>332</xmax>
      <ymax>675</ymax>
    </bndbox>
    <confidence>0.969675</confidence>
  </object>
</annotation>
