<annotation>
  <folder>runs\detect\exp39</folder>
  <filename>1_20200615_112020_000300.jpg</filename>
  <source>
    <database>Unknown</database>
  </source>
  <size>
    <width>1920</width>
    <height>1080</height>
    <depth>3</depth>
  </size>
  <segmented>0</segmented>
  <object>
    <name>Vehicle</name>
    <bndbox>
      <xmin>1186</xmin>
      <ymin>428</ymin>
      <xmax>1268</xmax>
      <ymax>511</ymax>
    </bndbox>
    <confidence>0.858142</confidence>
  </object>
  <object>
    <name>Vehicle</name>
    <bndbox>
      <xmin>1084</xmin>
      <ymin>453</ymin>
      <xmax>1149</xmax>
      <ymax>520</ymax>
    </bndbox>
    <confidence>0.880847</confidence>
  </object>
  <object>
    <name>Vehicle</name>
    <bndbox>
      <xmin>921</xmin>
      <ymin>402</ymin>
      <xmax>1056</xmax>
      <ymax>557</ymax>
    </bndbox>
    <confidence>0.925914</confidence>
  </object>
  <object>
    <name>Vehicle</name>
    <bndbox>
      <xmin>810</xmin>
      <ymin>480</ymin>
      <xmax>909</xmax>
      <ymax>545</ymax>
    </bndbox>
    <confidence>0.945703</confidence>
  </object>
</annotation>
