<annotation>
  <folder>runs\detect\exp2</folder>
  <filename>1_20200615_112020_000750.jpg</filename>
  <source>
    <database>Unknown</database>
  </source>
  <size>
    <width>1920</width>
    <height>1080</height>
    <depth>3</depth>
  </size>
  <segmented>0</segmented>
  <object>
    <name>Vehicle</name>
    <bndbox>
      <xmin>1261</xmin>
      <ymin>467</ymin>
      <xmax>1301</xmax>
      <ymax>498</ymax>
    </bndbox>
    <confidence>0.844544</confidence>
  </object>
  <object>
    <name>Vehicle</name>
    <bndbox>
      <xmin>1188</xmin>
      <ymin>462</ymin>
      <xmax>1245</xmax>
      <ymax>503</ymax>
    </bndbox>
    <confidence>0.888141</confidence>
  </object>
  <object>
    <name>Vehicle</name>
    <bndbox>
      <xmin>1095</xmin>
      <ymin>470</ymin>
      <xmax>1148</xmax>
      <ymax>513</ymax>
    </bndbox>
    <confidence>0.891394</confidence>
  </object>
  <object>
    <name>Vehicle</name>
    <bndbox>
      <xmin>623</xmin>
      <ymin>472</ymin>
      <xmax>767</xmax>
      <ymax>563</ymax>
    </bndbox>
    <confidence>0.946866</confidence>
  </object>
</annotation>
