<annotation>
  <folder>runs\detect\exp2</folder>
  <filename>1_20200615_112020_000360.jpg</filename>
  <source>
    <database>Unknown</database>
  </source>
  <size>
    <width>1920</width>
    <height>1080</height>
    <depth>3</depth>
  </size>
  <segmented>0</segmented>
  <object>
    <name>Vehicle</name>
    <bndbox>
      <xmin>1235</xmin>
      <ymin>457</ymin>
      <xmax>1283</xmax>
      <ymax>508</ymax>
    </bndbox>
    <confidence>0.855466</confidence>
  </object>
  <object>
    <name>Vehicle</name>
    <bndbox>
      <xmin>1324</xmin>
      <ymin>439</ymin>
      <xmax>1390</xmax>
      <ymax>505</ymax>
    </bndbox>
    <confidence>0.893984</confidence>
  </object>
  <object>
    <name>Vehicle</name>
    <bndbox>
      <xmin>1074</xmin>
      <ymin>425</ymin>
      <xmax>1166</xmax>
      <ymax>532</ymax>
    </bndbox>
    <confidence>0.910419</confidence>
  </object>
  <object>
    <name>Vehicle</name>
    <bndbox>
      <xmin>304</xmin>
      <ymin>187</ymin>
      <xmax>780</xmax>
      <ymax>665</ymax>
    </bndbox>
    <confidence>0.967367</confidence>
  </object>
</annotation>
