<annotation>
  <folder>runs\detect\exp2</folder>
  <filename>1_20200615_112020_000390.jpg</filename>
  <source>
    <database>Unknown</database>
  </source>
  <size>
    <width>1920</width>
    <height>1080</height>
    <depth>3</depth>
  </size>
  <segmented>0</segmented>
  <object>
    <name>Vehicle</name>
    <bndbox>
      <xmin>1301</xmin>
      <ymin>458</ymin>
      <xmax>1348</xmax>
      <ymax>505</ymax>
    </bndbox>
    <confidence>0.834166</confidence>
  </object>
  <object>
    <name>Vehicle</name>
    <bndbox>
      <xmin>1137</xmin>
      <ymin>431</ymin>
      <xmax>1214</xmax>
      <ymax>525</ymax>
    </bndbox>
    <confidence>0.893459</confidence>
  </object>
  <object>
    <name>Vehicle</name>
    <bndbox>
      <xmin>716</xmin>
      <ymin>320</ymin>
      <xmax>970</xmax>
      <ymax>587</ymax>
    </bndbox>
    <confidence>0.964074</confidence>
  </object>
  <object>
    <name>Vehicle</name>
    <bndbox>
      <xmin>277</xmin>
      <ymin>435</ymin>
      <xmax>526</xmax>
      <ymax>624</ymax>
    </bndbox>
    <confidence>0.964817</confidence>
  </object>
</annotation>
