<annotation>
  <folder>runs\detect\exp39</folder>
  <filename>1_20200615_112020_000540.jpg</filename>
  <source>
    <database>Unknown</database>
  </source>
  <size>
    <width>1920</width>
    <height>1080</height>
    <depth>3</depth>
  </size>
  <segmented>0</segmented>
  <object>
    <name>Vehicle</name>
    <bndbox>
      <xmin>1070</xmin>
      <ymin>462</ymin>
      <xmax>1134</xmax>
      <ymax>521</ymax>
    </bndbox>
    <confidence>0.797718</confidence>
  </object>
  <object>
    <name>Vehicle</name>
    <bndbox>
      <xmin>1224</xmin>
      <ymin>432</ymin>
      <xmax>1295</xmax>
      <ymax>513</ymax>
    </bndbox>
    <confidence>0.904554</confidence>
  </object>
  <object>
    <name>Vehicle</name>
    <bndbox>
      <xmin>611</xmin>
      <ymin>478</ymin>
      <xmax>739</xmax>
      <ymax>574</ymax>
    </bndbox>
    <confidence>0.955852</confidence>
  </object>
  <object>
    <name>Vehicle</name>
    <bndbox>
      <xmin>191</xmin>
      <ymin>453</ymin>
      <xmax>463</xmax>
      <ymax>642</ymax>
    </bndbox>
    <confidence>0.966502</confidence>
  </object>
</annotation>
