<annotation>
  <folder>runs\detect\exp2</folder>
  <filename>1_20200615_112020_000210.jpg</filename>
  <source>
    <database>Unknown</database>
  </source>
  <size>
    <width>1920</width>
    <height>1080</height>
    <depth>3</depth>
  </size>
  <segmented>0</segmented>
  <object>
    <name>Vehicle</name>
    <bndbox>
      <xmin>1286</xmin>
      <ymin>475</ymin>
      <xmax>1335</xmax>
      <ymax>510</ymax>
    </bndbox>
    <confidence>0.872687</confidence>
  </object>
  <object>
    <name>Vehicle</name>
    <bndbox>
      <xmin>905</xmin>
      <ymin>400</ymin>
      <xmax>1033</xmax>
      <ymax>532</ymax>
    </bndbox>
    <confidence>0.93447</confidence>
  </object>
  <object>
    <name>Vehicle</name>
    <bndbox>
      <xmin>711</xmin>
      <ymin>428</ymin>
      <xmax>845</xmax>
      <ymax>561</ymax>
    </bndbox>
    <confidence>0.956259</confidence>
  </object>
  <object>
    <name>Vehicle</name>
    <bndbox>
      <xmin>224</xmin>
      <ymin>217</ymin>
      <xmax>708</xmax>
      <ymax>709</ymax>
    </bndbox>
    <confidence>0.968599</confidence>
  </object>
</annotation>
