<annotation>
  <folder>runs\detect\exp39</folder>
  <filename>1_20200615_112020_000600.jpg</filename>
  <source>
    <database>Unknown</database>
  </source>
  <size>
    <width>1920</width>
    <height>1080</height>
    <depth>3</depth>
  </size>
  <segmented>0</segmented>
  <object>
    <name>Vehicle</name>
    <bndbox>
      <xmin>1345</xmin>
      <ymin>440</ymin>
      <xmax>1407</xmax>
      <ymax>506</ymax>
    </bndbox>
    <confidence>0.830585</confidence>
  </object>
  <object>
    <name>Vehicle</name>
    <bndbox>
      <xmin>1215</xmin>
      <ymin>466</ymin>
      <xmax>1265</xmax>
      <ymax>510</ymax>
    </bndbox>
    <confidence>0.876147</confidence>
  </object>
  <object>
    <name>Vehicle</name>
    <bndbox>
      <xmin>902</xmin>
      <ymin>477</ymin>
      <xmax>978</xmax>
      <ymax>537</ymax>
    </bndbox>
    <confidence>0.936779</confidence>
  </object>
  <object>
    <name>Vehicle</name>
    <bndbox>
      <xmin>737</xmin>
      <ymin>470</ymin>
      <xmax>858</xmax>
      <ymax>561</ymax>
    </bndbox>
    <confidence>0.954447</confidence>
  </object>
  <object>
    <name>Vehicle</name>
    <bndbox>
      <xmin>1</xmin>
      <ymin>480</ymin>
      <xmax>331</xmax>
      <ymax>676</ymax>
    </bndbox>
    <confidence>0.966256</confidence>
  </object>
</annotation>
