<annotation>
  <folder>runs\detect\exp39</folder>
  <filename>1_20200615_112020_000390.jpg</filename>
  <source>
    <database>Unknown</database>
  </source>
  <size>
    <width>1920</width>
    <height>1080</height>
    <depth>3</depth>
  </size>
  <segmented>0</segmented>
  <object>
    <name>Vehicle</name>
    <bndbox>
      <xmin>1300</xmin>
      <ymin>458</ymin>
      <xmax>1346</xmax>
      <ymax>505</ymax>
    </bndbox>
    <confidence>0.815049</confidence>
  </object>
  <object>
    <name>Vehicle</name>
    <bndbox>
      <xmin>1135</xmin>
      <ymin>431</ymin>
      <xmax>1213</xmax>
      <ymax>525</ymax>
    </bndbox>
    <confidence>0.885855</confidence>
  </object>
  <object>
    <name>Vehicle</name>
    <bndbox>
      <xmin>277</xmin>
      <ymin>435</ymin>
      <xmax>526</xmax>
      <ymax>624</ymax>
    </bndbox>
    <confidence>0.960224</confidence>
  </object>
  <object>
    <name>Vehicle</name>
    <bndbox>
      <xmin>717</xmin>
      <ymin>320</ymin>
      <xmax>971</xmax>
      <ymax>587</ymax>
    </bndbox>
    <confidence>0.960626</confidence>
  </object>
</annotation>
