<annotation>
  <folder>runs\detect\exp39</folder>
  <filename>1_20200615_112020_000720.jpg</filename>
  <source>
    <database>Unknown</database>
  </source>
  <size>
    <width>1920</width>
    <height>1080</height>
    <depth>3</depth>
  </size>
  <segmented>0</segmented>
  <object>
    <name>Vehicle</name>
    <bndbox>
      <xmin>814</xmin>
      <ymin>325</ymin>
      <xmax>1037</xmax>
      <ymax>574</ymax>
    </bndbox>
    <confidence>0.828944</confidence>
  </object>
  <object>
    <name>Vehicle</name>
    <bndbox>
      <xmin>1208</xmin>
      <ymin>472</ymin>
      <xmax>1246</xmax>
      <ymax>507</ymax>
    </bndbox>
    <confidence>0.860104</confidence>
  </object>
  <object>
    <name>Vehicle</name>
    <bndbox>
      <xmin>1035</xmin>
      <ymin>476</ymin>
      <xmax>1074</xmax>
      <ymax>526</ymax>
    </bndbox>
    <confidence>0.874496</confidence>
  </object>
  <object>
    <name>Vehicle</name>
    <bndbox>
      <xmin>1123</xmin>
      <ymin>467</ymin>
      <xmax>1182</xmax>
      <ymax>513</ymax>
    </bndbox>
    <confidence>0.902017</confidence>
  </object>
  <object>
    <name>Vehicle</name>
    <bndbox>
      <xmin>288</xmin>
      <ymin>476</ymin>
      <xmax>517</xmax>
      <ymax>614</ymax>
    </bndbox>
    <confidence>0.973348</confidence>
  </object>
</annotation>
