<annotation>
  <folder>runs\detect\exp2</folder>
  <filename>1_20200615_112020_000480.jpg</filename>
  <source>
    <database>Unknown</database>
  </source>
  <size>
    <width>1920</width>
    <height>1080</height>
    <depth>3</depth>
  </size>
  <segmented>0</segmented>
  <object>
    <name>Vehicle</name>
    <bndbox>
      <xmin>1355</xmin>
      <ymin>478</ymin>
      <xmax>1389</xmax>
      <ymax>506</ymax>
    </bndbox>
    <confidence>0.706208</confidence>
  </object>
  <object>
    <name>Vehicle</name>
    <bndbox>
      <xmin>1114</xmin>
      <ymin>413</ymin>
      <xmax>1203</xmax>
      <ymax>527</ymax>
    </bndbox>
    <confidence>0.899535</confidence>
  </object>
  <object>
    <name>Vehicle</name>
    <bndbox>
      <xmin>1288</xmin>
      <ymin>443</ymin>
      <xmax>1348</xmax>
      <ymax>510</ymax>
    </bndbox>
    <confidence>0.902019</confidence>
  </object>
  <object>
    <name>Vehicle</name>
    <bndbox>
      <xmin>880</xmin>
      <ymin>457</ymin>
      <xmax>977</xmax>
      <ymax>541</ymax>
    </bndbox>
    <confidence>0.937526</confidence>
  </object>
</annotation>
