<annotation>
  <folder>runs\detect\exp2</folder>
  <filename>1_20200615_112020_000780.jpg</filename>
  <source>
    <database>Unknown</database>
  </source>
  <size>
    <width>1920</width>
    <height>1080</height>
    <depth>3</depth>
  </size>
  <segmented>0</segmented>
  <object>
    <name>Vehicle</name>
    <bndbox>
      <xmin>1010</xmin>
      <ymin>467</ymin>
      <xmax>1096</xmax>
      <ymax>536</ymax>
    </bndbox>
    <confidence>0.544475</confidence>
  </object>
  <object>
    <name>Vehicle</name>
    <bndbox>
      <xmin>1320</xmin>
      <ymin>468</ymin>
      <xmax>1357</xmax>
      <ymax>498</ymax>
    </bndbox>
    <confidence>0.804176</confidence>
  </object>
  <object>
    <name>Vehicle</name>
    <bndbox>
      <xmin>1254</xmin>
      <ymin>463</ymin>
      <xmax>1303</xmax>
      <ymax>500</ymax>
    </bndbox>
    <confidence>0.867303</confidence>
  </object>
  <object>
    <name>Vehicle</name>
    <bndbox>
      <xmin>1181</xmin>
      <ymin>469</ymin>
      <xmax>1242</xmax>
      <ymax>507</ymax>
    </bndbox>
    <confidence>0.89665</confidence>
  </object>
  <object>
    <name>Vehicle</name>
    <bndbox>
      <xmin>817</xmin>
      <ymin>472</ymin>
      <xmax>917</xmax>
      <ymax>539</ymax>
    </bndbox>
    <confidence>0.95427</confidence>
  </object>
</annotation>
