<annotation>
  <folder>runs\detect\exp39</folder>
  <filename>1_20200615_112020_000750.jpg</filename>
  <source>
    <database>Unknown</database>
  </source>
  <size>
    <width>1920</width>
    <height>1080</height>
    <depth>3</depth>
  </size>
  <segmented>0</segmented>
  <object>
    <name>Vehicle</name>
    <bndbox>
      <xmin>1261</xmin>
      <ymin>467</ymin>
      <xmax>1301</xmax>
      <ymax>498</ymax>
    </bndbox>
    <confidence>0.837287</confidence>
  </object>
  <object>
    <name>Vehicle</name>
    <bndbox>
      <xmin>1187</xmin>
      <ymin>463</ymin>
      <xmax>1243</xmax>
      <ymax>503</ymax>
    </bndbox>
    <confidence>0.879089</confidence>
  </object>
  <object>
    <name>Vehicle</name>
    <bndbox>
      <xmin>1095</xmin>
      <ymin>470</ymin>
      <xmax>1148</xmax>
      <ymax>513</ymax>
    </bndbox>
    <confidence>0.884964</confidence>
  </object>
  <object>
    <name>Vehicle</name>
    <bndbox>
      <xmin>623</xmin>
      <ymin>472</ymin>
      <xmax>767</xmax>
      <ymax>563</ymax>
    </bndbox>
    <confidence>0.939007</confidence>
  </object>
</annotation>
