<annotation>
  <folder>runs\detect\exp39</folder>
  <filename>1_20200615_112020_000270.jpg</filename>
  <source>
    <database>Unknown</database>
  </source>
  <size>
    <width>1920</width>
    <height>1080</height>
    <depth>3</depth>
  </size>
  <segmented>0</segmented>
  <object>
    <name>Vehicle</name>
    <bndbox>
      <xmin>1096</xmin>
      <ymin>422</ymin>
      <xmax>1189</xmax>
      <ymax>516</ymax>
    </bndbox>
    <confidence>0.882573</confidence>
  </object>
  <object>
    <name>Vehicle</name>
    <bndbox>
      <xmin>995</xmin>
      <ymin>448</ymin>
      <xmax>1060</xmax>
      <ymax>529</ymax>
    </bndbox>
    <confidence>0.891272</confidence>
  </object>
  <object>
    <name>Vehicle</name>
    <bndbox>
      <xmin>809</xmin>
      <ymin>377</ymin>
      <xmax>985</xmax>
      <ymax>580</ymax>
    </bndbox>
    <confidence>0.942293</confidence>
  </object>
  <object>
    <name>Vehicle</name>
    <bndbox>
      <xmin>613</xmin>
      <ymin>478</ymin>
      <xmax>748</xmax>
      <ymax>565</ymax>
    </bndbox>
    <confidence>0.958062</confidence>
  </object>
</annotation>
