<annotation>
  <folder>runs\detect\exp39</folder>
  <filename>1_20200615_112020_000570.jpg</filename>
  <source>
    <database>Unknown</database>
  </source>
  <size>
    <width>1920</width>
    <height>1080</height>
    <depth>3</depth>
  </size>
  <segmented>0</segmented>
  <object>
    <name>Vehicle</name>
    <bndbox>
      <xmin>1149</xmin>
      <ymin>465</ymin>
      <xmax>1200</xmax>
      <ymax>515</ymax>
    </bndbox>
    <confidence>0.828731</confidence>
  </object>
  <object>
    <name>Vehicle</name>
    <bndbox>
      <xmin>1280</xmin>
      <ymin>433</ymin>
      <xmax>1349</xmax>
      <ymax>507</ymax>
    </bndbox>
    <confidence>0.890933</confidence>
  </object>
  <object>
    <name>Vehicle</name>
    <bndbox>
      <xmin>783</xmin>
      <ymin>479</ymin>
      <xmax>879</xmax>
      <ymax>552</ymax>
    </bndbox>
    <confidence>0.949742</confidence>
  </object>
  <object>
    <name>Vehicle</name>
    <bndbox>
      <xmin>548</xmin>
      <ymin>463</ymin>
      <xmax>713</xmax>
      <ymax>586</ymax>
    </bndbox>
    <confidence>0.965778</confidence>
  </object>
</annotation>
