<annotation>
  <folder>runs\detect\exp2</folder>
  <filename>1_20200615_112020_000540.jpg</filename>
  <source>
    <database>Unknown</database>
  </source>
  <size>
    <width>1920</width>
    <height>1080</height>
    <depth>3</depth>
  </size>
  <segmented>0</segmented>
  <object>
    <name>Vehicle</name>
    <bndbox>
      <xmin>1070</xmin>
      <ymin>463</ymin>
      <xmax>1134</xmax>
      <ymax>521</ymax>
    </bndbox>
    <confidence>0.81231</confidence>
  </object>
  <object>
    <name>Vehicle</name>
    <bndbox>
      <xmin>1222</xmin>
      <ymin>433</ymin>
      <xmax>1294</xmax>
      <ymax>513</ymax>
    </bndbox>
    <confidence>0.908967</confidence>
  </object>
  <object>
    <name>Vehicle</name>
    <bndbox>
      <xmin>612</xmin>
      <ymin>477</ymin>
      <xmax>740</xmax>
      <ymax>573</ymax>
    </bndbox>
    <confidence>0.960257</confidence>
  </object>
  <object>
    <name>Vehicle</name>
    <bndbox>
      <xmin>190</xmin>
      <ymin>453</ymin>
      <xmax>461</xmax>
      <ymax>642</ymax>
    </bndbox>
    <confidence>0.96995</confidence>
  </object>
</annotation>
