<annotation>
  <folder>runs\detect\exp39</folder>
  <filename>1_20200615_112020_000450.jpg</filename>
  <source>
    <database>Unknown</database>
  </source>
  <size>
    <width>1920</width>
    <height>1080</height>
    <depth>3</depth>
  </size>
  <segmented>0</segmented>
  <object>
    <name>Vehicle</name>
    <bndbox>
      <xmin>1503</xmin>
      <ymin>454</ymin>
      <xmax>1556</xmax>
      <ymax>497</ymax>
    </bndbox>
    <confidence>0.415913</confidence>
  </object>
  <object>
    <name>Vehicle</name>
    <bndbox>
      <xmin>1301</xmin>
      <ymin>476</ymin>
      <xmax>1335</xmax>
      <ymax>507</ymax>
    </bndbox>
    <confidence>0.706215</confidence>
  </object>
  <object>
    <name>Vehicle</name>
    <bndbox>
      <xmin>1238</xmin>
      <ymin>440</ymin>
      <xmax>1305</xmax>
      <ymax>515</ymax>
    </bndbox>
    <confidence>0.887874</confidence>
  </object>
  <object>
    <name>Vehicle</name>
    <bndbox>
      <xmin>1023</xmin>
      <ymin>391</ymin>
      <xmax>1150</xmax>
      <ymax>539</ymax>
    </bndbox>
    <confidence>0.908775</confidence>
  </object>
  <object>
    <name>Vehicle</name>
    <bndbox>
      <xmin>752</xmin>
      <ymin>456</ymin>
      <xmax>871</xmax>
      <ymax>554</ymax>
    </bndbox>
    <confidence>0.940801</confidence>
  </object>
</annotation>
