<annotation>
  <folder>runs\detect\exp39</folder>
  <filename>1_20200615_112020_000480.jpg</filename>
  <source>
    <database>Unknown</database>
  </source>
  <size>
    <width>1920</width>
    <height>1080</height>
    <depth>3</depth>
  </size>
  <segmented>0</segmented>
  <object>
    <name>Vehicle</name>
    <bndbox>
      <xmin>1355</xmin>
      <ymin>478</ymin>
      <xmax>1389</xmax>
      <ymax>505</ymax>
    </bndbox>
    <confidence>0.695786</confidence>
  </object>
  <object>
    <name>Vehicle</name>
    <bndbox>
      <xmin>1115</xmin>
      <ymin>413</ymin>
      <xmax>1202</xmax>
      <ymax>528</ymax>
    </bndbox>
    <confidence>0.893419</confidence>
  </object>
  <object>
    <name>Vehicle</name>
    <bndbox>
      <xmin>1288</xmin>
      <ymin>443</ymin>
      <xmax>1348</xmax>
      <ymax>510</ymax>
    </bndbox>
    <confidence>0.896477</confidence>
  </object>
  <object>
    <name>Vehicle</name>
    <bndbox>
      <xmin>879</xmin>
      <ymin>457</ymin>
      <xmax>975</xmax>
      <ymax>541</ymax>
    </bndbox>
    <confidence>0.933054</confidence>
  </object>
</annotation>
