<annotation>
  <folder>runs\detect\exp39</folder>
  <filename>1_20200615_112020_000660.jpg</filename>
  <source>
    <database>Unknown</database>
  </source>
  <size>
    <width>1920</width>
    <height>1080</height>
    <depth>3</depth>
  </size>
  <segmented>0</segmented>
  <object>
    <name>Vehicle</name>
    <bndbox>
      <xmin>1332</xmin>
      <ymin>476</ymin>
      <xmax>1369</xmax>
      <ymax>503</ymax>
    </bndbox>
    <confidence>0.263085</confidence>
  </object>
  <object>
    <name>Vehicle</name>
    <bndbox>
      <xmin>1074</xmin>
      <ymin>473</ymin>
      <xmax>1130</xmax>
      <ymax>517</ymax>
    </bndbox>
    <confidence>0.913163</confidence>
  </object>
  <object>
    <name>Vehicle</name>
    <bndbox>
      <xmin>286</xmin>
      <ymin>104</ymin>
      <xmax>877</xmax>
      <ymax>682</ymax>
    </bndbox>
    <confidence>0.931996</confidence>
  </object>
  <object>
    <name>Vehicle</name>
    <bndbox>
      <xmin>962</xmin>
      <ymin>467</ymin>
      <xmax>1043</xmax>
      <ymax>528</ymax>
    </bndbox>
    <confidence>0.936105</confidence>
  </object>
</annotation>
