<annotation>
  <folder>runs\detect\exp39</folder>
  <filename>1_20200615_112020_000510.jpg</filename>
  <source>
    <database>Unknown</database>
  </source>
  <size>
    <width>1920</width>
    <height>1080</height>
    <depth>3</depth>
  </size>
  <segmented>0</segmented>
  <object>
    <name>Vehicle</name>
    <bndbox>
      <xmin>1333</xmin>
      <ymin>447</ymin>
      <xmax>1389</xmax>
      <ymax>505</ymax>
    </bndbox>
    <confidence>0.837751</confidence>
  </object>
  <object>
    <name>Vehicle</name>
    <bndbox>
      <xmin>998</xmin>
      <ymin>462</ymin>
      <xmax>1063</xmax>
      <ymax>528</ymax>
    </bndbox>
    <confidence>0.870175</confidence>
  </object>
  <object>
    <name>Vehicle</name>
    <bndbox>
      <xmin>1177</xmin>
      <ymin>424</ymin>
      <xmax>1255</xmax>
      <ymax>520</ymax>
    </bndbox>
    <confidence>0.896218</confidence>
  </object>
  <object>
    <name>Vehicle</name>
    <bndbox>
      <xmin>342</xmin>
      <ymin>478</ymin>
      <xmax>533</xmax>
      <ymax>619</ymax>
    </bndbox>
    <confidence>0.962334</confidence>
  </object>
</annotation>
