<annotation>
  <folder>runs\detect\exp2</folder>
  <filename>1_20200615_112020_000570.jpg</filename>
  <source>
    <database>Unknown</database>
  </source>
  <size>
    <width>1920</width>
    <height>1080</height>
    <depth>3</depth>
  </size>
  <segmented>0</segmented>
  <object>
    <name>Vehicle</name>
    <bndbox>
      <xmin>1147</xmin>
      <ymin>465</ymin>
      <xmax>1199</xmax>
      <ymax>515</ymax>
    </bndbox>
    <confidence>0.842822</confidence>
  </object>
  <object>
    <name>Vehicle</name>
    <bndbox>
      <xmin>1280</xmin>
      <ymin>433</ymin>
      <xmax>1349</xmax>
      <ymax>507</ymax>
    </bndbox>
    <confidence>0.900362</confidence>
  </object>
  <object>
    <name>Vehicle</name>
    <bndbox>
      <xmin>783</xmin>
      <ymin>479</ymin>
      <xmax>879</xmax>
      <ymax>552</ymax>
    </bndbox>
    <confidence>0.954165</confidence>
  </object>
  <object>
    <name>Vehicle</name>
    <bndbox>
      <xmin>548</xmin>
      <ymin>463</ymin>
      <xmax>713</xmax>
      <ymax>586</ymax>
    </bndbox>
    <confidence>0.967593</confidence>
  </object>
</annotation>
