<annotation>
  <folder>runs\detect\exp2</folder>
  <filename>1_20200615_112020_000300.jpg</filename>
  <source>
    <database>Unknown</database>
  </source>
  <size>
    <width>1920</width>
    <height>1080</height>
    <depth>3</depth>
  </size>
  <segmented>0</segmented>
  <object>
    <name>Vehicle</name>
    <bndbox>
      <xmin>1185</xmin>
      <ymin>428</ymin>
      <xmax>1267</xmax>
      <ymax>511</ymax>
    </bndbox>
    <confidence>0.873056</confidence>
  </object>
  <object>
    <name>Vehicle</name>
    <bndbox>
      <xmin>1084</xmin>
      <ymin>451</ymin>
      <xmax>1149</xmax>
      <ymax>520</ymax>
    </bndbox>
    <confidence>0.890717</confidence>
  </object>
  <object>
    <name>Vehicle</name>
    <bndbox>
      <xmin>919</xmin>
      <ymin>402</ymin>
      <xmax>1055</xmax>
      <ymax>558</ymax>
    </bndbox>
    <confidence>0.933471</confidence>
  </object>
  <object>
    <name>Vehicle</name>
    <bndbox>
      <xmin>810</xmin>
      <ymin>480</ymin>
      <xmax>909</xmax>
      <ymax>545</ymax>
    </bndbox>
    <confidence>0.950614</confidence>
  </object>
</annotation>
