<annotation>
  <folder>runs\detect\exp39</folder>
  <filename>1_20200615_112020_000780.jpg</filename>
  <source>
    <database>Unknown</database>
  </source>
  <size>
    <width>1920</width>
    <height>1080</height>
    <depth>3</depth>
  </size>
  <segmented>0</segmented>
  <object>
    <name>Vehicle</name>
    <bndbox>
      <xmin>1008</xmin>
      <ymin>466</ymin>
      <xmax>1095</xmax>
      <ymax>536</ymax>
    </bndbox>
    <confidence>0.491183</confidence>
  </object>
  <object>
    <name>Vehicle</name>
    <bndbox>
      <xmin>1321</xmin>
      <ymin>468</ymin>
      <xmax>1357</xmax>
      <ymax>498</ymax>
    </bndbox>
    <confidence>0.789439</confidence>
  </object>
  <object>
    <name>Vehicle</name>
    <bndbox>
      <xmin>1254</xmin>
      <ymin>463</ymin>
      <xmax>1303</xmax>
      <ymax>500</ymax>
    </bndbox>
    <confidence>0.858453</confidence>
  </object>
  <object>
    <name>Vehicle</name>
    <bndbox>
      <xmin>1181</xmin>
      <ymin>469</ymin>
      <xmax>1242</xmax>
      <ymax>507</ymax>
    </bndbox>
    <confidence>0.890696</confidence>
  </object>
  <object>
    <name>Vehicle</name>
    <bndbox>
      <xmin>818</xmin>
      <ymin>472</ymin>
      <xmax>919</xmax>
      <ymax>539</ymax>
    </bndbox>
    <confidence>0.950246</confidence>
  </object>
</annotation>
