<annotation>
  <folder>runs\detect\exp2</folder>
  <filename>1_20200615_112020_000150.jpg</filename>
  <source>
    <database>Unknown</database>
  </source>
  <size>
    <width>1920</width>
    <height>1080</height>
    <depth>3</depth>
  </size>
  <segmented>0</segmented>
  <object>
    <name>Vehicle</name>
    <bndbox>
      <xmin>1205</xmin>
      <ymin>475</ymin>
      <xmax>1253</xmax>
      <ymax>517</ymax>
    </bndbox>
    <confidence>0.891408</confidence>
  </object>
  <object>
    <name>Vehicle</name>
    <bndbox>
      <xmin>611</xmin>
      <ymin>341</ymin>
      <xmax>823</xmax>
      <ymax>567</ymax>
    </bndbox>
    <confidence>0.963383</confidence>
  </object>
  <object>
    <name>Vehicle</name>
    <bndbox>
      <xmin>1</xmin>
      <ymin>336</ymin>
      <xmax>262</xmax>
      <ymax>679</ymax>
    </bndbox>
    <confidence>0.964162</confidence>
  </object>
</annotation>
