<annotation>
  <folder>runs\detect\exp39</folder>
  <filename>1_20200615_112020_000150.jpg</filename>
  <source>
    <database>Unknown</database>
  </source>
  <size>
    <width>1920</width>
    <height>1080</height>
    <depth>3</depth>
  </size>
  <segmented>0</segmented>
  <object>
    <name>Vehicle</name>
    <bndbox>
      <xmin>1206</xmin>
      <ymin>475</ymin>
      <xmax>1253</xmax>
      <ymax>517</ymax>
    </bndbox>
    <confidence>0.886835</confidence>
  </object>
  <object>
    <name>Vehicle</name>
    <bndbox>
      <xmin>611</xmin>
      <ymin>341</ymin>
      <xmax>823</xmax>
      <ymax>568</ymax>
    </bndbox>
    <confidence>0.959436</confidence>
  </object>
  <object>
    <name>Vehicle</name>
    <bndbox>
      <xmin>1</xmin>
      <ymin>335</ymin>
      <xmax>262</xmax>
      <ymax>680</ymax>
    </bndbox>
    <confidence>0.961401</confidence>
  </object>
</annotation>
