<annotation>
  <folder>runs\detect\exp2</folder>
  <filename>1_20200615_112020_000690.jpg</filename>
  <source>
    <database>Unknown</database>
  </source>
  <size>
    <width>1920</width>
    <height>1080</height>
    <depth>3</depth>
  </size>
  <segmented>0</segmented>
  <object>
    <name>Vehicle</name>
    <bndbox>
      <xmin>955</xmin>
      <ymin>482</ymin>
      <xmax>979</xmax>
      <ymax>539</ymax>
    </bndbox>
    <confidence>0.575822</confidence>
  </object>
  <object>
    <name>Vehicle</name>
    <bndbox>
      <xmin>1139</xmin>
      <ymin>473</ymin>
      <xmax>1185</xmax>
      <ymax>513</ymax>
    </bndbox>
    <confidence>0.892167</confidence>
  </object>
  <object>
    <name>Vehicle</name>
    <bndbox>
      <xmin>1045</xmin>
      <ymin>468</ymin>
      <xmax>1108</xmax>
      <ymax>520</ymax>
    </bndbox>
    <confidence>0.918794</confidence>
  </object>
  <object>
    <name>Vehicle</name>
    <bndbox>
      <xmin>637</xmin>
      <ymin>244</ymin>
      <xmax>975</xmax>
      <ymax>611</ymax>
    </bndbox>
    <confidence>0.955355</confidence>
  </object>
</annotation>
