<annotation>
  <folder>runs\detect\exp39</folder>
  <filename>1_20200615_112020_000120.jpg</filename>
  <source>
    <database>Unknown</database>
  </source>
  <size>
    <width>1920</width>
    <height>1080</height>
    <depth>3</depth>
  </size>
  <segmented>0</segmented>
  <object>
    <name>Vehicle</name>
    <bndbox>
      <xmin>1149</xmin>
      <ymin>476</ymin>
      <xmax>1202</xmax>
      <ymax>522</ymax>
    </bndbox>
    <confidence>0.885447</confidence>
  </object>
  <object>
    <name>Vehicle</name>
    <bndbox>
      <xmin>335</xmin>
      <ymin>286</ymin>
      <xmax>662</xmax>
      <ymax>609</ymax>
    </bndbox>
    <confidence>0.959663</confidence>
  </object>
</annotation>
