<annotation>
  <folder>runs\detect\exp39</folder>
  <filename>1_20200615_112020_000420.jpg</filename>
  <source>
    <database>Unknown</database>
  </source>
  <size>
    <width>1920</width>
    <height>1080</height>
    <depth>3</depth>
  </size>
  <segmented>0</segmented>
  <object>
    <name>Vehicle</name>
    <bndbox>
      <xmin>1185</xmin>
      <ymin>436</ymin>
      <xmax>1257</xmax>
      <ymax>520</ymax>
    </bndbox>
    <confidence>0.891676</confidence>
  </object>
  <object>
    <name>Vehicle</name>
    <bndbox>
      <xmin>896</xmin>
      <ymin>371</ymin>
      <xmax>1073</xmax>
      <ymax>561</ymax>
    </bndbox>
    <confidence>0.906601</confidence>
  </object>
  <object>
    <name>Vehicle</name>
    <bndbox>
      <xmin>566</xmin>
      <ymin>448</ymin>
      <xmax>731</xmax>
      <ymax>579</ymax>
    </bndbox>
    <confidence>0.940924</confidence>
  </object>
</annotation>
