<annotation>
  <folder>runs\detect\exp2</folder>
  <filename>1_20200615_112020_000090.jpg</filename>
  <source>
    <database>Unknown</database>
  </source>
  <size>
    <width>1920</width>
    <height>1080</height>
    <depth>3</depth>
  </size>
  <segmented>0</segmented>
  <object>
    <name>Vehicle</name>
    <bndbox>
      <xmin>1098</xmin>
      <ymin>477</ymin>
      <xmax>1166</xmax>
      <ymax>528</ymax>
    </bndbox>
    <confidence>0.922464</confidence>
  </object>
  <object>
    <name>Vehicle</name>
    <bndbox>
      <xmin>0</xmin>
      <ymin>109</ymin>
      <xmax>230</xmax>
      <ymax>694</ymax>
    </bndbox>
    <confidence>0.929369</confidence>
  </object>
</annotation>
