<annotation>
  <folder>runs\detect\exp2</folder>
  <filename>1_20200615_112020_000240.jpg</filename>
  <source>
    <database>Unknown</database>
  </source>
  <size>
    <width>1920</width>
    <height>1080</height>
    <depth>3</depth>
  </size>
  <segmented>0</segmented>
  <object>
    <name>Vehicle</name>
    <bndbox>
      <xmin>1334</xmin>
      <ymin>476</ymin>
      <xmax>1375</xmax>
      <ymax>507</ymax>
    </bndbox>
    <confidence>0.792142</confidence>
  </object>
  <object>
    <name>Vehicle</name>
    <bndbox>
      <xmin>1011</xmin>
      <ymin>414</ymin>
      <xmax>1112</xmax>
      <ymax>524</ymax>
    </bndbox>
    <confidence>0.900538</confidence>
  </object>
  <object>
    <name>Vehicle</name>
    <bndbox>
      <xmin>874</xmin>
      <ymin>441</ymin>
      <xmax>972</xmax>
      <ymax>542</ymax>
    </bndbox>
    <confidence>0.932957</confidence>
  </object>
  <object>
    <name>Vehicle</name>
    <bndbox>
      <xmin>629</xmin>
      <ymin>334</ymin>
      <xmax>896</xmax>
      <ymax>618</ymax>
    </bndbox>
    <confidence>0.967663</confidence>
  </object>
  <object>
    <name>Vehicle</name>
    <bndbox>
      <xmin>305</xmin>
      <ymin>481</ymin>
      <xmax>512</xmax>
      <ymax>613</ymax>
    </bndbox>
    <confidence>0.967899</confidence>
  </object>
</annotation>
