<annotation>
  <folder>runs\detect\exp39</folder>
  <filename>1_20200615_111947_000000.jpg</filename>
  <source>
    <database>Unknown</database>
  </source>
  <size>
    <width>1920</width>
    <height>1080</height>
    <depth>3</depth>
  </size>
  <segmented>0</segmented>
  <object>
    <name>Vehicle</name>
    <bndbox>
      <xmin>836</xmin>
      <ymin>480</ymin>
      <xmax>896</xmax>
      <ymax>557</ymax>
    </bndbox>
    <confidence>0.908712</confidence>
  </object>
  <object>
    <name>Vehicle</name>
    <bndbox>
      <xmin>573</xmin>
      <ymin>478</ymin>
      <xmax>674</xmax>
      <ymax>583</ymax>
    </bndbox>
    <confidence>0.942989</confidence>
  </object>
  <object>
    <name>Vehicle</name>
    <bndbox>
      <xmin>632</xmin>
      <ymin>436</ymin>
      <xmax>852</xmax>
      <ymax>625</ymax>
    </bndbox>
    <confidence>0.96013</confidence>
  </object>
  <object>
    <name>Vehicle</name>
    <bndbox>
      <xmin>131</xmin>
      <ymin>473</ymin>
      <xmax>336</xmax>
      <ymax>609</ymax>
    </bndbox>
    <confidence>0.963496</confidence>
  </object>
</annotation>
