<annotation>
  <folder>runs\detect\exp2</folder>
  <filename>2_20200615_111947_000000.jpg</filename>
  <source>
    <database>Unknown</database>
  </source>
  <size>
    <width>1920</width>
    <height>1080</height>
    <depth>3</depth>
  </size>
  <segmented>0</segmented>
  <object>
    <name>Vehicle</name>
    <bndbox>
      <xmin>913</xmin>
      <ymin>540</ymin>
      <xmax>944</xmax>
      <ymax>579</ymax>
    </bndbox>
    <confidence>0.873792</confidence>
  </object>
  <object>
    <name>Vehicle</name>
    <bndbox>
      <xmin>782</xmin>
      <ymin>539</ymin>
      <xmax>832</xmax>
      <ymax>591</ymax>
    </bndbox>
    <confidence>0.926154</confidence>
  </object>
  <object>
    <name>Vehicle</name>
    <bndbox>
      <xmin>815</xmin>
      <ymin>517</ymin>
      <xmax>924</xmax>
      <ymax>613</ymax>
    </bndbox>
    <confidence>0.933931</confidence>
  </object>
  <object>
    <name>Vehicle</name>
    <bndbox>
      <xmin>560</xmin>
      <ymin>535</ymin>
      <xmax>665</xmax>
      <ymax>604</ymax>
    </bndbox>
    <confidence>0.951886</confidence>
  </object>
</annotation>
