<annotation>
  <folder>runs\detect\exp2</folder>
  <filename>1_20200615_112127_004410.jpg</filename>
  <source>
    <database>Unknown</database>
  </source>
  <size>
    <width>1920</width>
    <height>1080</height>
    <depth>3</depth>
  </size>
  <segmented>0</segmented>
  <object>
    <name>Vehicle</name>
    <bndbox>
      <xmin>1340</xmin>
      <ymin>373</ymin>
      <xmax>1483</xmax>
      <ymax>439</ymax>
    </bndbox>
    <confidence>0.345317</confidence>
  </object>
  <object>
    <name>Vehicle</name>
    <bndbox>
      <xmin>1243</xmin>
      <ymin>432</ymin>
      <xmax>1363</xmax>
      <ymax>554</ymax>
    </bndbox>
    <confidence>0.345639</confidence>
  </object>
  <object>
    <name>TrafficLight</name>
    <bndbox>
      <xmin>1222</xmin>
      <ymin>339</ymin>
      <xmax>1263</xmax>
      <ymax>351</ymax>
    </bndbox>
    <confidence>0.39153</confidence>
  </object>
  <object>
    <name>Vehicle</name>
    <bndbox>
      <xmin>1</xmin>
      <ymin>452</ymin>
      <xmax>102</xmax>
      <ymax>505</ymax>
    </bndbox>
    <confidence>0.785858</confidence>
  </object>
  <object>
    <name>Vehicle</name>
    <bndbox>
      <xmin>1342</xmin>
      <ymin>379</ymin>
      <xmax>1503</xmax>
      <ymax>497</ymax>
    </bndbox>
    <confidence>0.813729</confidence>
  </object>
  <object>
    <name>TrafficLight</name>
    <bndbox>
      <xmin>1390</xmin>
      <ymin>279</ymin>
      <xmax>1451</xmax>
      <ymax>297</ymax>
    </bndbox>
    <confidence>0.84144</confidence>
  </object>
  <object>
    <name>TrafficLight</name>
    <bndbox>
      <xmin>1222</xmin>
      <ymin>283</ymin>
      <xmax>1283</xmax>
      <ymax>300</ymax>
    </bndbox>
    <confidence>0.844673</confidence>
  </object>
  <object>
    <name>Vehicle</name>
    <bndbox>
      <xmin>1185</xmin>
      <ymin>473</ymin>
      <xmax>1226</xmax>
      <ymax>543</ymax>
    </bndbox>
    <confidence>0.881505</confidence>
  </object>
  <object>
    <name>Vehicle</name>
    <bndbox>
      <xmin>1205</xmin>
      <ymin>459</ymin>
      <xmax>1259</xmax>
      <ymax>556</ymax>
    </bndbox>
    <confidence>0.906721</confidence>
  </object>
  <object>
    <name>TrafficSign</name>
    <bndbox>
      <xmin>1285</xmin>
      <ymin>259</ymin>
      <xmax>1323</xmax>
      <ymax>298</ymax>
    </bndbox>
    <confidence>0.918185</confidence>
  </object>
  <object>
    <name>Vehicle</name>
    <bndbox>
      <xmin>1246</xmin>
      <ymin>445</ymin>
      <xmax>1434</xmax>
      <ymax>594</ymax>
    </bndbox>
    <confidence>0.954852</confidence>
  </object>
  <object>
    <name>Vehicle</name>
    <bndbox>
      <xmin>908</xmin>
      <ymin>443</ymin>
      <xmax>1183</xmax>
      <ymax>669</ymax>
    </bndbox>
    <confidence>0.969934</confidence>
  </object>
  <object>
    <name>Vehicle</name>
    <bndbox>
      <xmin>1403</xmin>
      <ymin>394</ymin>
      <xmax>1883</xmax>
      <ymax>748</ymax>
    </bndbox>
    <confidence>0.97568</confidence>
  </object>
</annotation>
