<annotation>
  <folder>runs\detect\exp39</folder>
  <filename>1_20200615_112127_004560.jpg</filename>
  <source>
    <database>Unknown</database>
  </source>
  <size>
    <width>1920</width>
    <height>1080</height>
    <depth>3</depth>
  </size>
  <segmented>0</segmented>
  <object>
    <name>TrafficSign</name>
    <bndbox>
      <xmin>1380</xmin>
      <ymin>414</ymin>
      <xmax>1405</xmax>
      <ymax>439</ymax>
    </bndbox>
    <confidence>0.703719</confidence>
  </object>
  <object>
    <name>TrafficSign</name>
    <bndbox>
      <xmin>1179</xmin>
      <ymin>372</ymin>
      <xmax>1205</xmax>
      <ymax>398</ymax>
    </bndbox>
    <confidence>0.809294</confidence>
  </object>
  <object>
    <name>TrafficLight</name>
    <bndbox>
      <xmin>1130</xmin>
      <ymin>281</ymin>
      <xmax>1187</xmax>
      <ymax>298</ymax>
    </bndbox>
    <confidence>0.821468</confidence>
  </object>
  <object>
    <name>Vehicle</name>
    <bndbox>
      <xmin>1531</xmin>
      <ymin>210</ymin>
      <xmax>1919</xmax>
      <ymax>684</ymax>
    </bndbox>
    <confidence>0.906624</confidence>
  </object>
  <object>
    <name>TrafficSign</name>
    <bndbox>
      <xmin>1363</xmin>
      <ymin>17</ymin>
      <xmax>1443</xmax>
      <ymax>99</ymax>
    </bndbox>
    <confidence>0.93535</confidence>
  </object>
  <object>
    <name>Vehicle</name>
    <bndbox>
      <xmin>79</xmin>
      <ymin>449</ymin>
      <xmax>321</xmax>
      <ymax>540</ymax>
    </bndbox>
    <confidence>0.961473</confidence>
  </object>
  <object>
    <name>Vehicle</name>
    <bndbox>
      <xmin>1172</xmin>
      <ymin>475</ymin>
      <xmax>1390</xmax>
      <ymax>650</ymax>
    </bndbox>
    <confidence>0.963573</confidence>
  </object>
  <object>
    <name>Vehicle</name>
    <bndbox>
      <xmin>1340</xmin>
      <ymin>422</ymin>
      <xmax>1796</xmax>
      <ymax>763</ymax>
    </bndbox>
    <confidence>0.970059</confidence>
  </object>
  <object>
    <name>Vehicle</name>
    <bndbox>
      <xmin>734</xmin>
      <ymin>441</ymin>
      <xmax>1156</xmax>
      <ymax>800</ymax>
    </bndbox>
    <confidence>0.971883</confidence>
  </object>
</annotation>
