<annotation>
  <folder>runs\detect\exp2</folder>
  <filename>1_20200615_112127_000630.jpg</filename>
  <source>
    <database>Unknown</database>
  </source>
  <size>
    <width>1920</width>
    <height>1080</height>
    <depth>3</depth>
  </size>
  <segmented>0</segmented>
  <object>
    <name>Vehicle</name>
    <bndbox>
      <xmin>1050</xmin>
      <ymin>497</ymin>
      <xmax>1094</xmax>
      <ymax>528</ymax>
    </bndbox>
    <confidence>0.859376</confidence>
  </object>
  <object>
    <name>Vehicle</name>
    <bndbox>
      <xmin>1505</xmin>
      <ymin>483</ymin>
      <xmax>1544</xmax>
      <ymax>517</ymax>
    </bndbox>
    <confidence>0.877564</confidence>
  </object>
  <object>
    <name>Vehicle</name>
    <bndbox>
      <xmin>971</xmin>
      <ymin>480</ymin>
      <xmax>1046</xmax>
      <ymax>536</ymax>
    </bndbox>
    <confidence>0.921141</confidence>
  </object>
  <object>
    <name>Vehicle</name>
    <bndbox>
      <xmin>1091</xmin>
      <ymin>465</ymin>
      <xmax>1151</xmax>
      <ymax>529</ymax>
    </bndbox>
    <confidence>0.933523</confidence>
  </object>
  <object>
    <name>Vehicle</name>
    <bndbox>
      <xmin>734</xmin>
      <ymin>498</ymin>
      <xmax>818</xmax>
      <ymax>562</ymax>
    </bndbox>
    <confidence>0.948231</confidence>
  </object>
  <object>
    <name>Vehicle</name>
    <bndbox>
      <xmin>507</xmin>
      <ymin>457</ymin>
      <xmax>655</xmax>
      <ymax>588</ymax>
    </bndbox>
    <confidence>0.951542</confidence>
  </object>
</annotation>
