<annotation>
  <folder>runs\detect\exp2</folder>
  <filename>1_20200615_112127_001290.jpg</filename>
  <source>
    <database>Unknown</database>
  </source>
  <size>
    <width>1920</width>
    <height>1080</height>
    <depth>3</depth>
  </size>
  <segmented>0</segmented>
  <object>
    <name>Vehicle</name>
    <bndbox>
      <xmin>1117</xmin>
      <ymin>452</ymin>
      <xmax>1147</xmax>
      <ymax>494</ymax>
    </bndbox>
    <confidence>0.669127</confidence>
  </object>
  <object>
    <name>TrafficLight</name>
    <bndbox>
      <xmin>1274</xmin>
      <ymin>216</ymin>
      <xmax>1348</xmax>
      <ymax>237</ymax>
    </bndbox>
    <confidence>0.747955</confidence>
  </object>
  <object>
    <name>TrafficLight</name>
    <bndbox>
      <xmin>1069</xmin>
      <ymin>223</ymin>
      <xmax>1143</xmax>
      <ymax>244</ymax>
    </bndbox>
    <confidence>0.794691</confidence>
  </object>
  <object>
    <name>TrafficSign</name>
    <bndbox>
      <xmin>1183</xmin>
      <ymin>207</ymin>
      <xmax>1230</xmax>
      <ymax>254</ymax>
    </bndbox>
    <confidence>0.923339</confidence>
  </object>
</annotation>
