<annotation>
  <folder>runs\detect\exp2</folder>
  <filename>1_20200615_112127_001050.jpg</filename>
  <source>
    <database>Unknown</database>
  </source>
  <size>
    <width>1920</width>
    <height>1080</height>
    <depth>3</depth>
  </size>
  <segmented>0</segmented>
  <object>
    <name>Pedestrian</name>
    <bndbox>
      <xmin>1546</xmin>
      <ymin>468</ymin>
      <xmax>1565</xmax>
      <ymax>517</ymax>
    </bndbox>
    <confidence>0.713816</confidence>
  </object>
  <object>
    <name>Vehicle</name>
    <bndbox>
      <xmin>1316</xmin>
      <ymin>460</ymin>
      <xmax>1383</xmax>
      <ymax>513</ymax>
    </bndbox>
    <confidence>0.925512</confidence>
  </object>
</annotation>
