<annotation>
  <folder>runs\detect\exp2</folder>
  <filename>1_20200615_112127_001470.jpg</filename>
  <source>
    <database>Unknown</database>
  </source>
  <size>
    <width>1920</width>
    <height>1080</height>
    <depth>3</depth>
  </size>
  <segmented>0</segmented>
  <object>
    <name>Vehicle</name>
    <bndbox>
      <xmin>1379</xmin>
      <ymin>439</ymin>
      <xmax>1418</xmax>
      <ymax>505</ymax>
    </bndbox>
    <confidence>0.265095</confidence>
  </object>
  <object>
    <name>TrafficLight</name>
    <bndbox>
      <xmin>1349</xmin>
      <ymin>96</ymin>
      <xmax>1456</xmax>
      <ymax>127</ymax>
    </bndbox>
    <confidence>0.875261</confidence>
  </object>
  <object>
    <name>TrafficSign</name>
    <bndbox>
      <xmin>1605</xmin>
      <ymin>361</ymin>
      <xmax>1643</xmax>
      <ymax>398</ymax>
    </bndbox>
    <confidence>0.907629</confidence>
  </object>
  <object>
    <name>TrafficSign</name>
    <bndbox>
      <xmin>1283</xmin>
      <ymin>234</ymin>
      <xmax>1322</xmax>
      <ymax>273</ymax>
    </bndbox>
    <confidence>0.911451</confidence>
  </object>
</annotation>
