<annotation>
  <folder>runs\detect\exp39</folder>
  <filename>1_20200615_112127_000690.jpg</filename>
  <source>
    <database>Unknown</database>
  </source>
  <size>
    <width>1920</width>
    <height>1080</height>
    <depth>3</depth>
  </size>
  <segmented>0</segmented>
  <object>
    <name>Vehicle</name>
    <bndbox>
      <xmin>7</xmin>
      <ymin>461</ymin>
      <xmax>55</xmax>
      <ymax>489</ymax>
    </bndbox>
    <confidence>0.616659</confidence>
  </object>
  <object>
    <name>Vehicle</name>
    <bndbox>
      <xmin>1435</xmin>
      <ymin>467</ymin>
      <xmax>1491</xmax>
      <ymax>508</ymax>
    </bndbox>
    <confidence>0.840677</confidence>
  </object>
  <object>
    <name>Vehicle</name>
    <bndbox>
      <xmin>1212</xmin>
      <ymin>453</ymin>
      <xmax>1259</xmax>
      <ymax>505</ymax>
    </bndbox>
    <confidence>0.904422</confidence>
  </object>
  <object>
    <name>Vehicle</name>
    <bndbox>
      <xmin>882</xmin>
      <ymin>487</ymin>
      <xmax>936</xmax>
      <ymax>524</ymax>
    </bndbox>
    <confidence>0.920373</confidence>
  </object>
  <object>
    <name>Vehicle</name>
    <bndbox>
      <xmin>495</xmin>
      <ymin>460</ymin>
      <xmax>638</xmax>
      <ymax>572</ymax>
    </bndbox>
    <confidence>0.945493</confidence>
  </object>
  <object>
    <name>Vehicle</name>
    <bndbox>
      <xmin>755</xmin>
      <ymin>437</ymin>
      <xmax>858</xmax>
      <ymax>546</ymax>
    </bndbox>
    <confidence>0.947922</confidence>
  </object>
</annotation>
