<annotation>
  <folder>runs\detect\exp39</folder>
  <filename>1_20200615_112127_003450.jpg</filename>
  <source>
    <database>Unknown</database>
  </source>
  <size>
    <width>1920</width>
    <height>1080</height>
    <depth>3</depth>
  </size>
  <segmented>0</segmented>
  <object>
    <name>Vehicle</name>
    <bndbox>
      <xmin>822</xmin>
      <ymin>508</ymin>
      <xmax>847</xmax>
      <ymax>538</ymax>
    </bndbox>
    <confidence>0.329166</confidence>
  </object>
  <object>
    <name>Vehicle</name>
    <bndbox>
      <xmin>869</xmin>
      <ymin>490</ymin>
      <xmax>901</xmax>
      <ymax>523</ymax>
    </bndbox>
    <confidence>0.397884</confidence>
  </object>
  <object>
    <name>Vehicle</name>
    <bndbox>
      <xmin>682</xmin>
      <ymin>505</ymin>
      <xmax>708</xmax>
      <ymax>553</ymax>
    </bndbox>
    <confidence>0.412203</confidence>
  </object>
  <object>
    <name>Vehicle</name>
    <bndbox>
      <xmin>849</xmin>
      <ymin>466</ymin>
      <xmax>877</xmax>
      <ymax>499</ymax>
    </bndbox>
    <confidence>0.639518</confidence>
  </object>
  <object>
    <name>Vehicle</name>
    <bndbox>
      <xmin>1098</xmin>
      <ymin>504</ymin>
      <xmax>1155</xmax>
      <ymax>535</ymax>
    </bndbox>
    <confidence>0.670465</confidence>
  </object>
  <object>
    <name>Vehicle</name>
    <bndbox>
      <xmin>726</xmin>
      <ymin>480</ymin>
      <xmax>772</xmax>
      <ymax>552</ymax>
    </bndbox>
    <confidence>0.682781</confidence>
  </object>
  <object>
    <name>Vehicle</name>
    <bndbox>
      <xmin>1012</xmin>
      <ymin>466</ymin>
      <xmax>1042</xmax>
      <ymax>499</ymax>
    </bndbox>
    <confidence>0.803867</confidence>
  </object>
  <object>
    <name>TrafficSign</name>
    <bndbox>
      <xmin>1214</xmin>
      <ymin>437</ymin>
      <xmax>1247</xmax>
      <ymax>466</ymax>
    </bndbox>
    <confidence>0.854198</confidence>
  </object>
  <object>
    <name>Vehicle</name>
    <bndbox>
      <xmin>972</xmin>
      <ymin>498</ymin>
      <xmax>1011</xmax>
      <ymax>538</ymax>
    </bndbox>
    <confidence>0.866874</confidence>
  </object>
  <object>
    <name>Vehicle</name>
    <bndbox>
      <xmin>840</xmin>
      <ymin>499</ymin>
      <xmax>882</xmax>
      <ymax>540</ymax>
    </bndbox>
    <confidence>0.867899</confidence>
  </object>
  <object>
    <name>Vehicle</name>
    <bndbox>
      <xmin>762</xmin>
      <ymin>491</ymin>
      <xmax>825</xmax>
      <ymax>554</ymax>
    </bndbox>
    <confidence>0.913436</confidence>
  </object>
  <object>
    <name>Vehicle</name>
    <bndbox>
      <xmin>628</xmin>
      <ymin>504</ymin>
      <xmax>697</xmax>
      <ymax>564</ymax>
    </bndbox>
    <confidence>0.928831</confidence>
  </object>
  <object>
    <name>Vehicle</name>
    <bndbox>
      <xmin>1013</xmin>
      <ymin>493</ymin>
      <xmax>1105</xmax>
      <ymax>566</ymax>
    </bndbox>
    <confidence>0.943018</confidence>
  </object>
  <object>
    <name>Vehicle</name>
    <bndbox>
      <xmin>1</xmin>
      <ymin>436</ymin>
      <xmax>150</xmax>
      <ymax>673</ymax>
    </bndbox>
    <confidence>0.948367</confidence>
  </object>
  <object>
    <name>Vehicle</name>
    <bndbox>
      <xmin>417</xmin>
      <ymin>513</ymin>
      <xmax>535</xmax>
      <ymax>594</ymax>
    </bndbox>
    <confidence>0.959224</confidence>
  </object>
</annotation>
