<annotation>
  <folder>runs\detect\exp2</folder>
  <filename>1_20200615_112127_003660.jpg</filename>
  <source>
    <database>Unknown</database>
  </source>
  <size>
    <width>1920</width>
    <height>1080</height>
    <depth>3</depth>
  </size>
  <segmented>0</segmented>
  <object>
    <name>Vehicle</name>
    <bndbox>
      <xmin>1700</xmin>
      <ymin>465</ymin>
      <xmax>1757</xmax>
      <ymax>497</ymax>
    </bndbox>
    <confidence>0.440402</confidence>
  </object>
  <object>
    <name>Vehicle</name>
    <bndbox>
      <xmin>991</xmin>
      <ymin>483</ymin>
      <xmax>1028</xmax>
      <ymax>512</ymax>
    </bndbox>
    <confidence>0.527733</confidence>
  </object>
  <object>
    <name>TrafficSign</name>
    <bndbox>
      <xmin>1477</xmin>
      <ymin>378</ymin>
      <xmax>1512</xmax>
      <ymax>444</ymax>
    </bndbox>
    <confidence>0.687939</confidence>
  </object>
  <object>
    <name>Vehicle</name>
    <bndbox>
      <xmin>1147</xmin>
      <ymin>498</ymin>
      <xmax>1182</xmax>
      <ymax>533</ymax>
    </bndbox>
    <confidence>0.720535</confidence>
  </object>
  <object>
    <name>Vehicle</name>
    <bndbox>
      <xmin>813</xmin>
      <ymin>456</ymin>
      <xmax>848</xmax>
      <ymax>493</ymax>
    </bndbox>
    <confidence>0.743021</confidence>
  </object>
  <object>
    <name>Vehicle</name>
    <bndbox>
      <xmin>1165</xmin>
      <ymin>499</ymin>
      <xmax>1197</xmax>
      <ymax>538</ymax>
    </bndbox>
    <confidence>0.784445</confidence>
  </object>
  <object>
    <name>Vehicle</name>
    <bndbox>
      <xmin>1014</xmin>
      <ymin>448</ymin>
      <xmax>1047</xmax>
      <ymax>485</ymax>
    </bndbox>
    <confidence>0.829935</confidence>
  </object>
  <object>
    <name>Vehicle</name>
    <bndbox>
      <xmin>1201</xmin>
      <ymin>492</ymin>
      <xmax>1255</xmax>
      <ymax>547</ymax>
    </bndbox>
    <confidence>0.851406</confidence>
  </object>
  <object>
    <name>Vehicle</name>
    <bndbox>
      <xmin>277</xmin>
      <ymin>466</ymin>
      <xmax>408</xmax>
      <ymax>597</ymax>
    </bndbox>
    <confidence>0.851573</confidence>
  </object>
  <object>
    <name>Vehicle</name>
    <bndbox>
      <xmin>1231</xmin>
      <ymin>501</ymin>
      <xmax>1271</xmax>
      <ymax>551</ymax>
    </bndbox>
    <confidence>0.864995</confidence>
  </object>
  <object>
    <name>Vehicle</name>
    <bndbox>
      <xmin>831</xmin>
      <ymin>479</ymin>
      <xmax>867</xmax>
      <ymax>512</ymax>
    </bndbox>
    <confidence>0.888424</confidence>
  </object>
  <object>
    <name>Vehicle</name>
    <bndbox>
      <xmin>0</xmin>
      <ymin>292</ymin>
      <xmax>128</xmax>
      <ymax>773</ymax>
    </bndbox>
    <confidence>0.903896</confidence>
  </object>
  <object>
    <name>Vehicle</name>
    <bndbox>
      <xmin>473</xmin>
      <ymin>487</ymin>
      <xmax>582</xmax>
      <ymax>587</ymax>
    </bndbox>
    <confidence>0.910873</confidence>
  </object>
  <object>
    <name>Vehicle</name>
    <bndbox>
      <xmin>1512</xmin>
      <ymin>482</ymin>
      <xmax>1587</xmax>
      <ymax>539</ymax>
    </bndbox>
    <confidence>0.919516</confidence>
  </object>
  <object>
    <name>Vehicle</name>
    <bndbox>
      <xmin>968</xmin>
      <ymin>495</ymin>
      <xmax>1028</xmax>
      <ymax>544</ymax>
    </bndbox>
    <confidence>0.921608</confidence>
  </object>
  <object>
    <name>Vehicle</name>
    <bndbox>
      <xmin>362</xmin>
      <ymin>515</ymin>
      <xmax>501</xmax>
      <ymax>608</ymax>
    </bndbox>
    <confidence>0.931439</confidence>
  </object>
  <object>
    <name>Vehicle</name>
    <bndbox>
      <xmin>1061</xmin>
      <ymin>495</ymin>
      <xmax>1128</xmax>
      <ymax>546</ymax>
    </bndbox>
    <confidence>0.932704</confidence>
  </object>
  <object>
    <name>Vehicle</name>
    <bndbox>
      <xmin>1598</xmin>
      <ymin>470</ymin>
      <xmax>1679</xmax>
      <ymax>535</ymax>
    </bndbox>
    <confidence>0.934181</confidence>
  </object>
  <object>
    <name>Vehicle</name>
    <bndbox>
      <xmin>1252</xmin>
      <ymin>502</ymin>
      <xmax>1327</xmax>
      <ymax>554</ymax>
    </bndbox>
    <confidence>0.936902</confidence>
  </object>
  <object>
    <name>Vehicle</name>
    <bndbox>
      <xmin>582</xmin>
      <ymin>514</ymin>
      <xmax>671</xmax>
      <ymax>575</ymax>
    </bndbox>
    <confidence>0.944616</confidence>
  </object>
  <object>
    <name>Vehicle</name>
    <bndbox>
      <xmin>125</xmin>
      <ymin>501</ymin>
      <xmax>337</xmax>
      <ymax>651</ymax>
    </bndbox>
    <confidence>0.962987</confidence>
  </object>
</annotation>
