<annotation>
  <folder>runs\detect\exp2</folder>
  <filename>1_20200615_112127_003870.jpg</filename>
  <source>
    <database>Unknown</database>
  </source>
  <size>
    <width>1920</width>
    <height>1080</height>
    <depth>3</depth>
  </size>
  <segmented>0</segmented>
  <object>
    <name>Vehicle</name>
    <bndbox>
      <xmin>670</xmin>
      <ymin>431</ymin>
      <xmax>701</xmax>
      <ymax>474</ymax>
    </bndbox>
    <confidence>0.658847</confidence>
  </object>
  <object>
    <name>Vehicle</name>
    <bndbox>
      <xmin>642</xmin>
      <ymin>433</ymin>
      <xmax>687</xmax>
      <ymax>478</ymax>
    </bndbox>
    <confidence>0.83491</confidence>
  </object>
  <object>
    <name>Vehicle</name>
    <bndbox>
      <xmin>934</xmin>
      <ymin>418</ymin>
      <xmax>972</xmax>
      <ymax>465</ymax>
    </bndbox>
    <confidence>0.88011</confidence>
  </object>
  <object>
    <name>Vehicle</name>
    <bndbox>
      <xmin>876</xmin>
      <ymin>449</ymin>
      <xmax>925</xmax>
      <ymax>490</ymax>
    </bndbox>
    <confidence>0.906255</confidence>
  </object>
  <object>
    <name>Vehicle</name>
    <bndbox>
      <xmin>977</xmin>
      <ymin>455</ymin>
      <xmax>1066</xmax>
      <ymax>524</ymax>
    </bndbox>
    <confidence>0.944196</confidence>
  </object>
  <object>
    <name>Vehicle</name>
    <bndbox>
      <xmin>1350</xmin>
      <ymin>467</ymin>
      <xmax>1526</xmax>
      <ymax>586</ymax>
    </bndbox>
    <confidence>0.964818</confidence>
  </object>
  <object>
    <name>Vehicle</name>
    <bndbox>
      <xmin>1765</xmin>
      <ymin>466</ymin>
      <xmax>1920</xmax>
      <ymax>684</ymax>
    </bndbox>
    <confidence>0.966465</confidence>
  </object>
  <object>
    <name>Vehicle</name>
    <bndbox>
      <xmin>1543</xmin>
      <ymin>462</ymin>
      <xmax>1808</xmax>
      <ymax>634</ymax>
    </bndbox>
    <confidence>0.972232</confidence>
  </object>
</annotation>
