<annotation>
  <folder>runs\detect\exp2</folder>
  <filename>1_20200615_112127_001260.jpg</filename>
  <source>
    <database>Unknown</database>
  </source>
  <size>
    <width>1920</width>
    <height>1080</height>
    <depth>3</depth>
  </size>
  <segmented>0</segmented>
  <object>
    <name>TrafficLight</name>
    <bndbox>
      <xmin>1109</xmin>
      <ymin>265</ymin>
      <xmax>1172</xmax>
      <ymax>283</ymax>
    </bndbox>
    <confidence>0.436601</confidence>
  </object>
  <object>
    <name>TrafficLight</name>
    <bndbox>
      <xmin>1273</xmin>
      <ymin>331</ymin>
      <xmax>1317</xmax>
      <ymax>343</ymax>
    </bndbox>
    <confidence>0.661328</confidence>
  </object>
  <object>
    <name>TrafficLight</name>
    <bndbox>
      <xmin>1283</xmin>
      <ymin>258</ymin>
      <xmax>1346</xmax>
      <ymax>277</ymax>
    </bndbox>
    <confidence>0.844295</confidence>
  </object>
  <object>
    <name>Vehicle</name>
    <bndbox>
      <xmin>1141</xmin>
      <ymin>456</ymin>
      <xmax>1177</xmax>
      <ymax>496</ymax>
    </bndbox>
    <confidence>0.869987</confidence>
  </object>
  <object>
    <name>Pedestrian</name>
    <bndbox>
      <xmin>1830</xmin>
      <ymin>433</ymin>
      <xmax>1862</xmax>
      <ymax>531</ymax>
    </bndbox>
    <confidence>0.87385</confidence>
  </object>
  <object>
    <name>TrafficSign</name>
    <bndbox>
      <xmin>1207</xmin>
      <ymin>251</ymin>
      <xmax>1247</xmax>
      <ymax>291</ymax>
    </bndbox>
    <confidence>0.924091</confidence>
  </object>
</annotation>
