<annotation>
  <folder>runs\detect\exp39</folder>
  <filename>1_20200615_112127_004500.jpg</filename>
  <source>
    <database>Unknown</database>
  </source>
  <size>
    <width>1920</width>
    <height>1080</height>
    <depth>3</depth>
  </size>
  <segmented>0</segmented>
  <object>
    <name>Vehicle</name>
    <bndbox>
      <xmin>1371</xmin>
      <ymin>313</ymin>
      <xmax>1681</xmax>
      <ymax>497</ymax>
    </bndbox>
    <confidence>0.752144</confidence>
  </object>
  <object>
    <name>TrafficLight</name>
    <bndbox>
      <xmin>1432</xmin>
      <ymin>183</ymin>
      <xmax>1524</xmax>
      <ymax>209</ymax>
    </bndbox>
    <confidence>0.873219</confidence>
  </object>
  <object>
    <name>TrafficLight</name>
    <bndbox>
      <xmin>1171</xmin>
      <ymin>191</ymin>
      <xmax>1266</xmax>
      <ymax>217</ymax>
    </bndbox>
    <confidence>0.881044</confidence>
  </object>
  <object>
    <name>TrafficSign</name>
    <bndbox>
      <xmin>1269</xmin>
      <ymin>153</ymin>
      <xmax>1327</xmax>
      <ymax>213</ymax>
    </bndbox>
    <confidence>0.909389</confidence>
  </object>
  <object>
    <name>Vehicle</name>
    <bndbox>
      <xmin>1126</xmin>
      <ymin>486</ymin>
      <xmax>1232</xmax>
      <ymax>604</ymax>
    </bndbox>
    <confidence>0.944125</confidence>
  </object>
  <object>
    <name>Vehicle</name>
    <bndbox>
      <xmin>1381</xmin>
      <ymin>334</ymin>
      <xmax>1733</xmax>
      <ymax>765</ymax>
    </bndbox>
    <confidence>0.944315</confidence>
  </object>
  <object>
    <name>Vehicle</name>
    <bndbox>
      <xmin>1194</xmin>
      <ymin>460</ymin>
      <xmax>1418</xmax>
      <ymax>645</ymax>
    </bndbox>
    <confidence>0.959136</confidence>
  </object>
  <object>
    <name>Vehicle</name>
    <bndbox>
      <xmin>1584</xmin>
      <ymin>372</ymin>
      <xmax>1921</xmax>
      <ymax>928</ymax>
    </bndbox>
    <confidence>0.962323</confidence>
  </object>
  <object>
    <name>Vehicle</name>
    <bndbox>
      <xmin>807</xmin>
      <ymin>458</ymin>
      <xmax>1145</xmax>
      <ymax>738</ymax>
    </bndbox>
    <confidence>0.965143</confidence>
  </object>
</annotation>
