<annotation>
  <folder>runs\detect\exp2</folder>
  <filename>1_20200615_112127_003510.jpg</filename>
  <source>
    <database>Unknown</database>
  </source>
  <size>
    <width>1920</width>
    <height>1080</height>
    <depth>3</depth>
  </size>
  <segmented>0</segmented>
  <object>
    <name>Vehicle</name>
    <bndbox>
      <xmin>835</xmin>
      <ymin>452</ymin>
      <xmax>887</xmax>
      <ymax>479</ymax>
    </bndbox>
    <confidence>0.267727</confidence>
  </object>
  <object>
    <name>Vehicle</name>
    <bndbox>
      <xmin>712</xmin>
      <ymin>488</ymin>
      <xmax>749</xmax>
      <ymax>529</ymax>
    </bndbox>
    <confidence>0.353157</confidence>
  </object>
  <object>
    <name>Vehicle</name>
    <bndbox>
      <xmin>708</xmin>
      <ymin>473</ymin>
      <xmax>760</xmax>
      <ymax>509</ymax>
    </bndbox>
    <confidence>0.535235</confidence>
  </object>
  <object>
    <name>Vehicle</name>
    <bndbox>
      <xmin>1279</xmin>
      <ymin>485</ymin>
      <xmax>1314</xmax>
      <ymax>515</ymax>
    </bndbox>
    <confidence>0.591766</confidence>
  </object>
  <object>
    <name>Vehicle</name>
    <bndbox>
      <xmin>551</xmin>
      <ymin>444</ymin>
      <xmax>633</xmax>
      <ymax>506</ymax>
    </bndbox>
    <confidence>0.598436</confidence>
  </object>
  <object>
    <name>Vehicle</name>
    <bndbox>
      <xmin>625</xmin>
      <ymin>472</ymin>
      <xmax>668</xmax>
      <ymax>511</ymax>
    </bndbox>
    <confidence>0.694824</confidence>
  </object>
  <object>
    <name>Vehicle</name>
    <bndbox>
      <xmin>1126</xmin>
      <ymin>493</ymin>
      <xmax>1157</xmax>
      <ymax>523</ymax>
    </bndbox>
    <confidence>0.772937</confidence>
  </object>
  <object>
    <name>Vehicle</name>
    <bndbox>
      <xmin>1002</xmin>
      <ymin>447</ymin>
      <xmax>1034</xmax>
      <ymax>484</ymax>
    </bndbox>
    <confidence>0.838115</confidence>
  </object>
  <object>
    <name>Vehicle</name>
    <bndbox>
      <xmin>812</xmin>
      <ymin>476</ymin>
      <xmax>859</xmax>
      <ymax>533</ymax>
    </bndbox>
    <confidence>0.84226</confidence>
  </object>
  <object>
    <name>Vehicle</name>
    <bndbox>
      <xmin>1053</xmin>
      <ymin>486</ymin>
      <xmax>1120</xmax>
      <ymax>526</ymax>
    </bndbox>
    <confidence>0.87739</confidence>
  </object>
  <object>
    <name>TrafficSign</name>
    <bndbox>
      <xmin>1298</xmin>
      <ymin>395</ymin>
      <xmax>1343</xmax>
      <ymax>437</ymax>
    </bndbox>
    <confidence>0.902683</confidence>
  </object>
  <object>
    <name>Vehicle</name>
    <bndbox>
      <xmin>634</xmin>
      <ymin>492</ymin>
      <xmax>699</xmax>
      <ymax>550</ymax>
    </bndbox>
    <confidence>0.910844</confidence>
  </object>
  <object>
    <name>Vehicle</name>
    <bndbox>
      <xmin>692</xmin>
      <ymin>501</ymin>
      <xmax>744</xmax>
      <ymax>544</ymax>
    </bndbox>
    <confidence>0.91121</confidence>
  </object>
  <object>
    <name>Vehicle</name>
    <bndbox>
      <xmin>742</xmin>
      <ymin>480</ymin>
      <xmax>810</xmax>
      <ymax>543</ymax>
    </bndbox>
    <confidence>0.929391</confidence>
  </object>
  <object>
    <name>Vehicle</name>
    <bndbox>
      <xmin>488</xmin>
      <ymin>445</ymin>
      <xmax>644</xmax>
      <ymax>594</ymax>
    </bndbox>
    <confidence>0.939488</confidence>
  </object>
  <object>
    <name>Vehicle</name>
    <bndbox>
      <xmin>962</xmin>
      <ymin>484</ymin>
      <xmax>1040</xmax>
      <ymax>547</ymax>
    </bndbox>
    <confidence>0.940949</confidence>
  </object>
  <object>
    <name>Vehicle</name>
    <bndbox>
      <xmin>231</xmin>
      <ymin>486</ymin>
      <xmax>397</xmax>
      <ymax>612</ymax>
    </bndbox>
    <confidence>0.963876</confidence>
  </object>
</annotation>
