<annotation>
  <folder>runs\detect\exp2</folder>
  <filename>1_20200615_112127_003270.jpg</filename>
  <source>
    <database>Unknown</database>
  </source>
  <size>
    <width>1920</width>
    <height>1080</height>
    <depth>3</depth>
  </size>
  <segmented>0</segmented>
  <object>
    <name>TrafficSign</name>
    <bndbox>
      <xmin>1326</xmin>
      <ymin>470</ymin>
      <xmax>1361</xmax>
      <ymax>528</ymax>
    </bndbox>
    <confidence>0.285458</confidence>
  </object>
  <object>
    <name>Vehicle</name>
    <bndbox>
      <xmin>810</xmin>
      <ymin>572</ymin>
      <xmax>837</xmax>
      <ymax>601</ymax>
    </bndbox>
    <confidence>0.297208</confidence>
  </object>
  <object>
    <name>Vehicle</name>
    <bndbox>
      <xmin>799</xmin>
      <ymin>586</ymin>
      <xmax>825</xmax>
      <ymax>613</ymax>
    </bndbox>
    <confidence>0.343443</confidence>
  </object>
  <object>
    <name>Vehicle</name>
    <bndbox>
      <xmin>746</xmin>
      <ymin>590</ymin>
      <xmax>774</xmax>
      <ymax>615</ymax>
    </bndbox>
    <confidence>0.528606</confidence>
  </object>
  <object>
    <name>Vehicle</name>
    <bndbox>
      <xmin>906</xmin>
      <ymin>561</ymin>
      <xmax>935</xmax>
      <ymax>597</ymax>
    </bndbox>
    <confidence>0.823314</confidence>
  </object>
  <object>
    <name>Vehicle</name>
    <bndbox>
      <xmin>713</xmin>
      <ymin>591</ymin>
      <xmax>742</xmax>
      <ymax>621</ymax>
    </bndbox>
    <confidence>0.824761</confidence>
  </object>
  <object>
    <name>TrafficSign</name>
    <bndbox>
      <xmin>1487</xmin>
      <ymin>455</ymin>
      <xmax>1526</xmax>
      <ymax>494</ymax>
    </bndbox>
    <confidence>0.82645</confidence>
  </object>
  <object>
    <name>Vehicle</name>
    <bndbox>
      <xmin>571</xmin>
      <ymin>570</ymin>
      <xmax>620</xmax>
      <ymax>632</ymax>
    </bndbox>
    <confidence>0.838118</confidence>
  </object>
  <object>
    <name>Vehicle</name>
    <bndbox>
      <xmin>678</xmin>
      <ymin>579</ymin>
      <xmax>718</xmax>
      <ymax>625</ymax>
    </bndbox>
    <confidence>0.881803</confidence>
  </object>
  <object>
    <name>Vehicle</name>
    <bndbox>
      <xmin>876</xmin>
      <ymin>579</ymin>
      <xmax>918</xmax>
      <ymax>624</ymax>
    </bndbox>
    <confidence>0.894132</confidence>
  </object>
  <object>
    <name>TrafficSign</name>
    <bndbox>
      <xmin>1265</xmin>
      <ymin>225</ymin>
      <xmax>1325</xmax>
      <ymax>285</ymax>
    </bndbox>
    <confidence>0.923601</confidence>
  </object>
  <object>
    <name>Vehicle</name>
    <bndbox>
      <xmin>101</xmin>
      <ymin>527</ymin>
      <xmax>284</xmax>
      <ymax>700</ymax>
    </bndbox>
    <confidence>0.945244</confidence>
  </object>
  <object>
    <name>Vehicle</name>
    <bndbox>
      <xmin>1070</xmin>
      <ymin>558</ymin>
      <xmax>1264</xmax>
      <ymax>713</ymax>
    </bndbox>
    <confidence>0.968585</confidence>
  </object>
</annotation>
