<annotation>
  <folder>runs\detect\exp2</folder>
  <filename>1_20200615_112127_000720.jpg</filename>
  <source>
    <database>Unknown</database>
  </source>
  <size>
    <width>1920</width>
    <height>1080</height>
    <depth>3</depth>
  </size>
  <segmented>0</segmented>
  <object>
    <name>Vehicle</name>
    <bndbox>
      <xmin>1429</xmin>
      <ymin>491</ymin>
      <xmax>1477</xmax>
      <ymax>537</ymax>
    </bndbox>
    <confidence>0.868625</confidence>
  </object>
  <object>
    <name>Vehicle</name>
    <bndbox>
      <xmin>791</xmin>
      <ymin>505</ymin>
      <xmax>851</xmax>
      <ymax>545</ymax>
    </bndbox>
    <confidence>0.92526</confidence>
  </object>
  <object>
    <name>Vehicle</name>
    <bndbox>
      <xmin>1089</xmin>
      <ymin>472</ymin>
      <xmax>1147</xmax>
      <ymax>535</ymax>
    </bndbox>
    <confidence>0.929186</confidence>
  </object>
  <object>
    <name>Vehicle</name>
    <bndbox>
      <xmin>1</xmin>
      <ymin>449</ymin>
      <xmax>174</xmax>
      <ymax>652</ymax>
    </bndbox>
    <confidence>0.959173</confidence>
  </object>
  <object>
    <name>Vehicle</name>
    <bndbox>
      <xmin>453</xmin>
      <ymin>426</ymin>
      <xmax>616</xmax>
      <ymax>590</ymax>
    </bndbox>
    <confidence>0.967901</confidence>
  </object>
</annotation>
