<annotation>
  <folder>runs\detect\exp2</folder>
  <filename>1_20200615_112127_003630.jpg</filename>
  <source>
    <database>Unknown</database>
  </source>
  <size>
    <width>1920</width>
    <height>1080</height>
    <depth>3</depth>
  </size>
  <segmented>0</segmented>
  <object>
    <name>Vehicle</name>
    <bndbox>
      <xmin>1000</xmin>
      <ymin>482</ymin>
      <xmax>1037</xmax>
      <ymax>514</ymax>
    </bndbox>
    <confidence>0.645182</confidence>
  </object>
  <object>
    <name>Vehicle</name>
    <bndbox>
      <xmin>1</xmin>
      <ymin>465</ymin>
      <xmax>72</xmax>
      <ymax>687</ymax>
    </bndbox>
    <confidence>0.731993</confidence>
  </object>
  <object>
    <name>Vehicle</name>
    <bndbox>
      <xmin>1155</xmin>
      <ymin>493</ymin>
      <xmax>1186</xmax>
      <ymax>528</ymax>
    </bndbox>
    <confidence>0.760605</confidence>
  </object>
  <object>
    <name>Vehicle</name>
    <bndbox>
      <xmin>1526</xmin>
      <ymin>467</ymin>
      <xmax>1568</xmax>
      <ymax>524</ymax>
    </bndbox>
    <confidence>0.76897</confidence>
  </object>
  <object>
    <name>Vehicle</name>
    <bndbox>
      <xmin>1139</xmin>
      <ymin>492</ymin>
      <xmax>1169</xmax>
      <ymax>525</ymax>
    </bndbox>
    <confidence>0.787471</confidence>
  </object>
  <object>
    <name>Vehicle</name>
    <bndbox>
      <xmin>1206</xmin>
      <ymin>497</ymin>
      <xmax>1243</xmax>
      <ymax>542</ymax>
    </bndbox>
    <confidence>0.79449</confidence>
  </object>
  <object>
    <name>Vehicle</name>
    <bndbox>
      <xmin>826</xmin>
      <ymin>451</ymin>
      <xmax>862</xmax>
      <ymax>488</ymax>
    </bndbox>
    <confidence>0.810201</confidence>
  </object>
  <object>
    <name>Vehicle</name>
    <bndbox>
      <xmin>860</xmin>
      <ymin>474</ymin>
      <xmax>889</xmax>
      <ymax>502</ymax>
    </bndbox>
    <confidence>0.81432</confidence>
  </object>
  <object>
    <name>Vehicle</name>
    <bndbox>
      <xmin>1174</xmin>
      <ymin>487</ymin>
      <xmax>1234</xmax>
      <ymax>535</ymax>
    </bndbox>
    <confidence>0.825202</confidence>
  </object>
  <object>
    <name>Vehicle</name>
    <bndbox>
      <xmin>1022</xmin>
      <ymin>446</ymin>
      <xmax>1055</xmax>
      <ymax>483</ymax>
    </bndbox>
    <confidence>0.844315</confidence>
  </object>
  <object>
    <name>Vehicle</name>
    <bndbox>
      <xmin>199</xmin>
      <ymin>527</ymin>
      <xmax>247</xmax>
      <ymax>615</ymax>
    </bndbox>
    <confidence>0.881144</confidence>
  </object>
  <object>
    <name>Vehicle</name>
    <bndbox>
      <xmin>621</xmin>
      <ymin>489</ymin>
      <xmax>697</xmax>
      <ymax>560</ymax>
    </bndbox>
    <confidence>0.883203</confidence>
  </object>
  <object>
    <name>Vehicle</name>
    <bndbox>
      <xmin>616</xmin>
      <ymin>507</ymin>
      <xmax>662</xmax>
      <ymax>568</ymax>
    </bndbox>
    <confidence>0.883952</confidence>
  </object>
  <object>
    <name>Vehicle</name>
    <bndbox>
      <xmin>1442</xmin>
      <ymin>480</ymin>
      <xmax>1516</xmax>
      <ymax>529</ymax>
    </bndbox>
    <confidence>0.921537</confidence>
  </object>
  <object>
    <name>Vehicle</name>
    <bndbox>
      <xmin>1225</xmin>
      <ymin>496</ymin>
      <xmax>1289</xmax>
      <ymax>542</ymax>
    </bndbox>
    <confidence>0.923818</confidence>
  </object>
  <object>
    <name>Vehicle</name>
    <bndbox>
      <xmin>1065</xmin>
      <ymin>492</ymin>
      <xmax>1128</xmax>
      <ymax>541</ymax>
    </bndbox>
    <confidence>0.928693</confidence>
  </object>
  <object>
    <name>Vehicle</name>
    <bndbox>
      <xmin>695</xmin>
      <ymin>506</ymin>
      <xmax>755</xmax>
      <ymax>552</ymax>
    </bndbox>
    <confidence>0.930667</confidence>
  </object>
  <object>
    <name>Vehicle</name>
    <bndbox>
      <xmin>971</xmin>
      <ymin>492</ymin>
      <xmax>1034</xmax>
      <ymax>543</ymax>
    </bndbox>
    <confidence>0.930694</confidence>
  </object>
  <object>
    <name>Vehicle</name>
    <bndbox>
      <xmin>439</xmin>
      <ymin>419</ymin>
      <xmax>625</xmax>
      <ymax>620</ymax>
    </bndbox>
    <confidence>0.952592</confidence>
  </object>
  <object>
    <name>Vehicle</name>
    <bndbox>
      <xmin>218</xmin>
      <ymin>503</ymin>
      <xmax>388</xmax>
      <ymax>629</ymax>
    </bndbox>
    <confidence>0.965347</confidence>
  </object>
</annotation>
