<annotation>
  <folder>runs\detect\exp2</folder>
  <filename>1_20200615_112127_003420.jpg</filename>
  <source>
    <database>Unknown</database>
  </source>
  <size>
    <width>1920</width>
    <height>1080</height>
    <depth>3</depth>
  </size>
  <segmented>0</segmented>
  <object>
    <name>Vehicle</name>
    <bndbox>
      <xmin>865</xmin>
      <ymin>492</ymin>
      <xmax>898</xmax>
      <ymax>530</ymax>
    </bndbox>
    <confidence>0.431909</confidence>
  </object>
  <object>
    <name>Vehicle</name>
    <bndbox>
      <xmin>732</xmin>
      <ymin>499</ymin>
      <xmax>759</xmax>
      <ymax>542</ymax>
    </bndbox>
    <confidence>0.62287</confidence>
  </object>
  <object>
    <name>Vehicle</name>
    <bndbox>
      <xmin>754</xmin>
      <ymin>495</ymin>
      <xmax>798</xmax>
      <ymax>548</ymax>
    </bndbox>
    <confidence>0.779215</confidence>
  </object>
  <object>
    <name>Vehicle</name>
    <bndbox>
      <xmin>846</xmin>
      <ymin>501</ymin>
      <xmax>880</xmax>
      <ymax>537</ymax>
    </bndbox>
    <confidence>0.793191</confidence>
  </object>
  <object>
    <name>Vehicle</name>
    <bndbox>
      <xmin>1000</xmin>
      <ymin>469</ymin>
      <xmax>1029</xmax>
      <ymax>505</ymax>
    </bndbox>
    <confidence>0.845853</confidence>
  </object>
  <object>
    <name>TrafficSign</name>
    <bndbox>
      <xmin>1174</xmin>
      <ymin>447</ymin>
      <xmax>1203</xmax>
      <ymax>473</ymax>
    </bndbox>
    <confidence>0.857769</confidence>
  </object>
  <object>
    <name>Vehicle</name>
    <bndbox>
      <xmin>962</xmin>
      <ymin>500</ymin>
      <xmax>1002</xmax>
      <ymax>538</ymax>
    </bndbox>
    <confidence>0.865061</confidence>
  </object>
  <object>
    <name>Vehicle</name>
    <bndbox>
      <xmin>795</xmin>
      <ymin>495</ymin>
      <xmax>846</xmax>
      <ymax>546</ymax>
    </bndbox>
    <confidence>0.907135</confidence>
  </object>
  <object>
    <name>Vehicle</name>
    <bndbox>
      <xmin>684</xmin>
      <ymin>508</ymin>
      <xmax>740</xmax>
      <ymax>555</ymax>
    </bndbox>
    <confidence>0.916099</confidence>
  </object>
  <object>
    <name>Vehicle</name>
    <bndbox>
      <xmin>551</xmin>
      <ymin>514</ymin>
      <xmax>638</xmax>
      <ymax>575</ymax>
    </bndbox>
    <confidence>0.947319</confidence>
  </object>
  <object>
    <name>Vehicle</name>
    <bndbox>
      <xmin>0</xmin>
      <ymin>449</ymin>
      <xmax>104</xmax>
      <ymax>640</ymax>
    </bndbox>
    <confidence>0.951512</confidence>
  </object>
  <object>
    <name>Vehicle</name>
    <bndbox>
      <xmin>1032</xmin>
      <ymin>492</ymin>
      <xmax>1133</xmax>
      <ymax>572</ymax>
    </bndbox>
    <confidence>0.95403</confidence>
  </object>
  <object>
    <name>Vehicle</name>
    <bndbox>
      <xmin>323</xmin>
      <ymin>464</ymin>
      <xmax>474</xmax>
      <ymax>604</ymax>
    </bndbox>
    <confidence>0.954267</confidence>
  </object>
</annotation>
