<annotation>
  <folder>runs\detect\exp39</folder>
  <filename>1_20200615_112127_004140.jpg</filename>
  <source>
    <database>Unknown</database>
  </source>
  <size>
    <width>1920</width>
    <height>1080</height>
    <depth>3</depth>
  </size>
  <segmented>0</segmented>
  <object>
    <name>Vehicle</name>
    <bndbox>
      <xmin>466</xmin>
      <ymin>461</ymin>
      <xmax>521</xmax>
      <ymax>531</ymax>
    </bndbox>
    <confidence>0.519649</confidence>
  </object>
  <object>
    <name>Vehicle</name>
    <bndbox>
      <xmin>1717</xmin>
      <ymin>445</ymin>
      <xmax>1793</xmax>
      <ymax>524</ymax>
    </bndbox>
    <confidence>0.525495</confidence>
  </object>
  <object>
    <name>Vehicle</name>
    <bndbox>
      <xmin>1855</xmin>
      <ymin>462</ymin>
      <xmax>1921</xmax>
      <ymax>523</ymax>
    </bndbox>
    <confidence>0.699694</confidence>
  </object>
  <object>
    <name>TrafficSign</name>
    <bndbox>
      <xmin>998</xmin>
      <ymin>288</ymin>
      <xmax>1124</xmax>
      <ymax>337</ymax>
    </bndbox>
    <confidence>0.823793</confidence>
  </object>
  <object>
    <name>Vehicle</name>
    <bndbox>
      <xmin>924</xmin>
      <ymin>489</ymin>
      <xmax>969</xmax>
      <ymax>539</ymax>
    </bndbox>
    <confidence>0.866991</confidence>
  </object>
  <object>
    <name>Vehicle</name>
    <bndbox>
      <xmin>947</xmin>
      <ymin>474</ymin>
      <xmax>1082</xmax>
      <ymax>578</ymax>
    </bndbox>
    <confidence>0.953686</confidence>
  </object>
  <object>
    <name>Vehicle</name>
    <bndbox>
      <xmin>123</xmin>
      <ymin>450</ymin>
      <xmax>564</xmax>
      <ymax>768</ymax>
    </bndbox>
    <confidence>0.967058</confidence>
  </object>
</annotation>
