<annotation>
  <folder>runs\detect\exp39</folder>
  <filename>1_20200615_112127_003630.jpg</filename>
  <source>
    <database>Unknown</database>
  </source>
  <size>
    <width>1920</width>
    <height>1080</height>
    <depth>3</depth>
  </size>
  <segmented>0</segmented>
  <object>
    <name>Vehicle</name>
    <bndbox>
      <xmin>1000</xmin>
      <ymin>482</ymin>
      <xmax>1036</xmax>
      <ymax>513</ymax>
    </bndbox>
    <confidence>0.624659</confidence>
  </object>
  <object>
    <name>Vehicle</name>
    <bndbox>
      <xmin>1</xmin>
      <ymin>470</ymin>
      <xmax>72</xmax>
      <ymax>685</ymax>
    </bndbox>
    <confidence>0.706067</confidence>
  </object>
  <object>
    <name>Vehicle</name>
    <bndbox>
      <xmin>1155</xmin>
      <ymin>493</ymin>
      <xmax>1186</xmax>
      <ymax>528</ymax>
    </bndbox>
    <confidence>0.735893</confidence>
  </object>
  <object>
    <name>Vehicle</name>
    <bndbox>
      <xmin>1526</xmin>
      <ymin>467</ymin>
      <xmax>1568</xmax>
      <ymax>523</ymax>
    </bndbox>
    <confidence>0.738984</confidence>
  </object>
  <object>
    <name>Vehicle</name>
    <bndbox>
      <xmin>1139</xmin>
      <ymin>492</ymin>
      <xmax>1169</xmax>
      <ymax>525</ymax>
    </bndbox>
    <confidence>0.768653</confidence>
  </object>
  <object>
    <name>Vehicle</name>
    <bndbox>
      <xmin>1208</xmin>
      <ymin>497</ymin>
      <xmax>1244</xmax>
      <ymax>542</ymax>
    </bndbox>
    <confidence>0.776082</confidence>
  </object>
  <object>
    <name>Vehicle</name>
    <bndbox>
      <xmin>826</xmin>
      <ymin>451</ymin>
      <xmax>862</xmax>
      <ymax>488</ymax>
    </bndbox>
    <confidence>0.806531</confidence>
  </object>
  <object>
    <name>Vehicle</name>
    <bndbox>
      <xmin>860</xmin>
      <ymin>474</ymin>
      <xmax>889</xmax>
      <ymax>502</ymax>
    </bndbox>
    <confidence>0.808413</confidence>
  </object>
  <object>
    <name>Vehicle</name>
    <bndbox>
      <xmin>1175</xmin>
      <ymin>487</ymin>
      <xmax>1234</xmax>
      <ymax>535</ymax>
    </bndbox>
    <confidence>0.821934</confidence>
  </object>
  <object>
    <name>Vehicle</name>
    <bndbox>
      <xmin>1022</xmin>
      <ymin>446</ymin>
      <xmax>1055</xmax>
      <ymax>483</ymax>
    </bndbox>
    <confidence>0.835693</confidence>
  </object>
  <object>
    <name>Vehicle</name>
    <bndbox>
      <xmin>199</xmin>
      <ymin>527</ymin>
      <xmax>247</xmax>
      <ymax>615</ymax>
    </bndbox>
    <confidence>0.866575</confidence>
  </object>
  <object>
    <name>Vehicle</name>
    <bndbox>
      <xmin>621</xmin>
      <ymin>489</ymin>
      <xmax>697</xmax>
      <ymax>560</ymax>
    </bndbox>
    <confidence>0.873854</confidence>
  </object>
  <object>
    <name>Vehicle</name>
    <bndbox>
      <xmin>616</xmin>
      <ymin>507</ymin>
      <xmax>662</xmax>
      <ymax>568</ymax>
    </bndbox>
    <confidence>0.87683</confidence>
  </object>
  <object>
    <name>Vehicle</name>
    <bndbox>
      <xmin>1442</xmin>
      <ymin>480</ymin>
      <xmax>1516</xmax>
      <ymax>530</ymax>
    </bndbox>
    <confidence>0.918429</confidence>
  </object>
  <object>
    <name>Vehicle</name>
    <bndbox>
      <xmin>1225</xmin>
      <ymin>496</ymin>
      <xmax>1289</xmax>
      <ymax>542</ymax>
    </bndbox>
    <confidence>0.918525</confidence>
  </object>
  <object>
    <name>Vehicle</name>
    <bndbox>
      <xmin>1065</xmin>
      <ymin>492</ymin>
      <xmax>1128</xmax>
      <ymax>541</ymax>
    </bndbox>
    <confidence>0.926103</confidence>
  </object>
  <object>
    <name>Vehicle</name>
    <bndbox>
      <xmin>971</xmin>
      <ymin>493</ymin>
      <xmax>1034</xmax>
      <ymax>543</ymax>
    </bndbox>
    <confidence>0.927523</confidence>
  </object>
  <object>
    <name>Vehicle</name>
    <bndbox>
      <xmin>695</xmin>
      <ymin>506</ymin>
      <xmax>755</xmax>
      <ymax>551</ymax>
    </bndbox>
    <confidence>0.928035</confidence>
  </object>
  <object>
    <name>Vehicle</name>
    <bndbox>
      <xmin>439</xmin>
      <ymin>418</ymin>
      <xmax>625</xmax>
      <ymax>620</ymax>
    </bndbox>
    <confidence>0.947316</confidence>
  </object>
  <object>
    <name>Vehicle</name>
    <bndbox>
      <xmin>218</xmin>
      <ymin>503</ymin>
      <xmax>388</xmax>
      <ymax>629</ymax>
    </bndbox>
    <confidence>0.961342</confidence>
  </object>
</annotation>
