<annotation>
  <folder>runs\detect\exp2</folder>
  <filename>1_20200615_112127_000060.jpg</filename>
  <source>
    <database>Unknown</database>
  </source>
  <size>
    <width>1920</width>
    <height>1080</height>
    <depth>3</depth>
  </size>
  <segmented>0</segmented>
  <object>
    <name>Vehicle</name>
    <bndbox>
      <xmin>1501</xmin>
      <ymin>492</ymin>
      <xmax>1532</xmax>
      <ymax>517</ymax>
    </bndbox>
    <confidence>0.644712</confidence>
  </object>
  <object>
    <name>Vehicle</name>
    <bndbox>
      <xmin>0</xmin>
      <ymin>430</ymin>
      <xmax>164</xmax>
      <ymax>706</ymax>
    </bndbox>
    <confidence>0.652634</confidence>
  </object>
  <object>
    <name>Vehicle</name>
    <bndbox>
      <xmin>253</xmin>
      <ymin>459</ymin>
      <xmax>439</xmax>
      <ymax>623</ymax>
    </bndbox>
    <confidence>0.959364</confidence>
  </object>
</annotation>
