<annotation>
  <folder>runs\detect\exp39</folder>
  <filename>1_20200615_112127_003660.jpg</filename>
  <source>
    <database>Unknown</database>
  </source>
  <size>
    <width>1920</width>
    <height>1080</height>
    <depth>3</depth>
  </size>
  <segmented>0</segmented>
  <object>
    <name>Vehicle</name>
    <bndbox>
      <xmin>1701</xmin>
      <ymin>465</ymin>
      <xmax>1759</xmax>
      <ymax>497</ymax>
    </bndbox>
    <confidence>0.434945</confidence>
  </object>
  <object>
    <name>Vehicle</name>
    <bndbox>
      <xmin>993</xmin>
      <ymin>483</ymin>
      <xmax>1029</xmax>
      <ymax>512</ymax>
    </bndbox>
    <confidence>0.509607</confidence>
  </object>
  <object>
    <name>TrafficSign</name>
    <bndbox>
      <xmin>1477</xmin>
      <ymin>379</ymin>
      <xmax>1512</xmax>
      <ymax>444</ymax>
    </bndbox>
    <confidence>0.645798</confidence>
  </object>
  <object>
    <name>Vehicle</name>
    <bndbox>
      <xmin>1147</xmin>
      <ymin>498</ymin>
      <xmax>1182</xmax>
      <ymax>533</ymax>
    </bndbox>
    <confidence>0.705377</confidence>
  </object>
  <object>
    <name>Vehicle</name>
    <bndbox>
      <xmin>813</xmin>
      <ymin>456</ymin>
      <xmax>848</xmax>
      <ymax>493</ymax>
    </bndbox>
    <confidence>0.740691</confidence>
  </object>
  <object>
    <name>Vehicle</name>
    <bndbox>
      <xmin>1165</xmin>
      <ymin>500</ymin>
      <xmax>1197</xmax>
      <ymax>538</ymax>
    </bndbox>
    <confidence>0.76463</confidence>
  </object>
  <object>
    <name>Vehicle</name>
    <bndbox>
      <xmin>1014</xmin>
      <ymin>448</ymin>
      <xmax>1047</xmax>
      <ymax>485</ymax>
    </bndbox>
    <confidence>0.821581</confidence>
  </object>
  <object>
    <name>Vehicle</name>
    <bndbox>
      <xmin>277</xmin>
      <ymin>466</ymin>
      <xmax>409</xmax>
      <ymax>597</ymax>
    </bndbox>
    <confidence>0.845209</confidence>
  </object>
  <object>
    <name>Vehicle</name>
    <bndbox>
      <xmin>1196</xmin>
      <ymin>492</ymin>
      <xmax>1257</xmax>
      <ymax>546</ymax>
    </bndbox>
    <confidence>0.848242</confidence>
  </object>
  <object>
    <name>Vehicle</name>
    <bndbox>
      <xmin>1231</xmin>
      <ymin>501</ymin>
      <xmax>1271</xmax>
      <ymax>551</ymax>
    </bndbox>
    <confidence>0.858185</confidence>
  </object>
  <object>
    <name>Vehicle</name>
    <bndbox>
      <xmin>0</xmin>
      <ymin>291</ymin>
      <xmax>128</xmax>
      <ymax>774</ymax>
    </bndbox>
    <confidence>0.883797</confidence>
  </object>
  <object>
    <name>Vehicle</name>
    <bndbox>
      <xmin>831</xmin>
      <ymin>479</ymin>
      <xmax>867</xmax>
      <ymax>512</ymax>
    </bndbox>
    <confidence>0.886081</confidence>
  </object>
  <object>
    <name>Vehicle</name>
    <bndbox>
      <xmin>473</xmin>
      <ymin>488</ymin>
      <xmax>582</xmax>
      <ymax>587</ymax>
    </bndbox>
    <confidence>0.897384</confidence>
  </object>
  <object>
    <name>Vehicle</name>
    <bndbox>
      <xmin>1512</xmin>
      <ymin>482</ymin>
      <xmax>1587</xmax>
      <ymax>539</ymax>
    </bndbox>
    <confidence>0.916161</confidence>
  </object>
  <object>
    <name>Vehicle</name>
    <bndbox>
      <xmin>968</xmin>
      <ymin>496</ymin>
      <xmax>1028</xmax>
      <ymax>545</ymax>
    </bndbox>
    <confidence>0.919363</confidence>
  </object>
  <object>
    <name>Vehicle</name>
    <bndbox>
      <xmin>362</xmin>
      <ymin>515</ymin>
      <xmax>501</xmax>
      <ymax>608</ymax>
    </bndbox>
    <confidence>0.925601</confidence>
  </object>
  <object>
    <name>Vehicle</name>
    <bndbox>
      <xmin>1061</xmin>
      <ymin>496</ymin>
      <xmax>1128</xmax>
      <ymax>546</ymax>
    </bndbox>
    <confidence>0.928481</confidence>
  </object>
  <object>
    <name>Vehicle</name>
    <bndbox>
      <xmin>1598</xmin>
      <ymin>470</ymin>
      <xmax>1679</xmax>
      <ymax>535</ymax>
    </bndbox>
    <confidence>0.929739</confidence>
  </object>
  <object>
    <name>Vehicle</name>
    <bndbox>
      <xmin>1250</xmin>
      <ymin>502</ymin>
      <xmax>1326</xmax>
      <ymax>555</ymax>
    </bndbox>
    <confidence>0.933982</confidence>
  </object>
  <object>
    <name>Vehicle</name>
    <bndbox>
      <xmin>582</xmin>
      <ymin>514</ymin>
      <xmax>671</xmax>
      <ymax>575</ymax>
    </bndbox>
    <confidence>0.940372</confidence>
  </object>
  <object>
    <name>Vehicle</name>
    <bndbox>
      <xmin>125</xmin>
      <ymin>501</ymin>
      <xmax>337</xmax>
      <ymax>651</ymax>
    </bndbox>
    <confidence>0.959706</confidence>
  </object>
</annotation>
