<annotation>
  <folder>runs\detect\exp39</folder>
  <filename>1_20200615_112127_001200.jpg</filename>
  <source>
    <database>Unknown</database>
  </source>
  <size>
    <width>1920</width>
    <height>1080</height>
    <depth>3</depth>
  </size>
  <segmented>0</segmented>
  <object>
    <name>TrafficLight</name>
    <bndbox>
      <xmin>1337</xmin>
      <ymin>405</ymin>
      <xmax>1372</xmax>
      <ymax>417</ymax>
    </bndbox>
    <confidence>0.389148</confidence>
  </object>
  <object>
    <name>TrafficLight</name>
    <bndbox>
      <xmin>1321</xmin>
      <ymin>364</ymin>
      <xmax>1369</xmax>
      <ymax>378</ymax>
    </bndbox>
    <confidence>0.704907</confidence>
  </object>
  <object>
    <name>Vehicle</name>
    <bndbox>
      <xmin>1560</xmin>
      <ymin>478</ymin>
      <xmax>1703</xmax>
      <ymax>559</ymax>
    </bndbox>
    <confidence>0.770953</confidence>
  </object>
  <object>
    <name>TrafficLight</name>
    <bndbox>
      <xmin>1191</xmin>
      <ymin>367</ymin>
      <xmax>1238</xmax>
      <ymax>381</ymax>
    </bndbox>
    <confidence>0.798385</confidence>
  </object>
  <object>
    <name>TrafficSign</name>
    <bndbox>
      <xmin>1265</xmin>
      <ymin>356</ymin>
      <xmax>1295</xmax>
      <ymax>386</ymax>
    </bndbox>
    <confidence>0.876576</confidence>
  </object>
</annotation>
