<annotation>
  <folder>runs\detect\exp2</folder>
  <filename>1_20200615_112127_004320.jpg</filename>
  <source>
    <database>Unknown</database>
  </source>
  <size>
    <width>1920</width>
    <height>1080</height>
    <depth>3</depth>
  </size>
  <segmented>0</segmented>
  <object>
    <name>TrafficLight</name>
    <bndbox>
      <xmin>1256</xmin>
      <ymin>343</ymin>
      <xmax>1301</xmax>
      <ymax>356</ymax>
    </bndbox>
    <confidence>0.676446</confidence>
  </object>
  <object>
    <name>TrafficLight</name>
    <bndbox>
      <xmin>1141</xmin>
      <ymin>348</ymin>
      <xmax>1183</xmax>
      <ymax>361</ymax>
    </bndbox>
    <confidence>0.730402</confidence>
  </object>
  <object>
    <name>TrafficSign</name>
    <bndbox>
      <xmin>1185</xmin>
      <ymin>331</ymin>
      <xmax>1211</xmax>
      <ymax>358</ymax>
    </bndbox>
    <confidence>0.901601</confidence>
  </object>
  <object>
    <name>Vehicle</name>
    <bndbox>
      <xmin>1111</xmin>
      <ymin>464</ymin>
      <xmax>1165</xmax>
      <ymax>547</ymax>
    </bndbox>
    <confidence>0.90818</confidence>
  </object>
  <object>
    <name>Vehicle</name>
    <bndbox>
      <xmin>1129</xmin>
      <ymin>439</ymin>
      <xmax>1349</xmax>
      <ymax>612</ymax>
    </bndbox>
    <confidence>0.964592</confidence>
  </object>
  <object>
    <name>Vehicle</name>
    <bndbox>
      <xmin>670</xmin>
      <ymin>450</ymin>
      <xmax>944</xmax>
      <ymax>663</ymax>
    </bndbox>
    <confidence>0.971015</confidence>
  </object>
</annotation>
