<annotation>
  <folder>runs\detect\exp2</folder>
  <filename>1_20200615_112127_000570.jpg</filename>
  <source>
    <database>Unknown</database>
  </source>
  <size>
    <width>1920</width>
    <height>1080</height>
    <depth>3</depth>
  </size>
  <segmented>0</segmented>
  <object>
    <name>Vehicle</name>
    <bndbox>
      <xmin>119</xmin>
      <ymin>478</ymin>
      <xmax>152</xmax>
      <ymax>528</ymax>
    </bndbox>
    <confidence>0.474655</confidence>
  </object>
  <object>
    <name>Vehicle</name>
    <bndbox>
      <xmin>1169</xmin>
      <ymin>487</ymin>
      <xmax>1206</xmax>
      <ymax>513</ymax>
    </bndbox>
    <confidence>0.845613</confidence>
  </object>
  <object>
    <name>Vehicle</name>
    <bndbox>
      <xmin>1214</xmin>
      <ymin>473</ymin>
      <xmax>1261</xmax>
      <ymax>512</ymax>
    </bndbox>
    <confidence>0.87342</confidence>
  </object>
  <object>
    <name>Vehicle</name>
    <bndbox>
      <xmin>956</xmin>
      <ymin>475</ymin>
      <xmax>1025</xmax>
      <ymax>533</ymax>
    </bndbox>
    <confidence>0.889976</confidence>
  </object>
  <object>
    <name>Vehicle</name>
    <bndbox>
      <xmin>1063</xmin>
      <ymin>486</ymin>
      <xmax>1112</xmax>
      <ymax>523</ymax>
    </bndbox>
    <confidence>0.897437</confidence>
  </object>
  <object>
    <name>Vehicle</name>
    <bndbox>
      <xmin>1303</xmin>
      <ymin>459</ymin>
      <xmax>1350</xmax>
      <ymax>504</ymax>
    </bndbox>
    <confidence>0.902164</confidence>
  </object>
  <object>
    <name>Vehicle</name>
    <bndbox>
      <xmin>230</xmin>
      <ymin>417</ymin>
      <xmax>427</xmax>
      <ymax>564</ymax>
    </bndbox>
    <confidence>0.937401</confidence>
  </object>
  <object>
    <name>Vehicle</name>
    <bndbox>
      <xmin>752</xmin>
      <ymin>492</ymin>
      <xmax>841</xmax>
      <ymax>553</ymax>
    </bndbox>
    <confidence>0.947889</confidence>
  </object>
  <object>
    <name>Vehicle</name>
    <bndbox>
      <xmin>604</xmin>
      <ymin>473</ymin>
      <xmax>757</xmax>
      <ymax>588</ymax>
    </bndbox>
    <confidence>0.963285</confidence>
  </object>
  <object>
    <name>Vehicle</name>
    <bndbox>
      <xmin>344</xmin>
      <ymin>482</ymin>
      <xmax>514</xmax>
      <ymax>606</ymax>
    </bndbox>
    <confidence>0.969003</confidence>
  </object>
</annotation>
