<annotation>
  <folder>runs\detect\exp39</folder>
  <filename>1_20200615_112127_004200.jpg</filename>
  <source>
    <database>Unknown</database>
  </source>
  <size>
    <width>1920</width>
    <height>1080</height>
    <depth>3</depth>
  </size>
  <segmented>0</segmented>
  <object>
    <name>Vehicle</name>
    <bndbox>
      <xmin>1037</xmin>
      <ymin>459</ymin>
      <xmax>1088</xmax>
      <ymax>540</ymax>
    </bndbox>
    <confidence>0.900636</confidence>
  </object>
  <object>
    <name>Vehicle</name>
    <bndbox>
      <xmin>242</xmin>
      <ymin>454</ymin>
      <xmax>391</xmax>
      <ymax>584</ymax>
    </bndbox>
    <confidence>0.911894</confidence>
  </object>
  <object>
    <name>TrafficSign</name>
    <bndbox>
      <xmin>1034</xmin>
      <ymin>200</ymin>
      <xmax>1216</xmax>
      <ymax>271</ymax>
    </bndbox>
    <confidence>0.912654</confidence>
  </object>
  <object>
    <name>Vehicle</name>
    <bndbox>
      <xmin>62</xmin>
      <ymin>440</ymin>
      <xmax>275</xmax>
      <ymax>602</ymax>
    </bndbox>
    <confidence>0.927159</confidence>
  </object>
  <object>
    <name>Vehicle</name>
    <bndbox>
      <xmin>918</xmin>
      <ymin>480</ymin>
      <xmax>1067</xmax>
      <ymax>597</ymax>
    </bndbox>
    <confidence>0.955962</confidence>
  </object>
  <object>
    <name>Vehicle</name>
    <bndbox>
      <xmin>280</xmin>
      <ymin>466</ymin>
      <xmax>641</xmax>
      <ymax>733</ymax>
    </bndbox>
    <confidence>0.969273</confidence>
  </object>
</annotation>
