<annotation>
  <folder>runs\detect\exp39</folder>
  <filename>1_20200615_112127_000060.jpg</filename>
  <source>
    <database>Unknown</database>
  </source>
  <size>
    <width>1920</width>
    <height>1080</height>
    <depth>3</depth>
  </size>
  <segmented>0</segmented>
  <object>
    <name>Vehicle</name>
    <bndbox>
      <xmin>1501</xmin>
      <ymin>492</ymin>
      <xmax>1532</xmax>
      <ymax>518</ymax>
    </bndbox>
    <confidence>0.628952</confidence>
  </object>
  <object>
    <name>Vehicle</name>
    <bndbox>
      <xmin>0</xmin>
      <ymin>440</ymin>
      <xmax>164</xmax>
      <ymax>708</ymax>
    </bndbox>
    <confidence>0.650863</confidence>
  </object>
  <object>
    <name>Vehicle</name>
    <bndbox>
      <xmin>252</xmin>
      <ymin>459</ymin>
      <xmax>437</xmax>
      <ymax>623</ymax>
    </bndbox>
    <confidence>0.954296</confidence>
  </object>
</annotation>
