<annotation>
  <folder>runs\detect\exp2</folder>
  <filename>1_20200615_112127_003150.jpg</filename>
  <source>
    <database>Unknown</database>
  </source>
  <size>
    <width>1920</width>
    <height>1080</height>
    <depth>3</depth>
  </size>
  <segmented>0</segmented>
  <object>
    <name>Vehicle</name>
    <bndbox>
      <xmin>886</xmin>
      <ymin>468</ymin>
      <xmax>913</xmax>
      <ymax>501</ymax>
    </bndbox>
    <confidence>0.664494</confidence>
  </object>
  <object>
    <name>TrafficSign</name>
    <bndbox>
      <xmin>1455</xmin>
      <ymin>370</ymin>
      <xmax>1481</xmax>
      <ymax>398</ymax>
    </bndbox>
    <confidence>0.719758</confidence>
  </object>
  <object>
    <name>Vehicle</name>
    <bndbox>
      <xmin>813</xmin>
      <ymin>467</ymin>
      <xmax>844</xmax>
      <ymax>510</ymax>
    </bndbox>
    <confidence>0.739677</confidence>
  </object>
  <object>
    <name>TrafficLight</name>
    <bndbox>
      <xmin>1400</xmin>
      <ymin>15</ymin>
      <xmax>1531</xmax>
      <ymax>52</ymax>
    </bndbox>
    <confidence>0.883716</confidence>
  </object>
  <object>
    <name>Vehicle</name>
    <bndbox>
      <xmin>1023</xmin>
      <ymin>459</ymin>
      <xmax>1075</xmax>
      <ymax>513</ymax>
    </bndbox>
    <confidence>0.903089</confidence>
  </object>
  <object>
    <name>TrafficSign</name>
    <bndbox>
      <xmin>1686</xmin>
      <ymin>341</ymin>
      <xmax>1730</xmax>
      <ymax>384</ymax>
    </bndbox>
    <confidence>0.908548</confidence>
  </object>
  <object>
    <name>TrafficSign</name>
    <bndbox>
      <xmin>1293</xmin>
      <ymin>212</ymin>
      <xmax>1336</xmax>
      <ymax>255</ymax>
    </bndbox>
    <confidence>0.909817</confidence>
  </object>
  <object>
    <name>Vehicle</name>
    <bndbox>
      <xmin>758</xmin>
      <ymin>458</ymin>
      <xmax>813</xmax>
      <ymax>522</ymax>
    </bndbox>
    <confidence>0.921725</confidence>
  </object>
  <object>
    <name>Vehicle</name>
    <bndbox>
      <xmin>353</xmin>
      <ymin>494</ymin>
      <xmax>467</xmax>
      <ymax>574</ymax>
    </bndbox>
    <confidence>0.956227</confidence>
  </object>
  <object>
    <name>Vehicle</name>
    <bndbox>
      <xmin>1547</xmin>
      <ymin>383</ymin>
      <xmax>1919</xmax>
      <ymax>781</ymax>
    </bndbox>
    <confidence>0.969565</confidence>
  </object>
</annotation>
