<annotation>
  <folder>runs\detect\exp2</folder>
  <filename>1_20200615_112127_000390.jpg</filename>
  <source>
    <database>Unknown</database>
  </source>
  <size>
    <width>1920</width>
    <height>1080</height>
    <depth>3</depth>
  </size>
  <segmented>0</segmented>
  <object>
    <name>Vehicle</name>
    <bndbox>
      <xmin>1117</xmin>
      <ymin>490</ymin>
      <xmax>1147</xmax>
      <ymax>531</ymax>
    </bndbox>
    <confidence>0.504135</confidence>
  </object>
  <object>
    <name>Vehicle</name>
    <bndbox>
      <xmin>1119</xmin>
      <ymin>474</ymin>
      <xmax>1169</xmax>
      <ymax>524</ymax>
    </bndbox>
    <confidence>0.55442</confidence>
  </object>
  <object>
    <name>Vehicle</name>
    <bndbox>
      <xmin>756</xmin>
      <ymin>514</ymin>
      <xmax>781</xmax>
      <ymax>556</ymax>
    </bndbox>
    <confidence>0.737329</confidence>
  </object>
  <object>
    <name>Vehicle</name>
    <bndbox>
      <xmin>1391</xmin>
      <ymin>492</ymin>
      <xmax>1427</xmax>
      <ymax>517</ymax>
    </bndbox>
    <confidence>0.807155</confidence>
  </object>
  <object>
    <name>Vehicle</name>
    <bndbox>
      <xmin>852</xmin>
      <ymin>513</ymin>
      <xmax>882</xmax>
      <ymax>549</ymax>
    </bndbox>
    <confidence>0.842777</confidence>
  </object>
  <object>
    <name>TrafficSign</name>
    <bndbox>
      <xmin>1479</xmin>
      <ymin>366</ymin>
      <xmax>1517</xmax>
      <ymax>402</ymax>
    </bndbox>
    <confidence>0.842787</confidence>
  </object>
  <object>
    <name>Vehicle</name>
    <bndbox>
      <xmin>1187</xmin>
      <ymin>499</ymin>
      <xmax>1226</xmax>
      <ymax>528</ymax>
    </bndbox>
    <confidence>0.860145</confidence>
  </object>
  <object>
    <name>Vehicle</name>
    <bndbox>
      <xmin>1324</xmin>
      <ymin>491</ymin>
      <xmax>1366</xmax>
      <ymax>521</ymax>
    </bndbox>
    <confidence>0.901788</confidence>
  </object>
  <object>
    <name>Vehicle</name>
    <bndbox>
      <xmin>1244</xmin>
      <ymin>494</ymin>
      <xmax>1287</xmax>
      <ymax>525</ymax>
    </bndbox>
    <confidence>0.905432</confidence>
  </object>
  <object>
    <name>Vehicle</name>
    <bndbox>
      <xmin>1064</xmin>
      <ymin>499</ymin>
      <xmax>1121</xmax>
      <ymax>539</ymax>
    </bndbox>
    <confidence>0.914484</confidence>
  </object>
  <object>
    <name>Vehicle</name>
    <bndbox>
      <xmin>1133</xmin>
      <ymin>491</ymin>
      <xmax>1192</xmax>
      <ymax>536</ymax>
    </bndbox>
    <confidence>0.91674</confidence>
  </object>
  <object>
    <name>TrafficSign</name>
    <bndbox>
      <xmin>1267</xmin>
      <ymin>159</ymin>
      <xmax>1323</xmax>
      <ymax>215</ymax>
    </bndbox>
    <confidence>0.917643</confidence>
  </object>
  <object>
    <name>Vehicle</name>
    <bndbox>
      <xmin>771</xmin>
      <ymin>489</ymin>
      <xmax>853</xmax>
      <ymax>555</ymax>
    </bndbox>
    <confidence>0.919339</confidence>
  </object>
  <object>
    <name>Vehicle</name>
    <bndbox>
      <xmin>949</xmin>
      <ymin>447</ymin>
      <xmax>1065</xmax>
      <ymax>547</ymax>
    </bndbox>
    <confidence>0.944183</confidence>
  </object>
  <object>
    <name>Vehicle</name>
    <bndbox>
      <xmin>348</xmin>
      <ymin>504</ymin>
      <xmax>445</xmax>
      <ymax>588</ymax>
    </bndbox>
    <confidence>0.94615</confidence>
  </object>
  <object>
    <name>Vehicle</name>
    <bndbox>
      <xmin>690</xmin>
      <ymin>506</ymin>
      <xmax>768</xmax>
      <ymax>566</ymax>
    </bndbox>
    <confidence>0.947974</confidence>
  </object>
  <object>
    <name>Vehicle</name>
    <bndbox>
      <xmin>255</xmin>
      <ymin>523</ymin>
      <xmax>380</xmax>
      <ymax>597</ymax>
    </bndbox>
    <confidence>0.9544</confidence>
  </object>
  <object>
    <name>Vehicle</name>
    <bndbox>
      <xmin>566</xmin>
      <ymin>503</ymin>
      <xmax>702</xmax>
      <ymax>589</ymax>
    </bndbox>
    <confidence>0.963883</confidence>
  </object>
</annotation>
