<annotation>
  <folder>runs\detect\exp39</folder>
  <filename>1_20200615_112127_000420.jpg</filename>
  <source>
    <database>Unknown</database>
  </source>
  <size>
    <width>1920</width>
    <height>1080</height>
    <depth>3</depth>
  </size>
  <segmented>0</segmented>
  <object>
    <name>Vehicle</name>
    <bndbox>
      <xmin>924</xmin>
      <ymin>473</ymin>
      <xmax>977</xmax>
      <ymax>539</ymax>
    </bndbox>
    <confidence>0.604608</confidence>
  </object>
  <object>
    <name>Vehicle</name>
    <bndbox>
      <xmin>1016</xmin>
      <ymin>491</ymin>
      <xmax>1073</xmax>
      <ymax>557</ymax>
    </bndbox>
    <confidence>0.775926</confidence>
  </object>
  <object>
    <name>TrafficSign</name>
    <bndbox>
      <xmin>1580</xmin>
      <ymin>344</ymin>
      <xmax>1627</xmax>
      <ymax>393</ymax>
    </bndbox>
    <confidence>0.866323</confidence>
  </object>
  <object>
    <name>Vehicle</name>
    <bndbox>
      <xmin>1074</xmin>
      <ymin>520</ymin>
      <xmax>1135</xmax>
      <ymax>552</ymax>
    </bndbox>
    <confidence>0.886541</confidence>
  </object>
  <object>
    <name>Vehicle</name>
    <bndbox>
      <xmin>1308</xmin>
      <ymin>513</ymin>
      <xmax>1350</xmax>
      <ymax>542</ymax>
    </bndbox>
    <confidence>0.893212</confidence>
  </object>
  <object>
    <name>Vehicle</name>
    <bndbox>
      <xmin>1147</xmin>
      <ymin>515</ymin>
      <xmax>1194</xmax>
      <ymax>551</ymax>
    </bndbox>
    <confidence>0.909328</confidence>
  </object>
  <object>
    <name>Vehicle</name>
    <bndbox>
      <xmin>926</xmin>
      <ymin>522</ymin>
      <xmax>988</xmax>
      <ymax>572</ymax>
    </bndbox>
    <confidence>0.909699</confidence>
  </object>
  <object>
    <name>Vehicle</name>
    <bndbox>
      <xmin>1238</xmin>
      <ymin>513</ymin>
      <xmax>1283</xmax>
      <ymax>547</ymax>
    </bndbox>
    <confidence>0.91219</confidence>
  </object>
  <object>
    <name>Vehicle</name>
    <bndbox>
      <xmin>985</xmin>
      <ymin>512</ymin>
      <xmax>1065</xmax>
      <ymax>572</ymax>
    </bndbox>
    <confidence>0.920154</confidence>
  </object>
  <object>
    <name>Vehicle</name>
    <bndbox>
      <xmin>679</xmin>
      <ymin>509</ymin>
      <xmax>774</xmax>
      <ymax>582</ymax>
    </bndbox>
    <confidence>0.923891</confidence>
  </object>
  <object>
    <name>Vehicle</name>
    <bndbox>
      <xmin>634</xmin>
      <ymin>535</ymin>
      <xmax>691</xmax>
      <ymax>585</ymax>
    </bndbox>
    <confidence>0.932168</confidence>
  </object>
  <object>
    <name>TrafficSign</name>
    <bndbox>
      <xmin>1299</xmin>
      <ymin>67</ymin>
      <xmax>1373</xmax>
      <ymax>141</ymax>
    </bndbox>
    <confidence>0.932963</confidence>
  </object>
  <object>
    <name>Vehicle</name>
    <bndbox>
      <xmin>505</xmin>
      <ymin>539</ymin>
      <xmax>583</xmax>
      <ymax>597</ymax>
    </bndbox>
    <confidence>0.938409</confidence>
  </object>
  <object>
    <name>Vehicle</name>
    <bndbox>
      <xmin>576</xmin>
      <ymin>536</ymin>
      <xmax>652</xmax>
      <ymax>590</ymax>
    </bndbox>
    <confidence>0.94318</confidence>
  </object>
  <object>
    <name>Vehicle</name>
    <bndbox>
      <xmin>776</xmin>
      <ymin>451</ymin>
      <xmax>932</xmax>
      <ymax>583</ymax>
    </bndbox>
    <confidence>0.944415</confidence>
  </object>
  <object>
    <name>Vehicle</name>
    <bndbox>
      <xmin>143</xmin>
      <ymin>523</ymin>
      <xmax>266</xmax>
      <ymax>626</ymax>
    </bndbox>
    <confidence>0.946092</confidence>
  </object>
  <object>
    <name>Vehicle</name>
    <bndbox>
      <xmin>12</xmin>
      <ymin>546</ymin>
      <xmax>174</xmax>
      <ymax>639</ymax>
    </bndbox>
    <confidence>0.95379</confidence>
  </object>
  <object>
    <name>Vehicle</name>
    <bndbox>
      <xmin>386</xmin>
      <ymin>527</ymin>
      <xmax>515</xmax>
      <ymax>616</ymax>
    </bndbox>
    <confidence>0.956954</confidence>
  </object>
</annotation>
