<annotation>
  <folder>runs\detect\exp2</folder>
  <filename>1_20200615_112127_001020.jpg</filename>
  <source>
    <database>Unknown</database>
  </source>
  <size>
    <width>1920</width>
    <height>1080</height>
    <depth>3</depth>
  </size>
  <segmented>0</segmented>
  <object>
    <name>Vehicle</name>
    <bndbox>
      <xmin>1381</xmin>
      <ymin>472</ymin>
      <xmax>1408</xmax>
      <ymax>520</ymax>
    </bndbox>
    <confidence>0.507553</confidence>
  </object>
  <object>
    <name>TrafficSign</name>
    <bndbox>
      <xmin>1153</xmin>
      <ymin>58</ymin>
      <xmax>1426</xmax>
      <ymax>160</ymax>
    </bndbox>
    <confidence>0.781655</confidence>
  </object>
  <object>
    <name>TrafficSign</name>
    <bndbox>
      <xmin>1158</xmin>
      <ymin>61</ymin>
      <xmax>1226</xmax>
      <ymax>160</ymax>
    </bndbox>
    <confidence>0.860092</confidence>
  </object>
</annotation>
