<annotation>
  <folder>runs\detect\exp2</folder>
  <filename>1_20200615_112127_000660.jpg</filename>
  <source>
    <database>Unknown</database>
  </source>
  <size>
    <width>1920</width>
    <height>1080</height>
    <depth>3</depth>
  </size>
  <segmented>0</segmented>
  <object>
    <name>Vehicle</name>
    <bndbox>
      <xmin>187</xmin>
      <ymin>470</ymin>
      <xmax>274</xmax>
      <ymax>499</ymax>
    </bndbox>
    <confidence>0.430153</confidence>
  </object>
  <object>
    <name>Vehicle</name>
    <bndbox>
      <xmin>1460</xmin>
      <ymin>481</ymin>
      <xmax>1508</xmax>
      <ymax>520</ymax>
    </bndbox>
    <confidence>0.877596</confidence>
  </object>
  <object>
    <name>Vehicle</name>
    <bndbox>
      <xmin>1319</xmin>
      <ymin>468</ymin>
      <xmax>1360</xmax>
      <ymax>511</ymax>
    </bndbox>
    <confidence>0.880603</confidence>
  </object>
  <object>
    <name>Vehicle</name>
    <bndbox>
      <xmin>1</xmin>
      <ymin>455</ymin>
      <xmax>119</xmax>
      <ymax>690</ymax>
    </bndbox>
    <confidence>0.940407</confidence>
  </object>
  <object>
    <name>Vehicle</name>
    <bndbox>
      <xmin>780</xmin>
      <ymin>480</ymin>
      <xmax>873</xmax>
      <ymax>553</ymax>
    </bndbox>
    <confidence>0.940915</confidence>
  </object>
  <object>
    <name>Vehicle</name>
    <bndbox>
      <xmin>940</xmin>
      <ymin>460</ymin>
      <xmax>1015</xmax>
      <ymax>540</ymax>
    </bndbox>
    <confidence>0.944697</confidence>
  </object>
  <object>
    <name>Vehicle</name>
    <bndbox>
      <xmin>386</xmin>
      <ymin>501</ymin>
      <xmax>524</xmax>
      <ymax>603</ymax>
    </bndbox>
    <confidence>0.962702</confidence>
  </object>
</annotation>
