<annotation>
  <folder>runs\detect\exp39</folder>
  <filename>1_20200615_112127_003540.jpg</filename>
  <source>
    <database>Unknown</database>
  </source>
  <size>
    <width>1920</width>
    <height>1080</height>
    <depth>3</depth>
  </size>
  <segmented>0</segmented>
  <object>
    <name>Vehicle</name>
    <bndbox>
      <xmin>567</xmin>
      <ymin>514</ymin>
      <xmax>596</xmax>
      <ymax>545</ymax>
    </bndbox>
    <confidence>0.364462</confidence>
  </object>
  <object>
    <name>Vehicle</name>
    <bndbox>
      <xmin>1288</xmin>
      <ymin>489</ymin>
      <xmax>1320</xmax>
      <ymax>523</ymax>
    </bndbox>
    <confidence>0.61195</confidence>
  </object>
  <object>
    <name>Vehicle</name>
    <bndbox>
      <xmin>1</xmin>
      <ymin>534</ymin>
      <xmax>85</xmax>
      <ymax>746</ymax>
    </bndbox>
    <confidence>0.618169</confidence>
  </object>
  <object>
    <name>Vehicle</name>
    <bndbox>
      <xmin>804</xmin>
      <ymin>462</ymin>
      <xmax>834</xmax>
      <ymax>494</ymax>
    </bndbox>
    <confidence>0.711744</confidence>
  </object>
  <object>
    <name>Vehicle</name>
    <bndbox>
      <xmin>1091</xmin>
      <ymin>493</ymin>
      <xmax>1133</xmax>
      <ymax>532</ymax>
    </bndbox>
    <confidence>0.722067</confidence>
  </object>
  <object>
    <name>Vehicle</name>
    <bndbox>
      <xmin>491</xmin>
      <ymin>479</ymin>
      <xmax>569</xmax>
      <ymax>517</ymax>
    </bndbox>
    <confidence>0.776393</confidence>
  </object>
  <object>
    <name>Vehicle</name>
    <bndbox>
      <xmin>982</xmin>
      <ymin>458</ymin>
      <xmax>1011</xmax>
      <ymax>493</ymax>
    </bndbox>
    <confidence>0.836534</confidence>
  </object>
  <object>
    <name>Vehicle</name>
    <bndbox>
      <xmin>1117</xmin>
      <ymin>501</ymin>
      <xmax>1156</xmax>
      <ymax>535</ymax>
    </bndbox>
    <confidence>0.838782</confidence>
  </object>
  <object>
    <name>Vehicle</name>
    <bndbox>
      <xmin>720</xmin>
      <ymin>505</ymin>
      <xmax>757</xmax>
      <ymax>545</ymax>
    </bndbox>
    <confidence>0.862085</confidence>
  </object>
  <object>
    <name>Vehicle</name>
    <bndbox>
      <xmin>692</xmin>
      <ymin>508</ymin>
      <xmax>725</xmax>
      <ymax>553</ymax>
    </bndbox>
    <confidence>0.864292</confidence>
  </object>
  <object>
    <name>Vehicle</name>
    <bndbox>
      <xmin>1026</xmin>
      <ymin>493</ymin>
      <xmax>1087</xmax>
      <ymax>536</ymax>
    </bndbox>
    <confidence>0.865462</confidence>
  </object>
  <object>
    <name>TrafficSign</name>
    <bndbox>
      <xmin>1364</xmin>
      <ymin>372</ymin>
      <xmax>1421</xmax>
      <ymax>427</ymax>
    </bndbox>
    <confidence>0.893879</confidence>
  </object>
  <object>
    <name>Vehicle</name>
    <bndbox>
      <xmin>752</xmin>
      <ymin>478</ymin>
      <xmax>809</xmax>
      <ymax>550</ymax>
    </bndbox>
    <confidence>0.903694</confidence>
  </object>
  <object>
    <name>Vehicle</name>
    <bndbox>
      <xmin>935</xmin>
      <ymin>493</ymin>
      <xmax>1008</xmax>
      <ymax>553</ymax>
    </bndbox>
    <confidence>0.932793</confidence>
  </object>
  <object>
    <name>Vehicle</name>
    <bndbox>
      <xmin>601</xmin>
      <ymin>483</ymin>
      <xmax>700</xmax>
      <ymax>576</ymax>
    </bndbox>
    <confidence>0.937837</confidence>
  </object>
  <object>
    <name>Vehicle</name>
    <bndbox>
      <xmin>474</xmin>
      <ymin>503</ymin>
      <xmax>575</xmax>
      <ymax>583</ymax>
    </bndbox>
    <confidence>0.941399</confidence>
  </object>
  <object>
    <name>Vehicle</name>
    <bndbox>
      <xmin>278</xmin>
      <ymin>428</ymin>
      <xmax>438</xmax>
      <ymax>614</ymax>
    </bndbox>
    <confidence>0.952806</confidence>
  </object>
</annotation>
