<annotation>
  <folder>runs\detect\exp2</folder>
  <filename>1_20200615_112127_004650.jpg</filename>
  <source>
    <database>Unknown</database>
  </source>
  <size>
    <width>1920</width>
    <height>1080</height>
    <depth>3</depth>
  </size>
  <segmented>0</segmented>
  <object>
    <name>TrafficLight</name>
    <bndbox>
      <xmin>1283</xmin>
      <ymin>230</ymin>
      <xmax>1350</xmax>
      <ymax>250</ymax>
    </bndbox>
    <confidence>0.854271</confidence>
  </object>
  <object>
    <name>TrafficSign</name>
    <bndbox>
      <xmin>1571</xmin>
      <ymin>387</ymin>
      <xmax>1598</xmax>
      <ymax>415</ymax>
    </bndbox>
    <confidence>0.862629</confidence>
  </object>
  <object>
    <name>TrafficSign</name>
    <bndbox>
      <xmin>1328</xmin>
      <ymin>345</ymin>
      <xmax>1356</xmax>
      <ymax>372</ymax>
    </bndbox>
    <confidence>0.880381</confidence>
  </object>
  <object>
    <name>Vehicle</name>
    <bndbox>
      <xmin>250</xmin>
      <ymin>345</ymin>
      <xmax>567</xmax>
      <ymax>533</ymax>
    </bndbox>
    <confidence>0.923871</confidence>
  </object>
  <object>
    <name>Vehicle</name>
    <bndbox>
      <xmin>279</xmin>
      <ymin>398</ymin>
      <xmax>1282</xmax>
      <ymax>966</ymax>
    </bndbox>
    <confidence>0.938725</confidence>
  </object>
  <object>
    <name>Vehicle</name>
    <bndbox>
      <xmin>1450</xmin>
      <ymin>445</ymin>
      <xmax>1909</xmax>
      <ymax>748</ymax>
    </bndbox>
    <confidence>0.976736</confidence>
  </object>
</annotation>
