<annotation>
  <folder>runs\detect\exp39</folder>
  <filename>1_20200615_112127_003420.jpg</filename>
  <source>
    <database>Unknown</database>
  </source>
  <size>
    <width>1920</width>
    <height>1080</height>
    <depth>3</depth>
  </size>
  <segmented>0</segmented>
  <object>
    <name>Vehicle</name>
    <bndbox>
      <xmin>865</xmin>
      <ymin>492</ymin>
      <xmax>898</xmax>
      <ymax>530</ymax>
    </bndbox>
    <confidence>0.43474</confidence>
  </object>
  <object>
    <name>Vehicle</name>
    <bndbox>
      <xmin>732</xmin>
      <ymin>501</ymin>
      <xmax>759</xmax>
      <ymax>542</ymax>
    </bndbox>
    <confidence>0.59912</confidence>
  </object>
  <object>
    <name>Vehicle</name>
    <bndbox>
      <xmin>754</xmin>
      <ymin>490</ymin>
      <xmax>798</xmax>
      <ymax>548</ymax>
    </bndbox>
    <confidence>0.770545</confidence>
  </object>
  <object>
    <name>Vehicle</name>
    <bndbox>
      <xmin>846</xmin>
      <ymin>501</ymin>
      <xmax>880</xmax>
      <ymax>537</ymax>
    </bndbox>
    <confidence>0.786019</confidence>
  </object>
  <object>
    <name>Vehicle</name>
    <bndbox>
      <xmin>999</xmin>
      <ymin>469</ymin>
      <xmax>1027</xmax>
      <ymax>506</ymax>
    </bndbox>
    <confidence>0.836812</confidence>
  </object>
  <object>
    <name>TrafficSign</name>
    <bndbox>
      <xmin>1175</xmin>
      <ymin>447</ymin>
      <xmax>1205</xmax>
      <ymax>473</ymax>
    </bndbox>
    <confidence>0.852783</confidence>
  </object>
  <object>
    <name>Vehicle</name>
    <bndbox>
      <xmin>964</xmin>
      <ymin>500</ymin>
      <xmax>1003</xmax>
      <ymax>538</ymax>
    </bndbox>
    <confidence>0.85775</confidence>
  </object>
  <object>
    <name>Vehicle</name>
    <bndbox>
      <xmin>795</xmin>
      <ymin>495</ymin>
      <xmax>846</xmax>
      <ymax>546</ymax>
    </bndbox>
    <confidence>0.905959</confidence>
  </object>
  <object>
    <name>Vehicle</name>
    <bndbox>
      <xmin>684</xmin>
      <ymin>508</ymin>
      <xmax>740</xmax>
      <ymax>555</ymax>
    </bndbox>
    <confidence>0.912958</confidence>
  </object>
  <object>
    <name>Vehicle</name>
    <bndbox>
      <xmin>552</xmin>
      <ymin>514</ymin>
      <xmax>637</xmax>
      <ymax>575</ymax>
    </bndbox>
    <confidence>0.942878</confidence>
  </object>
  <object>
    <name>Vehicle</name>
    <bndbox>
      <xmin>0</xmin>
      <ymin>449</ymin>
      <xmax>104</xmax>
      <ymax>640</ymax>
    </bndbox>
    <confidence>0.946261</confidence>
  </object>
  <object>
    <name>Vehicle</name>
    <bndbox>
      <xmin>323</xmin>
      <ymin>464</ymin>
      <xmax>475</xmax>
      <ymax>604</ymax>
    </bndbox>
    <confidence>0.949364</confidence>
  </object>
  <object>
    <name>Vehicle</name>
    <bndbox>
      <xmin>1032</xmin>
      <ymin>492</ymin>
      <xmax>1133</xmax>
      <ymax>572</ymax>
    </bndbox>
    <confidence>0.949822</confidence>
  </object>
</annotation>
