<annotation>
  <folder>runs\detect\exp39</folder>
  <filename>1_20200615_112127_000540.jpg</filename>
  <source>
    <database>Unknown</database>
  </source>
  <size>
    <width>1920</width>
    <height>1080</height>
    <depth>3</depth>
  </size>
  <segmented>0</segmented>
  <object>
    <name>Vehicle</name>
    <bndbox>
      <xmin>1211</xmin>
      <ymin>496</ymin>
      <xmax>1246</xmax>
      <ymax>521</ymax>
    </bndbox>
    <confidence>0.65594</confidence>
  </object>
  <object>
    <name>Vehicle</name>
    <bndbox>
      <xmin>167</xmin>
      <ymin>526</ymin>
      <xmax>268</xmax>
      <ymax>603</ymax>
    </bndbox>
    <confidence>0.855883</confidence>
  </object>
  <object>
    <name>Vehicle</name>
    <bndbox>
      <xmin>1297</xmin>
      <ymin>485</ymin>
      <xmax>1339</xmax>
      <ymax>517</ymax>
    </bndbox>
    <confidence>0.861331</confidence>
  </object>
  <object>
    <name>Vehicle</name>
    <bndbox>
      <xmin>1164</xmin>
      <ymin>495</ymin>
      <xmax>1205</xmax>
      <ymax>525</ymax>
    </bndbox>
    <confidence>0.872415</confidence>
  </object>
  <object>
    <name>Vehicle</name>
    <bndbox>
      <xmin>1071</xmin>
      <ymin>484</ymin>
      <xmax>1128</xmax>
      <ymax>532</ymax>
    </bndbox>
    <confidence>0.885936</confidence>
  </object>
  <object>
    <name>Vehicle</name>
    <bndbox>
      <xmin>387</xmin>
      <ymin>433</ymin>
      <xmax>553</xmax>
      <ymax>553</ymax>
    </bndbox>
    <confidence>0.925348</confidence>
  </object>
  <object>
    <name>Vehicle</name>
    <bndbox>
      <xmin>926</xmin>
      <ymin>499</ymin>
      <xmax>983</xmax>
      <ymax>543</ymax>
    </bndbox>
    <confidence>0.926612</confidence>
  </object>
  <object>
    <name>Vehicle</name>
    <bndbox>
      <xmin>840</xmin>
      <ymin>488</ymin>
      <xmax>932</xmax>
      <ymax>558</ymax>
    </bndbox>
    <confidence>0.943817</confidence>
  </object>
  <object>
    <name>Vehicle</name>
    <bndbox>
      <xmin>664</xmin>
      <ymin>493</ymin>
      <xmax>772</xmax>
      <ymax>572</ymax>
    </bndbox>
    <confidence>0.951817</confidence>
  </object>
  <object>
    <name>Vehicle</name>
    <bndbox>
      <xmin>1</xmin>
      <ymin>413</ymin>
      <xmax>169</xmax>
      <ymax>645</ymax>
    </bndbox>
    <confidence>0.956403</confidence>
  </object>
  <object>
    <name>Vehicle</name>
    <bndbox>
      <xmin>321</xmin>
      <ymin>490</ymin>
      <xmax>499</xmax>
      <ymax>619</ymax>
    </bndbox>
    <confidence>0.961799</confidence>
  </object>
</annotation>
