<annotation>
  <folder>runs\detect\exp39</folder>
  <filename>1_20200615_112127_004050.jpg</filename>
  <source>
    <database>Unknown</database>
  </source>
  <size>
    <width>1920</width>
    <height>1080</height>
    <depth>3</depth>
  </size>
  <segmented>0</segmented>
  <object>
    <name>TrafficSign</name>
    <bndbox>
      <xmin>983</xmin>
      <ymin>365</ymin>
      <xmax>1065</xmax>
      <ymax>398</ymax>
    </bndbox>
    <confidence>0.626246</confidence>
  </object>
  <object>
    <name>Vehicle</name>
    <bndbox>
      <xmin>510</xmin>
      <ymin>477</ymin>
      <xmax>592</xmax>
      <ymax>553</ymax>
    </bndbox>
    <confidence>0.824438</confidence>
  </object>
  <object>
    <name>Vehicle</name>
    <bndbox>
      <xmin>940</xmin>
      <ymin>496</ymin>
      <xmax>994</xmax>
      <ymax>542</ymax>
    </bndbox>
    <confidence>0.901324</confidence>
  </object>
  <object>
    <name>Vehicle</name>
    <bndbox>
      <xmin>990</xmin>
      <ymin>468</ymin>
      <xmax>1039</xmax>
      <ymax>530</ymax>
    </bndbox>
    <confidence>0.905051</confidence>
  </object>
  <object>
    <name>Vehicle</name>
    <bndbox>
      <xmin>572</xmin>
      <ymin>477</ymin>
      <xmax>634</xmax>
      <ymax>546</ymax>
    </bndbox>
    <confidence>0.913348</confidence>
  </object>
  <object>
    <name>Vehicle</name>
    <bndbox>
      <xmin>1060</xmin>
      <ymin>485</ymin>
      <xmax>1175</xmax>
      <ymax>573</ymax>
    </bndbox>
    <confidence>0.94421</confidence>
  </object>
  <object>
    <name>Vehicle</name>
    <bndbox>
      <xmin>1</xmin>
      <ymin>436</ymin>
      <xmax>367</xmax>
      <ymax>953</ymax>
    </bndbox>
    <confidence>0.966251</confidence>
  </object>
</annotation>
