<annotation>
  <folder>runs\detect\exp39</folder>
  <filename>1_20200615_112127_001320.jpg</filename>
  <source>
    <database>Unknown</database>
  </source>
  <size>
    <width>1920</width>
    <height>1080</height>
    <depth>3</depth>
  </size>
  <segmented>0</segmented>
  <object>
    <name>Vehicle</name>
    <bndbox>
      <xmin>1098</xmin>
      <ymin>446</ymin>
      <xmax>1127</xmax>
      <ymax>485</ymax>
    </bndbox>
    <confidence>0.531362</confidence>
  </object>
  <object>
    <name>TrafficLight</name>
    <bndbox>
      <xmin>1218</xmin>
      <ymin>278</ymin>
      <xmax>1275</xmax>
      <ymax>293</ymax>
    </bndbox>
    <confidence>0.668972</confidence>
  </object>
  <object>
    <name>Vehicle</name>
    <bndbox>
      <xmin>1064</xmin>
      <ymin>443</ymin>
      <xmax>1119</xmax>
      <ymax>484</ymax>
    </bndbox>
    <confidence>0.684714</confidence>
  </object>
  <object>
    <name>TrafficSign</name>
    <bndbox>
      <xmin>1379</xmin>
      <ymin>410</ymin>
      <xmax>1404</xmax>
      <ymax>435</ymax>
    </bndbox>
    <confidence>0.718414</confidence>
  </object>
  <object>
    <name>TrafficLight</name>
    <bndbox>
      <xmin>1018</xmin>
      <ymin>153</ymin>
      <xmax>1111</xmax>
      <ymax>178</ymax>
    </bndbox>
    <confidence>0.836164</confidence>
  </object>
  <object>
    <name>TrafficLight</name>
    <bndbox>
      <xmin>1275</xmin>
      <ymin>145</ymin>
      <xmax>1366</xmax>
      <ymax>171</ymax>
    </bndbox>
    <confidence>0.847056</confidence>
  </object>
  <object>
    <name>TrafficSign</name>
    <bndbox>
      <xmin>1227</xmin>
      <ymin>316</ymin>
      <xmax>1253</xmax>
      <ymax>342</ymax>
    </bndbox>
    <confidence>0.84793</confidence>
  </object>
  <object>
    <name>TrafficSign</name>
    <bndbox>
      <xmin>1163</xmin>
      <ymin>131</ymin>
      <xmax>1222</xmax>
      <ymax>190</ymax>
    </bndbox>
    <confidence>0.916468</confidence>
  </object>
</annotation>
