<annotation>
  <folder>runs\detect\exp39</folder>
  <filename>1_20200615_112127_003810.jpg</filename>
  <source>
    <database>Unknown</database>
  </source>
  <size>
    <width>1920</width>
    <height>1080</height>
    <depth>3</depth>
  </size>
  <segmented>0</segmented>
  <object>
    <name>Vehicle</name>
    <bndbox>
      <xmin>926</xmin>
      <ymin>492</ymin>
      <xmax>961</xmax>
      <ymax>531</ymax>
    </bndbox>
    <confidence>0.503144</confidence>
  </object>
  <object>
    <name>TrafficSign</name>
    <bndbox>
      <xmin>1200</xmin>
      <ymin>359</ymin>
      <xmax>1232</xmax>
      <ymax>392</ymax>
    </bndbox>
    <confidence>0.558547</confidence>
  </object>
  <object>
    <name>Vehicle</name>
    <bndbox>
      <xmin>705</xmin>
      <ymin>478</ymin>
      <xmax>750</xmax>
      <ymax>520</ymax>
    </bndbox>
    <confidence>0.839019</confidence>
  </object>
  <object>
    <name>Vehicle</name>
    <bndbox>
      <xmin>1</xmin>
      <ymin>407</ymin>
      <xmax>103</xmax>
      <ymax>594</ymax>
    </bndbox>
    <confidence>0.857879</confidence>
  </object>
  <object>
    <name>Vehicle</name>
    <bndbox>
      <xmin>958</xmin>
      <ymin>469</ymin>
      <xmax>996</xmax>
      <ymax>515</ymax>
    </bndbox>
    <confidence>0.866616</confidence>
  </object>
  <object>
    <name>Vehicle</name>
    <bndbox>
      <xmin>904</xmin>
      <ymin>505</ymin>
      <xmax>955</xmax>
      <ymax>547</ymax>
    </bndbox>
    <confidence>0.90219</confidence>
  </object>
  <object>
    <name>Vehicle</name>
    <bndbox>
      <xmin>1286</xmin>
      <ymin>528</ymin>
      <xmax>1389</xmax>
      <ymax>616</ymax>
    </bndbox>
    <confidence>0.937439</confidence>
  </object>
  <object>
    <name>Vehicle</name>
    <bndbox>
      <xmin>1348</xmin>
      <ymin>532</ymin>
      <xmax>1430</xmax>
      <ymax>628</ymax>
    </bndbox>
    <confidence>0.93762</confidence>
  </object>
  <object>
    <name>Vehicle</name>
    <bndbox>
      <xmin>1399</xmin>
      <ymin>522</ymin>
      <xmax>1487</xmax>
      <ymax>642</ymax>
    </bndbox>
    <confidence>0.938631</confidence>
  </object>
  <object>
    <name>Vehicle</name>
    <bndbox>
      <xmin>1009</xmin>
      <ymin>513</ymin>
      <xmax>1095</xmax>
      <ymax>579</ymax>
    </bndbox>
    <confidence>0.943185</confidence>
  </object>
  <object>
    <name>Vehicle</name>
    <bndbox>
      <xmin>1218</xmin>
      <ymin>526</ymin>
      <xmax>1306</xmax>
      <ymax>597</ymax>
    </bndbox>
    <confidence>0.946313</confidence>
  </object>
  <object>
    <name>Vehicle</name>
    <bndbox>
      <xmin>521</xmin>
      <ymin>528</ymin>
      <xmax>604</xmax>
      <ymax>590</ymax>
    </bndbox>
    <confidence>0.947314</confidence>
  </object>
  <object>
    <name>Vehicle</name>
    <bndbox>
      <xmin>270</xmin>
      <ymin>509</ymin>
      <xmax>424</xmax>
      <ymax>635</ymax>
    </bndbox>
    <confidence>0.957455</confidence>
  </object>
  <object>
    <name>Vehicle</name>
    <bndbox>
      <xmin>1710</xmin>
      <ymin>522</ymin>
      <xmax>1920</xmax>
      <ymax>714</ymax>
    </bndbox>
    <confidence>0.960709</confidence>
  </object>
  <object>
    <name>Vehicle</name>
    <bndbox>
      <xmin>1451</xmin>
      <ymin>500</ymin>
      <xmax>1646</xmax>
      <ymax>657</ymax>
    </bndbox>
    <confidence>0.961137</confidence>
  </object>
  <object>
    <name>Vehicle</name>
    <bndbox>
      <xmin>1555</xmin>
      <ymin>525</ymin>
      <xmax>1768</xmax>
      <ymax>680</ymax>
    </bndbox>
    <confidence>0.962623</confidence>
  </object>
</annotation>
