<annotation>
  <folder>runs\detect\exp39</folder>
  <filename>1_20200615_112127_004290.jpg</filename>
  <source>
    <database>Unknown</database>
  </source>
  <size>
    <width>1920</width>
    <height>1080</height>
    <depth>3</depth>
  </size>
  <segmented>0</segmented>
  <object>
    <name>TrafficLight</name>
    <bndbox>
      <xmin>1171</xmin>
      <ymin>373</ymin>
      <xmax>1206</xmax>
      <ymax>385</ymax>
    </bndbox>
    <confidence>0.33257</confidence>
  </object>
  <object>
    <name>TrafficLight</name>
    <bndbox>
      <xmin>1061</xmin>
      <ymin>376</ymin>
      <xmax>1100</xmax>
      <ymax>388</ymax>
    </bndbox>
    <confidence>0.375809</confidence>
  </object>
  <object>
    <name>Vehicle</name>
    <bndbox>
      <xmin>1186</xmin>
      <ymin>444</ymin>
      <xmax>1219</xmax>
      <ymax>534</ymax>
    </bndbox>
    <confidence>0.664267</confidence>
  </object>
  <object>
    <name>TrafficSign</name>
    <bndbox>
      <xmin>1101</xmin>
      <ymin>361</ymin>
      <xmax>1125</xmax>
      <ymax>386</ymax>
    </bndbox>
    <confidence>0.73023</confidence>
  </object>
  <object>
    <name>Vehicle</name>
    <bndbox>
      <xmin>1030</xmin>
      <ymin>480</ymin>
      <xmax>1064</xmax>
      <ymax>554</ymax>
    </bndbox>
    <confidence>0.80039</confidence>
  </object>
  <object>
    <name>Vehicle</name>
    <bndbox>
      <xmin>0</xmin>
      <ymin>403</ymin>
      <xmax>153</xmax>
      <ymax>625</ymax>
    </bndbox>
    <confidence>0.941067</confidence>
  </object>
  <object>
    <name>Vehicle</name>
    <bndbox>
      <xmin>1032</xmin>
      <ymin>461</ymin>
      <xmax>1221</xmax>
      <ymax>612</ymax>
    </bndbox>
    <confidence>0.958424</confidence>
  </object>
  <object>
    <name>Vehicle</name>
    <bndbox>
      <xmin>530</xmin>
      <ymin>463</ymin>
      <xmax>815</xmax>
      <ymax>683</ymax>
    </bndbox>
    <confidence>0.970257</confidence>
  </object>
</annotation>
