<annotation>
  <folder>runs\detect\exp2</folder>
  <filename>1_20200615_112127_000510.jpg</filename>
  <source>
    <database>Unknown</database>
  </source>
  <size>
    <width>1920</width>
    <height>1080</height>
    <depth>3</depth>
  </size>
  <segmented>0</segmented>
  <object>
    <name>Vehicle</name>
    <bndbox>
      <xmin>1267</xmin>
      <ymin>498</ymin>
      <xmax>1311</xmax>
      <ymax>525</ymax>
    </bndbox>
    <confidence>0.837355</confidence>
  </object>
  <object>
    <name>Vehicle</name>
    <bndbox>
      <xmin>1192</xmin>
      <ymin>490</ymin>
      <xmax>1238</xmax>
      <ymax>529</ymax>
    </bndbox>
    <confidence>0.892345</confidence>
  </object>
  <object>
    <name>Vehicle</name>
    <bndbox>
      <xmin>385</xmin>
      <ymin>521</ymin>
      <xmax>460</xmax>
      <ymax>587</ymax>
    </bndbox>
    <confidence>0.896264</confidence>
  </object>
  <object>
    <name>Vehicle</name>
    <bndbox>
      <xmin>586</xmin>
      <ymin>443</ymin>
      <xmax>682</xmax>
      <ymax>549</ymax>
    </bndbox>
    <confidence>0.917486</confidence>
  </object>
  <object>
    <name>Vehicle</name>
    <bndbox>
      <xmin>1061</xmin>
      <ymin>501</ymin>
      <xmax>1112</xmax>
      <ymax>538</ymax>
    </bndbox>
    <confidence>0.92078</confidence>
  </object>
  <object>
    <name>Vehicle</name>
    <bndbox>
      <xmin>235</xmin>
      <ymin>484</ymin>
      <xmax>397</xmax>
      <ymax>598</ymax>
    </bndbox>
    <confidence>0.929206</confidence>
  </object>
  <object>
    <name>Vehicle</name>
    <bndbox>
      <xmin>996</xmin>
      <ymin>494</ymin>
      <xmax>1061</xmax>
      <ymax>544</ymax>
    </bndbox>
    <confidence>0.932854</confidence>
  </object>
  <object>
    <name>Vehicle</name>
    <bndbox>
      <xmin>136</xmin>
      <ymin>524</ymin>
      <xmax>243</xmax>
      <ymax>606</ymax>
    </bndbox>
    <confidence>0.946703</confidence>
  </object>
  <object>
    <name>Vehicle</name>
    <bndbox>
      <xmin>873</xmin>
      <ymin>494</ymin>
      <xmax>950</xmax>
      <ymax>553</ymax>
    </bndbox>
    <confidence>0.947849</confidence>
  </object>
  <object>
    <name>Vehicle</name>
    <bndbox>
      <xmin>699</xmin>
      <ymin>495</ymin>
      <xmax>799</xmax>
      <ymax>572</ymax>
    </bndbox>
    <confidence>0.951772</confidence>
  </object>
  <object>
    <name>Vehicle</name>
    <bndbox>
      <xmin>0</xmin>
      <ymin>528</ymin>
      <xmax>152</xmax>
      <ymax>623</ymax>
    </bndbox>
    <confidence>0.956648</confidence>
  </object>
  <object>
    <name>Vehicle</name>
    <bndbox>
      <xmin>457</xmin>
      <ymin>449</ymin>
      <xmax>591</xmax>
      <ymax>590</ymax>
    </bndbox>
    <confidence>0.957438</confidence>
  </object>
</annotation>
