<annotation>
  <folder>runs\detect\exp39</folder>
  <filename>1_20200615_112127_003480.jpg</filename>
  <source>
    <database>Unknown</database>
  </source>
  <size>
    <width>1920</width>
    <height>1080</height>
    <depth>3</depth>
  </size>
  <segmented>0</segmented>
  <object>
    <name>Vehicle</name>
    <bndbox>
      <xmin>648</xmin>
      <ymin>469</ymin>
      <xmax>717</xmax>
      <ymax>563</ymax>
    </bndbox>
    <confidence>0.744401</confidence>
  </object>
  <object>
    <name>Vehicle</name>
    <bndbox>
      <xmin>844</xmin>
      <ymin>503</ymin>
      <xmax>880</xmax>
      <ymax>539</ymax>
    </bndbox>
    <confidence>0.755784</confidence>
  </object>
  <object>
    <name>Vehicle</name>
    <bndbox>
      <xmin>750</xmin>
      <ymin>515</ymin>
      <xmax>784</xmax>
      <ymax>551</ymax>
    </bndbox>
    <confidence>0.780485</confidence>
  </object>
  <object>
    <name>Vehicle</name>
    <bndbox>
      <xmin>1007</xmin>
      <ymin>466</ymin>
      <xmax>1038</xmax>
      <ymax>497</ymax>
    </bndbox>
    <confidence>0.79794</confidence>
  </object>
  <object>
    <name>Vehicle</name>
    <bndbox>
      <xmin>968</xmin>
      <ymin>498</ymin>
      <xmax>1001</xmax>
      <ymax>540</ymax>
    </bndbox>
    <confidence>0.799074</confidence>
  </object>
  <object>
    <name>TrafficSign</name>
    <bndbox>
      <xmin>1251</xmin>
      <ymin>429</ymin>
      <xmax>1289</xmax>
      <ymax>463</ymax>
    </bndbox>
    <confidence>0.847602</confidence>
  </object>
  <object>
    <name>Vehicle</name>
    <bndbox>
      <xmin>749</xmin>
      <ymin>492</ymin>
      <xmax>800</xmax>
      <ymax>547</ymax>
    </bndbox>
    <confidence>0.859541</confidence>
  </object>
  <object>
    <name>Vehicle</name>
    <bndbox>
      <xmin>593</xmin>
      <ymin>508</ymin>
      <xmax>656</xmax>
      <ymax>564</ymax>
    </bndbox>
    <confidence>0.884173</confidence>
  </object>
  <object>
    <name>Vehicle</name>
    <bndbox>
      <xmin>802</xmin>
      <ymin>497</ymin>
      <xmax>853</xmax>
      <ymax>549</ymax>
    </bndbox>
    <confidence>0.885552</confidence>
  </object>
  <object>
    <name>Vehicle</name>
    <bndbox>
      <xmin>1063</xmin>
      <ymin>500</ymin>
      <xmax>1143</xmax>
      <ymax>539</ymax>
    </bndbox>
    <confidence>0.905684</confidence>
  </object>
  <object>
    <name>Vehicle</name>
    <bndbox>
      <xmin>670</xmin>
      <ymin>488</ymin>
      <xmax>759</xmax>
      <ymax>575</ymax>
    </bndbox>
    <confidence>0.919609</confidence>
  </object>
  <object>
    <name>Vehicle</name>
    <bndbox>
      <xmin>982</xmin>
      <ymin>499</ymin>
      <xmax>1064</xmax>
      <ymax>565</ymax>
    </bndbox>
    <confidence>0.939759</confidence>
  </object>
  <object>
    <name>Vehicle</name>
    <bndbox>
      <xmin>491</xmin>
      <ymin>505</ymin>
      <xmax>593</xmax>
      <ymax>588</ymax>
    </bndbox>
    <confidence>0.949111</confidence>
  </object>
  <object>
    <name>Vehicle</name>
    <bndbox>
      <xmin>8</xmin>
      <ymin>519</ymin>
      <xmax>233</xmax>
      <ymax>660</ymax>
    </bndbox>
    <confidence>0.953729</confidence>
  </object>
</annotation>
