<annotation>
  <folder>runs\detect\exp39</folder>
  <filename>1_20200615_112127_004590.jpg</filename>
  <source>
    <database>Unknown</database>
  </source>
  <size>
    <width>1920</width>
    <height>1080</height>
    <depth>3</depth>
  </size>
  <segmented>0</segmented>
  <object>
    <name>TrafficSign</name>
    <bndbox>
      <xmin>1398</xmin>
      <ymin>394</ymin>
      <xmax>1423</xmax>
      <ymax>420</ymax>
    </bndbox>
    <confidence>0.742337</confidence>
  </object>
  <object>
    <name>Vehicle</name>
    <bndbox>
      <xmin>1656</xmin>
      <ymin>90</ymin>
      <xmax>1921</xmax>
      <ymax>390</ymax>
    </bndbox>
    <confidence>0.752827</confidence>
  </object>
  <object>
    <name>TrafficLight</name>
    <bndbox>
      <xmin>1128</xmin>
      <ymin>250</ymin>
      <xmax>1191</xmax>
      <ymax>268</ymax>
    </bndbox>
    <confidence>0.820835</confidence>
  </object>
  <object>
    <name>TrafficSign</name>
    <bndbox>
      <xmin>1176</xmin>
      <ymin>352</ymin>
      <xmax>1203</xmax>
      <ymax>379</ymax>
    </bndbox>
    <confidence>0.869711</confidence>
  </object>
  <object>
    <name>Vehicle</name>
    <bndbox>
      <xmin>1212</xmin>
      <ymin>454</ymin>
      <xmax>1516</xmax>
      <ymax>676</ymax>
    </bndbox>
    <confidence>0.957315</confidence>
  </object>
  <object>
    <name>Vehicle</name>
    <bndbox>
      <xmin>389</xmin>
      <ymin>433</ymin>
      <xmax>608</xmax>
      <ymax>525</ymax>
    </bndbox>
    <confidence>0.957501</confidence>
  </object>
  <object>
    <name>Vehicle</name>
    <bndbox>
      <xmin>666</xmin>
      <ymin>417</ymin>
      <xmax>1178</xmax>
      <ymax>855</ymax>
    </bndbox>
    <confidence>0.961566</confidence>
  </object>
  <object>
    <name>Vehicle</name>
    <bndbox>
      <xmin>1486</xmin>
      <ymin>365</ymin>
      <xmax>1921</xmax>
      <ymax>884</ymax>
    </bndbox>
    <confidence>0.967097</confidence>
  </object>
</annotation>
