<annotation>
  <folder>runs\detect\exp2</folder>
  <filename>1_20200615_112127_003720.jpg</filename>
  <source>
    <database>Unknown</database>
  </source>
  <size>
    <width>1920</width>
    <height>1080</height>
    <depth>3</depth>
  </size>
  <segmented>0</segmented>
  <object>
    <name>Vehicle</name>
    <bndbox>
      <xmin>915</xmin>
      <ymin>459</ymin>
      <xmax>953</xmax>
      <ymax>488</ymax>
    </bndbox>
    <confidence>0.37949</confidence>
  </object>
  <object>
    <name>Vehicle</name>
    <bndbox>
      <xmin>719</xmin>
      <ymin>436</ymin>
      <xmax>763</xmax>
      <ymax>472</ymax>
    </bndbox>
    <confidence>0.742063</confidence>
  </object>
  <object>
    <name>Vehicle</name>
    <bndbox>
      <xmin>1776</xmin>
      <ymin>441</ymin>
      <xmax>1909</xmax>
      <ymax>517</ymax>
    </bndbox>
    <confidence>0.829378</confidence>
  </object>
  <object>
    <name>Vehicle</name>
    <bndbox>
      <xmin>1164</xmin>
      <ymin>479</ymin>
      <xmax>1197</xmax>
      <ymax>534</ymax>
    </bndbox>
    <confidence>0.839412</confidence>
  </object>
  <object>
    <name>Vehicle</name>
    <bndbox>
      <xmin>733</xmin>
      <ymin>470</ymin>
      <xmax>765</xmax>
      <ymax>498</ymax>
    </bndbox>
    <confidence>0.854972</confidence>
  </object>
  <object>
    <name>Vehicle</name>
    <bndbox>
      <xmin>943</xmin>
      <ymin>428</ymin>
      <xmax>976</xmax>
      <ymax>468</ymax>
    </bndbox>
    <confidence>0.858885</confidence>
  </object>
  <object>
    <name>Vehicle</name>
    <bndbox>
      <xmin>1137</xmin>
      <ymin>480</ymin>
      <xmax>1183</xmax>
      <ymax>530</ymax>
    </bndbox>
    <confidence>0.886744</confidence>
  </object>
  <object>
    <name>Vehicle</name>
    <bndbox>
      <xmin>0</xmin>
      <ymin>514</ymin>
      <xmax>39</xmax>
      <ymax>670</ymax>
    </bndbox>
    <confidence>0.893394</confidence>
  </object>
  <object>
    <name>TrafficSign</name>
    <bndbox>
      <xmin>1792</xmin>
      <ymin>295</ymin>
      <xmax>1852</xmax>
      <ymax>365</ymax>
    </bndbox>
    <confidence>0.906683</confidence>
  </object>
  <object>
    <name>TrafficSign</name>
    <bndbox>
      <xmin>1786</xmin>
      <ymin>229</ymin>
      <xmax>1839</xmax>
      <ymax>297</ymax>
    </bndbox>
    <confidence>0.90956</confidence>
  </object>
  <object>
    <name>Vehicle</name>
    <bndbox>
      <xmin>689</xmin>
      <ymin>470</ymin>
      <xmax>740</xmax>
      <ymax>515</ymax>
    </bndbox>
    <confidence>0.913255</confidence>
  </object>
  <object>
    <name>Vehicle</name>
    <bndbox>
      <xmin>1187</xmin>
      <ymin>468</ymin>
      <xmax>1271</xmax>
      <ymax>542</ymax>
    </bndbox>
    <confidence>0.916298</confidence>
  </object>
  <object>
    <name>Vehicle</name>
    <bndbox>
      <xmin>1249</xmin>
      <ymin>481</ymin>
      <xmax>1313</xmax>
      <ymax>552</ymax>
    </bndbox>
    <confidence>0.917141</confidence>
  </object>
  <object>
    <name>Vehicle</name>
    <bndbox>
      <xmin>895</xmin>
      <ymin>471</ymin>
      <xmax>952</xmax>
      <ymax>518</ymax>
    </bndbox>
    <confidence>0.919208</confidence>
  </object>
  <object>
    <name>Vehicle</name>
    <bndbox>
      <xmin>1108</xmin>
      <ymin>478</ymin>
      <xmax>1156</xmax>
      <ymax>522</ymax>
    </bndbox>
    <confidence>0.923596</confidence>
  </object>
  <object>
    <name>Vehicle</name>
    <bndbox>
      <xmin>83</xmin>
      <ymin>505</ymin>
      <xmax>182</xmax>
      <ymax>574</ymax>
    </bndbox>
    <confidence>0.933994</confidence>
  </object>
  <object>
    <name>Vehicle</name>
    <bndbox>
      <xmin>995</xmin>
      <ymin>474</ymin>
      <xmax>1070</xmax>
      <ymax>532</ymax>
    </bndbox>
    <confidence>0.944304</confidence>
  </object>
  <object>
    <name>Vehicle</name>
    <bndbox>
      <xmin>1642</xmin>
      <ymin>451</ymin>
      <xmax>1777</xmax>
      <ymax>534</ymax>
    </bndbox>
    <confidence>0.946407</confidence>
  </object>
  <object>
    <name>Vehicle</name>
    <bndbox>
      <xmin>1284</xmin>
      <ymin>480</ymin>
      <xmax>1401</xmax>
      <ymax>556</ymax>
    </bndbox>
    <confidence>0.949659</confidence>
  </object>
</annotation>
