<annotation>
  <folder>runs\detect\exp2</folder>
  <filename>1_20200615_112127_004290.jpg</filename>
  <source>
    <database>Unknown</database>
  </source>
  <size>
    <width>1920</width>
    <height>1080</height>
    <depth>3</depth>
  </size>
  <segmented>0</segmented>
  <object>
    <name>TrafficLight</name>
    <bndbox>
      <xmin>1170</xmin>
      <ymin>373</ymin>
      <xmax>1207</xmax>
      <ymax>385</ymax>
    </bndbox>
    <confidence>0.362005</confidence>
  </object>
  <object>
    <name>TrafficLight</name>
    <bndbox>
      <xmin>1061</xmin>
      <ymin>376</ymin>
      <xmax>1100</xmax>
      <ymax>388</ymax>
    </bndbox>
    <confidence>0.388637</confidence>
  </object>
  <object>
    <name>Vehicle</name>
    <bndbox>
      <xmin>1186</xmin>
      <ymin>444</ymin>
      <xmax>1219</xmax>
      <ymax>535</ymax>
    </bndbox>
    <confidence>0.678115</confidence>
  </object>
  <object>
    <name>TrafficSign</name>
    <bndbox>
      <xmin>1101</xmin>
      <ymin>361</ymin>
      <xmax>1125</xmax>
      <ymax>386</ymax>
    </bndbox>
    <confidence>0.739894</confidence>
  </object>
  <object>
    <name>Vehicle</name>
    <bndbox>
      <xmin>1030</xmin>
      <ymin>480</ymin>
      <xmax>1064</xmax>
      <ymax>554</ymax>
    </bndbox>
    <confidence>0.809489</confidence>
  </object>
  <object>
    <name>Vehicle</name>
    <bndbox>
      <xmin>0</xmin>
      <ymin>403</ymin>
      <xmax>153</xmax>
      <ymax>625</ymax>
    </bndbox>
    <confidence>0.94671</confidence>
  </object>
  <object>
    <name>Vehicle</name>
    <bndbox>
      <xmin>1032</xmin>
      <ymin>461</ymin>
      <xmax>1221</xmax>
      <ymax>611</ymax>
    </bndbox>
    <confidence>0.962588</confidence>
  </object>
  <object>
    <name>Vehicle</name>
    <bndbox>
      <xmin>530</xmin>
      <ymin>463</ymin>
      <xmax>815</xmax>
      <ymax>683</ymax>
    </bndbox>
    <confidence>0.972988</confidence>
  </object>
</annotation>
