<annotation>
  <folder>runs\detect\exp2</folder>
  <filename>1_20200615_112127_000420.jpg</filename>
  <source>
    <database>Unknown</database>
  </source>
  <size>
    <width>1920</width>
    <height>1080</height>
    <depth>3</depth>
  </size>
  <segmented>0</segmented>
  <object>
    <name>Vehicle</name>
    <bndbox>
      <xmin>924</xmin>
      <ymin>473</ymin>
      <xmax>977</xmax>
      <ymax>539</ymax>
    </bndbox>
    <confidence>0.617997</confidence>
  </object>
  <object>
    <name>Vehicle</name>
    <bndbox>
      <xmin>1017</xmin>
      <ymin>491</ymin>
      <xmax>1075</xmax>
      <ymax>557</ymax>
    </bndbox>
    <confidence>0.785452</confidence>
  </object>
  <object>
    <name>TrafficSign</name>
    <bndbox>
      <xmin>1580</xmin>
      <ymin>344</ymin>
      <xmax>1627</xmax>
      <ymax>393</ymax>
    </bndbox>
    <confidence>0.871365</confidence>
  </object>
  <object>
    <name>Vehicle</name>
    <bndbox>
      <xmin>1074</xmin>
      <ymin>520</ymin>
      <xmax>1135</xmax>
      <ymax>552</ymax>
    </bndbox>
    <confidence>0.895729</confidence>
  </object>
  <object>
    <name>Vehicle</name>
    <bndbox>
      <xmin>1307</xmin>
      <ymin>513</ymin>
      <xmax>1350</xmax>
      <ymax>542</ymax>
    </bndbox>
    <confidence>0.900836</confidence>
  </object>
  <object>
    <name>Vehicle</name>
    <bndbox>
      <xmin>927</xmin>
      <ymin>522</ymin>
      <xmax>990</xmax>
      <ymax>572</ymax>
    </bndbox>
    <confidence>0.913396</confidence>
  </object>
  <object>
    <name>Vehicle</name>
    <bndbox>
      <xmin>1147</xmin>
      <ymin>515</ymin>
      <xmax>1194</xmax>
      <ymax>551</ymax>
    </bndbox>
    <confidence>0.913829</confidence>
  </object>
  <object>
    <name>Vehicle</name>
    <bndbox>
      <xmin>1238</xmin>
      <ymin>513</ymin>
      <xmax>1283</xmax>
      <ymax>547</ymax>
    </bndbox>
    <confidence>0.916448</confidence>
  </object>
  <object>
    <name>Vehicle</name>
    <bndbox>
      <xmin>984</xmin>
      <ymin>512</ymin>
      <xmax>1066</xmax>
      <ymax>572</ymax>
    </bndbox>
    <confidence>0.924167</confidence>
  </object>
  <object>
    <name>Vehicle</name>
    <bndbox>
      <xmin>679</xmin>
      <ymin>509</ymin>
      <xmax>774</xmax>
      <ymax>582</ymax>
    </bndbox>
    <confidence>0.927471</confidence>
  </object>
  <object>
    <name>Vehicle</name>
    <bndbox>
      <xmin>634</xmin>
      <ymin>535</ymin>
      <xmax>691</xmax>
      <ymax>585</ymax>
    </bndbox>
    <confidence>0.935787</confidence>
  </object>
  <object>
    <name>TrafficSign</name>
    <bndbox>
      <xmin>1301</xmin>
      <ymin>67</ymin>
      <xmax>1374</xmax>
      <ymax>141</ymax>
    </bndbox>
    <confidence>0.938925</confidence>
  </object>
  <object>
    <name>Vehicle</name>
    <bndbox>
      <xmin>505</xmin>
      <ymin>539</ymin>
      <xmax>583</xmax>
      <ymax>597</ymax>
    </bndbox>
    <confidence>0.941605</confidence>
  </object>
  <object>
    <name>Vehicle</name>
    <bndbox>
      <xmin>576</xmin>
      <ymin>536</ymin>
      <xmax>652</xmax>
      <ymax>590</ymax>
    </bndbox>
    <confidence>0.945395</confidence>
  </object>
  <object>
    <name>Vehicle</name>
    <bndbox>
      <xmin>776</xmin>
      <ymin>451</ymin>
      <xmax>931</xmax>
      <ymax>584</ymax>
    </bndbox>
    <confidence>0.949353</confidence>
  </object>
  <object>
    <name>Vehicle</name>
    <bndbox>
      <xmin>143</xmin>
      <ymin>523</ymin>
      <xmax>266</xmax>
      <ymax>626</ymax>
    </bndbox>
    <confidence>0.951099</confidence>
  </object>
  <object>
    <name>Vehicle</name>
    <bndbox>
      <xmin>11</xmin>
      <ymin>546</ymin>
      <xmax>171</xmax>
      <ymax>639</ymax>
    </bndbox>
    <confidence>0.957658</confidence>
  </object>
  <object>
    <name>Vehicle</name>
    <bndbox>
      <xmin>385</xmin>
      <ymin>527</ymin>
      <xmax>516</xmax>
      <ymax>616</ymax>
    </bndbox>
    <confidence>0.961309</confidence>
  </object>
</annotation>
