<annotation>
  <folder>runs\detect\exp39</folder>
  <filename>1_20200615_112127_003900.jpg</filename>
  <source>
    <database>Unknown</database>
  </source>
  <size>
    <width>1920</width>
    <height>1080</height>
    <depth>3</depth>
  </size>
  <segmented>0</segmented>
  <object>
    <name>Vehicle</name>
    <bndbox>
      <xmin>710</xmin>
      <ymin>435</ymin>
      <xmax>745</xmax>
      <ymax>484</ymax>
    </bndbox>
    <confidence>0.555556</confidence>
  </object>
  <object>
    <name>Vehicle</name>
    <bndbox>
      <xmin>680</xmin>
      <ymin>436</ymin>
      <xmax>733</xmax>
      <ymax>486</ymax>
    </bndbox>
    <confidence>0.737144</confidence>
  </object>
  <object>
    <name>TrafficSign</name>
    <bndbox>
      <xmin>1264</xmin>
      <ymin>346</ymin>
      <xmax>1291</xmax>
      <ymax>376</ymax>
    </bndbox>
    <confidence>0.821711</confidence>
  </object>
  <object>
    <name>Vehicle</name>
    <bndbox>
      <xmin>991</xmin>
      <ymin>424</ymin>
      <xmax>1031</xmax>
      <ymax>474</ymax>
    </bndbox>
    <confidence>0.887378</confidence>
  </object>
  <object>
    <name>Vehicle</name>
    <bndbox>
      <xmin>934</xmin>
      <ymin>452</ymin>
      <xmax>983</xmax>
      <ymax>494</ymax>
    </bndbox>
    <confidence>0.906733</confidence>
  </object>
  <object>
    <name>Vehicle</name>
    <bndbox>
      <xmin>1032</xmin>
      <ymin>455</ymin>
      <xmax>1126</xmax>
      <ymax>526</ymax>
    </bndbox>
    <confidence>0.909898</confidence>
  </object>
  <object>
    <name>Vehicle</name>
    <bndbox>
      <xmin>1600</xmin>
      <ymin>468</ymin>
      <xmax>1874</xmax>
      <ymax>649</ymax>
    </bndbox>
    <confidence>0.968492</confidence>
  </object>
</annotation>
