<annotation>
  <folder>runs\detect\exp39</folder>
  <filename>1_20200615_112127_003150.jpg</filename>
  <source>
    <database>Unknown</database>
  </source>
  <size>
    <width>1920</width>
    <height>1080</height>
    <depth>3</depth>
  </size>
  <segmented>0</segmented>
  <object>
    <name>Vehicle</name>
    <bndbox>
      <xmin>884</xmin>
      <ymin>468</ymin>
      <xmax>912</xmax>
      <ymax>501</ymax>
    </bndbox>
    <confidence>0.65875</confidence>
  </object>
  <object>
    <name>TrafficSign</name>
    <bndbox>
      <xmin>1455</xmin>
      <ymin>370</ymin>
      <xmax>1482</xmax>
      <ymax>397</ymax>
    </bndbox>
    <confidence>0.717429</confidence>
  </object>
  <object>
    <name>Vehicle</name>
    <bndbox>
      <xmin>813</xmin>
      <ymin>467</ymin>
      <xmax>844</xmax>
      <ymax>510</ymax>
    </bndbox>
    <confidence>0.728563</confidence>
  </object>
  <object>
    <name>TrafficLight</name>
    <bndbox>
      <xmin>1402</xmin>
      <ymin>15</ymin>
      <xmax>1532</xmax>
      <ymax>52</ymax>
    </bndbox>
    <confidence>0.877145</confidence>
  </object>
  <object>
    <name>Vehicle</name>
    <bndbox>
      <xmin>1023</xmin>
      <ymin>459</ymin>
      <xmax>1075</xmax>
      <ymax>513</ymax>
    </bndbox>
    <confidence>0.901194</confidence>
  </object>
  <object>
    <name>TrafficSign</name>
    <bndbox>
      <xmin>1686</xmin>
      <ymin>340</ymin>
      <xmax>1730</xmax>
      <ymax>383</ymax>
    </bndbox>
    <confidence>0.903625</confidence>
  </object>
  <object>
    <name>TrafficSign</name>
    <bndbox>
      <xmin>1294</xmin>
      <ymin>212</ymin>
      <xmax>1336</xmax>
      <ymax>255</ymax>
    </bndbox>
    <confidence>0.906321</confidence>
  </object>
  <object>
    <name>Vehicle</name>
    <bndbox>
      <xmin>758</xmin>
      <ymin>458</ymin>
      <xmax>813</xmax>
      <ymax>522</ymax>
    </bndbox>
    <confidence>0.917449</confidence>
  </object>
  <object>
    <name>Vehicle</name>
    <bndbox>
      <xmin>353</xmin>
      <ymin>494</ymin>
      <xmax>466</xmax>
      <ymax>573</ymax>
    </bndbox>
    <confidence>0.952265</confidence>
  </object>
  <object>
    <name>Vehicle</name>
    <bndbox>
      <xmin>1548</xmin>
      <ymin>383</ymin>
      <xmax>1921</xmax>
      <ymax>782</ymax>
    </bndbox>
    <confidence>0.96586</confidence>
  </object>
</annotation>
