<annotation>
  <folder>runs\detect\exp39</folder>
  <filename>1_20200615_112127_001230.jpg</filename>
  <source>
    <database>Unknown</database>
  </source>
  <size>
    <width>1920</width>
    <height>1080</height>
    <depth>3</depth>
  </size>
  <segmented>0</segmented>
  <object>
    <name>TrafficLight</name>
    <bndbox>
      <xmin>1300</xmin>
      <ymin>361</ymin>
      <xmax>1337</xmax>
      <ymax>374</ymax>
    </bndbox>
    <confidence>0.477971</confidence>
  </object>
  <object>
    <name>Pedestrian</name>
    <bndbox>
      <xmin>1747</xmin>
      <ymin>465</ymin>
      <xmax>1768</xmax>
      <ymax>541</ymax>
    </bndbox>
    <confidence>0.71044</confidence>
  </object>
  <object>
    <name>Vehicle</name>
    <bndbox>
      <xmin>1187</xmin>
      <ymin>470</ymin>
      <xmax>1216</xmax>
      <ymax>508</ymax>
    </bndbox>
    <confidence>0.81921</confidence>
  </object>
  <object>
    <name>TrafficLight</name>
    <bndbox>
      <xmin>1292</xmin>
      <ymin>309</ymin>
      <xmax>1346</xmax>
      <ymax>325</ymax>
    </bndbox>
    <confidence>0.824068</confidence>
  </object>
  <object>
    <name>TrafficLight</name>
    <bndbox>
      <xmin>1146</xmin>
      <ymin>312</ymin>
      <xmax>1200</xmax>
      <ymax>327</ymax>
    </bndbox>
    <confidence>0.852929</confidence>
  </object>
  <object>
    <name>TrafficSign</name>
    <bndbox>
      <xmin>1229</xmin>
      <ymin>299</ymin>
      <xmax>1263</xmax>
      <ymax>334</ymax>
    </bndbox>
    <confidence>0.90106</confidence>
  </object>
</annotation>
