<annotation>
  <folder>runs\detect\exp2</folder>
  <filename>1_20200615_112127_003240.jpg</filename>
  <source>
    <database>Unknown</database>
  </source>
  <size>
    <width>1920</width>
    <height>1080</height>
    <depth>3</depth>
  </size>
  <segmented>0</segmented>
  <object>
    <name>TrafficSign</name>
    <bndbox>
      <xmin>1313</xmin>
      <ymin>411</ymin>
      <xmax>1340</xmax>
      <ymax>438</ymax>
    </bndbox>
    <confidence>0.303036</confidence>
  </object>
  <object>
    <name>TrafficSign</name>
    <bndbox>
      <xmin>1311</xmin>
      <ymin>384</ymin>
      <xmax>1342</xmax>
      <ymax>418</ymax>
    </bndbox>
    <confidence>0.303617</confidence>
  </object>
  <object>
    <name>Vehicle</name>
    <bndbox>
      <xmin>775</xmin>
      <ymin>492</ymin>
      <xmax>805</xmax>
      <ymax>519</ymax>
    </bndbox>
    <confidence>0.343316</confidence>
  </object>
  <object>
    <name>Vehicle</name>
    <bndbox>
      <xmin>930</xmin>
      <ymin>466</ymin>
      <xmax>957</xmax>
      <ymax>500</ymax>
    </bndbox>
    <confidence>0.777435</confidence>
  </object>
  <object>
    <name>TrafficSign</name>
    <bndbox>
      <xmin>1442</xmin>
      <ymin>374</ymin>
      <xmax>1477</xmax>
      <ymax>408</ymax>
    </bndbox>
    <confidence>0.833732</confidence>
  </object>
  <object>
    <name>Vehicle</name>
    <bndbox>
      <xmin>631</xmin>
      <ymin>490</ymin>
      <xmax>673</xmax>
      <ymax>531</ymax>
    </bndbox>
    <confidence>0.842665</confidence>
  </object>
  <object>
    <name>Vehicle</name>
    <bndbox>
      <xmin>725</xmin>
      <ymin>487</ymin>
      <xmax>759</xmax>
      <ymax>525</ymax>
    </bndbox>
    <confidence>0.862262</confidence>
  </object>
  <object>
    <name>Vehicle</name>
    <bndbox>
      <xmin>899</xmin>
      <ymin>482</ymin>
      <xmax>943</xmax>
      <ymax>528</ymax>
    </bndbox>
    <confidence>0.897809</confidence>
  </object>
  <object>
    <name>TrafficSign</name>
    <bndbox>
      <xmin>1855</xmin>
      <ymin>317</ymin>
      <xmax>1917</xmax>
      <ymax>382</ymax>
    </bndbox>
    <confidence>0.915629</confidence>
  </object>
  <object>
    <name>TrafficSign</name>
    <bndbox>
      <xmin>1248</xmin>
      <ymin>173</ymin>
      <xmax>1300</xmax>
      <ymax>226</ymax>
    </bndbox>
    <confidence>0.925709</confidence>
  </object>
  <object>
    <name>Vehicle</name>
    <bndbox>
      <xmin>393</xmin>
      <ymin>449</ymin>
      <xmax>506</xmax>
      <ymax>569</ymax>
    </bndbox>
    <confidence>0.953779</confidence>
  </object>
  <object>
    <name>Vehicle</name>
    <bndbox>
      <xmin>1151</xmin>
      <ymin>453</ymin>
      <xmax>1387</xmax>
      <ymax>636</ymax>
    </bndbox>
    <confidence>0.971538</confidence>
  </object>
</annotation>
