<annotation>
  <folder>runs\detect\exp39</folder>
  <filename>1_20200615_112127_003300.jpg</filename>
  <source>
    <database>Unknown</database>
  </source>
  <size>
    <width>1920</width>
    <height>1080</height>
    <depth>3</depth>
  </size>
  <segmented>0</segmented>
  <object>
    <name>Vehicle</name>
    <bndbox>
      <xmin>752</xmin>
      <ymin>461</ymin>
      <xmax>782</xmax>
      <ymax>502</ymax>
    </bndbox>
    <confidence>0.251803</confidence>
  </object>
  <object>
    <name>Vehicle</name>
    <bndbox>
      <xmin>818</xmin>
      <ymin>462</ymin>
      <xmax>847</xmax>
      <ymax>492</ymax>
    </bndbox>
    <confidence>0.349556</confidence>
  </object>
  <object>
    <name>Vehicle</name>
    <bndbox>
      <xmin>800</xmin>
      <ymin>474</ymin>
      <xmax>829</xmax>
      <ymax>503</ymax>
    </bndbox>
    <confidence>0.744527</confidence>
  </object>
  <object>
    <name>Vehicle</name>
    <bndbox>
      <xmin>919</xmin>
      <ymin>447</ymin>
      <xmax>947</xmax>
      <ymax>483</ymax>
    </bndbox>
    <confidence>0.798922</confidence>
  </object>
  <object>
    <name>Vehicle</name>
    <bndbox>
      <xmin>699</xmin>
      <ymin>482</ymin>
      <xmax>732</xmax>
      <ymax>511</ymax>
    </bndbox>
    <confidence>0.802016</confidence>
  </object>
  <object>
    <name>Vehicle</name>
    <bndbox>
      <xmin>740</xmin>
      <ymin>479</ymin>
      <xmax>773</xmax>
      <ymax>506</ymax>
    </bndbox>
    <confidence>0.822241</confidence>
  </object>
  <object>
    <name>TrafficSign</name>
    <bndbox>
      <xmin>1597</xmin>
      <ymin>323</ymin>
      <xmax>1642</xmax>
      <ymax>367</ymax>
    </bndbox>
    <confidence>0.842291</confidence>
  </object>
  <object>
    <name>Vehicle</name>
    <bndbox>
      <xmin>656</xmin>
      <ymin>465</ymin>
      <xmax>704</xmax>
      <ymax>518</ymax>
    </bndbox>
    <confidence>0.858452</confidence>
  </object>
  <object>
    <name>Vehicle</name>
    <bndbox>
      <xmin>885</xmin>
      <ymin>469</ymin>
      <xmax>928</xmax>
      <ymax>512</ymax>
    </bndbox>
    <confidence>0.88825</confidence>
  </object>
  <object>
    <name>Vehicle</name>
    <bndbox>
      <xmin>532</xmin>
      <ymin>456</ymin>
      <xmax>589</xmax>
      <ymax>527</ymax>
    </bndbox>
    <confidence>0.89487</confidence>
  </object>
  <object>
    <name>TrafficSign</name>
    <bndbox>
      <xmin>1333</xmin>
      <ymin>52</ymin>
      <xmax>1404</xmax>
      <ymax>122</ymax>
    </bndbox>
    <confidence>0.933632</confidence>
  </object>
  <object>
    <name>Vehicle</name>
    <bndbox>
      <xmin>1041</xmin>
      <ymin>455</ymin>
      <xmax>1200</xmax>
      <ymax>584</ymax>
    </bndbox>
    <confidence>0.961936</confidence>
  </object>
</annotation>
