<annotation>
  <folder>runs\detect\exp2</folder>
  <filename>1_20200615_112127_003780.jpg</filename>
  <source>
    <database>Unknown</database>
  </source>
  <size>
    <width>1920</width>
    <height>1080</height>
    <depth>3</depth>
  </size>
  <segmented>0</segmented>
  <object>
    <name>Vehicle</name>
    <bndbox>
      <xmin>11</xmin>
      <ymin>436</ymin>
      <xmax>176</xmax>
      <ymax>596</ymax>
    </bndbox>
    <confidence>0.690112</confidence>
  </object>
  <object>
    <name>Vehicle</name>
    <bndbox>
      <xmin>701</xmin>
      <ymin>491</ymin>
      <xmax>744</xmax>
      <ymax>532</ymax>
    </bndbox>
    <confidence>0.729443</confidence>
  </object>
  <object>
    <name>Vehicle</name>
    <bndbox>
      <xmin>941</xmin>
      <ymin>481</ymin>
      <xmax>978</xmax>
      <ymax>523</ymax>
    </bndbox>
    <confidence>0.853253</confidence>
  </object>
  <object>
    <name>Vehicle</name>
    <bndbox>
      <xmin>1246</xmin>
      <ymin>539</ymin>
      <xmax>1299</xmax>
      <ymax>614</ymax>
    </bndbox>
    <confidence>0.88198</confidence>
  </object>
  <object>
    <name>Vehicle</name>
    <bndbox>
      <xmin>891</xmin>
      <ymin>521</ymin>
      <xmax>944</xmax>
      <ymax>565</ymax>
    </bndbox>
    <confidence>0.918054</confidence>
  </object>
  <object>
    <name>Vehicle</name>
    <bndbox>
      <xmin>622</xmin>
      <ymin>538</ymin>
      <xmax>680</xmax>
      <ymax>582</ymax>
    </bndbox>
    <confidence>0.923367</confidence>
  </object>
  <object>
    <name>Vehicle</name>
    <bndbox>
      <xmin>1277</xmin>
      <ymin>534</ymin>
      <xmax>1328</xmax>
      <ymax>620</ymax>
    </bndbox>
    <confidence>0.924461</confidence>
  </object>
  <object>
    <name>Vehicle</name>
    <bndbox>
      <xmin>1204</xmin>
      <ymin>538</ymin>
      <xmax>1278</xmax>
      <ymax>607</ymax>
    </bndbox>
    <confidence>0.928771</confidence>
  </object>
  <object>
    <name>Vehicle</name>
    <bndbox>
      <xmin>1158</xmin>
      <ymin>535</ymin>
      <xmax>1227</xmax>
      <ymax>593</ymax>
    </bndbox>
    <confidence>0.932655</confidence>
  </object>
  <object>
    <name>Vehicle</name>
    <bndbox>
      <xmin>994</xmin>
      <ymin>528</ymin>
      <xmax>1076</xmax>
      <ymax>591</ymax>
    </bndbox>
    <confidence>0.935883</confidence>
  </object>
  <object>
    <name>Vehicle</name>
    <bndbox>
      <xmin>513</xmin>
      <ymin>531</ymin>
      <xmax>604</xmax>
      <ymax>609</ymax>
    </bndbox>
    <confidence>0.945046</confidence>
  </object>
  <object>
    <name>Vehicle</name>
    <bndbox>
      <xmin>1363</xmin>
      <ymin>535</ymin>
      <xmax>1479</xmax>
      <ymax>639</ymax>
    </bndbox>
    <confidence>0.945984</confidence>
  </object>
  <object>
    <name>Vehicle</name>
    <bndbox>
      <xmin>1305</xmin>
      <ymin>517</ymin>
      <xmax>1437</xmax>
      <ymax>630</ymax>
    </bndbox>
    <confidence>0.955044</confidence>
  </object>
  <object>
    <name>Vehicle</name>
    <bndbox>
      <xmin>1438</xmin>
      <ymin>536</ymin>
      <xmax>1575</xmax>
      <ymax>655</ymax>
    </bndbox>
    <confidence>0.959166</confidence>
  </object>
  <object>
    <name>Vehicle</name>
    <bndbox>
      <xmin>1525</xmin>
      <ymin>532</ymin>
      <xmax>1745</xmax>
      <ymax>668</ymax>
    </bndbox>
    <confidence>0.967682</confidence>
  </object>
</annotation>
