<annotation>
  <folder>runs\detect\exp39</folder>
  <filename>1_20200615_112127_004170.jpg</filename>
  <source>
    <database>Unknown</database>
  </source>
  <size>
    <width>1920</width>
    <height>1080</height>
    <depth>3</depth>
  </size>
  <segmented>0</segmented>
  <object>
    <name>Vehicle</name>
    <bndbox>
      <xmin>1036</xmin>
      <ymin>459</ymin>
      <xmax>1068</xmax>
      <ymax>529</ymax>
    </bndbox>
    <confidence>0.756029</confidence>
  </object>
  <object>
    <name>TrafficSign</name>
    <bndbox>
      <xmin>1009</xmin>
      <ymin>247</ymin>
      <xmax>1159</xmax>
      <ymax>307</ymax>
    </bndbox>
    <confidence>0.88905</confidence>
  </object>
  <object>
    <name>Vehicle</name>
    <bndbox>
      <xmin>201</xmin>
      <ymin>449</ymin>
      <xmax>320</xmax>
      <ymax>558</ymax>
    </bndbox>
    <confidence>0.895789</confidence>
  </object>
  <object>
    <name>Vehicle</name>
    <bndbox>
      <xmin>921</xmin>
      <ymin>474</ymin>
      <xmax>1060</xmax>
      <ymax>584</ymax>
    </bndbox>
    <confidence>0.956785</confidence>
  </object>
  <object>
    <name>Vehicle</name>
    <bndbox>
      <xmin>206</xmin>
      <ymin>456</ymin>
      <xmax>597</xmax>
      <ymax>746</ymax>
    </bndbox>
    <confidence>0.966772</confidence>
  </object>
</annotation>
