<annotation>
  <folder>runs\detect\exp39</folder>
  <filename>1_20200615_112127_003600.jpg</filename>
  <source>
    <database>Unknown</database>
  </source>
  <size>
    <width>1920</width>
    <height>1080</height>
    <depth>3</depth>
  </size>
  <segmented>0</segmented>
  <object>
    <name>Vehicle</name>
    <bndbox>
      <xmin>1127</xmin>
      <ymin>513</ymin>
      <xmax>1151</xmax>
      <ymax>547</ymax>
    </bndbox>
    <confidence>0.412946</confidence>
  </object>
  <object>
    <name>Vehicle</name>
    <bndbox>
      <xmin>981</xmin>
      <ymin>502</ymin>
      <xmax>1019</xmax>
      <ymax>530</ymax>
    </bndbox>
    <confidence>0.470163</confidence>
  </object>
  <object>
    <name>Vehicle</name>
    <bndbox>
      <xmin>857</xmin>
      <ymin>491</ymin>
      <xmax>886</xmax>
      <ymax>516</ymax>
    </bndbox>
    <confidence>0.521503</confidence>
  </object>
  <object>
    <name>TrafficSign</name>
    <bndbox>
      <xmin>1872</xmin>
      <ymin>232</ymin>
      <xmax>1921</xmax>
      <ymax>359</ymax>
    </bndbox>
    <confidence>0.696104</confidence>
  </object>
  <object>
    <name>Vehicle</name>
    <bndbox>
      <xmin>1112</xmin>
      <ymin>513</ymin>
      <xmax>1141</xmax>
      <ymax>544</ymax>
    </bndbox>
    <confidence>0.697536</confidence>
  </object>
  <object>
    <name>Vehicle</name>
    <bndbox>
      <xmin>817</xmin>
      <ymin>472</ymin>
      <xmax>854</xmax>
      <ymax>508</ymax>
    </bndbox>
    <confidence>0.719397</confidence>
  </object>
  <object>
    <name>Vehicle</name>
    <bndbox>
      <xmin>611</xmin>
      <ymin>516</ymin>
      <xmax>638</xmax>
      <ymax>578</ymax>
    </bndbox>
    <confidence>0.723158</confidence>
  </object>
  <object>
    <name>Vehicle</name>
    <bndbox>
      <xmin>1452</xmin>
      <ymin>492</ymin>
      <xmax>1506</xmax>
      <ymax>540</ymax>
    </bndbox>
    <confidence>0.755495</confidence>
  </object>
  <object>
    <name>Vehicle</name>
    <bndbox>
      <xmin>446</xmin>
      <ymin>529</ymin>
      <xmax>503</xmax>
      <ymax>590</ymax>
    </bndbox>
    <confidence>0.837547</confidence>
  </object>
  <object>
    <name>Vehicle</name>
    <bndbox>
      <xmin>1142</xmin>
      <ymin>508</ymin>
      <xmax>1196</xmax>
      <ymax>551</ymax>
    </bndbox>
    <confidence>0.842674</confidence>
  </object>
  <object>
    <name>Vehicle</name>
    <bndbox>
      <xmin>1005</xmin>
      <ymin>466</ymin>
      <xmax>1038</xmax>
      <ymax>503</ymax>
    </bndbox>
    <confidence>0.846627</confidence>
  </object>
  <object>
    <name>Vehicle</name>
    <bndbox>
      <xmin>1377</xmin>
      <ymin>502</ymin>
      <xmax>1439</xmax>
      <ymax>546</ymax>
    </bndbox>
    <confidence>0.864451</confidence>
  </object>
  <object>
    <name>Vehicle</name>
    <bndbox>
      <xmin>579</xmin>
      <ymin>502</ymin>
      <xmax>638</xmax>
      <ymax>571</ymax>
    </bndbox>
    <confidence>0.871449</confidence>
  </object>
  <object>
    <name>Vehicle</name>
    <bndbox>
      <xmin>738</xmin>
      <ymin>522</ymin>
      <xmax>787</xmax>
      <ymax>560</ymax>
    </bndbox>
    <confidence>0.893037</confidence>
  </object>
  <object>
    <name>Vehicle</name>
    <bndbox>
      <xmin>632</xmin>
      <ymin>467</ymin>
      <xmax>735</xmax>
      <ymax>593</ymax>
    </bndbox>
    <confidence>0.907448</confidence>
  </object>
  <object>
    <name>Vehicle</name>
    <bndbox>
      <xmin>1179</xmin>
      <ymin>515</ymin>
      <xmax>1238</xmax>
      <ymax>557</ymax>
    </bndbox>
    <confidence>0.913017</confidence>
  </object>
  <object>
    <name>Vehicle</name>
    <bndbox>
      <xmin>1046</xmin>
      <ymin>509</ymin>
      <xmax>1106</xmax>
      <ymax>556</ymax>
    </bndbox>
    <confidence>0.919212</confidence>
  </object>
  <object>
    <name>Vehicle</name>
    <bndbox>
      <xmin>954</xmin>
      <ymin>510</ymin>
      <xmax>1019</xmax>
      <ymax>562</ymax>
    </bndbox>
    <confidence>0.919759</confidence>
  </object>
  <object>
    <name>Vehicle</name>
    <bndbox>
      <xmin>28</xmin>
      <ymin>452</ymin>
      <xmax>218</xmax>
      <ymax>608</ymax>
    </bndbox>
    <confidence>0.937086</confidence>
  </object>
  <object>
    <name>Vehicle</name>
    <bndbox>
      <xmin>486</xmin>
      <ymin>520</ymin>
      <xmax>588</xmax>
      <ymax>599</ymax>
    </bndbox>
    <confidence>0.946327</confidence>
  </object>
  <object>
    <name>Vehicle</name>
    <bndbox>
      <xmin>312</xmin>
      <ymin>461</ymin>
      <xmax>469</xmax>
      <ymax>622</ymax>
    </bndbox>
    <confidence>0.949211</confidence>
  </object>
  <object>
    <name>Vehicle</name>
    <bndbox>
      <xmin>28</xmin>
      <ymin>514</ymin>
      <xmax>301</xmax>
      <ymax>693</ymax>
    </bndbox>
    <confidence>0.969462</confidence>
  </object>
</annotation>
