<annotation>
  <folder>runs\detect\exp39</folder>
  <filename>1_20200615_112127_000390.jpg</filename>
  <source>
    <database>Unknown</database>
  </source>
  <size>
    <width>1920</width>
    <height>1080</height>
    <depth>3</depth>
  </size>
  <segmented>0</segmented>
  <object>
    <name>Vehicle</name>
    <bndbox>
      <xmin>939</xmin>
      <ymin>517</ymin>
      <xmax>965</xmax>
      <ymax>546</ymax>
    </bndbox>
    <confidence>0.295291</confidence>
  </object>
  <object>
    <name>Vehicle</name>
    <bndbox>
      <xmin>1119</xmin>
      <ymin>474</ymin>
      <xmax>1169</xmax>
      <ymax>520</ymax>
    </bndbox>
    <confidence>0.503343</confidence>
  </object>
  <object>
    <name>Vehicle</name>
    <bndbox>
      <xmin>1118</xmin>
      <ymin>490</ymin>
      <xmax>1147</xmax>
      <ymax>531</ymax>
    </bndbox>
    <confidence>0.509135</confidence>
  </object>
  <object>
    <name>Vehicle</name>
    <bndbox>
      <xmin>755</xmin>
      <ymin>514</ymin>
      <xmax>782</xmax>
      <ymax>557</ymax>
    </bndbox>
    <confidence>0.710186</confidence>
  </object>
  <object>
    <name>Vehicle</name>
    <bndbox>
      <xmin>1391</xmin>
      <ymin>492</ymin>
      <xmax>1427</xmax>
      <ymax>518</ymax>
    </bndbox>
    <confidence>0.799408</confidence>
  </object>
  <object>
    <name>Vehicle</name>
    <bndbox>
      <xmin>851</xmin>
      <ymin>512</ymin>
      <xmax>882</xmax>
      <ymax>549</ymax>
    </bndbox>
    <confidence>0.832353</confidence>
  </object>
  <object>
    <name>TrafficSign</name>
    <bndbox>
      <xmin>1479</xmin>
      <ymin>366</ymin>
      <xmax>1517</xmax>
      <ymax>402</ymax>
    </bndbox>
    <confidence>0.836866</confidence>
  </object>
  <object>
    <name>Vehicle</name>
    <bndbox>
      <xmin>1187</xmin>
      <ymin>499</ymin>
      <xmax>1226</xmax>
      <ymax>528</ymax>
    </bndbox>
    <confidence>0.851171</confidence>
  </object>
  <object>
    <name>Vehicle</name>
    <bndbox>
      <xmin>1324</xmin>
      <ymin>491</ymin>
      <xmax>1365</xmax>
      <ymax>521</ymax>
    </bndbox>
    <confidence>0.89718</confidence>
  </object>
  <object>
    <name>Vehicle</name>
    <bndbox>
      <xmin>1244</xmin>
      <ymin>494</ymin>
      <xmax>1287</xmax>
      <ymax>525</ymax>
    </bndbox>
    <confidence>0.899811</confidence>
  </object>
  <object>
    <name>Vehicle</name>
    <bndbox>
      <xmin>1065</xmin>
      <ymin>499</ymin>
      <xmax>1123</xmax>
      <ymax>539</ymax>
    </bndbox>
    <confidence>0.90748</confidence>
  </object>
  <object>
    <name>TrafficSign</name>
    <bndbox>
      <xmin>1267</xmin>
      <ymin>159</ymin>
      <xmax>1323</xmax>
      <ymax>214</ymax>
    </bndbox>
    <confidence>0.913907</confidence>
  </object>
  <object>
    <name>Vehicle</name>
    <bndbox>
      <xmin>770</xmin>
      <ymin>490</ymin>
      <xmax>851</xmax>
      <ymax>555</ymax>
    </bndbox>
    <confidence>0.914626</confidence>
  </object>
  <object>
    <name>Vehicle</name>
    <bndbox>
      <xmin>1133</xmin>
      <ymin>491</ymin>
      <xmax>1192</xmax>
      <ymax>536</ymax>
    </bndbox>
    <confidence>0.914982</confidence>
  </object>
  <object>
    <name>Vehicle</name>
    <bndbox>
      <xmin>949</xmin>
      <ymin>447</ymin>
      <xmax>1065</xmax>
      <ymax>547</ymax>
    </bndbox>
    <confidence>0.939222</confidence>
  </object>
  <object>
    <name>Vehicle</name>
    <bndbox>
      <xmin>348</xmin>
      <ymin>504</ymin>
      <xmax>445</xmax>
      <ymax>588</ymax>
    </bndbox>
    <confidence>0.941403</confidence>
  </object>
  <object>
    <name>Vehicle</name>
    <bndbox>
      <xmin>690</xmin>
      <ymin>506</ymin>
      <xmax>768</xmax>
      <ymax>566</ymax>
    </bndbox>
    <confidence>0.944778</confidence>
  </object>
  <object>
    <name>Vehicle</name>
    <bndbox>
      <xmin>255</xmin>
      <ymin>523</ymin>
      <xmax>380</xmax>
      <ymax>597</ymax>
    </bndbox>
    <confidence>0.950941</confidence>
  </object>
  <object>
    <name>Vehicle</name>
    <bndbox>
      <xmin>566</xmin>
      <ymin>503</ymin>
      <xmax>702</xmax>
      <ymax>589</ymax>
    </bndbox>
    <confidence>0.960811</confidence>
  </object>
</annotation>
