<annotation>
  <folder>runs\detect\exp2</folder>
  <filename>1_20200615_112127_003180.jpg</filename>
  <source>
    <database>Unknown</database>
  </source>
  <size>
    <width>1920</width>
    <height>1080</height>
    <depth>3</depth>
  </size>
  <segmented>0</segmented>
  <object>
    <name>Vehicle</name>
    <bndbox>
      <xmin>891</xmin>
      <ymin>485</ymin>
      <xmax>917</xmax>
      <ymax>517</ymax>
    </bndbox>
    <confidence>0.260169</confidence>
  </object>
  <object>
    <name>Vehicle</name>
    <bndbox>
      <xmin>1026</xmin>
      <ymin>474</ymin>
      <xmax>1054</xmax>
      <ymax>505</ymax>
    </bndbox>
    <confidence>0.426754</confidence>
  </object>
  <object>
    <name>TrafficSign</name>
    <bndbox>
      <xmin>1460</xmin>
      <ymin>393</ymin>
      <xmax>1486</xmax>
      <ymax>421</ymax>
    </bndbox>
    <confidence>0.715908</confidence>
  </object>
  <object>
    <name>Vehicle</name>
    <bndbox>
      <xmin>778</xmin>
      <ymin>496</ymin>
      <xmax>812</xmax>
      <ymax>533</ymax>
    </bndbox>
    <confidence>0.776945</confidence>
  </object>
  <object>
    <name>Vehicle</name>
    <bndbox>
      <xmin>854</xmin>
      <ymin>493</ymin>
      <xmax>882</xmax>
      <ymax>524</ymax>
    </bndbox>
    <confidence>0.798461</confidence>
  </object>
  <object>
    <name>Vehicle</name>
    <bndbox>
      <xmin>998</xmin>
      <ymin>483</ymin>
      <xmax>1047</xmax>
      <ymax>533</ymax>
    </bndbox>
    <confidence>0.909669</confidence>
  </object>
  <object>
    <name>TrafficLight</name>
    <bndbox>
      <xmin>1424</xmin>
      <ymin>3</ymin>
      <xmax>1567</xmax>
      <ymax>42</ymax>
    </bndbox>
    <confidence>0.910192</confidence>
  </object>
  <object>
    <name>TrafficSign</name>
    <bndbox>
      <xmin>1719</xmin>
      <ymin>362</ymin>
      <xmax>1766</xmax>
      <ymax>408</ymax>
    </bndbox>
    <confidence>0.912807</confidence>
  </object>
  <object>
    <name>TrafficSign</name>
    <bndbox>
      <xmin>1290</xmin>
      <ymin>227</ymin>
      <xmax>1334</xmax>
      <ymax>272</ymax>
    </bndbox>
    <confidence>0.920049</confidence>
  </object>
  <object>
    <name>Vehicle</name>
    <bndbox>
      <xmin>690</xmin>
      <ymin>475</ymin>
      <xmax>755</xmax>
      <ymax>548</ymax>
    </bndbox>
    <confidence>0.920829</confidence>
  </object>
  <object>
    <name>Vehicle</name>
    <bndbox>
      <xmin>88</xmin>
      <ymin>513</ymin>
      <xmax>256</xmax>
      <ymax>618</ymax>
    </bndbox>
    <confidence>0.961714</confidence>
  </object>
  <object>
    <name>Vehicle</name>
    <bndbox>
      <xmin>1409</xmin>
      <ymin>419</ymin>
      <xmax>1796</xmax>
      <ymax>709</ymax>
    </bndbox>
    <confidence>0.969984</confidence>
  </object>
</annotation>
