<annotation>
  <folder>runs\detect\exp2</folder>
  <filename>1_20200615_112127_004020.jpg</filename>
  <source>
    <database>Unknown</database>
  </source>
  <size>
    <width>1920</width>
    <height>1080</height>
    <depth>3</depth>
  </size>
  <segmented>0</segmented>
  <object>
    <name>Vehicle</name>
    <bndbox>
      <xmin>1099</xmin>
      <ymin>453</ymin>
      <xmax>1184</xmax>
      <ymax>489</ymax>
    </bndbox>
    <confidence>0.38286</confidence>
  </object>
  <object>
    <name>TrafficSign</name>
    <bndbox>
      <xmin>1009</xmin>
      <ymin>359</ymin>
      <xmax>1081</xmax>
      <ymax>391</ymax>
    </bndbox>
    <confidence>0.785542</confidence>
  </object>
  <object>
    <name>Vehicle</name>
    <bndbox>
      <xmin>964</xmin>
      <ymin>472</ymin>
      <xmax>1005</xmax>
      <ymax>517</ymax>
    </bndbox>
    <confidence>0.849968</confidence>
  </object>
  <object>
    <name>Vehicle</name>
    <bndbox>
      <xmin>631</xmin>
      <ymin>459</ymin>
      <xmax>685</xmax>
      <ymax>523</ymax>
    </bndbox>
    <confidence>0.884212</confidence>
  </object>
  <object>
    <name>Vehicle</name>
    <bndbox>
      <xmin>1016</xmin>
      <ymin>452</ymin>
      <xmax>1061</xmax>
      <ymax>508</ymax>
    </bndbox>
    <confidence>0.884894</confidence>
  </object>
  <object>
    <name>Vehicle</name>
    <bndbox>
      <xmin>581</xmin>
      <ymin>459</ymin>
      <xmax>651</xmax>
      <ymax>528</ymax>
    </bndbox>
    <confidence>0.906115</confidence>
  </object>
  <object>
    <name>Vehicle</name>
    <bndbox>
      <xmin>979</xmin>
      <ymin>479</ymin>
      <xmax>1033</xmax>
      <ymax>523</ymax>
    </bndbox>
    <confidence>0.908218</confidence>
  </object>
  <object>
    <name>Vehicle</name>
    <bndbox>
      <xmin>1084</xmin>
      <ymin>467</ymin>
      <xmax>1193</xmax>
      <ymax>551</ymax>
    </bndbox>
    <confidence>0.946799</confidence>
  </object>
  <object>
    <name>Vehicle</name>
    <bndbox>
      <xmin>1</xmin>
      <ymin>405</ymin>
      <xmax>250</xmax>
      <ymax>1017</ymax>
    </bndbox>
    <confidence>0.958722</confidence>
  </object>
</annotation>
