<annotation>
  <folder>runs\detect\exp39</folder>
  <filename>1_20200615_112127_000450.jpg</filename>
  <source>
    <database>Unknown</database>
  </source>
  <size>
    <width>1920</width>
    <height>1080</height>
    <depth>3</depth>
  </size>
  <segmented>0</segmented>
  <object>
    <name>Vehicle</name>
    <bndbox>
      <xmin>1</xmin>
      <ymin>522</ymin>
      <xmax>25</xmax>
      <ymax>660</ymax>
    </bndbox>
    <confidence>0.53778</confidence>
  </object>
  <object>
    <name>Vehicle</name>
    <bndbox>
      <xmin>767</xmin>
      <ymin>455</ymin>
      <xmax>866</xmax>
      <ymax>511</ymax>
    </bndbox>
    <confidence>0.72269</confidence>
  </object>
  <object>
    <name>Vehicle</name>
    <bndbox>
      <xmin>1367</xmin>
      <ymin>491</ymin>
      <xmax>1404</xmax>
      <ymax>521</ymax>
    </bndbox>
    <confidence>0.745837</confidence>
  </object>
  <object>
    <name>Vehicle</name>
    <bndbox>
      <xmin>1254</xmin>
      <ymin>501</ymin>
      <xmax>1295</xmax>
      <ymax>527</ymax>
    </bndbox>
    <confidence>0.864866</confidence>
  </object>
  <object>
    <name>Vehicle</name>
    <bndbox>
      <xmin>715</xmin>
      <ymin>514</ymin>
      <xmax>754</xmax>
      <ymax>575</ymax>
    </bndbox>
    <confidence>0.885457</confidence>
  </object>
  <object>
    <name>TrafficSign</name>
    <bndbox>
      <xmin>1735</xmin>
      <ymin>254</ymin>
      <xmax>1801</xmax>
      <ymax>323</ymax>
    </bndbox>
    <confidence>0.908804</confidence>
  </object>
  <object>
    <name>Vehicle</name>
    <bndbox>
      <xmin>1187</xmin>
      <ymin>497</ymin>
      <xmax>1236</xmax>
      <ymax>531</ymax>
    </bndbox>
    <confidence>0.910318</confidence>
  </object>
  <object>
    <name>Vehicle</name>
    <bndbox>
      <xmin>1115</xmin>
      <ymin>497</ymin>
      <xmax>1168</xmax>
      <ymax>537</ymax>
    </bndbox>
    <confidence>0.91205</confidence>
  </object>
  <object>
    <name>Vehicle</name>
    <bndbox>
      <xmin>1014</xmin>
      <ymin>499</ymin>
      <xmax>1070</xmax>
      <ymax>542</ymax>
    </bndbox>
    <confidence>0.923511</confidence>
  </object>
  <object>
    <name>Vehicle</name>
    <bndbox>
      <xmin>861</xmin>
      <ymin>472</ymin>
      <xmax>933</xmax>
      <ymax>555</ymax>
    </bndbox>
    <confidence>0.930086</confidence>
  </object>
  <object>
    <name>Vehicle</name>
    <bndbox>
      <xmin>416</xmin>
      <ymin>527</ymin>
      <xmax>506</xmax>
      <ymax>590</ymax>
    </bndbox>
    <confidence>0.937304</confidence>
  </object>
  <object>
    <name>Vehicle</name>
    <bndbox>
      <xmin>742</xmin>
      <ymin>488</ymin>
      <xmax>868</xmax>
      <ymax>585</ymax>
    </bndbox>
    <confidence>0.94761</confidence>
  </object>
  <object>
    <name>Vehicle</name>
    <bndbox>
      <xmin>308</xmin>
      <ymin>529</ymin>
      <xmax>425</xmax>
      <ymax>597</ymax>
    </bndbox>
    <confidence>0.953175</confidence>
  </object>
  <object>
    <name>Vehicle</name>
    <bndbox>
      <xmin>485</xmin>
      <ymin>408</ymin>
      <xmax>711</xmax>
      <ymax>598</ymax>
    </bndbox>
    <confidence>0.958566</confidence>
  </object>
</annotation>
