<annotation>
  <folder>runs\detect\exp39</folder>
  <filename>1_20200615_112127_003930.jpg</filename>
  <source>
    <database>Unknown</database>
  </source>
  <size>
    <width>1920</width>
    <height>1080</height>
    <depth>3</depth>
  </size>
  <segmented>0</segmented>
  <object>
    <name>TrafficSign</name>
    <bndbox>
      <xmin>1410</xmin>
      <ymin>299</ymin>
      <xmax>1454</xmax>
      <ymax>341</ymax>
    </bndbox>
    <confidence>0.652187</confidence>
  </object>
  <object>
    <name>Vehicle</name>
    <bndbox>
      <xmin>735</xmin>
      <ymin>439</ymin>
      <xmax>770</xmax>
      <ymax>490</ymax>
    </bndbox>
    <confidence>0.708556</confidence>
  </object>
  <object>
    <name>Vehicle</name>
    <bndbox>
      <xmin>701</xmin>
      <ymin>439</ymin>
      <xmax>750</xmax>
      <ymax>491</ymax>
    </bndbox>
    <confidence>0.799916</confidence>
  </object>
  <object>
    <name>Vehicle</name>
    <bndbox>
      <xmin>1033</xmin>
      <ymin>427</ymin>
      <xmax>1075</xmax>
      <ymax>477</ymax>
    </bndbox>
    <confidence>0.882013</confidence>
  </object>
  <object>
    <name>Vehicle</name>
    <bndbox>
      <xmin>983</xmin>
      <ymin>455</ymin>
      <xmax>1034</xmax>
      <ymax>496</ymax>
    </bndbox>
    <confidence>0.90236</confidence>
  </object>
  <object>
    <name>Vehicle</name>
    <bndbox>
      <xmin>1081</xmin>
      <ymin>452</ymin>
      <xmax>1178</xmax>
      <ymax>526</ymax>
    </bndbox>
    <confidence>0.943057</confidence>
  </object>
</annotation>
