<annotation>
  <folder>runs\detect\exp39</folder>
  <filename>1_20200615_112127_003210.jpg</filename>
  <source>
    <database>Unknown</database>
  </source>
  <size>
    <width>1920</width>
    <height>1080</height>
    <depth>3</depth>
  </size>
  <segmented>0</segmented>
  <object>
    <name>Vehicle</name>
    <bndbox>
      <xmin>970</xmin>
      <ymin>475</ymin>
      <xmax>999</xmax>
      <ymax>510</ymax>
    </bndbox>
    <confidence>0.629938</confidence>
  </object>
  <object>
    <name>Vehicle</name>
    <bndbox>
      <xmin>696</xmin>
      <ymin>490</ymin>
      <xmax>735</xmax>
      <ymax>533</ymax>
    </bndbox>
    <confidence>0.770624</confidence>
  </object>
  <object>
    <name>TrafficSign</name>
    <bndbox>
      <xmin>1441</xmin>
      <ymin>396</ymin>
      <xmax>1472</xmax>
      <ymax>428</ymax>
    </bndbox>
    <confidence>0.800732</confidence>
  </object>
  <object>
    <name>Vehicle</name>
    <bndbox>
      <xmin>785</xmin>
      <ymin>491</ymin>
      <xmax>815</xmax>
      <ymax>529</ymax>
    </bndbox>
    <confidence>0.819381</confidence>
  </object>
  <object>
    <name>Vehicle</name>
    <bndbox>
      <xmin>941</xmin>
      <ymin>488</ymin>
      <xmax>988</xmax>
      <ymax>535</ymax>
    </bndbox>
    <confidence>0.897034</confidence>
  </object>
  <object>
    <name>TrafficSign</name>
    <bndbox>
      <xmin>1265</xmin>
      <ymin>213</ymin>
      <xmax>1312</xmax>
      <ymax>261</ymax>
    </bndbox>
    <confidence>0.911716</confidence>
  </object>
  <object>
    <name>TrafficSign</name>
    <bndbox>
      <xmin>1762</xmin>
      <ymin>361</ymin>
      <xmax>1815</xmax>
      <ymax>414</ymax>
    </bndbox>
    <confidence>0.911786</confidence>
  </object>
  <object>
    <name>Vehicle</name>
    <bndbox>
      <xmin>556</xmin>
      <ymin>465</ymin>
      <xmax>640</xmax>
      <ymax>556</ymax>
    </bndbox>
    <confidence>0.943551</confidence>
  </object>
  <object>
    <name>Vehicle</name>
    <bndbox>
      <xmin>1264</xmin>
      <ymin>457</ymin>
      <xmax>1555</xmax>
      <ymax>679</ymax>
    </bndbox>
    <confidence>0.970427</confidence>
  </object>
</annotation>
