<annotation>
  <folder>runs\detect\exp2</folder>
  <filename>1_20200615_112127_000900.jpg</filename>
  <source>
    <database>Unknown</database>
  </source>
  <size>
    <width>1920</width>
    <height>1080</height>
    <depth>3</depth>
  </size>
  <segmented>0</segmented>
  <object>
    <name>TrafficSign</name>
    <bndbox>
      <xmin>1285</xmin>
      <ymin>322</ymin>
      <xmax>1378</xmax>
      <ymax>362</ymax>
    </bndbox>
    <confidence>0.519451</confidence>
  </object>
  <object>
    <name>Vehicle</name>
    <bndbox>
      <xmin>1758</xmin>
      <ymin>438</ymin>
      <xmax>1920</xmax>
      <ymax>653</ymax>
    </bndbox>
    <confidence>0.966707</confidence>
  </object>
</annotation>
