<annotation>
  <folder>runs\detect\exp39</folder>
  <filename>1_20200615_112127_003960.jpg</filename>
  <source>
    <database>Unknown</database>
  </source>
  <size>
    <width>1920</width>
    <height>1080</height>
    <depth>3</depth>
  </size>
  <segmented>0</segmented>
  <object>
    <name>Vehicle</name>
    <bndbox>
      <xmin>1027</xmin>
      <ymin>444</ymin>
      <xmax>1082</xmax>
      <ymax>494</ymax>
    </bndbox>
    <confidence>0.501896</confidence>
  </object>
  <object>
    <name>Vehicle</name>
    <bndbox>
      <xmin>722</xmin>
      <ymin>443</ymin>
      <xmax>762</xmax>
      <ymax>496</ymax>
    </bndbox>
    <confidence>0.84369</confidence>
  </object>
  <object>
    <name>Vehicle</name>
    <bndbox>
      <xmin>993</xmin>
      <ymin>452</ymin>
      <xmax>1031</xmax>
      <ymax>495</ymax>
    </bndbox>
    <confidence>0.861255</confidence>
  </object>
  <object>
    <name>Vehicle</name>
    <bndbox>
      <xmin>1044</xmin>
      <ymin>433</ymin>
      <xmax>1085</xmax>
      <ymax>482</ymax>
    </bndbox>
    <confidence>0.871228</confidence>
  </object>
  <object>
    <name>Vehicle</name>
    <bndbox>
      <xmin>683</xmin>
      <ymin>444</ymin>
      <xmax>737</xmax>
      <ymax>502</ymax>
    </bndbox>
    <confidence>0.884955</confidence>
  </object>
  <object>
    <name>TrafficSign</name>
    <bndbox>
      <xmin>1632</xmin>
      <ymin>206</ymin>
      <xmax>1696</xmax>
      <ymax>268</ymax>
    </bndbox>
    <confidence>0.885764</confidence>
  </object>
  <object>
    <name>Vehicle</name>
    <bndbox>
      <xmin>1009</xmin>
      <ymin>456</ymin>
      <xmax>1060</xmax>
      <ymax>498</ymax>
    </bndbox>
    <confidence>0.922162</confidence>
  </object>
  <object>
    <name>Vehicle</name>
    <bndbox>
      <xmin>1102</xmin>
      <ymin>450</ymin>
      <xmax>1198</xmax>
      <ymax>527</ymax>
    </bndbox>
    <confidence>0.9401</confidence>
  </object>
</annotation>
