<annotation>
  <folder>runs\detect\exp2</folder>
  <filename>1_20200615_112127_003810.jpg</filename>
  <source>
    <database>Unknown</database>
  </source>
  <size>
    <width>1920</width>
    <height>1080</height>
    <depth>3</depth>
  </size>
  <segmented>0</segmented>
  <object>
    <name>Vehicle</name>
    <bndbox>
      <xmin>926</xmin>
      <ymin>493</ymin>
      <xmax>961</xmax>
      <ymax>532</ymax>
    </bndbox>
    <confidence>0.536601</confidence>
  </object>
  <object>
    <name>TrafficSign</name>
    <bndbox>
      <xmin>1202</xmin>
      <ymin>359</ymin>
      <xmax>1233</xmax>
      <ymax>392</ymax>
    </bndbox>
    <confidence>0.600078</confidence>
  </object>
  <object>
    <name>Vehicle</name>
    <bndbox>
      <xmin>705</xmin>
      <ymin>478</ymin>
      <xmax>751</xmax>
      <ymax>520</ymax>
    </bndbox>
    <confidence>0.847601</confidence>
  </object>
  <object>
    <name>Vehicle</name>
    <bndbox>
      <xmin>958</xmin>
      <ymin>469</ymin>
      <xmax>996</xmax>
      <ymax>515</ymax>
    </bndbox>
    <confidence>0.871434</confidence>
  </object>
  <object>
    <name>Vehicle</name>
    <bndbox>
      <xmin>1</xmin>
      <ymin>407</ymin>
      <xmax>103</xmax>
      <ymax>592</ymax>
    </bndbox>
    <confidence>0.875366</confidence>
  </object>
  <object>
    <name>Vehicle</name>
    <bndbox>
      <xmin>904</xmin>
      <ymin>505</ymin>
      <xmax>955</xmax>
      <ymax>547</ymax>
    </bndbox>
    <confidence>0.905706</confidence>
  </object>
  <object>
    <name>Vehicle</name>
    <bndbox>
      <xmin>1348</xmin>
      <ymin>534</ymin>
      <xmax>1430</xmax>
      <ymax>628</ymax>
    </bndbox>
    <confidence>0.94243</confidence>
  </object>
  <object>
    <name>Vehicle</name>
    <bndbox>
      <xmin>1285</xmin>
      <ymin>528</ymin>
      <xmax>1387</xmax>
      <ymax>616</ymax>
    </bndbox>
    <confidence>0.942508</confidence>
  </object>
  <object>
    <name>Vehicle</name>
    <bndbox>
      <xmin>1398</xmin>
      <ymin>523</ymin>
      <xmax>1487</xmax>
      <ymax>643</ymax>
    </bndbox>
    <confidence>0.943323</confidence>
  </object>
  <object>
    <name>Vehicle</name>
    <bndbox>
      <xmin>1009</xmin>
      <ymin>513</ymin>
      <xmax>1095</xmax>
      <ymax>579</ymax>
    </bndbox>
    <confidence>0.947054</confidence>
  </object>
  <object>
    <name>Vehicle</name>
    <bndbox>
      <xmin>1218</xmin>
      <ymin>526</ymin>
      <xmax>1306</xmax>
      <ymax>597</ymax>
    </bndbox>
    <confidence>0.950251</confidence>
  </object>
  <object>
    <name>Vehicle</name>
    <bndbox>
      <xmin>521</xmin>
      <ymin>528</ymin>
      <xmax>604</xmax>
      <ymax>590</ymax>
    </bndbox>
    <confidence>0.951406</confidence>
  </object>
  <object>
    <name>Vehicle</name>
    <bndbox>
      <xmin>270</xmin>
      <ymin>509</ymin>
      <xmax>424</xmax>
      <ymax>635</ymax>
    </bndbox>
    <confidence>0.961919</confidence>
  </object>
  <object>
    <name>Vehicle</name>
    <bndbox>
      <xmin>1451</xmin>
      <ymin>500</ymin>
      <xmax>1646</xmax>
      <ymax>656</ymax>
    </bndbox>
    <confidence>0.964665</confidence>
  </object>
  <object>
    <name>Vehicle</name>
    <bndbox>
      <xmin>1710</xmin>
      <ymin>522</ymin>
      <xmax>1920</xmax>
      <ymax>713</ymax>
    </bndbox>
    <confidence>0.965104</confidence>
  </object>
  <object>
    <name>Vehicle</name>
    <bndbox>
      <xmin>1555</xmin>
      <ymin>525</ymin>
      <xmax>1768</xmax>
      <ymax>680</ymax>
    </bndbox>
    <confidence>0.96603</confidence>
  </object>
</annotation>
