<annotation>
  <folder>runs\detect\exp2</folder>
  <filename>1_20200615_112127_001380.jpg</filename>
  <source>
    <database>Unknown</database>
  </source>
  <size>
    <width>1920</width>
    <height>1080</height>
    <depth>3</depth>
  </size>
  <segmented>0</segmented>
  <object>
    <name>Vehicle</name>
    <bndbox>
      <xmin>24</xmin>
      <ymin>416</ymin>
      <xmax>86</xmax>
      <ymax>453</ymax>
    </bndbox>
    <confidence>0.612521</confidence>
  </object>
  <object>
    <name>Vehicle</name>
    <bndbox>
      <xmin>1123</xmin>
      <ymin>453</ymin>
      <xmax>1150</xmax>
      <ymax>496</ymax>
    </bndbox>
    <confidence>0.695824</confidence>
  </object>
  <object>
    <name>TrafficLight</name>
    <bndbox>
      <xmin>1261</xmin>
      <ymin>225</ymin>
      <xmax>1337</xmax>
      <ymax>246</ymax>
    </bndbox>
    <confidence>0.855779</confidence>
  </object>
  <object>
    <name>TrafficSign</name>
    <bndbox>
      <xmin>1463</xmin>
      <ymin>402</ymin>
      <xmax>1490</xmax>
      <ymax>431</ymax>
    </bndbox>
    <confidence>0.869575</confidence>
  </object>
  <object>
    <name>TrafficSign</name>
    <bndbox>
      <xmin>1249</xmin>
      <ymin>295</ymin>
      <xmax>1279</xmax>
      <ymax>325</ymax>
    </bndbox>
    <confidence>0.89941</confidence>
  </object>
</annotation>
