<annotation>
  <folder>runs\detect\exp2</folder>
  <filename>1_20200615_112127_003750.jpg</filename>
  <source>
    <database>Unknown</database>
  </source>
  <size>
    <width>1920</width>
    <height>1080</height>
    <depth>3</depth>
  </size>
  <segmented>0</segmented>
  <object>
    <name>Pedestrian</name>
    <bndbox>
      <xmin>3</xmin>
      <ymin>519</ymin>
      <xmax>21</xmax>
      <ymax>589</ymax>
    </bndbox>
    <confidence>0.321745</confidence>
  </object>
  <object>
    <name>Vehicle</name>
    <bndbox>
      <xmin>915</xmin>
      <ymin>443</ymin>
      <xmax>953</xmax>
      <ymax>474</ymax>
    </bndbox>
    <confidence>0.442097</confidence>
  </object>
  <object>
    <name>Vehicle</name>
    <bndbox>
      <xmin>130</xmin>
      <ymin>415</ymin>
      <xmax>249</xmax>
      <ymax>536</ymax>
    </bndbox>
    <confidence>0.480496</confidence>
  </object>
  <object>
    <name>Vehicle</name>
    <bndbox>
      <xmin>899</xmin>
      <ymin>457</ymin>
      <xmax>953</xmax>
      <ymax>502</ymax>
    </bndbox>
    <confidence>0.814286</confidence>
  </object>
  <object>
    <name>Vehicle</name>
    <bndbox>
      <xmin>715</xmin>
      <ymin>426</ymin>
      <xmax>757</xmax>
      <ymax>467</ymax>
    </bndbox>
    <confidence>0.827132</confidence>
  </object>
  <object>
    <name>Vehicle</name>
    <bndbox>
      <xmin>1206</xmin>
      <ymin>468</ymin>
      <xmax>1243</xmax>
      <ymax>530</ymax>
    </bndbox>
    <confidence>0.83503</confidence>
  </object>
  <object>
    <name>Vehicle</name>
    <bndbox>
      <xmin>1227</xmin>
      <ymin>466</ymin>
      <xmax>1263</xmax>
      <ymax>536</ymax>
    </bndbox>
    <confidence>0.843942</confidence>
  </object>
  <object>
    <name>Vehicle</name>
    <bndbox>
      <xmin>1172</xmin>
      <ymin>465</ymin>
      <xmax>1229</xmax>
      <ymax>525</ymax>
    </bndbox>
    <confidence>0.871631</confidence>
  </object>
  <object>
    <name>Vehicle</name>
    <bndbox>
      <xmin>947</xmin>
      <ymin>416</ymin>
      <xmax>982</xmax>
      <ymax>457</ymax>
    </bndbox>
    <confidence>0.873611</confidence>
  </object>
  <object>
    <name>Vehicle</name>
    <bndbox>
      <xmin>1839</xmin>
      <ymin>427</ymin>
      <xmax>1920</xmax>
      <ymax>530</ymax>
    </bndbox>
    <confidence>0.913627</confidence>
  </object>
  <object>
    <name>Vehicle</name>
    <bndbox>
      <xmin>1283</xmin>
      <ymin>464</ymin>
      <xmax>1365</xmax>
      <ymax>548</ymax>
    </bndbox>
    <confidence>0.913978</confidence>
  </object>
  <object>
    <name>Vehicle</name>
    <bndbox>
      <xmin>690</xmin>
      <ymin>465</ymin>
      <xmax>735</xmax>
      <ymax>500</ymax>
    </bndbox>
    <confidence>0.91608</confidence>
  </object>
  <object>
    <name>Vehicle</name>
    <bndbox>
      <xmin>1136</xmin>
      <ymin>466</ymin>
      <xmax>1193</xmax>
      <ymax>517</ymax>
    </bndbox>
    <confidence>0.924845</confidence>
  </object>
  <object>
    <name>Vehicle</name>
    <bndbox>
      <xmin>627</xmin>
      <ymin>463</ymin>
      <xmax>694</xmax>
      <ymax>522</ymax>
    </bndbox>
    <confidence>0.927606</confidence>
  </object>
  <object>
    <name>Vehicle</name>
    <bndbox>
      <xmin>1242</xmin>
      <ymin>451</ymin>
      <xmax>1348</xmax>
      <ymax>542</ymax>
    </bndbox>
    <confidence>0.93685</confidence>
  </object>
  <object>
    <name>Vehicle</name>
    <bndbox>
      <xmin>1003</xmin>
      <ymin>461</ymin>
      <xmax>1081</xmax>
      <ymax>522</ymax>
    </bndbox>
    <confidence>0.940826</confidence>
  </object>
  <object>
    <name>Vehicle</name>
    <bndbox>
      <xmin>1330</xmin>
      <ymin>465</ymin>
      <xmax>1427</xmax>
      <ymax>556</ymax>
    </bndbox>
    <confidence>0.943129</confidence>
  </object>
  <object>
    <name>Vehicle</name>
    <bndbox>
      <xmin>1386</xmin>
      <ymin>464</ymin>
      <xmax>1538</xmax>
      <ymax>561</ymax>
    </bndbox>
    <confidence>0.962784</confidence>
  </object>
</annotation>
