<annotation>
  <folder>runs\detect\exp39</folder>
  <filename>1_20200615_112127_003510.jpg</filename>
  <source>
    <database>Unknown</database>
  </source>
  <size>
    <width>1920</width>
    <height>1080</height>
    <depth>3</depth>
  </size>
  <segmented>0</segmented>
  <object>
    <name>Vehicle</name>
    <bndbox>
      <xmin>711</xmin>
      <ymin>487</ymin>
      <xmax>752</xmax>
      <ymax>527</ymax>
    </bndbox>
    <confidence>0.307945</confidence>
  </object>
  <object>
    <name>Vehicle</name>
    <bndbox>
      <xmin>708</xmin>
      <ymin>473</ymin>
      <xmax>760</xmax>
      <ymax>508</ymax>
    </bndbox>
    <confidence>0.534834</confidence>
  </object>
  <object>
    <name>Vehicle</name>
    <bndbox>
      <xmin>551</xmin>
      <ymin>444</ymin>
      <xmax>633</xmax>
      <ymax>505</ymax>
    </bndbox>
    <confidence>0.566525</confidence>
  </object>
  <object>
    <name>Vehicle</name>
    <bndbox>
      <xmin>1278</xmin>
      <ymin>485</ymin>
      <xmax>1312</xmax>
      <ymax>515</ymax>
    </bndbox>
    <confidence>0.569212</confidence>
  </object>
  <object>
    <name>Vehicle</name>
    <bndbox>
      <xmin>625</xmin>
      <ymin>472</ymin>
      <xmax>668</xmax>
      <ymax>511</ymax>
    </bndbox>
    <confidence>0.68045</confidence>
  </object>
  <object>
    <name>Vehicle</name>
    <bndbox>
      <xmin>1126</xmin>
      <ymin>493</ymin>
      <xmax>1157</xmax>
      <ymax>523</ymax>
    </bndbox>
    <confidence>0.766535</confidence>
  </object>
  <object>
    <name>Vehicle</name>
    <bndbox>
      <xmin>1002</xmin>
      <ymin>447</ymin>
      <xmax>1034</xmax>
      <ymax>484</ymax>
    </bndbox>
    <confidence>0.827816</confidence>
  </object>
  <object>
    <name>Vehicle</name>
    <bndbox>
      <xmin>812</xmin>
      <ymin>476</ymin>
      <xmax>859</xmax>
      <ymax>533</ymax>
    </bndbox>
    <confidence>0.836518</confidence>
  </object>
  <object>
    <name>Vehicle</name>
    <bndbox>
      <xmin>1053</xmin>
      <ymin>486</ymin>
      <xmax>1120</xmax>
      <ymax>526</ymax>
    </bndbox>
    <confidence>0.860984</confidence>
  </object>
  <object>
    <name>TrafficSign</name>
    <bndbox>
      <xmin>1298</xmin>
      <ymin>395</ymin>
      <xmax>1343</xmax>
      <ymax>437</ymax>
    </bndbox>
    <confidence>0.897772</confidence>
  </object>
  <object>
    <name>Vehicle</name>
    <bndbox>
      <xmin>634</xmin>
      <ymin>492</ymin>
      <xmax>699</xmax>
      <ymax>550</ymax>
    </bndbox>
    <confidence>0.90755</confidence>
  </object>
  <object>
    <name>Vehicle</name>
    <bndbox>
      <xmin>692</xmin>
      <ymin>501</ymin>
      <xmax>744</xmax>
      <ymax>544</ymax>
    </bndbox>
    <confidence>0.908762</confidence>
  </object>
  <object>
    <name>Vehicle</name>
    <bndbox>
      <xmin>742</xmin>
      <ymin>480</ymin>
      <xmax>810</xmax>
      <ymax>543</ymax>
    </bndbox>
    <confidence>0.926226</confidence>
  </object>
  <object>
    <name>Vehicle</name>
    <bndbox>
      <xmin>489</xmin>
      <ymin>446</ymin>
      <xmax>644</xmax>
      <ymax>594</ymax>
    </bndbox>
    <confidence>0.931591</confidence>
  </object>
  <object>
    <name>Vehicle</name>
    <bndbox>
      <xmin>962</xmin>
      <ymin>484</ymin>
      <xmax>1040</xmax>
      <ymax>547</ymax>
    </bndbox>
    <confidence>0.936888</confidence>
  </object>
  <object>
    <name>Vehicle</name>
    <bndbox>
      <xmin>231</xmin>
      <ymin>486</ymin>
      <xmax>397</xmax>
      <ymax>612</ymax>
    </bndbox>
    <confidence>0.959691</confidence>
  </object>
</annotation>
