<annotation>
  <folder>runs\detect\exp2</folder>
  <filename>1_20200615_112127_004680.jpg</filename>
  <source>
    <database>Unknown</database>
  </source>
  <size>
    <width>1920</width>
    <height>1080</height>
    <depth>3</depth>
  </size>
  <segmented>0</segmented>
  <object>
    <name>TrafficSign</name>
    <bndbox>
      <xmin>1601</xmin>
      <ymin>396</ymin>
      <xmax>1628</xmax>
      <ymax>423</ymax>
    </bndbox>
    <confidence>0.863962</confidence>
  </object>
  <object>
    <name>TrafficLight</name>
    <bndbox>
      <xmin>1307</xmin>
      <ymin>231</ymin>
      <xmax>1378</xmax>
      <ymax>252</ymax>
    </bndbox>
    <confidence>0.865682</confidence>
  </object>
  <object>
    <name>TrafficSign</name>
    <bndbox>
      <xmin>1348</xmin>
      <ymin>352</ymin>
      <xmax>1377</xmax>
      <ymax>381</ymax>
    </bndbox>
    <confidence>0.883913</confidence>
  </object>
  <object>
    <name>Vehicle</name>
    <bndbox>
      <xmin>1087</xmin>
      <ymin>460</ymin>
      <xmax>1186</xmax>
      <ymax>530</ymax>
    </bndbox>
    <confidence>0.943852</confidence>
  </object>
  <object>
    <name>Vehicle</name>
    <bndbox>
      <xmin>582</xmin>
      <ymin>363</ymin>
      <xmax>878</xmax>
      <ymax>538</ymax>
    </bndbox>
    <confidence>0.958227</confidence>
  </object>
  <object>
    <name>Vehicle</name>
    <bndbox>
      <xmin>1</xmin>
      <ymin>428</ymin>
      <xmax>595</xmax>
      <ymax>1004</ymax>
    </bndbox>
    <confidence>0.964096</confidence>
  </object>
  <object>
    <name>Vehicle</name>
    <bndbox>
      <xmin>1519</xmin>
      <ymin>450</ymin>
      <xmax>1919</xmax>
      <ymax>790</ymax>
    </bndbox>
    <confidence>0.974762</confidence>
  </object>
</annotation>
