<annotation>
  <folder>runs\detect\exp39</folder>
  <filename>1_20200615_112127_003840.jpg</filename>
  <source>
    <database>Unknown</database>
  </source>
  <size>
    <width>1920</width>
    <height>1080</height>
    <depth>3</depth>
  </size>
  <segmented>0</segmented>
  <object>
    <name>Vehicle</name>
    <bndbox>
      <xmin>1006</xmin>
      <ymin>476</ymin>
      <xmax>1075</xmax>
      <ymax>504</ymax>
    </bndbox>
    <confidence>0.308909</confidence>
  </object>
  <object>
    <name>Vehicle</name>
    <bndbox>
      <xmin>679</xmin>
      <ymin>456</ymin>
      <xmax>733</xmax>
      <ymax>501</ymax>
    </bndbox>
    <confidence>0.849578</confidence>
  </object>
  <object>
    <name>Vehicle</name>
    <bndbox>
      <xmin>951</xmin>
      <ymin>447</ymin>
      <xmax>990</xmax>
      <ymax>492</ymax>
    </bndbox>
    <confidence>0.882494</confidence>
  </object>
  <object>
    <name>Vehicle</name>
    <bndbox>
      <xmin>896</xmin>
      <ymin>481</ymin>
      <xmax>946</xmax>
      <ymax>522</ymax>
    </bndbox>
    <confidence>0.907653</confidence>
  </object>
  <object>
    <name>Vehicle</name>
    <bndbox>
      <xmin>1000</xmin>
      <ymin>488</ymin>
      <xmax>1085</xmax>
      <ymax>554</ymax>
    </bndbox>
    <confidence>0.939351</confidence>
  </object>
  <object>
    <name>Vehicle</name>
    <bndbox>
      <xmin>1269</xmin>
      <ymin>504</ymin>
      <xmax>1386</xmax>
      <ymax>592</ymax>
    </bndbox>
    <confidence>0.951234</confidence>
  </object>
  <object>
    <name>Vehicle</name>
    <bndbox>
      <xmin>1375</xmin>
      <ymin>505</ymin>
      <xmax>1523</xmax>
      <ymax>618</ymax>
    </bndbox>
    <confidence>0.954269</confidence>
  </object>
  <object>
    <name>Vehicle</name>
    <bndbox>
      <xmin>287</xmin>
      <ymin>514</ymin>
      <xmax>420</xmax>
      <ymax>606</ymax>
    </bndbox>
    <confidence>0.956747</confidence>
  </object>
  <object>
    <name>Vehicle</name>
    <bndbox>
      <xmin>1478</xmin>
      <ymin>511</ymin>
      <xmax>1623</xmax>
      <ymax>641</ymax>
    </bndbox>
    <confidence>0.95687</confidence>
  </object>
  <object>
    <name>Vehicle</name>
    <bndbox>
      <xmin>1574</xmin>
      <ymin>497</ymin>
      <xmax>1747</xmax>
      <ymax>670</ymax>
    </bndbox>
    <confidence>0.959428</confidence>
  </object>
  <object>
    <name>Vehicle</name>
    <bndbox>
      <xmin>1684</xmin>
      <ymin>460</ymin>
      <xmax>1920</xmax>
      <ymax>704</ymax>
    </bndbox>
    <confidence>0.964824</confidence>
  </object>
</annotation>
