<annotation>
  <folder>runs\detect\exp39</folder>
  <filename>1_20200615_112127_003720.jpg</filename>
  <source>
    <database>Unknown</database>
  </source>
  <size>
    <width>1920</width>
    <height>1080</height>
    <depth>3</depth>
  </size>
  <segmented>0</segmented>
  <object>
    <name>Vehicle</name>
    <bndbox>
      <xmin>915</xmin>
      <ymin>459</ymin>
      <xmax>953</xmax>
      <ymax>488</ymax>
    </bndbox>
    <confidence>0.340438</confidence>
  </object>
  <object>
    <name>Vehicle</name>
    <bndbox>
      <xmin>719</xmin>
      <ymin>436</ymin>
      <xmax>763</xmax>
      <ymax>472</ymax>
    </bndbox>
    <confidence>0.72234</confidence>
  </object>
  <object>
    <name>Vehicle</name>
    <bndbox>
      <xmin>1773</xmin>
      <ymin>440</ymin>
      <xmax>1909</xmax>
      <ymax>517</ymax>
    </bndbox>
    <confidence>0.770657</confidence>
  </object>
  <object>
    <name>Vehicle</name>
    <bndbox>
      <xmin>1164</xmin>
      <ymin>479</ymin>
      <xmax>1197</xmax>
      <ymax>534</ymax>
    </bndbox>
    <confidence>0.831198</confidence>
  </object>
  <object>
    <name>Vehicle</name>
    <bndbox>
      <xmin>733</xmin>
      <ymin>470</ymin>
      <xmax>765</xmax>
      <ymax>498</ymax>
    </bndbox>
    <confidence>0.849541</confidence>
  </object>
  <object>
    <name>Vehicle</name>
    <bndbox>
      <xmin>943</xmin>
      <ymin>428</ymin>
      <xmax>976</xmax>
      <ymax>468</ymax>
    </bndbox>
    <confidence>0.8587</confidence>
  </object>
  <object>
    <name>Vehicle</name>
    <bndbox>
      <xmin>1137</xmin>
      <ymin>480</ymin>
      <xmax>1183</xmax>
      <ymax>530</ymax>
    </bndbox>
    <confidence>0.882707</confidence>
  </object>
  <object>
    <name>Vehicle</name>
    <bndbox>
      <xmin>0</xmin>
      <ymin>514</ymin>
      <xmax>39</xmax>
      <ymax>669</ymax>
    </bndbox>
    <confidence>0.8855</confidence>
  </object>
  <object>
    <name>TrafficSign</name>
    <bndbox>
      <xmin>1792</xmin>
      <ymin>295</ymin>
      <xmax>1852</xmax>
      <ymax>365</ymax>
    </bndbox>
    <confidence>0.897003</confidence>
  </object>
  <object>
    <name>TrafficSign</name>
    <bndbox>
      <xmin>1786</xmin>
      <ymin>229</ymin>
      <xmax>1839</xmax>
      <ymax>297</ymax>
    </bndbox>
    <confidence>0.898962</confidence>
  </object>
  <object>
    <name>Vehicle</name>
    <bndbox>
      <xmin>689</xmin>
      <ymin>470</ymin>
      <xmax>740</xmax>
      <ymax>515</ymax>
    </bndbox>
    <confidence>0.910754</confidence>
  </object>
  <object>
    <name>Vehicle</name>
    <bndbox>
      <xmin>1187</xmin>
      <ymin>468</ymin>
      <xmax>1271</xmax>
      <ymax>542</ymax>
    </bndbox>
    <confidence>0.91172</confidence>
  </object>
  <object>
    <name>Vehicle</name>
    <bndbox>
      <xmin>1249</xmin>
      <ymin>481</ymin>
      <xmax>1313</xmax>
      <ymax>552</ymax>
    </bndbox>
    <confidence>0.912569</confidence>
  </object>
  <object>
    <name>Vehicle</name>
    <bndbox>
      <xmin>895</xmin>
      <ymin>471</ymin>
      <xmax>952</xmax>
      <ymax>518</ymax>
    </bndbox>
    <confidence>0.9158</confidence>
  </object>
  <object>
    <name>Vehicle</name>
    <bndbox>
      <xmin>1108</xmin>
      <ymin>478</ymin>
      <xmax>1156</xmax>
      <ymax>522</ymax>
    </bndbox>
    <confidence>0.919982</confidence>
  </object>
  <object>
    <name>Vehicle</name>
    <bndbox>
      <xmin>83</xmin>
      <ymin>505</ymin>
      <xmax>182</xmax>
      <ymax>574</ymax>
    </bndbox>
    <confidence>0.927354</confidence>
  </object>
  <object>
    <name>Vehicle</name>
    <bndbox>
      <xmin>995</xmin>
      <ymin>474</ymin>
      <xmax>1070</xmax>
      <ymax>532</ymax>
    </bndbox>
    <confidence>0.940888</confidence>
  </object>
  <object>
    <name>Vehicle</name>
    <bndbox>
      <xmin>1642</xmin>
      <ymin>451</ymin>
      <xmax>1777</xmax>
      <ymax>534</ymax>
    </bndbox>
    <confidence>0.941748</confidence>
  </object>
  <object>
    <name>Vehicle</name>
    <bndbox>
      <xmin>1286</xmin>
      <ymin>480</ymin>
      <xmax>1399</xmax>
      <ymax>556</ymax>
    </bndbox>
    <confidence>0.944532</confidence>
  </object>
</annotation>
