<annotation>
  <folder>runs\detect\exp2</folder>
  <filename>1_20200615_112127_000780.jpg</filename>
  <source>
    <database>Unknown</database>
  </source>
  <size>
    <width>1920</width>
    <height>1080</height>
    <depth>3</depth>
  </size>
  <segmented>0</segmented>
  <object>
    <name>Vehicle</name>
    <bndbox>
      <xmin>1391</xmin>
      <ymin>500</ymin>
      <xmax>1471</xmax>
      <ymax>564</ymax>
    </bndbox>
    <confidence>0.917261</confidence>
  </object>
  <object>
    <name>Vehicle</name>
    <bndbox>
      <xmin>551</xmin>
      <ymin>523</ymin>
      <xmax>633</xmax>
      <ymax>578</ymax>
    </bndbox>
    <confidence>0.938794</confidence>
  </object>
  <object>
    <name>Vehicle</name>
    <bndbox>
      <xmin>726</xmin>
      <ymin>464</ymin>
      <xmax>828</xmax>
      <ymax>576</ymax>
    </bndbox>
    <confidence>0.953291</confidence>
  </object>
</annotation>
