<annotation>
  <folder>runs\detect\exp2</folder>
  <filename>1_20200615_112127_000750.jpg</filename>
  <source>
    <database>Unknown</database>
  </source>
  <size>
    <width>1920</width>
    <height>1080</height>
    <depth>3</depth>
  </size>
  <segmented>0</segmented>
  <object>
    <name>Vehicle</name>
    <bndbox>
      <xmin>1397</xmin>
      <ymin>486</ymin>
      <xmax>1463</xmax>
      <ymax>540</ymax>
    </bndbox>
    <confidence>0.890619</confidence>
  </object>
  <object>
    <name>Vehicle</name>
    <bndbox>
      <xmin>675</xmin>
      <ymin>507</ymin>
      <xmax>744</xmax>
      <ymax>554</ymax>
    </bndbox>
    <confidence>0.93744</confidence>
  </object>
  <object>
    <name>Vehicle</name>
    <bndbox>
      <xmin>922</xmin>
      <ymin>461</ymin>
      <xmax>996</xmax>
      <ymax>544</ymax>
    </bndbox>
    <confidence>0.93771</confidence>
  </object>
</annotation>
