<annotation>
  <folder>runs\detect\exp39</folder>
  <filename>1_20200615_112127_000570.jpg</filename>
  <source>
    <database>Unknown</database>
  </source>
  <size>
    <width>1920</width>
    <height>1080</height>
    <depth>3</depth>
  </size>
  <segmented>0</segmented>
  <object>
    <name>Vehicle</name>
    <bndbox>
      <xmin>119</xmin>
      <ymin>478</ymin>
      <xmax>152</xmax>
      <ymax>529</ymax>
    </bndbox>
    <confidence>0.399796</confidence>
  </object>
  <object>
    <name>Vehicle</name>
    <bndbox>
      <xmin>1169</xmin>
      <ymin>487</ymin>
      <xmax>1206</xmax>
      <ymax>513</ymax>
    </bndbox>
    <confidence>0.83957</confidence>
  </object>
  <object>
    <name>Vehicle</name>
    <bndbox>
      <xmin>1215</xmin>
      <ymin>473</ymin>
      <xmax>1261</xmax>
      <ymax>512</ymax>
    </bndbox>
    <confidence>0.863383</confidence>
  </object>
  <object>
    <name>Vehicle</name>
    <bndbox>
      <xmin>956</xmin>
      <ymin>475</ymin>
      <xmax>1025</xmax>
      <ymax>533</ymax>
    </bndbox>
    <confidence>0.890998</confidence>
  </object>
  <object>
    <name>Vehicle</name>
    <bndbox>
      <xmin>1063</xmin>
      <ymin>486</ymin>
      <xmax>1112</xmax>
      <ymax>524</ymax>
    </bndbox>
    <confidence>0.89709</confidence>
  </object>
  <object>
    <name>Vehicle</name>
    <bndbox>
      <xmin>1304</xmin>
      <ymin>460</ymin>
      <xmax>1349</xmax>
      <ymax>504</ymax>
    </bndbox>
    <confidence>0.898638</confidence>
  </object>
  <object>
    <name>Vehicle</name>
    <bndbox>
      <xmin>230</xmin>
      <ymin>417</ymin>
      <xmax>427</xmax>
      <ymax>564</ymax>
    </bndbox>
    <confidence>0.931003</confidence>
  </object>
  <object>
    <name>Vehicle</name>
    <bndbox>
      <xmin>753</xmin>
      <ymin>492</ymin>
      <xmax>842</xmax>
      <ymax>553</ymax>
    </bndbox>
    <confidence>0.943864</confidence>
  </object>
  <object>
    <name>Vehicle</name>
    <bndbox>
      <xmin>604</xmin>
      <ymin>473</ymin>
      <xmax>755</xmax>
      <ymax>588</ymax>
    </bndbox>
    <confidence>0.960017</confidence>
  </object>
  <object>
    <name>Vehicle</name>
    <bndbox>
      <xmin>344</xmin>
      <ymin>482</ymin>
      <xmax>514</xmax>
      <ymax>606</ymax>
    </bndbox>
    <confidence>0.965253</confidence>
  </object>
</annotation>
