<annotation>
  <folder>runs\detect\exp2</folder>
  <filename>1_20200615_112127_003600.jpg</filename>
  <source>
    <database>Unknown</database>
  </source>
  <size>
    <width>1920</width>
    <height>1080</height>
    <depth>3</depth>
  </size>
  <segmented>0</segmented>
  <object>
    <name>Vehicle</name>
    <bndbox>
      <xmin>1127</xmin>
      <ymin>513</ymin>
      <xmax>1151</xmax>
      <ymax>547</ymax>
    </bndbox>
    <confidence>0.453859</confidence>
  </object>
  <object>
    <name>Vehicle</name>
    <bndbox>
      <xmin>981</xmin>
      <ymin>502</ymin>
      <xmax>1019</xmax>
      <ymax>529</ymax>
    </bndbox>
    <confidence>0.494085</confidence>
  </object>
  <object>
    <name>Vehicle</name>
    <bndbox>
      <xmin>857</xmin>
      <ymin>491</ymin>
      <xmax>886</xmax>
      <ymax>516</ymax>
    </bndbox>
    <confidence>0.547151</confidence>
  </object>
  <object>
    <name>Vehicle</name>
    <bndbox>
      <xmin>1112</xmin>
      <ymin>513</ymin>
      <xmax>1141</xmax>
      <ymax>544</ymax>
    </bndbox>
    <confidence>0.713786</confidence>
  </object>
  <object>
    <name>Vehicle</name>
    <bndbox>
      <xmin>817</xmin>
      <ymin>472</ymin>
      <xmax>854</xmax>
      <ymax>508</ymax>
    </bndbox>
    <confidence>0.725701</confidence>
  </object>
  <object>
    <name>TrafficSign</name>
    <bndbox>
      <xmin>1872</xmin>
      <ymin>230</ymin>
      <xmax>1921</xmax>
      <ymax>359</ymax>
    </bndbox>
    <confidence>0.736778</confidence>
  </object>
  <object>
    <name>Vehicle</name>
    <bndbox>
      <xmin>611</xmin>
      <ymin>517</ymin>
      <xmax>638</xmax>
      <ymax>578</ymax>
    </bndbox>
    <confidence>0.737233</confidence>
  </object>
  <object>
    <name>Vehicle</name>
    <bndbox>
      <xmin>1452</xmin>
      <ymin>492</ymin>
      <xmax>1505</xmax>
      <ymax>540</ymax>
    </bndbox>
    <confidence>0.791515</confidence>
  </object>
  <object>
    <name>Vehicle</name>
    <bndbox>
      <xmin>1142</xmin>
      <ymin>508</ymin>
      <xmax>1196</xmax>
      <ymax>551</ymax>
    </bndbox>
    <confidence>0.846454</confidence>
  </object>
  <object>
    <name>Vehicle</name>
    <bndbox>
      <xmin>445</xmin>
      <ymin>529</ymin>
      <xmax>504</xmax>
      <ymax>591</ymax>
    </bndbox>
    <confidence>0.846788</confidence>
  </object>
  <object>
    <name>Vehicle</name>
    <bndbox>
      <xmin>1005</xmin>
      <ymin>466</ymin>
      <xmax>1038</xmax>
      <ymax>503</ymax>
    </bndbox>
    <confidence>0.853787</confidence>
  </object>
  <object>
    <name>Vehicle</name>
    <bndbox>
      <xmin>1377</xmin>
      <ymin>502</ymin>
      <xmax>1439</xmax>
      <ymax>546</ymax>
    </bndbox>
    <confidence>0.875117</confidence>
  </object>
  <object>
    <name>Vehicle</name>
    <bndbox>
      <xmin>579</xmin>
      <ymin>502</ymin>
      <xmax>638</xmax>
      <ymax>571</ymax>
    </bndbox>
    <confidence>0.877679</confidence>
  </object>
  <object>
    <name>Vehicle</name>
    <bndbox>
      <xmin>739</xmin>
      <ymin>522</ymin>
      <xmax>787</xmax>
      <ymax>560</ymax>
    </bndbox>
    <confidence>0.90045</confidence>
  </object>
  <object>
    <name>Vehicle</name>
    <bndbox>
      <xmin>1180</xmin>
      <ymin>515</ymin>
      <xmax>1238</xmax>
      <ymax>557</ymax>
    </bndbox>
    <confidence>0.915692</confidence>
  </object>
  <object>
    <name>Vehicle</name>
    <bndbox>
      <xmin>632</xmin>
      <ymin>467</ymin>
      <xmax>735</xmax>
      <ymax>593</ymax>
    </bndbox>
    <confidence>0.922207</confidence>
  </object>
  <object>
    <name>Vehicle</name>
    <bndbox>
      <xmin>1046</xmin>
      <ymin>510</ymin>
      <xmax>1106</xmax>
      <ymax>556</ymax>
    </bndbox>
    <confidence>0.922835</confidence>
  </object>
  <object>
    <name>Vehicle</name>
    <bndbox>
      <xmin>954</xmin>
      <ymin>510</ymin>
      <xmax>1019</xmax>
      <ymax>562</ymax>
    </bndbox>
    <confidence>0.923933</confidence>
  </object>
  <object>
    <name>Vehicle</name>
    <bndbox>
      <xmin>29</xmin>
      <ymin>451</ymin>
      <xmax>218</xmax>
      <ymax>607</ymax>
    </bndbox>
    <confidence>0.940985</confidence>
  </object>
  <object>
    <name>Vehicle</name>
    <bndbox>
      <xmin>486</xmin>
      <ymin>520</ymin>
      <xmax>588</xmax>
      <ymax>600</ymax>
    </bndbox>
    <confidence>0.949904</confidence>
  </object>
  <object>
    <name>Vehicle</name>
    <bndbox>
      <xmin>312</xmin>
      <ymin>461</ymin>
      <xmax>469</xmax>
      <ymax>622</ymax>
    </bndbox>
    <confidence>0.954961</confidence>
  </object>
  <object>
    <name>Vehicle</name>
    <bndbox>
      <xmin>28</xmin>
      <ymin>514</ymin>
      <xmax>301</xmax>
      <ymax>694</ymax>
    </bndbox>
    <confidence>0.972545</confidence>
  </object>
</annotation>
