<annotation>
  <folder>runs\detect\exp2</folder>
  <filename>1_20200615_112127_004500.jpg</filename>
  <source>
    <database>Unknown</database>
  </source>
  <size>
    <width>1920</width>
    <height>1080</height>
    <depth>3</depth>
  </size>
  <segmented>0</segmented>
  <object>
    <name>Vehicle</name>
    <bndbox>
      <xmin>1369</xmin>
      <ymin>313</ymin>
      <xmax>1726</xmax>
      <ymax>498</ymax>
    </bndbox>
    <confidence>0.792505</confidence>
  </object>
  <object>
    <name>TrafficLight</name>
    <bndbox>
      <xmin>1431</xmin>
      <ymin>183</ymin>
      <xmax>1525</xmax>
      <ymax>210</ymax>
    </bndbox>
    <confidence>0.881323</confidence>
  </object>
  <object>
    <name>TrafficLight</name>
    <bndbox>
      <xmin>1171</xmin>
      <ymin>191</ymin>
      <xmax>1266</xmax>
      <ymax>217</ymax>
    </bndbox>
    <confidence>0.889264</confidence>
  </object>
  <object>
    <name>TrafficSign</name>
    <bndbox>
      <xmin>1269</xmin>
      <ymin>153</ymin>
      <xmax>1327</xmax>
      <ymax>213</ymax>
    </bndbox>
    <confidence>0.914009</confidence>
  </object>
  <object>
    <name>Vehicle</name>
    <bndbox>
      <xmin>1381</xmin>
      <ymin>336</ymin>
      <xmax>1733</xmax>
      <ymax>765</ymax>
    </bndbox>
    <confidence>0.94616</confidence>
  </object>
  <object>
    <name>Vehicle</name>
    <bndbox>
      <xmin>1126</xmin>
      <ymin>486</ymin>
      <xmax>1232</xmax>
      <ymax>604</ymax>
    </bndbox>
    <confidence>0.948855</confidence>
  </object>
  <object>
    <name>Vehicle</name>
    <bndbox>
      <xmin>1194</xmin>
      <ymin>460</ymin>
      <xmax>1418</xmax>
      <ymax>645</ymax>
    </bndbox>
    <confidence>0.963614</confidence>
  </object>
  <object>
    <name>Vehicle</name>
    <bndbox>
      <xmin>1584</xmin>
      <ymin>372</ymin>
      <xmax>1921</xmax>
      <ymax>928</ymax>
    </bndbox>
    <confidence>0.967001</confidence>
  </object>
  <object>
    <name>Vehicle</name>
    <bndbox>
      <xmin>807</xmin>
      <ymin>458</ymin>
      <xmax>1145</xmax>
      <ymax>738</ymax>
    </bndbox>
    <confidence>0.967737</confidence>
  </object>
</annotation>
