<annotation>
  <folder>runs\detect\exp2</folder>
  <filename>1_20200615_112127_004350.jpg</filename>
  <source>
    <database>Unknown</database>
  </source>
  <size>
    <width>1920</width>
    <height>1080</height>
    <depth>3</depth>
  </size>
  <segmented>0</segmented>
  <object>
    <name>Vehicle</name>
    <bndbox>
      <xmin>1155</xmin>
      <ymin>495</ymin>
      <xmax>1181</xmax>
      <ymax>551</ymax>
    </bndbox>
    <confidence>0.543525</confidence>
  </object>
  <object>
    <name>TrafficLight</name>
    <bndbox>
      <xmin>1183</xmin>
      <ymin>348</ymin>
      <xmax>1230</xmax>
      <ymax>362</ymax>
    </bndbox>
    <confidence>0.783004</confidence>
  </object>
  <object>
    <name>TrafficLight</name>
    <bndbox>
      <xmin>1312</xmin>
      <ymin>342</ymin>
      <xmax>1362</xmax>
      <ymax>356</ymax>
    </bndbox>
    <confidence>0.788779</confidence>
  </object>
  <object>
    <name>TrafficSign</name>
    <bndbox>
      <xmin>1233</xmin>
      <ymin>328</ymin>
      <xmax>1262</xmax>
      <ymax>359</ymax>
    </bndbox>
    <confidence>0.903569</confidence>
  </object>
  <object>
    <name>Vehicle</name>
    <bndbox>
      <xmin>1166</xmin>
      <ymin>475</ymin>
      <xmax>1252</xmax>
      <ymax>573</ymax>
    </bndbox>
    <confidence>0.941833</confidence>
  </object>
  <object>
    <name>Vehicle</name>
    <bndbox>
      <xmin>1210</xmin>
      <ymin>448</ymin>
      <xmax>1474</xmax>
      <ymax>658</ymax>
    </bndbox>
    <confidence>0.969786</confidence>
  </object>
  <object>
    <name>Vehicle</name>
    <bndbox>
      <xmin>777</xmin>
      <ymin>471</ymin>
      <xmax>1043</xmax>
      <ymax>681</ymax>
    </bndbox>
    <confidence>0.972739</confidence>
  </object>
</annotation>
