<annotation>
  <folder>runs\detect\exp2</folder>
  <filename>1_20200615_112127_003540.jpg</filename>
  <source>
    <database>Unknown</database>
  </source>
  <size>
    <width>1920</width>
    <height>1080</height>
    <depth>3</depth>
  </size>
  <segmented>0</segmented>
  <object>
    <name>Vehicle</name>
    <bndbox>
      <xmin>567</xmin>
      <ymin>514</ymin>
      <xmax>596</xmax>
      <ymax>545</ymax>
    </bndbox>
    <confidence>0.361056</confidence>
  </object>
  <object>
    <name>Vehicle</name>
    <bndbox>
      <xmin>1</xmin>
      <ymin>534</ymin>
      <xmax>85</xmax>
      <ymax>746</ymax>
    </bndbox>
    <confidence>0.649805</confidence>
  </object>
  <object>
    <name>Vehicle</name>
    <bndbox>
      <xmin>1288</xmin>
      <ymin>489</ymin>
      <xmax>1319</xmax>
      <ymax>523</ymax>
    </bndbox>
    <confidence>0.658072</confidence>
  </object>
  <object>
    <name>Vehicle</name>
    <bndbox>
      <xmin>804</xmin>
      <ymin>462</ymin>
      <xmax>834</xmax>
      <ymax>493</ymax>
    </bndbox>
    <confidence>0.726337</confidence>
  </object>
  <object>
    <name>Vehicle</name>
    <bndbox>
      <xmin>1091</xmin>
      <ymin>493</ymin>
      <xmax>1133</xmax>
      <ymax>532</ymax>
    </bndbox>
    <confidence>0.738651</confidence>
  </object>
  <object>
    <name>Vehicle</name>
    <bndbox>
      <xmin>491</xmin>
      <ymin>480</ymin>
      <xmax>569</xmax>
      <ymax>518</ymax>
    </bndbox>
    <confidence>0.795075</confidence>
  </object>
  <object>
    <name>Vehicle</name>
    <bndbox>
      <xmin>982</xmin>
      <ymin>458</ymin>
      <xmax>1011</xmax>
      <ymax>493</ymax>
    </bndbox>
    <confidence>0.841973</confidence>
  </object>
  <object>
    <name>Vehicle</name>
    <bndbox>
      <xmin>1117</xmin>
      <ymin>501</ymin>
      <xmax>1156</xmax>
      <ymax>535</ymax>
    </bndbox>
    <confidence>0.846776</confidence>
  </object>
  <object>
    <name>Vehicle</name>
    <bndbox>
      <xmin>1026</xmin>
      <ymin>493</ymin>
      <xmax>1087</xmax>
      <ymax>537</ymax>
    </bndbox>
    <confidence>0.863287</confidence>
  </object>
  <object>
    <name>Vehicle</name>
    <bndbox>
      <xmin>720</xmin>
      <ymin>505</ymin>
      <xmax>757</xmax>
      <ymax>545</ymax>
    </bndbox>
    <confidence>0.864581</confidence>
  </object>
  <object>
    <name>Vehicle</name>
    <bndbox>
      <xmin>692</xmin>
      <ymin>509</ymin>
      <xmax>725</xmax>
      <ymax>553</ymax>
    </bndbox>
    <confidence>0.870993</confidence>
  </object>
  <object>
    <name>TrafficSign</name>
    <bndbox>
      <xmin>1364</xmin>
      <ymin>373</ymin>
      <xmax>1421</xmax>
      <ymax>427</ymax>
    </bndbox>
    <confidence>0.899287</confidence>
  </object>
  <object>
    <name>Vehicle</name>
    <bndbox>
      <xmin>752</xmin>
      <ymin>478</ymin>
      <xmax>809</xmax>
      <ymax>550</ymax>
    </bndbox>
    <confidence>0.911415</confidence>
  </object>
  <object>
    <name>Vehicle</name>
    <bndbox>
      <xmin>933</xmin>
      <ymin>493</ymin>
      <xmax>1007</xmax>
      <ymax>553</ymax>
    </bndbox>
    <confidence>0.937427</confidence>
  </object>
  <object>
    <name>Vehicle</name>
    <bndbox>
      <xmin>601</xmin>
      <ymin>483</ymin>
      <xmax>700</xmax>
      <ymax>576</ymax>
    </bndbox>
    <confidence>0.941262</confidence>
  </object>
  <object>
    <name>Vehicle</name>
    <bndbox>
      <xmin>474</xmin>
      <ymin>503</ymin>
      <xmax>575</xmax>
      <ymax>583</ymax>
    </bndbox>
    <confidence>0.945388</confidence>
  </object>
  <object>
    <name>Vehicle</name>
    <bndbox>
      <xmin>278</xmin>
      <ymin>429</ymin>
      <xmax>438</xmax>
      <ymax>613</ymax>
    </bndbox>
    <confidence>0.957936</confidence>
  </object>
</annotation>
