<annotation>
  <folder>runs\detect\exp2</folder>
  <filename>1_20200615_112127_004230.jpg</filename>
  <source>
    <database>Unknown</database>
  </source>
  <size>
    <width>1920</width>
    <height>1080</height>
    <depth>3</depth>
  </size>
  <segmented>0</segmented>
  <object>
    <name>TrafficSign</name>
    <bndbox>
      <xmin>1105</xmin>
      <ymin>107</ymin>
      <xmax>1162</xmax>
      <ymax>193</ymax>
    </bndbox>
    <confidence>0.66138</confidence>
  </object>
  <object>
    <name>Vehicle</name>
    <bndbox>
      <xmin>1094</xmin>
      <ymin>440</ymin>
      <xmax>1148</xmax>
      <ymax>526</ymax>
    </bndbox>
    <confidence>0.905014</confidence>
  </object>
  <object>
    <name>TrafficSign</name>
    <bndbox>
      <xmin>1101</xmin>
      <ymin>107</ymin>
      <xmax>1334</xmax>
      <ymax>194</ymax>
    </bndbox>
    <confidence>0.922678</confidence>
  </object>
  <object>
    <name>Vehicle</name>
    <bndbox>
      <xmin>1</xmin>
      <ymin>417</ymin>
      <xmax>181</xmax>
      <ymax>603</ymax>
    </bndbox>
    <confidence>0.936343</confidence>
  </object>
  <object>
    <name>Vehicle</name>
    <bndbox>
      <xmin>163</xmin>
      <ymin>431</ymin>
      <xmax>366</xmax>
      <ymax>581</ymax>
    </bndbox>
    <confidence>0.957681</confidence>
  </object>
  <object>
    <name>Vehicle</name>
    <bndbox>
      <xmin>970</xmin>
      <ymin>463</ymin>
      <xmax>1127</xmax>
      <ymax>588</ymax>
    </bndbox>
    <confidence>0.962652</confidence>
  </object>
  <object>
    <name>Vehicle</name>
    <bndbox>
      <xmin>393</xmin>
      <ymin>463</ymin>
      <xmax>722</xmax>
      <ymax>707</ymax>
    </bndbox>
    <confidence>0.969527</confidence>
  </object>
</annotation>
