<annotation>
  <folder>runs\detect\exp2</folder>
  <filename>1_20200615_112127_001320.jpg</filename>
  <source>
    <database>Unknown</database>
  </source>
  <size>
    <width>1920</width>
    <height>1080</height>
    <depth>3</depth>
  </size>
  <segmented>0</segmented>
  <object>
    <name>Vehicle</name>
    <bndbox>
      <xmin>1099</xmin>
      <ymin>447</ymin>
      <xmax>1127</xmax>
      <ymax>485</ymax>
    </bndbox>
    <confidence>0.502294</confidence>
  </object>
  <object>
    <name>TrafficLight</name>
    <bndbox>
      <xmin>1218</xmin>
      <ymin>278</ymin>
      <xmax>1275</xmax>
      <ymax>293</ymax>
    </bndbox>
    <confidence>0.697209</confidence>
  </object>
  <object>
    <name>TrafficSign</name>
    <bndbox>
      <xmin>1378</xmin>
      <ymin>410</ymin>
      <xmax>1402</xmax>
      <ymax>435</ymax>
    </bndbox>
    <confidence>0.711497</confidence>
  </object>
  <object>
    <name>Vehicle</name>
    <bndbox>
      <xmin>1064</xmin>
      <ymin>443</ymin>
      <xmax>1121</xmax>
      <ymax>484</ymax>
    </bndbox>
    <confidence>0.750075</confidence>
  </object>
  <object>
    <name>TrafficLight</name>
    <bndbox>
      <xmin>1018</xmin>
      <ymin>153</ymin>
      <xmax>1111</xmax>
      <ymax>178</ymax>
    </bndbox>
    <confidence>0.849476</confidence>
  </object>
  <object>
    <name>TrafficSign</name>
    <bndbox>
      <xmin>1227</xmin>
      <ymin>316</ymin>
      <xmax>1253</xmax>
      <ymax>342</ymax>
    </bndbox>
    <confidence>0.855897</confidence>
  </object>
  <object>
    <name>TrafficLight</name>
    <bndbox>
      <xmin>1273</xmin>
      <ymin>145</ymin>
      <xmax>1365</xmax>
      <ymax>171</ymax>
    </bndbox>
    <confidence>0.857782</confidence>
  </object>
  <object>
    <name>TrafficSign</name>
    <bndbox>
      <xmin>1163</xmin>
      <ymin>131</ymin>
      <xmax>1222</xmax>
      <ymax>190</ymax>
    </bndbox>
    <confidence>0.922301</confidence>
  </object>
</annotation>
