<annotation>
  <folder>runs\detect\exp2</folder>
  <filename>1_20200615_112127_004110.jpg</filename>
  <source>
    <database>Unknown</database>
  </source>
  <size>
    <width>1920</width>
    <height>1080</height>
    <depth>3</depth>
  </size>
  <segmented>0</segmented>
  <object>
    <name>Vehicle</name>
    <bndbox>
      <xmin>997</xmin>
      <ymin>453</ymin>
      <xmax>1025</xmax>
      <ymax>491</ymax>
    </bndbox>
    <confidence>0.32343</confidence>
  </object>
  <object>
    <name>Vehicle</name>
    <bndbox>
      <xmin>1002</xmin>
      <ymin>449</ymin>
      <xmax>1109</xmax>
      <ymax>492</ymax>
    </bndbox>
    <confidence>0.357195</confidence>
  </object>
  <object>
    <name>Vehicle</name>
    <bndbox>
      <xmin>421</xmin>
      <ymin>450</ymin>
      <xmax>505</xmax>
      <ymax>535</ymax>
    </bndbox>
    <confidence>0.777119</confidence>
  </object>
  <object>
    <name>TrafficSign</name>
    <bndbox>
      <xmin>994</xmin>
      <ymin>310</ymin>
      <xmax>1102</xmax>
      <ymax>352</ymax>
    </bndbox>
    <confidence>0.807178</confidence>
  </object>
  <object>
    <name>Vehicle</name>
    <bndbox>
      <xmin>987</xmin>
      <ymin>469</ymin>
      <xmax>1123</xmax>
      <ymax>565</ymax>
    </bndbox>
    <confidence>0.90393</confidence>
  </object>
  <object>
    <name>Vehicle</name>
    <bndbox>
      <xmin>927</xmin>
      <ymin>480</ymin>
      <xmax>985</xmax>
      <ymax>528</ymax>
    </bndbox>
    <confidence>0.917292</confidence>
  </object>
  <object>
    <name>Vehicle</name>
    <bndbox>
      <xmin>470</xmin>
      <ymin>453</ymin>
      <xmax>563</xmax>
      <ymax>537</ymax>
    </bndbox>
    <confidence>0.934765</confidence>
  </object>
  <object>
    <name>Vehicle</name>
    <bndbox>
      <xmin>11</xmin>
      <ymin>433</ymin>
      <xmax>528</xmax>
      <ymax>799</ymax>
    </bndbox>
    <confidence>0.972666</confidence>
  </object>
</annotation>
