<annotation>
  <folder>runs\detect\exp39</folder>
  <filename>1_20200615_112127_004470.jpg</filename>
  <source>
    <database>Unknown</database>
  </source>
  <size>
    <width>1920</width>
    <height>1080</height>
    <depth>3</depth>
  </size>
  <segmented>0</segmented>
  <object>
    <name>Vehicle</name>
    <bndbox>
      <xmin>1367</xmin>
      <ymin>344</ymin>
      <xmax>1627</xmax>
      <ymax>425</ymax>
    </bndbox>
    <confidence>0.697093</confidence>
  </object>
  <object>
    <name>TrafficLight</name>
    <bndbox>
      <xmin>1155</xmin>
      <ymin>329</ymin>
      <xmax>1202</xmax>
      <ymax>343</ymax>
    </bndbox>
    <confidence>0.768872</confidence>
  </object>
  <object>
    <name>TrafficLight</name>
    <bndbox>
      <xmin>1187</xmin>
      <ymin>233</ymin>
      <xmax>1267</xmax>
      <ymax>256</ymax>
    </bndbox>
    <confidence>0.86556</confidence>
  </object>
  <object>
    <name>TrafficLight</name>
    <bndbox>
      <xmin>1409</xmin>
      <ymin>227</ymin>
      <xmax>1489</xmax>
      <ymax>249</ymax>
    </bndbox>
    <confidence>0.867152</confidence>
  </object>
  <object>
    <name>Vehicle</name>
    <bndbox>
      <xmin>1151</xmin>
      <ymin>486</ymin>
      <xmax>1218</xmax>
      <ymax>577</ymax>
    </bndbox>
    <confidence>0.903566</confidence>
  </object>
  <object>
    <name>TrafficSign</name>
    <bndbox>
      <xmin>1270</xmin>
      <ymin>201</ymin>
      <xmax>1321</xmax>
      <ymax>252</ymax>
    </bndbox>
    <confidence>0.90627</confidence>
  </object>
  <object>
    <name>Vehicle</name>
    <bndbox>
      <xmin>1295</xmin>
      <ymin>415</ymin>
      <xmax>1490</xmax>
      <ymax>674</ymax>
    </bndbox>
    <confidence>0.923448</confidence>
  </object>
  <object>
    <name>Vehicle</name>
    <bndbox>
      <xmin>1190</xmin>
      <ymin>466</ymin>
      <xmax>1326</xmax>
      <ymax>611</ymax>
    </bndbox>
    <confidence>0.955124</confidence>
  </object>
  <object>
    <name>Vehicle</name>
    <bndbox>
      <xmin>866</xmin>
      <ymin>455</ymin>
      <xmax>1177</xmax>
      <ymax>715</ymax>
    </bndbox>
    <confidence>0.96717</confidence>
  </object>
  <object>
    <name>Vehicle</name>
    <bndbox>
      <xmin>1370</xmin>
      <ymin>422</ymin>
      <xmax>1780</xmax>
      <ymax>731</ymax>
    </bndbox>
    <confidence>0.970038</confidence>
  </object>
</annotation>
