<annotation>
  <folder>runs\detect\exp39</folder>
  <filename>1_20200615_112127_004530.jpg</filename>
  <source>
    <database>Unknown</database>
  </source>
  <size>
    <width>1920</width>
    <height>1080</height>
    <depth>3</depth>
  </size>
  <segmented>0</segmented>
  <object>
    <name>Vehicle</name>
    <bndbox>
      <xmin>1662</xmin>
      <ymin>254</ymin>
      <xmax>1920</xmax>
      <ymax>932</ymax>
    </bndbox>
    <confidence>0.770456</confidence>
  </object>
  <object>
    <name>TrafficLight</name>
    <bndbox>
      <xmin>1132</xmin>
      <ymin>271</ymin>
      <xmax>1185</xmax>
      <ymax>288</ymax>
    </bndbox>
    <confidence>0.81799</confidence>
  </object>
  <object>
    <name>TrafficLight</name>
    <bndbox>
      <xmin>1205</xmin>
      <ymin>103</ymin>
      <xmax>1316</xmax>
      <ymax>134</ymax>
    </bndbox>
    <confidence>0.855926</confidence>
  </object>
  <object>
    <name>TrafficLight</name>
    <bndbox>
      <xmin>1510</xmin>
      <ymin>99</ymin>
      <xmax>1619</xmax>
      <ymax>130</ymax>
    </bndbox>
    <confidence>0.88182</confidence>
  </object>
  <object>
    <name>Vehicle</name>
    <bndbox>
      <xmin>1</xmin>
      <ymin>434</ymin>
      <xmax>85</xmax>
      <ymax>518</ymax>
    </bndbox>
    <confidence>0.928182</confidence>
  </object>
  <object>
    <name>TrafficSign</name>
    <bndbox>
      <xmin>1318</xmin>
      <ymin>63</ymin>
      <xmax>1387</xmax>
      <ymax>132</ymax>
    </bndbox>
    <confidence>0.929</confidence>
  </object>
  <object>
    <name>Vehicle</name>
    <bndbox>
      <xmin>1449</xmin>
      <ymin>239</ymin>
      <xmax>1895</xmax>
      <ymax>623</ymax>
    </bndbox>
    <confidence>0.948925</confidence>
  </object>
  <object>
    <name>Vehicle</name>
    <bndbox>
      <xmin>1153</xmin>
      <ymin>454</ymin>
      <xmax>1308</xmax>
      <ymax>596</ymax>
    </bndbox>
    <confidence>0.962043</confidence>
  </object>
  <object>
    <name>Vehicle</name>
    <bndbox>
      <xmin>1262</xmin>
      <ymin>416</ymin>
      <xmax>1585</xmax>
      <ymax>666</ymax>
    </bndbox>
    <confidence>0.965481</confidence>
  </object>
  <object>
    <name>Vehicle</name>
    <bndbox>
      <xmin>780</xmin>
      <ymin>422</ymin>
      <xmax>1151</xmax>
      <ymax>733</ymax>
    </bndbox>
    <confidence>0.968297</confidence>
  </object>
</annotation>
