<annotation>
  <folder>runs\detect\exp2</folder>
  <filename>1_20200615_112127_004620.jpg</filename>
  <source>
    <database>Unknown</database>
  </source>
  <size>
    <width>1920</width>
    <height>1080</height>
    <depth>3</depth>
  </size>
  <segmented>0</segmented>
  <object>
    <name>Vehicle</name>
    <bndbox>
      <xmin>0</xmin>
      <ymin>368</ymin>
      <xmax>68</xmax>
      <ymax>532</ymax>
    </bndbox>
    <confidence>0.775952</confidence>
  </object>
  <object>
    <name>TrafficLight</name>
    <bndbox>
      <xmin>1143</xmin>
      <ymin>228</ymin>
      <xmax>1208</xmax>
      <ymax>247</ymax>
    </bndbox>
    <confidence>0.820495</confidence>
  </object>
  <object>
    <name>TrafficSign</name>
    <bndbox>
      <xmin>1422</xmin>
      <ymin>381</ymin>
      <xmax>1449</xmax>
      <ymax>408</ymax>
    </bndbox>
    <confidence>0.840263</confidence>
  </object>
  <object>
    <name>Vehicle</name>
    <bndbox>
      <xmin>1779</xmin>
      <ymin>110</ymin>
      <xmax>1920</xmax>
      <ymax>462</ymax>
    </bndbox>
    <confidence>0.875875</confidence>
  </object>
  <object>
    <name>TrafficSign</name>
    <bndbox>
      <xmin>1191</xmin>
      <ymin>340</ymin>
      <xmax>1218</xmax>
      <ymax>367</ymax>
    </bndbox>
    <confidence>0.880729</confidence>
  </object>
  <object>
    <name>Vehicle</name>
    <bndbox>
      <xmin>640</xmin>
      <ymin>431</ymin>
      <xmax>706</xmax>
      <ymax>515</ymax>
    </bndbox>
    <confidence>0.915894</confidence>
  </object>
  <object>
    <name>Vehicle</name>
    <bndbox>
      <xmin>1680</xmin>
      <ymin>342</ymin>
      <xmax>1921</xmax>
      <ymax>984</ymax>
    </bndbox>
    <confidence>0.917528</confidence>
  </object>
  <object>
    <name>Vehicle</name>
    <bndbox>
      <xmin>599</xmin>
      <ymin>397</ymin>
      <xmax>1221</xmax>
      <ymax>923</ymax>
    </bndbox>
    <confidence>0.96671</confidence>
  </object>
  <object>
    <name>Vehicle</name>
    <bndbox>
      <xmin>1263</xmin>
      <ymin>439</ymin>
      <xmax>1649</xmax>
      <ymax>706</ymax>
    </bndbox>
    <confidence>0.971708</confidence>
  </object>
</annotation>
