<annotation>
  <folder>runs\detect\exp2</folder>
  <filename>1_20200615_112127_003990.jpg</filename>
  <source>
    <database>Unknown</database>
  </source>
  <size>
    <width>1920</width>
    <height>1080</height>
    <depth>3</depth>
  </size>
  <segmented>0</segmented>
  <object>
    <name>Pedestrian</name>
    <bndbox>
      <xmin>1275</xmin>
      <ymin>439</ymin>
      <xmax>1289</xmax>
      <ymax>489</ymax>
    </bndbox>
    <confidence>0.393911</confidence>
  </object>
  <object>
    <name>Vehicle</name>
    <bndbox>
      <xmin>1</xmin>
      <ymin>598</ymin>
      <xmax>46</xmax>
      <ymax>981</ymax>
    </bndbox>
    <confidence>0.584657</confidence>
  </object>
  <object>
    <name>TrafficSign</name>
    <bndbox>
      <xmin>993</xmin>
      <ymin>347</ymin>
      <xmax>1062</xmax>
      <ymax>378</ymax>
    </bndbox>
    <confidence>0.651239</confidence>
  </object>
  <object>
    <name>Vehicle</name>
    <bndbox>
      <xmin>650</xmin>
      <ymin>437</ymin>
      <xmax>697</xmax>
      <ymax>495</ymax>
    </bndbox>
    <confidence>0.859431</confidence>
  </object>
  <object>
    <name>Vehicle</name>
    <bndbox>
      <xmin>1002</xmin>
      <ymin>433</ymin>
      <xmax>1044</xmax>
      <ymax>487</ymax>
    </bndbox>
    <confidence>0.87866</confidence>
  </object>
  <object>
    <name>Vehicle</name>
    <bndbox>
      <xmin>952</xmin>
      <ymin>452</ymin>
      <xmax>991</xmax>
      <ymax>495</ymax>
    </bndbox>
    <confidence>0.88159</confidence>
  </object>
  <object>
    <name>Vehicle</name>
    <bndbox>
      <xmin>607</xmin>
      <ymin>437</ymin>
      <xmax>666</xmax>
      <ymax>500</ymax>
    </bndbox>
    <confidence>0.894656</confidence>
  </object>
  <object>
    <name>Vehicle</name>
    <bndbox>
      <xmin>978</xmin>
      <ymin>457</ymin>
      <xmax>1027</xmax>
      <ymax>499</ymax>
    </bndbox>
    <confidence>0.918587</confidence>
  </object>
  <object>
    <name>Vehicle</name>
    <bndbox>
      <xmin>1067</xmin>
      <ymin>449</ymin>
      <xmax>1169</xmax>
      <ymax>530</ymax>
    </bndbox>
    <confidence>0.950122</confidence>
  </object>
</annotation>
