<annotation>
  <folder>runs\detect\exp39</folder>
  <filename>1_20200615_112127_001470.jpg</filename>
  <source>
    <database>Unknown</database>
  </source>
  <size>
    <width>1920</width>
    <height>1080</height>
    <depth>3</depth>
  </size>
  <segmented>0</segmented>
  <object>
    <name>TrafficLight</name>
    <bndbox>
      <xmin>1349</xmin>
      <ymin>97</ymin>
      <xmax>1456</xmax>
      <ymax>127</ymax>
    </bndbox>
    <confidence>0.851462</confidence>
  </object>
  <object>
    <name>TrafficSign</name>
    <bndbox>
      <xmin>1607</xmin>
      <ymin>361</ymin>
      <xmax>1644</xmax>
      <ymax>398</ymax>
    </bndbox>
    <confidence>0.902608</confidence>
  </object>
  <object>
    <name>TrafficSign</name>
    <bndbox>
      <xmin>1283</xmin>
      <ymin>234</ymin>
      <xmax>1322</xmax>
      <ymax>273</ymax>
    </bndbox>
    <confidence>0.907165</confidence>
  </object>
</annotation>
