<annotation>
  <folder>runs\detect\exp39</folder>
  <filename>1_20200615_112127_003750.jpg</filename>
  <source>
    <database>Unknown</database>
  </source>
  <size>
    <width>1920</width>
    <height>1080</height>
    <depth>3</depth>
  </size>
  <segmented>0</segmented>
  <object>
    <name>Pedestrian</name>
    <bndbox>
      <xmin>3</xmin>
      <ymin>520</ymin>
      <xmax>21</xmax>
      <ymax>589</ymax>
    </bndbox>
    <confidence>0.295718</confidence>
  </object>
  <object>
    <name>Vehicle</name>
    <bndbox>
      <xmin>915</xmin>
      <ymin>444</ymin>
      <xmax>953</xmax>
      <ymax>475</ymax>
    </bndbox>
    <confidence>0.419797</confidence>
  </object>
  <object>
    <name>Vehicle</name>
    <bndbox>
      <xmin>130</xmin>
      <ymin>415</ymin>
      <xmax>250</xmax>
      <ymax>535</ymax>
    </bndbox>
    <confidence>0.464875</confidence>
  </object>
  <object>
    <name>Vehicle</name>
    <bndbox>
      <xmin>715</xmin>
      <ymin>426</ymin>
      <xmax>757</xmax>
      <ymax>467</ymax>
    </bndbox>
    <confidence>0.819215</confidence>
  </object>
  <object>
    <name>Vehicle</name>
    <bndbox>
      <xmin>898</xmin>
      <ymin>457</ymin>
      <xmax>953</xmax>
      <ymax>502</ymax>
    </bndbox>
    <confidence>0.821685</confidence>
  </object>
  <object>
    <name>Vehicle</name>
    <bndbox>
      <xmin>1227</xmin>
      <ymin>466</ymin>
      <xmax>1263</xmax>
      <ymax>536</ymax>
    </bndbox>
    <confidence>0.823894</confidence>
  </object>
  <object>
    <name>Vehicle</name>
    <bndbox>
      <xmin>1205</xmin>
      <ymin>469</ymin>
      <xmax>1244</xmax>
      <ymax>532</ymax>
    </bndbox>
    <confidence>0.829188</confidence>
  </object>
  <object>
    <name>Vehicle</name>
    <bndbox>
      <xmin>947</xmin>
      <ymin>416</ymin>
      <xmax>981</xmax>
      <ymax>457</ymax>
    </bndbox>
    <confidence>0.866549</confidence>
  </object>
  <object>
    <name>Vehicle</name>
    <bndbox>
      <xmin>1173</xmin>
      <ymin>465</ymin>
      <xmax>1228</xmax>
      <ymax>525</ymax>
    </bndbox>
    <confidence>0.879781</confidence>
  </object>
  <object>
    <name>Vehicle</name>
    <bndbox>
      <xmin>1283</xmin>
      <ymin>464</ymin>
      <xmax>1365</xmax>
      <ymax>548</ymax>
    </bndbox>
    <confidence>0.905407</confidence>
  </object>
  <object>
    <name>Vehicle</name>
    <bndbox>
      <xmin>1839</xmin>
      <ymin>428</ymin>
      <xmax>1920</xmax>
      <ymax>530</ymax>
    </bndbox>
    <confidence>0.911099</confidence>
  </object>
  <object>
    <name>Vehicle</name>
    <bndbox>
      <xmin>690</xmin>
      <ymin>465</ymin>
      <xmax>735</xmax>
      <ymax>500</ymax>
    </bndbox>
    <confidence>0.912816</confidence>
  </object>
  <object>
    <name>Vehicle</name>
    <bndbox>
      <xmin>1136</xmin>
      <ymin>466</ymin>
      <xmax>1193</xmax>
      <ymax>517</ymax>
    </bndbox>
    <confidence>0.922643</confidence>
  </object>
  <object>
    <name>Vehicle</name>
    <bndbox>
      <xmin>627</xmin>
      <ymin>463</ymin>
      <xmax>694</xmax>
      <ymax>522</ymax>
    </bndbox>
    <confidence>0.924557</confidence>
  </object>
  <object>
    <name>Vehicle</name>
    <bndbox>
      <xmin>1242</xmin>
      <ymin>451</ymin>
      <xmax>1348</xmax>
      <ymax>542</ymax>
    </bndbox>
    <confidence>0.929074</confidence>
  </object>
  <object>
    <name>Vehicle</name>
    <bndbox>
      <xmin>1003</xmin>
      <ymin>461</ymin>
      <xmax>1081</xmax>
      <ymax>522</ymax>
    </bndbox>
    <confidence>0.937302</confidence>
  </object>
  <object>
    <name>Vehicle</name>
    <bndbox>
      <xmin>1330</xmin>
      <ymin>465</ymin>
      <xmax>1427</xmax>
      <ymax>556</ymax>
    </bndbox>
    <confidence>0.938904</confidence>
  </object>
  <object>
    <name>Vehicle</name>
    <bndbox>
      <xmin>1386</xmin>
      <ymin>464</ymin>
      <xmax>1538</xmax>
      <ymax>561</ymax>
    </bndbox>
    <confidence>0.959515</confidence>
  </object>
</annotation>
