<annotation>
  <folder>runs\detect\exp2</folder>
  <filename>1_20200615_112127_004140.jpg</filename>
  <source>
    <database>Unknown</database>
  </source>
  <size>
    <width>1920</width>
    <height>1080</height>
    <depth>3</depth>
  </size>
  <segmented>0</segmented>
  <object>
    <name>Vehicle</name>
    <bndbox>
      <xmin>1716</xmin>
      <ymin>444</ymin>
      <xmax>1792</xmax>
      <ymax>524</ymax>
    </bndbox>
    <confidence>0.540218</confidence>
  </object>
  <object>
    <name>Vehicle</name>
    <bndbox>
      <xmin>468</xmin>
      <ymin>461</ymin>
      <xmax>522</xmax>
      <ymax>530</ymax>
    </bndbox>
    <confidence>0.562307</confidence>
  </object>
  <object>
    <name>Vehicle</name>
    <bndbox>
      <xmin>1856</xmin>
      <ymin>462</ymin>
      <xmax>1920</xmax>
      <ymax>523</ymax>
    </bndbox>
    <confidence>0.730276</confidence>
  </object>
  <object>
    <name>TrafficSign</name>
    <bndbox>
      <xmin>999</xmin>
      <ymin>288</ymin>
      <xmax>1124</xmax>
      <ymax>337</ymax>
    </bndbox>
    <confidence>0.852327</confidence>
  </object>
  <object>
    <name>Vehicle</name>
    <bndbox>
      <xmin>924</xmin>
      <ymin>489</ymin>
      <xmax>969</xmax>
      <ymax>539</ymax>
    </bndbox>
    <confidence>0.870815</confidence>
  </object>
  <object>
    <name>Vehicle</name>
    <bndbox>
      <xmin>947</xmin>
      <ymin>474</ymin>
      <xmax>1082</xmax>
      <ymax>578</ymax>
    </bndbox>
    <confidence>0.957517</confidence>
  </object>
  <object>
    <name>Vehicle</name>
    <bndbox>
      <xmin>123</xmin>
      <ymin>450</ymin>
      <xmax>564</xmax>
      <ymax>768</ymax>
    </bndbox>
    <confidence>0.970642</confidence>
  </object>
</annotation>
