<annotation>
  <folder>runs\detect\exp39</folder>
  <filename>1_20200615_112127_003330.jpg</filename>
  <source>
    <database>Unknown</database>
  </source>
  <size>
    <width>1920</width>
    <height>1080</height>
    <depth>3</depth>
  </size>
  <segmented>0</segmented>
  <object>
    <name>Vehicle</name>
    <bndbox>
      <xmin>143</xmin>
      <ymin>368</ymin>
      <xmax>224</xmax>
      <ymax>414</ymax>
    </bndbox>
    <confidence>0.288956</confidence>
  </object>
  <object>
    <name>Vehicle</name>
    <bndbox>
      <xmin>857</xmin>
      <ymin>531</ymin>
      <xmax>881</xmax>
      <ymax>560</ymax>
    </bndbox>
    <confidence>0.498581</confidence>
  </object>
  <object>
    <name>Vehicle</name>
    <bndbox>
      <xmin>41</xmin>
      <ymin>366</ymin>
      <xmax>138</xmax>
      <ymax>411</ymax>
    </bndbox>
    <confidence>0.584698</confidence>
  </object>
  <object>
    <name>Vehicle</name>
    <bndbox>
      <xmin>735</xmin>
      <ymin>544</ymin>
      <xmax>766</xmax>
      <ymax>575</ymax>
    </bndbox>
    <confidence>0.705951</confidence>
  </object>
  <object>
    <name>Vehicle</name>
    <bndbox>
      <xmin>782</xmin>
      <ymin>528</ymin>
      <xmax>815</xmax>
      <ymax>572</ymax>
    </bndbox>
    <confidence>0.725086</confidence>
  </object>
  <object>
    <name>Vehicle</name>
    <bndbox>
      <xmin>963</xmin>
      <ymin>514</ymin>
      <xmax>990</xmax>
      <ymax>550</ymax>
    </bndbox>
    <confidence>0.792174</confidence>
  </object>
  <object>
    <name>Vehicle</name>
    <bndbox>
      <xmin>763</xmin>
      <ymin>546</ymin>
      <xmax>798</xmax>
      <ymax>576</ymax>
    </bndbox>
    <confidence>0.794742</confidence>
  </object>
  <object>
    <name>TrafficSign</name>
    <bndbox>
      <xmin>1788</xmin>
      <ymin>341</ymin>
      <xmax>1841</xmax>
      <ymax>398</ymax>
    </bndbox>
    <confidence>0.833991</confidence>
  </object>
  <object>
    <name>Vehicle</name>
    <bndbox>
      <xmin>829</xmin>
      <ymin>540</ymin>
      <xmax>864</xmax>
      <ymax>573</ymax>
    </bndbox>
    <confidence>0.854579</confidence>
  </object>
  <object>
    <name>Vehicle</name>
    <bndbox>
      <xmin>709</xmin>
      <ymin>551</ymin>
      <xmax>752</xmax>
      <ymax>584</ymax>
    </bndbox>
    <confidence>0.878929</confidence>
  </object>
  <object>
    <name>Vehicle</name>
    <bndbox>
      <xmin>657</xmin>
      <ymin>529</ymin>
      <xmax>712</xmax>
      <ymax>590</ymax>
    </bndbox>
    <confidence>0.885902</confidence>
  </object>
  <object>
    <name>Vehicle</name>
    <bndbox>
      <xmin>932</xmin>
      <ymin>536</ymin>
      <xmax>973</xmax>
      <ymax>579</ymax>
    </bndbox>
    <confidence>0.891453</confidence>
  </object>
  <object>
    <name>Vehicle</name>
    <bndbox>
      <xmin>511</xmin>
      <ymin>519</ymin>
      <xmax>580</xmax>
      <ymax>602</ymax>
    </bndbox>
    <confidence>0.916348</confidence>
  </object>
  <object>
    <name>TrafficSign</name>
    <bndbox>
      <xmin>1466</xmin>
      <ymin>9</ymin>
      <xmax>1552</xmax>
      <ymax>96</ymax>
    </bndbox>
    <confidence>0.938133</confidence>
  </object>
  <object>
    <name>Vehicle</name>
    <bndbox>
      <xmin>1066</xmin>
      <ymin>520</ymin>
      <xmax>1204</xmax>
      <ymax>632</ymax>
    </bndbox>
    <confidence>0.955763</confidence>
  </object>
</annotation>
