<annotation>
  <folder>runs\detect\exp2</folder>
  <filename>1_20200615_112127_003210.jpg</filename>
  <source>
    <database>Unknown</database>
  </source>
  <size>
    <width>1920</width>
    <height>1080</height>
    <depth>3</depth>
  </size>
  <segmented>0</segmented>
  <object>
    <name>Vehicle</name>
    <bndbox>
      <xmin>970</xmin>
      <ymin>475</ymin>
      <xmax>999</xmax>
      <ymax>510</ymax>
    </bndbox>
    <confidence>0.628083</confidence>
  </object>
  <object>
    <name>Vehicle</name>
    <bndbox>
      <xmin>696</xmin>
      <ymin>491</ymin>
      <xmax>735</xmax>
      <ymax>534</ymax>
    </bndbox>
    <confidence>0.77338</confidence>
  </object>
  <object>
    <name>TrafficSign</name>
    <bndbox>
      <xmin>1441</xmin>
      <ymin>396</ymin>
      <xmax>1472</xmax>
      <ymax>428</ymax>
    </bndbox>
    <confidence>0.806638</confidence>
  </object>
  <object>
    <name>Vehicle</name>
    <bndbox>
      <xmin>785</xmin>
      <ymin>491</ymin>
      <xmax>815</xmax>
      <ymax>529</ymax>
    </bndbox>
    <confidence>0.838498</confidence>
  </object>
  <object>
    <name>Vehicle</name>
    <bndbox>
      <xmin>941</xmin>
      <ymin>488</ymin>
      <xmax>988</xmax>
      <ymax>535</ymax>
    </bndbox>
    <confidence>0.902201</confidence>
  </object>
  <object>
    <name>TrafficSign</name>
    <bndbox>
      <xmin>1264</xmin>
      <ymin>212</ymin>
      <xmax>1312</xmax>
      <ymax>261</ymax>
    </bndbox>
    <confidence>0.916384</confidence>
  </object>
  <object>
    <name>TrafficSign</name>
    <bndbox>
      <xmin>1762</xmin>
      <ymin>361</ymin>
      <xmax>1815</xmax>
      <ymax>414</ymax>
    </bndbox>
    <confidence>0.916761</confidence>
  </object>
  <object>
    <name>Vehicle</name>
    <bndbox>
      <xmin>556</xmin>
      <ymin>465</ymin>
      <xmax>641</xmax>
      <ymax>556</ymax>
    </bndbox>
    <confidence>0.947572</confidence>
  </object>
  <object>
    <name>Vehicle</name>
    <bndbox>
      <xmin>1264</xmin>
      <ymin>456</ymin>
      <xmax>1555</xmax>
      <ymax>679</ymax>
    </bndbox>
    <confidence>0.973061</confidence>
  </object>
</annotation>
