<annotation>
  <folder>runs\detect\exp39</folder>
  <filename>1_20200615_112127_003180.jpg</filename>
  <source>
    <database>Unknown</database>
  </source>
  <size>
    <width>1920</width>
    <height>1080</height>
    <depth>3</depth>
  </size>
  <segmented>0</segmented>
  <object>
    <name>Vehicle</name>
    <bndbox>
      <xmin>891</xmin>
      <ymin>486</ymin>
      <xmax>917</xmax>
      <ymax>517</ymax>
    </bndbox>
    <confidence>0.25701</confidence>
  </object>
  <object>
    <name>Vehicle</name>
    <bndbox>
      <xmin>1026</xmin>
      <ymin>474</ymin>
      <xmax>1054</xmax>
      <ymax>505</ymax>
    </bndbox>
    <confidence>0.416135</confidence>
  </object>
  <object>
    <name>TrafficSign</name>
    <bndbox>
      <xmin>1460</xmin>
      <ymin>394</ymin>
      <xmax>1486</xmax>
      <ymax>421</ymax>
    </bndbox>
    <confidence>0.706559</confidence>
  </object>
  <object>
    <name>Vehicle</name>
    <bndbox>
      <xmin>778</xmin>
      <ymin>495</ymin>
      <xmax>812</xmax>
      <ymax>533</ymax>
    </bndbox>
    <confidence>0.767469</confidence>
  </object>
  <object>
    <name>Vehicle</name>
    <bndbox>
      <xmin>855</xmin>
      <ymin>493</ymin>
      <xmax>884</xmax>
      <ymax>524</ymax>
    </bndbox>
    <confidence>0.7791</confidence>
  </object>
  <object>
    <name>TrafficLight</name>
    <bndbox>
      <xmin>1425</xmin>
      <ymin>3</ymin>
      <xmax>1569</xmax>
      <ymax>42</ymax>
    </bndbox>
    <confidence>0.900534</confidence>
  </object>
  <object>
    <name>Vehicle</name>
    <bndbox>
      <xmin>999</xmin>
      <ymin>483</ymin>
      <xmax>1047</xmax>
      <ymax>533</ymax>
    </bndbox>
    <confidence>0.906606</confidence>
  </object>
  <object>
    <name>TrafficSign</name>
    <bndbox>
      <xmin>1719</xmin>
      <ymin>362</ymin>
      <xmax>1766</xmax>
      <ymax>408</ymax>
    </bndbox>
    <confidence>0.907498</confidence>
  </object>
  <object>
    <name>TrafficSign</name>
    <bndbox>
      <xmin>1290</xmin>
      <ymin>227</ymin>
      <xmax>1334</xmax>
      <ymax>272</ymax>
    </bndbox>
    <confidence>0.916082</confidence>
  </object>
  <object>
    <name>Vehicle</name>
    <bndbox>
      <xmin>690</xmin>
      <ymin>475</ymin>
      <xmax>755</xmax>
      <ymax>548</ymax>
    </bndbox>
    <confidence>0.918299</confidence>
  </object>
  <object>
    <name>Vehicle</name>
    <bndbox>
      <xmin>87</xmin>
      <ymin>513</ymin>
      <xmax>255</xmax>
      <ymax>618</ymax>
    </bndbox>
    <confidence>0.958017</confidence>
  </object>
  <object>
    <name>Vehicle</name>
    <bndbox>
      <xmin>1409</xmin>
      <ymin>419</ymin>
      <xmax>1796</xmax>
      <ymax>709</ymax>
    </bndbox>
    <confidence>0.966462</confidence>
  </object>
</annotation>
