<annotation>
  <folder>runs\detect\exp39</folder>
  <filename>1_20200615_112127_003240.jpg</filename>
  <source>
    <database>Unknown</database>
  </source>
  <size>
    <width>1920</width>
    <height>1080</height>
    <depth>3</depth>
  </size>
  <segmented>0</segmented>
  <object>
    <name>TrafficSign</name>
    <bndbox>
      <xmin>1312</xmin>
      <ymin>399</ymin>
      <xmax>1342</xmax>
      <ymax>437</ymax>
    </bndbox>
    <confidence>0.283705</confidence>
  </object>
  <object>
    <name>TrafficSign</name>
    <bndbox>
      <xmin>1310</xmin>
      <ymin>384</ymin>
      <xmax>1343</xmax>
      <ymax>421</ymax>
    </bndbox>
    <confidence>0.308612</confidence>
  </object>
  <object>
    <name>Vehicle</name>
    <bndbox>
      <xmin>775</xmin>
      <ymin>491</ymin>
      <xmax>805</xmax>
      <ymax>519</ymax>
    </bndbox>
    <confidence>0.347186</confidence>
  </object>
  <object>
    <name>Vehicle</name>
    <bndbox>
      <xmin>930</xmin>
      <ymin>466</ymin>
      <xmax>957</xmax>
      <ymax>500</ymax>
    </bndbox>
    <confidence>0.767708</confidence>
  </object>
  <object>
    <name>TrafficSign</name>
    <bndbox>
      <xmin>1442</xmin>
      <ymin>373</ymin>
      <xmax>1477</xmax>
      <ymax>407</ymax>
    </bndbox>
    <confidence>0.823047</confidence>
  </object>
  <object>
    <name>Vehicle</name>
    <bndbox>
      <xmin>631</xmin>
      <ymin>490</ymin>
      <xmax>673</xmax>
      <ymax>531</ymax>
    </bndbox>
    <confidence>0.832099</confidence>
  </object>
  <object>
    <name>Vehicle</name>
    <bndbox>
      <xmin>726</xmin>
      <ymin>488</ymin>
      <xmax>761</xmax>
      <ymax>525</ymax>
    </bndbox>
    <confidence>0.855215</confidence>
  </object>
  <object>
    <name>Vehicle</name>
    <bndbox>
      <xmin>899</xmin>
      <ymin>482</ymin>
      <xmax>943</xmax>
      <ymax>528</ymax>
    </bndbox>
    <confidence>0.894919</confidence>
  </object>
  <object>
    <name>TrafficSign</name>
    <bndbox>
      <xmin>1855</xmin>
      <ymin>318</ymin>
      <xmax>1917</xmax>
      <ymax>383</ymax>
    </bndbox>
    <confidence>0.910039</confidence>
  </object>
  <object>
    <name>TrafficSign</name>
    <bndbox>
      <xmin>1247</xmin>
      <ymin>173</ymin>
      <xmax>1300</xmax>
      <ymax>226</ymax>
    </bndbox>
    <confidence>0.91959</confidence>
  </object>
  <object>
    <name>Vehicle</name>
    <bndbox>
      <xmin>393</xmin>
      <ymin>449</ymin>
      <xmax>506</xmax>
      <ymax>569</ymax>
    </bndbox>
    <confidence>0.949327</confidence>
  </object>
  <object>
    <name>Vehicle</name>
    <bndbox>
      <xmin>1151</xmin>
      <ymin>453</ymin>
      <xmax>1387</xmax>
      <ymax>636</ymax>
    </bndbox>
    <confidence>0.969022</confidence>
  </object>
</annotation>
