<annotation>
  <folder>runs\detect\exp2</folder>
  <filename>1_20200615_112127_003390.jpg</filename>
  <source>
    <database>Unknown</database>
  </source>
  <size>
    <width>1920</width>
    <height>1080</height>
    <depth>3</depth>
  </size>
  <segmented>0</segmented>
  <object>
    <name>Vehicle</name>
    <bndbox>
      <xmin>852</xmin>
      <ymin>494</ymin>
      <xmax>882</xmax>
      <ymax>529</ymax>
    </bndbox>
    <confidence>0.395668</confidence>
  </object>
  <object>
    <name>Vehicle</name>
    <bndbox>
      <xmin>730</xmin>
      <ymin>498</ymin>
      <xmax>764</xmax>
      <ymax>540</ymax>
    </bndbox>
    <confidence>0.663204</confidence>
  </object>
  <object>
    <name>Vehicle</name>
    <bndbox>
      <xmin>760</xmin>
      <ymin>492</ymin>
      <xmax>799</xmax>
      <ymax>543</ymax>
    </bndbox>
    <confidence>0.699926</confidence>
  </object>
  <object>
    <name>Vehicle</name>
    <bndbox>
      <xmin>839</xmin>
      <ymin>504</ymin>
      <xmax>871</xmax>
      <ymax>535</ymax>
    </bndbox>
    <confidence>0.703025</confidence>
  </object>
  <object>
    <name>Vehicle</name>
    <bndbox>
      <xmin>699</xmin>
      <ymin>510</ymin>
      <xmax>730</xmax>
      <ymax>547</ymax>
    </bndbox>
    <confidence>0.758741</confidence>
  </object>
  <object>
    <name>Vehicle</name>
    <bndbox>
      <xmin>974</xmin>
      <ymin>473</ymin>
      <xmax>1002</xmax>
      <ymax>508</ymax>
    </bndbox>
    <confidence>0.830062</confidence>
  </object>
  <object>
    <name>Vehicle</name>
    <bndbox>
      <xmin>940</xmin>
      <ymin>496</ymin>
      <xmax>981</xmax>
      <ymax>541</ymax>
    </bndbox>
    <confidence>0.853044</confidence>
  </object>
  <object>
    <name>Vehicle</name>
    <bndbox>
      <xmin>803</xmin>
      <ymin>500</ymin>
      <xmax>845</xmax>
      <ymax>541</ymax>
    </bndbox>
    <confidence>0.858218</confidence>
  </object>
  <object>
    <name>Vehicle</name>
    <bndbox>
      <xmin>712</xmin>
      <ymin>512</ymin>
      <xmax>758</xmax>
      <ymax>552</ymax>
    </bndbox>
    <confidence>0.88113</confidence>
  </object>
  <object>
    <name>Vehicle</name>
    <bndbox>
      <xmin>625</xmin>
      <ymin>514</ymin>
      <xmax>689</xmax>
      <ymax>561</ymax>
    </bndbox>
    <confidence>0.925356</confidence>
  </object>
  <object>
    <name>Vehicle</name>
    <bndbox>
      <xmin>507</xmin>
      <ymin>482</ymin>
      <xmax>602</xmax>
      <ymax>578</ymax>
    </bndbox>
    <confidence>0.941752</confidence>
  </object>
  <object>
    <name>Vehicle</name>
    <bndbox>
      <xmin>233</xmin>
      <ymin>470</ymin>
      <xmax>363</xmax>
      <ymax>601</ymax>
    </bndbox>
    <confidence>0.954279</confidence>
  </object>
  <object>
    <name>Vehicle</name>
    <bndbox>
      <xmin>1041</xmin>
      <ymin>491</ymin>
      <xmax>1153</xmax>
      <ymax>580</ymax>
    </bndbox>
    <confidence>0.956442</confidence>
  </object>
</annotation>
