<annotation>
  <folder>runs\detect\exp2</folder>
  <filename>1_20200615_112127_004380.jpg</filename>
  <source>
    <database>Unknown</database>
  </source>
  <size>
    <width>1920</width>
    <height>1080</height>
    <depth>3</depth>
  </size>
  <segmented>0</segmented>
  <object>
    <name>Vehicle</name>
    <bndbox>
      <xmin>45</xmin>
      <ymin>490</ymin>
      <xmax>182</xmax>
      <ymax>539</ymax>
    </bndbox>
    <confidence>0.304966</confidence>
  </object>
  <object>
    <name>Vehicle</name>
    <bndbox>
      <xmin>1192</xmin>
      <ymin>470</ymin>
      <xmax>1286</xmax>
      <ymax>507</ymax>
    </bndbox>
    <confidence>0.632038</confidence>
  </object>
  <object>
    <name>Vehicle</name>
    <bndbox>
      <xmin>1151</xmin>
      <ymin>503</ymin>
      <xmax>1178</xmax>
      <ymax>564</ymax>
    </bndbox>
    <confidence>0.781346</confidence>
  </object>
  <object>
    <name>TrafficLight</name>
    <bndbox>
      <xmin>1185</xmin>
      <ymin>335</ymin>
      <xmax>1238</xmax>
      <ymax>351</ymax>
    </bndbox>
    <confidence>0.799438</confidence>
  </object>
  <object>
    <name>Vehicle</name>
    <bndbox>
      <xmin>1164</xmin>
      <ymin>496</ymin>
      <xmax>1204</xmax>
      <ymax>573</ymax>
    </bndbox>
    <confidence>0.818188</confidence>
  </object>
  <object>
    <name>Vehicle</name>
    <bndbox>
      <xmin>1280</xmin>
      <ymin>415</ymin>
      <xmax>1349</xmax>
      <ymax>505</ymax>
    </bndbox>
    <confidence>0.820362</confidence>
  </object>
  <object>
    <name>TrafficLight</name>
    <bndbox>
      <xmin>1331</xmin>
      <ymin>331</ymin>
      <xmax>1384</xmax>
      <ymax>346</ymax>
    </bndbox>
    <confidence>0.845465</confidence>
  </object>
  <object>
    <name>TrafficSign</name>
    <bndbox>
      <xmin>1240</xmin>
      <ymin>314</ymin>
      <xmax>1274</xmax>
      <ymax>349</ymax>
    </bndbox>
    <confidence>0.905651</confidence>
  </object>
  <object>
    <name>Vehicle</name>
    <bndbox>
      <xmin>1182</xmin>
      <ymin>478</ymin>
      <xmax>1311</xmax>
      <ymax>596</ymax>
    </bndbox>
    <confidence>0.936583</confidence>
  </object>
  <object>
    <name>Vehicle</name>
    <bndbox>
      <xmin>833</xmin>
      <ymin>476</ymin>
      <xmax>1100</xmax>
      <ymax>692</ymax>
    </bndbox>
    <confidence>0.9697</confidence>
  </object>
  <object>
    <name>Vehicle</name>
    <bndbox>
      <xmin>1268</xmin>
      <ymin>443</ymin>
      <xmax>1613</xmax>
      <ymax>704</ymax>
    </bndbox>
    <confidence>0.972333</confidence>
  </object>
</annotation>
