<annotation>
  <folder>runs\detect\exp39</folder>
  <filename>1_20200615_112127_004410.jpg</filename>
  <source>
    <database>Unknown</database>
  </source>
  <size>
    <width>1920</width>
    <height>1080</height>
    <depth>3</depth>
  </size>
  <segmented>0</segmented>
  <object>
    <name>TrafficLight</name>
    <bndbox>
      <xmin>1222</xmin>
      <ymin>339</ymin>
      <xmax>1263</xmax>
      <ymax>351</ymax>
    </bndbox>
    <confidence>0.380299</confidence>
  </object>
  <object>
    <name>Vehicle</name>
    <bndbox>
      <xmin>1340</xmin>
      <ymin>373</ymin>
      <xmax>1481</xmax>
      <ymax>439</ymax>
    </bndbox>
    <confidence>0.426494</confidence>
  </object>
  <object>
    <name>Vehicle</name>
    <bndbox>
      <xmin>1241</xmin>
      <ymin>432</ymin>
      <xmax>1364</xmax>
      <ymax>558</ymax>
    </bndbox>
    <confidence>0.744131</confidence>
  </object>
  <object>
    <name>Vehicle</name>
    <bndbox>
      <xmin>1</xmin>
      <ymin>452</ymin>
      <xmax>102</xmax>
      <ymax>505</ymax>
    </bndbox>
    <confidence>0.746841</confidence>
  </object>
  <object>
    <name>Vehicle</name>
    <bndbox>
      <xmin>1344</xmin>
      <ymin>381</ymin>
      <xmax>1504</xmax>
      <ymax>496</ymax>
    </bndbox>
    <confidence>0.787749</confidence>
  </object>
  <object>
    <name>TrafficLight</name>
    <bndbox>
      <xmin>1222</xmin>
      <ymin>283</ymin>
      <xmax>1282</xmax>
      <ymax>300</ymax>
    </bndbox>
    <confidence>0.829808</confidence>
  </object>
  <object>
    <name>TrafficLight</name>
    <bndbox>
      <xmin>1388</xmin>
      <ymin>279</ymin>
      <xmax>1450</xmax>
      <ymax>297</ymax>
    </bndbox>
    <confidence>0.831644</confidence>
  </object>
  <object>
    <name>Vehicle</name>
    <bndbox>
      <xmin>1185</xmin>
      <ymin>473</ymin>
      <xmax>1226</xmax>
      <ymax>543</ymax>
    </bndbox>
    <confidence>0.879733</confidence>
  </object>
  <object>
    <name>Vehicle</name>
    <bndbox>
      <xmin>1205</xmin>
      <ymin>459</ymin>
      <xmax>1259</xmax>
      <ymax>556</ymax>
    </bndbox>
    <confidence>0.899226</confidence>
  </object>
  <object>
    <name>TrafficSign</name>
    <bndbox>
      <xmin>1285</xmin>
      <ymin>259</ymin>
      <xmax>1323</xmax>
      <ymax>298</ymax>
    </bndbox>
    <confidence>0.913593</confidence>
  </object>
  <object>
    <name>Vehicle</name>
    <bndbox>
      <xmin>1246</xmin>
      <ymin>444</ymin>
      <xmax>1434</xmax>
      <ymax>594</ymax>
    </bndbox>
    <confidence>0.949753</confidence>
  </object>
  <object>
    <name>Vehicle</name>
    <bndbox>
      <xmin>909</xmin>
      <ymin>443</ymin>
      <xmax>1183</xmax>
      <ymax>669</ymax>
    </bndbox>
    <confidence>0.966114</confidence>
  </object>
  <object>
    <name>Vehicle</name>
    <bndbox>
      <xmin>1403</xmin>
      <ymin>394</ymin>
      <xmax>1883</xmax>
      <ymax>748</ymax>
    </bndbox>
    <confidence>0.972466</confidence>
  </object>
</annotation>
