<annotation>
  <folder>runs\detect\exp39</folder>
  <filename>1_20200615_112127_004440.jpg</filename>
  <source>
    <database>Unknown</database>
  </source>
  <size>
    <width>1920</width>
    <height>1080</height>
    <depth>3</depth>
  </size>
  <segmented>0</segmented>
  <object>
    <name>TrafficLight</name>
    <bndbox>
      <xmin>1216</xmin>
      <ymin>329</ymin>
      <xmax>1257</xmax>
      <ymax>342</ymax>
    </bndbox>
    <confidence>0.43545</confidence>
  </object>
  <object>
    <name>Vehicle</name>
    <bndbox>
      <xmin>1372</xmin>
      <ymin>353</ymin>
      <xmax>1530</xmax>
      <ymax>423</ymax>
    </bndbox>
    <confidence>0.770907</confidence>
  </object>
  <object>
    <name>Vehicle</name>
    <bndbox>
      <xmin>1434</xmin>
      <ymin>367</ymin>
      <xmax>1596</xmax>
      <ymax>550</ymax>
    </bndbox>
    <confidence>0.785361</confidence>
  </object>
  <object>
    <name>Vehicle</name>
    <bndbox>
      <xmin>1199</xmin>
      <ymin>472</ymin>
      <xmax>1246</xmax>
      <ymax>551</ymax>
    </bndbox>
    <confidence>0.832263</confidence>
  </object>
  <object>
    <name>TrafficSign</name>
    <bndbox>
      <xmin>1301</xmin>
      <ymin>227</ymin>
      <xmax>1345</xmax>
      <ymax>273</ymax>
    </bndbox>
    <confidence>0.9112</confidence>
  </object>
  <object>
    <name>Vehicle</name>
    <bndbox>
      <xmin>1282</xmin>
      <ymin>421</ymin>
      <xmax>1443</xmax>
      <ymax>604</ymax>
    </bndbox>
    <confidence>0.934649</confidence>
  </object>
  <object>
    <name>Vehicle</name>
    <bndbox>
      <xmin>1220</xmin>
      <ymin>457</ymin>
      <xmax>1304</xmax>
      <ymax>576</ymax>
    </bndbox>
    <confidence>0.936018</confidence>
  </object>
  <object>
    <name>Vehicle</name>
    <bndbox>
      <xmin>1310</xmin>
      <ymin>431</ymin>
      <xmax>1569</xmax>
      <ymax>637</ymax>
    </bndbox>
    <confidence>0.954734</confidence>
  </object>
  <object>
    <name>Vehicle</name>
    <bndbox>
      <xmin>1594</xmin>
      <ymin>345</ymin>
      <xmax>1921</xmax>
      <ymax>888</ymax>
    </bndbox>
    <confidence>0.961445</confidence>
  </object>
  <object>
    <name>Vehicle</name>
    <bndbox>
      <xmin>929</xmin>
      <ymin>438</ymin>
      <xmax>1218</xmax>
      <ymax>678</ymax>
    </bndbox>
    <confidence>0.968388</confidence>
  </object>
</annotation>
