<annotation>
  <folder>runs\detect\exp39</folder>
  <filename>1_20200615_112127_004380.jpg</filename>
  <source>
    <database>Unknown</database>
  </source>
  <size>
    <width>1920</width>
    <height>1080</height>
    <depth>3</depth>
  </size>
  <segmented>0</segmented>
  <object>
    <name>Vehicle</name>
    <bndbox>
      <xmin>45</xmin>
      <ymin>490</ymin>
      <xmax>182</xmax>
      <ymax>539</ymax>
    </bndbox>
    <confidence>0.271738</confidence>
  </object>
  <object>
    <name>Vehicle</name>
    <bndbox>
      <xmin>1191</xmin>
      <ymin>470</ymin>
      <xmax>1286</xmax>
      <ymax>508</ymax>
    </bndbox>
    <confidence>0.577741</confidence>
  </object>
  <object>
    <name>Vehicle</name>
    <bndbox>
      <xmin>1150</xmin>
      <ymin>503</ymin>
      <xmax>1179</xmax>
      <ymax>564</ymax>
    </bndbox>
    <confidence>0.767972</confidence>
  </object>
  <object>
    <name>TrafficLight</name>
    <bndbox>
      <xmin>1185</xmin>
      <ymin>335</ymin>
      <xmax>1238</xmax>
      <ymax>351</ymax>
    </bndbox>
    <confidence>0.78663</confidence>
  </object>
  <object>
    <name>Vehicle</name>
    <bndbox>
      <xmin>1163</xmin>
      <ymin>496</ymin>
      <xmax>1202</xmax>
      <ymax>573</ymax>
    </bndbox>
    <confidence>0.802597</confidence>
  </object>
  <object>
    <name>Vehicle</name>
    <bndbox>
      <xmin>1280</xmin>
      <ymin>415</ymin>
      <xmax>1349</xmax>
      <ymax>505</ymax>
    </bndbox>
    <confidence>0.814301</confidence>
  </object>
  <object>
    <name>TrafficLight</name>
    <bndbox>
      <xmin>1333</xmin>
      <ymin>332</ymin>
      <xmax>1385</xmax>
      <ymax>346</ymax>
    </bndbox>
    <confidence>0.839107</confidence>
  </object>
  <object>
    <name>TrafficSign</name>
    <bndbox>
      <xmin>1240</xmin>
      <ymin>314</ymin>
      <xmax>1274</xmax>
      <ymax>349</ymax>
    </bndbox>
    <confidence>0.89815</confidence>
  </object>
  <object>
    <name>Vehicle</name>
    <bndbox>
      <xmin>1182</xmin>
      <ymin>478</ymin>
      <xmax>1310</xmax>
      <ymax>596</ymax>
    </bndbox>
    <confidence>0.928496</confidence>
  </object>
  <object>
    <name>Vehicle</name>
    <bndbox>
      <xmin>833</xmin>
      <ymin>476</ymin>
      <xmax>1100</xmax>
      <ymax>692</ymax>
    </bndbox>
    <confidence>0.965771</confidence>
  </object>
  <object>
    <name>Vehicle</name>
    <bndbox>
      <xmin>1268</xmin>
      <ymin>442</ymin>
      <xmax>1613</xmax>
      <ymax>705</ymax>
    </bndbox>
    <confidence>0.970064</confidence>
  </object>
</annotation>
