<annotation>
  <folder>runs\detect\exp39</folder>
  <filename>1_20200615_112127_003570.jpg</filename>
  <source>
    <database>Unknown</database>
  </source>
  <size>
    <width>1920</width>
    <height>1080</height>
    <depth>3</depth>
  </size>
  <segmented>0</segmented>
  <object>
    <name>Vehicle</name>
    <bndbox>
      <xmin>1464</xmin>
      <ymin>491</ymin>
      <xmax>1511</xmax>
      <ymax>530</ymax>
    </bndbox>
    <confidence>0.336768</confidence>
  </object>
  <object>
    <name>Vehicle</name>
    <bndbox>
      <xmin>1381</xmin>
      <ymin>479</ymin>
      <xmax>1416</xmax>
      <ymax>506</ymax>
    </bndbox>
    <confidence>0.55616</confidence>
  </object>
  <object>
    <name>Vehicle</name>
    <bndbox>
      <xmin>1321</xmin>
      <ymin>492</ymin>
      <xmax>1361</xmax>
      <ymax>528</ymax>
    </bndbox>
    <confidence>0.657017</confidence>
  </object>
  <object>
    <name>Vehicle</name>
    <bndbox>
      <xmin>644</xmin>
      <ymin>497</ymin>
      <xmax>689</xmax>
      <ymax>540</ymax>
    </bndbox>
    <confidence>0.666156</confidence>
  </object>
  <object>
    <name>Vehicle</name>
    <bndbox>
      <xmin>1114</xmin>
      <ymin>499</ymin>
      <xmax>1153</xmax>
      <ymax>538</ymax>
    </bndbox>
    <confidence>0.691643</confidence>
  </object>
  <object>
    <name>Vehicle</name>
    <bndbox>
      <xmin>804</xmin>
      <ymin>462</ymin>
      <xmax>837</xmax>
      <ymax>495</ymax>
    </bndbox>
    <confidence>0.733885</confidence>
  </object>
  <object>
    <name>Vehicle</name>
    <bndbox>
      <xmin>1085</xmin>
      <ymin>500</ymin>
      <xmax>1115</xmax>
      <ymax>531</ymax>
    </bndbox>
    <confidence>0.761862</confidence>
  </object>
  <object>
    <name>Vehicle</name>
    <bndbox>
      <xmin>775</xmin>
      <ymin>509</ymin>
      <xmax>803</xmax>
      <ymax>539</ymax>
    </bndbox>
    <confidence>0.805136</confidence>
  </object>
  <object>
    <name>Vehicle</name>
    <bndbox>
      <xmin>0</xmin>
      <ymin>393</ymin>
      <xmax>56</xmax>
      <ymax>683</ymax>
    </bndbox>
    <confidence>0.818983</confidence>
  </object>
  <object>
    <name>Vehicle</name>
    <bndbox>
      <xmin>988</xmin>
      <ymin>458</ymin>
      <xmax>1017</xmax>
      <ymax>494</ymax>
    </bndbox>
    <confidence>0.840795</confidence>
  </object>
  <object>
    <name>Vehicle</name>
    <bndbox>
      <xmin>676</xmin>
      <ymin>507</ymin>
      <xmax>712</xmax>
      <ymax>558</ymax>
    </bndbox>
    <confidence>0.862835</confidence>
  </object>
  <object>
    <name>Vehicle</name>
    <bndbox>
      <xmin>522</xmin>
      <ymin>476</ymin>
      <xmax>614</xmax>
      <ymax>576</ymax>
    </bndbox>
    <confidence>0.875936</confidence>
  </object>
  <object>
    <name>Vehicle</name>
    <bndbox>
      <xmin>1138</xmin>
      <ymin>503</ymin>
      <xmax>1188</xmax>
      <ymax>540</ymax>
    </bndbox>
    <confidence>0.890646</confidence>
  </object>
  <object>
    <name>Vehicle</name>
    <bndbox>
      <xmin>610</xmin>
      <ymin>511</ymin>
      <xmax>675</xmax>
      <ymax>568</ymax>
    </bndbox>
    <confidence>0.908219</confidence>
  </object>
  <object>
    <name>Vehicle</name>
    <bndbox>
      <xmin>1026</xmin>
      <ymin>497</ymin>
      <xmax>1087</xmax>
      <ymax>542</ymax>
    </bndbox>
    <confidence>0.917591</confidence>
  </object>
  <object>
    <name>Vehicle</name>
    <bndbox>
      <xmin>516</xmin>
      <ymin>515</ymin>
      <xmax>601</xmax>
      <ymax>594</ymax>
    </bndbox>
    <confidence>0.917644</confidence>
  </object>
  <object>
    <name>Vehicle</name>
    <bndbox>
      <xmin>705</xmin>
      <ymin>473</ymin>
      <xmax>779</xmax>
      <ymax>564</ymax>
    </bndbox>
    <confidence>0.920102</confidence>
  </object>
  <object>
    <name>Vehicle</name>
    <bndbox>
      <xmin>938</xmin>
      <ymin>495</ymin>
      <xmax>1007</xmax>
      <ymax>551</ymax>
    </bndbox>
    <confidence>0.926848</confidence>
  </object>
  <object>
    <name>TrafficSign</name>
    <bndbox>
      <xmin>1505</xmin>
      <ymin>336</ymin>
      <xmax>1583</xmax>
      <ymax>406</ymax>
    </bndbox>
    <confidence>0.930947</confidence>
  </object>
  <object>
    <name>Vehicle</name>
    <bndbox>
      <xmin>250</xmin>
      <ymin>501</ymin>
      <xmax>370</xmax>
      <ymax>619</ymax>
    </bndbox>
    <confidence>0.945224</confidence>
  </object>
  <object>
    <name>Vehicle</name>
    <bndbox>
      <xmin>52</xmin>
      <ymin>496</ymin>
      <xmax>220</xmax>
      <ymax>628</ymax>
    </bndbox>
    <confidence>0.950807</confidence>
  </object>
  <object>
    <name>Vehicle</name>
    <bndbox>
      <xmin>354</xmin>
      <ymin>469</ymin>
      <xmax>538</xmax>
      <ymax>624</ymax>
    </bndbox>
    <confidence>0.952805</confidence>
  </object>
</annotation>
