<annotation>
  <folder>runs\detect\exp2</folder>
  <filename>1_20200615_112127_003690.jpg</filename>
  <source>
    <database>Unknown</database>
  </source>
  <size>
    <width>1920</width>
    <height>1080</height>
    <depth>3</depth>
  </size>
  <segmented>0</segmented>
  <object>
    <name>Vehicle</name>
    <bndbox>
      <xmin>748</xmin>
      <ymin>435</ymin>
      <xmax>790</xmax>
      <ymax>478</ymax>
    </bndbox>
    <confidence>0.636409</confidence>
  </object>
  <object>
    <name>Vehicle</name>
    <bndbox>
      <xmin>1154</xmin>
      <ymin>483</ymin>
      <xmax>1182</xmax>
      <ymax>528</ymax>
    </bndbox>
    <confidence>0.687295</confidence>
  </object>
  <object>
    <name>Vehicle</name>
    <bndbox>
      <xmin>1133</xmin>
      <ymin>482</ymin>
      <xmax>1172</xmax>
      <ymax>525</ymax>
    </bndbox>
    <confidence>0.765193</confidence>
  </object>
  <object>
    <name>Vehicle</name>
    <bndbox>
      <xmin>963</xmin>
      <ymin>429</ymin>
      <xmax>994</xmax>
      <ymax>467</ymax>
    </bndbox>
    <confidence>0.848075</confidence>
  </object>
  <object>
    <name>Vehicle</name>
    <bndbox>
      <xmin>244</xmin>
      <ymin>454</ymin>
      <xmax>334</xmax>
      <ymax>585</ymax>
    </bndbox>
    <confidence>0.870832</confidence>
  </object>
  <object>
    <name>Vehicle</name>
    <bndbox>
      <xmin>748</xmin>
      <ymin>463</ymin>
      <xmax>791</xmax>
      <ymax>501</ymax>
    </bndbox>
    <confidence>0.878182</confidence>
  </object>
  <object>
    <name>Vehicle</name>
    <bndbox>
      <xmin>1172</xmin>
      <ymin>472</ymin>
      <xmax>1241</xmax>
      <ymax>536</ymax>
    </bndbox>
    <confidence>0.894347</confidence>
  </object>
  <object>
    <name>Vehicle</name>
    <bndbox>
      <xmin>1109</xmin>
      <ymin>480</ymin>
      <xmax>1148</xmax>
      <ymax>518</ymax>
    </bndbox>
    <confidence>0.896904</confidence>
  </object>
  <object>
    <name>Vehicle</name>
    <bndbox>
      <xmin>1217</xmin>
      <ymin>484</ymin>
      <xmax>1268</xmax>
      <ymax>543</ymax>
    </bndbox>
    <confidence>0.917199</confidence>
  </object>
  <object>
    <name>Vehicle</name>
    <bndbox>
      <xmin>916</xmin>
      <ymin>474</ymin>
      <xmax>976</xmax>
      <ymax>522</ymax>
    </bndbox>
    <confidence>0.923769</confidence>
  </object>
  <object>
    <name>Vehicle</name>
    <bndbox>
      <xmin>1011</xmin>
      <ymin>476</ymin>
      <xmax>1082</xmax>
      <ymax>531</ymax>
    </bndbox>
    <confidence>0.926081</confidence>
  </object>
  <object>
    <name>Vehicle</name>
    <bndbox>
      <xmin>1756</xmin>
      <ymin>444</ymin>
      <xmax>1845</xmax>
      <ymax>514</ymax>
    </bndbox>
    <confidence>0.929541</confidence>
  </object>
  <object>
    <name>Vehicle</name>
    <bndbox>
      <xmin>1547</xmin>
      <ymin>460</ymin>
      <xmax>1643</xmax>
      <ymax>529</ymax>
    </bndbox>
    <confidence>0.934762</confidence>
  </object>
  <object>
    <name>Vehicle</name>
    <bndbox>
      <xmin>1651</xmin>
      <ymin>446</ymin>
      <xmax>1739</xmax>
      <ymax>522</ymax>
    </bndbox>
    <confidence>0.937635</confidence>
  </object>
  <object>
    <name>Vehicle</name>
    <bndbox>
      <xmin>1783</xmin>
      <ymin>465</ymin>
      <xmax>1921</xmax>
      <ymax>544</ymax>
    </bndbox>
    <confidence>0.940818</confidence>
  </object>
  <object>
    <name>Vehicle</name>
    <bndbox>
      <xmin>1244</xmin>
      <ymin>484</ymin>
      <xmax>1335</xmax>
      <ymax>546</ymax>
    </bndbox>
    <confidence>0.9458</confidence>
  </object>
  <object>
    <name>Vehicle</name>
    <bndbox>
      <xmin>337</xmin>
      <ymin>501</ymin>
      <xmax>468</xmax>
      <ymax>589</ymax>
    </bndbox>
    <confidence>0.960203</confidence>
  </object>
  <object>
    <name>Vehicle</name>
    <bndbox>
      <xmin>59</xmin>
      <ymin>461</ymin>
      <xmax>271</xmax>
      <ymax>631</ymax>
    </bndbox>
    <confidence>0.969643</confidence>
  </object>
</annotation>
