<annotation>
  <folder>runs\detect\exp2</folder>
  <filename>1_20200615_112127_003570.jpg</filename>
  <source>
    <database>Unknown</database>
  </source>
  <size>
    <width>1920</width>
    <height>1080</height>
    <depth>3</depth>
  </size>
  <segmented>0</segmented>
  <object>
    <name>Vehicle</name>
    <bndbox>
      <xmin>1463</xmin>
      <ymin>490</ymin>
      <xmax>1512</xmax>
      <ymax>529</ymax>
    </bndbox>
    <confidence>0.361089</confidence>
  </object>
  <object>
    <name>Vehicle</name>
    <bndbox>
      <xmin>1382</xmin>
      <ymin>479</ymin>
      <xmax>1418</xmax>
      <ymax>507</ymax>
    </bndbox>
    <confidence>0.571659</confidence>
  </object>
  <object>
    <name>Vehicle</name>
    <bndbox>
      <xmin>1319</xmin>
      <ymin>492</ymin>
      <xmax>1360</xmax>
      <ymax>528</ymax>
    </bndbox>
    <confidence>0.671138</confidence>
  </object>
  <object>
    <name>Vehicle</name>
    <bndbox>
      <xmin>644</xmin>
      <ymin>497</ymin>
      <xmax>689</xmax>
      <ymax>540</ymax>
    </bndbox>
    <confidence>0.682139</confidence>
  </object>
  <object>
    <name>Vehicle</name>
    <bndbox>
      <xmin>1114</xmin>
      <ymin>500</ymin>
      <xmax>1153</xmax>
      <ymax>538</ymax>
    </bndbox>
    <confidence>0.686186</confidence>
  </object>
  <object>
    <name>Vehicle</name>
    <bndbox>
      <xmin>804</xmin>
      <ymin>462</ymin>
      <xmax>837</xmax>
      <ymax>495</ymax>
    </bndbox>
    <confidence>0.739708</confidence>
  </object>
  <object>
    <name>Vehicle</name>
    <bndbox>
      <xmin>1085</xmin>
      <ymin>500</ymin>
      <xmax>1115</xmax>
      <ymax>531</ymax>
    </bndbox>
    <confidence>0.781297</confidence>
  </object>
  <object>
    <name>Vehicle</name>
    <bndbox>
      <xmin>775</xmin>
      <ymin>509</ymin>
      <xmax>803</xmax>
      <ymax>539</ymax>
    </bndbox>
    <confidence>0.804419</confidence>
  </object>
  <object>
    <name>Vehicle</name>
    <bndbox>
      <xmin>0</xmin>
      <ymin>392</ymin>
      <xmax>56</xmax>
      <ymax>685</ymax>
    </bndbox>
    <confidence>0.823963</confidence>
  </object>
  <object>
    <name>Vehicle</name>
    <bndbox>
      <xmin>986</xmin>
      <ymin>458</ymin>
      <xmax>1016</xmax>
      <ymax>494</ymax>
    </bndbox>
    <confidence>0.845927</confidence>
  </object>
  <object>
    <name>Vehicle</name>
    <bndbox>
      <xmin>676</xmin>
      <ymin>507</ymin>
      <xmax>712</xmax>
      <ymax>558</ymax>
    </bndbox>
    <confidence>0.86782</confidence>
  </object>
  <object>
    <name>Vehicle</name>
    <bndbox>
      <xmin>524</xmin>
      <ymin>477</ymin>
      <xmax>615</xmax>
      <ymax>577</ymax>
    </bndbox>
    <confidence>0.881782</confidence>
  </object>
  <object>
    <name>Vehicle</name>
    <bndbox>
      <xmin>1138</xmin>
      <ymin>503</ymin>
      <xmax>1188</xmax>
      <ymax>540</ymax>
    </bndbox>
    <confidence>0.897576</confidence>
  </object>
  <object>
    <name>Vehicle</name>
    <bndbox>
      <xmin>608</xmin>
      <ymin>511</ymin>
      <xmax>674</xmax>
      <ymax>570</ymax>
    </bndbox>
    <confidence>0.911784</confidence>
  </object>
  <object>
    <name>Vehicle</name>
    <bndbox>
      <xmin>1026</xmin>
      <ymin>497</ymin>
      <xmax>1087</xmax>
      <ymax>542</ymax>
    </bndbox>
    <confidence>0.921888</confidence>
  </object>
  <object>
    <name>Vehicle</name>
    <bndbox>
      <xmin>516</xmin>
      <ymin>515</ymin>
      <xmax>601</xmax>
      <ymax>594</ymax>
    </bndbox>
    <confidence>0.923081</confidence>
  </object>
  <object>
    <name>Vehicle</name>
    <bndbox>
      <xmin>705</xmin>
      <ymin>473</ymin>
      <xmax>779</xmax>
      <ymax>564</ymax>
    </bndbox>
    <confidence>0.929704</confidence>
  </object>
  <object>
    <name>Vehicle</name>
    <bndbox>
      <xmin>938</xmin>
      <ymin>495</ymin>
      <xmax>1007</xmax>
      <ymax>551</ymax>
    </bndbox>
    <confidence>0.93053</confidence>
  </object>
  <object>
    <name>TrafficSign</name>
    <bndbox>
      <xmin>1505</xmin>
      <ymin>335</ymin>
      <xmax>1583</xmax>
      <ymax>406</ymax>
    </bndbox>
    <confidence>0.938235</confidence>
  </object>
  <object>
    <name>Vehicle</name>
    <bndbox>
      <xmin>250</xmin>
      <ymin>502</ymin>
      <xmax>370</xmax>
      <ymax>619</ymax>
    </bndbox>
    <confidence>0.950441</confidence>
  </object>
  <object>
    <name>Vehicle</name>
    <bndbox>
      <xmin>52</xmin>
      <ymin>497</ymin>
      <xmax>220</xmax>
      <ymax>628</ymax>
    </bndbox>
    <confidence>0.955646</confidence>
  </object>
  <object>
    <name>Vehicle</name>
    <bndbox>
      <xmin>354</xmin>
      <ymin>469</ymin>
      <xmax>538</xmax>
      <ymax>624</ymax>
    </bndbox>
    <confidence>0.956742</confidence>
  </object>
</annotation>
