<annotation>
  <folder>runs\detect\exp39</folder>
  <filename>1_20200615_112127_004650.jpg</filename>
  <source>
    <database>Unknown</database>
  </source>
  <size>
    <width>1920</width>
    <height>1080</height>
    <depth>3</depth>
  </size>
  <segmented>0</segmented>
  <object>
    <name>TrafficLight</name>
    <bndbox>
      <xmin>1285</xmin>
      <ymin>230</ymin>
      <xmax>1351</xmax>
      <ymax>250</ymax>
    </bndbox>
    <confidence>0.841665</confidence>
  </object>
  <object>
    <name>TrafficSign</name>
    <bndbox>
      <xmin>1571</xmin>
      <ymin>387</ymin>
      <xmax>1598</xmax>
      <ymax>415</ymax>
    </bndbox>
    <confidence>0.853048</confidence>
  </object>
  <object>
    <name>TrafficSign</name>
    <bndbox>
      <xmin>1328</xmin>
      <ymin>345</ymin>
      <xmax>1356</xmax>
      <ymax>372</ymax>
    </bndbox>
    <confidence>0.868076</confidence>
  </object>
  <object>
    <name>Vehicle</name>
    <bndbox>
      <xmin>257</xmin>
      <ymin>345</ymin>
      <xmax>568</xmax>
      <ymax>533</ymax>
    </bndbox>
    <confidence>0.919454</confidence>
  </object>
  <object>
    <name>Vehicle</name>
    <bndbox>
      <xmin>280</xmin>
      <ymin>402</ymin>
      <xmax>1259</xmax>
      <ymax>968</ymax>
    </bndbox>
    <confidence>0.927004</confidence>
  </object>
  <object>
    <name>Vehicle</name>
    <bndbox>
      <xmin>1450</xmin>
      <ymin>445</ymin>
      <xmax>1909</xmax>
      <ymax>748</ymax>
    </bndbox>
    <confidence>0.973909</confidence>
  </object>
</annotation>
