<annotation>
  <folder>runs\detect\exp2</folder>
  <filename>1_20200615_112127_003900.jpg</filename>
  <source>
    <database>Unknown</database>
  </source>
  <size>
    <width>1920</width>
    <height>1080</height>
    <depth>3</depth>
  </size>
  <segmented>0</segmented>
  <object>
    <name>Vehicle</name>
    <bndbox>
      <xmin>712</xmin>
      <ymin>435</ymin>
      <xmax>746</xmax>
      <ymax>484</ymax>
    </bndbox>
    <confidence>0.659295</confidence>
  </object>
  <object>
    <name>Vehicle</name>
    <bndbox>
      <xmin>679</xmin>
      <ymin>436</ymin>
      <xmax>730</xmax>
      <ymax>486</ymax>
    </bndbox>
    <confidence>0.765307</confidence>
  </object>
  <object>
    <name>TrafficSign</name>
    <bndbox>
      <xmin>1262</xmin>
      <ymin>346</ymin>
      <xmax>1290</xmax>
      <ymax>377</ymax>
    </bndbox>
    <confidence>0.827908</confidence>
  </object>
  <object>
    <name>Vehicle</name>
    <bndbox>
      <xmin>991</xmin>
      <ymin>424</ymin>
      <xmax>1031</xmax>
      <ymax>474</ymax>
    </bndbox>
    <confidence>0.889966</confidence>
  </object>
  <object>
    <name>Vehicle</name>
    <bndbox>
      <xmin>934</xmin>
      <ymin>452</ymin>
      <xmax>983</xmax>
      <ymax>494</ymax>
    </bndbox>
    <confidence>0.910758</confidence>
  </object>
  <object>
    <name>Vehicle</name>
    <bndbox>
      <xmin>1032</xmin>
      <ymin>455</ymin>
      <xmax>1126</xmax>
      <ymax>526</ymax>
    </bndbox>
    <confidence>0.920614</confidence>
  </object>
  <object>
    <name>Vehicle</name>
    <bndbox>
      <xmin>1600</xmin>
      <ymin>468</ymin>
      <xmax>1874</xmax>
      <ymax>648</ymax>
    </bndbox>
    <confidence>0.97163</confidence>
  </object>
</annotation>
