<annotation>
  <folder>runs\detect\exp2</folder>
  <filename>1_20200615_112127_004530.jpg</filename>
  <source>
    <database>Unknown</database>
  </source>
  <size>
    <width>1920</width>
    <height>1080</height>
    <depth>3</depth>
  </size>
  <segmented>0</segmented>
  <object>
    <name>Vehicle</name>
    <bndbox>
      <xmin>1663</xmin>
      <ymin>249</ymin>
      <xmax>1921</xmax>
      <ymax>952</ymax>
    </bndbox>
    <confidence>0.788057</confidence>
  </object>
  <object>
    <name>TrafficLight</name>
    <bndbox>
      <xmin>1132</xmin>
      <ymin>271</ymin>
      <xmax>1185</xmax>
      <ymax>288</ymax>
    </bndbox>
    <confidence>0.830613</confidence>
  </object>
  <object>
    <name>TrafficLight</name>
    <bndbox>
      <xmin>1204</xmin>
      <ymin>103</ymin>
      <xmax>1317</xmax>
      <ymax>134</ymax>
    </bndbox>
    <confidence>0.873917</confidence>
  </object>
  <object>
    <name>TrafficLight</name>
    <bndbox>
      <xmin>1509</xmin>
      <ymin>99</ymin>
      <xmax>1619</xmax>
      <ymax>130</ymax>
    </bndbox>
    <confidence>0.890052</confidence>
  </object>
  <object>
    <name>TrafficSign</name>
    <bndbox>
      <xmin>1318</xmin>
      <ymin>63</ymin>
      <xmax>1387</xmax>
      <ymax>132</ymax>
    </bndbox>
    <confidence>0.93165</confidence>
  </object>
  <object>
    <name>Vehicle</name>
    <bndbox>
      <xmin>1</xmin>
      <ymin>435</ymin>
      <xmax>85</xmax>
      <ymax>518</ymax>
    </bndbox>
    <confidence>0.934698</confidence>
  </object>
  <object>
    <name>Vehicle</name>
    <bndbox>
      <xmin>1449</xmin>
      <ymin>239</ymin>
      <xmax>1898</xmax>
      <ymax>623</ymax>
    </bndbox>
    <confidence>0.953146</confidence>
  </object>
  <object>
    <name>Vehicle</name>
    <bndbox>
      <xmin>1153</xmin>
      <ymin>454</ymin>
      <xmax>1308</xmax>
      <ymax>596</ymax>
    </bndbox>
    <confidence>0.965155</confidence>
  </object>
  <object>
    <name>Vehicle</name>
    <bndbox>
      <xmin>1262</xmin>
      <ymin>417</ymin>
      <xmax>1585</xmax>
      <ymax>665</ymax>
    </bndbox>
    <confidence>0.968859</confidence>
  </object>
  <object>
    <name>Vehicle</name>
    <bndbox>
      <xmin>778</xmin>
      <ymin>422</ymin>
      <xmax>1151</xmax>
      <ymax>733</ymax>
    </bndbox>
    <confidence>0.971389</confidence>
  </object>
</annotation>
