<annotation>
  <folder>runs\detect\exp39</folder>
  <filename>1_20200615_112127_000660.jpg</filename>
  <source>
    <database>Unknown</database>
  </source>
  <size>
    <width>1920</width>
    <height>1080</height>
    <depth>3</depth>
  </size>
  <segmented>0</segmented>
  <object>
    <name>Vehicle</name>
    <bndbox>
      <xmin>188</xmin>
      <ymin>470</ymin>
      <xmax>274</xmax>
      <ymax>499</ymax>
    </bndbox>
    <confidence>0.377577</confidence>
  </object>
  <object>
    <name>Vehicle</name>
    <bndbox>
      <xmin>1460</xmin>
      <ymin>482</ymin>
      <xmax>1508</xmax>
      <ymax>520</ymax>
    </bndbox>
    <confidence>0.869819</confidence>
  </object>
  <object>
    <name>Vehicle</name>
    <bndbox>
      <xmin>1319</xmin>
      <ymin>468</ymin>
      <xmax>1360</xmax>
      <ymax>511</ymax>
    </bndbox>
    <confidence>0.877902</confidence>
  </object>
  <object>
    <name>Vehicle</name>
    <bndbox>
      <xmin>780</xmin>
      <ymin>480</ymin>
      <xmax>873</xmax>
      <ymax>553</ymax>
    </bndbox>
    <confidence>0.935975</confidence>
  </object>
  <object>
    <name>Vehicle</name>
    <bndbox>
      <xmin>1</xmin>
      <ymin>454</ymin>
      <xmax>119</xmax>
      <ymax>689</ymax>
    </bndbox>
    <confidence>0.936348</confidence>
  </object>
  <object>
    <name>Vehicle</name>
    <bndbox>
      <xmin>940</xmin>
      <ymin>460</ymin>
      <xmax>1015</xmax>
      <ymax>540</ymax>
    </bndbox>
    <confidence>0.938729</confidence>
  </object>
  <object>
    <name>Vehicle</name>
    <bndbox>
      <xmin>386</xmin>
      <ymin>501</ymin>
      <xmax>524</xmax>
      <ymax>603</ymax>
    </bndbox>
    <confidence>0.957982</confidence>
  </object>
</annotation>
