<annotation>
  <folder>runs\detect\exp39</folder>
  <filename>1_20200615_112127_004080.jpg</filename>
  <source>
    <database>Unknown</database>
  </source>
  <size>
    <width>1920</width>
    <height>1080</height>
    <depth>3</depth>
  </size>
  <segmented>0</segmented>
  <object>
    <name>TrafficSign</name>
    <bndbox>
      <xmin>980</xmin>
      <ymin>342</ymin>
      <xmax>1073</xmax>
      <ymax>382</ymax>
    </bndbox>
    <confidence>0.787879</confidence>
  </object>
  <object>
    <name>Vehicle</name>
    <bndbox>
      <xmin>982</xmin>
      <ymin>462</ymin>
      <xmax>1035</xmax>
      <ymax>526</ymax>
    </bndbox>
    <confidence>0.897396</confidence>
  </object>
  <object>
    <name>Vehicle</name>
    <bndbox>
      <xmin>920</xmin>
      <ymin>490</ymin>
      <xmax>977</xmax>
      <ymax>538</ymax>
    </bndbox>
    <confidence>0.903004</confidence>
  </object>
  <object>
    <name>Vehicle</name>
    <bndbox>
      <xmin>447</xmin>
      <ymin>463</ymin>
      <xmax>548</xmax>
      <ymax>549</ymax>
    </bndbox>
    <confidence>0.911413</confidence>
  </object>
  <object>
    <name>Vehicle</name>
    <bndbox>
      <xmin>521</xmin>
      <ymin>466</ymin>
      <xmax>592</xmax>
      <ymax>542</ymax>
    </bndbox>
    <confidence>0.923048</confidence>
  </object>
  <object>
    <name>Vehicle</name>
    <bndbox>
      <xmin>1030</xmin>
      <ymin>480</ymin>
      <xmax>1155</xmax>
      <ymax>572</ymax>
    </bndbox>
    <confidence>0.952006</confidence>
  </object>
  <object>
    <name>Vehicle</name>
    <bndbox>
      <xmin>0</xmin>
      <ymin>427</ymin>
      <xmax>440</xmax>
      <ymax>866</ymax>
    </bndbox>
    <confidence>0.964519</confidence>
  </object>
</annotation>
