<annotation>
  <folder>runs\detect\exp2</folder>
  <filename>1_20200615_112127_000540.jpg</filename>
  <source>
    <database>Unknown</database>
  </source>
  <size>
    <width>1920</width>
    <height>1080</height>
    <depth>3</depth>
  </size>
  <segmented>0</segmented>
  <object>
    <name>Vehicle</name>
    <bndbox>
      <xmin>1210</xmin>
      <ymin>496</ymin>
      <xmax>1246</xmax>
      <ymax>521</ymax>
    </bndbox>
    <confidence>0.662068</confidence>
  </object>
  <object>
    <name>Vehicle</name>
    <bndbox>
      <xmin>1297</xmin>
      <ymin>485</ymin>
      <xmax>1339</xmax>
      <ymax>517</ymax>
    </bndbox>
    <confidence>0.870263</confidence>
  </object>
  <object>
    <name>Vehicle</name>
    <bndbox>
      <xmin>167</xmin>
      <ymin>526</ymin>
      <xmax>269</xmax>
      <ymax>604</ymax>
    </bndbox>
    <confidence>0.871409</confidence>
  </object>
  <object>
    <name>Vehicle</name>
    <bndbox>
      <xmin>1164</xmin>
      <ymin>495</ymin>
      <xmax>1205</xmax>
      <ymax>525</ymax>
    </bndbox>
    <confidence>0.881241</confidence>
  </object>
  <object>
    <name>Vehicle</name>
    <bndbox>
      <xmin>1071</xmin>
      <ymin>484</ymin>
      <xmax>1128</xmax>
      <ymax>532</ymax>
    </bndbox>
    <confidence>0.891155</confidence>
  </object>
  <object>
    <name>Vehicle</name>
    <bndbox>
      <xmin>926</xmin>
      <ymin>499</ymin>
      <xmax>983</xmax>
      <ymax>543</ymax>
    </bndbox>
    <confidence>0.929359</confidence>
  </object>
  <object>
    <name>Vehicle</name>
    <bndbox>
      <xmin>385</xmin>
      <ymin>433</ymin>
      <xmax>552</xmax>
      <ymax>553</ymax>
    </bndbox>
    <confidence>0.929424</confidence>
  </object>
  <object>
    <name>Vehicle</name>
    <bndbox>
      <xmin>840</xmin>
      <ymin>488</ymin>
      <xmax>932</xmax>
      <ymax>558</ymax>
    </bndbox>
    <confidence>0.948041</confidence>
  </object>
  <object>
    <name>Vehicle</name>
    <bndbox>
      <xmin>664</xmin>
      <ymin>493</ymin>
      <xmax>772</xmax>
      <ymax>572</ymax>
    </bndbox>
    <confidence>0.956119</confidence>
  </object>
  <object>
    <name>Vehicle</name>
    <bndbox>
      <xmin>1</xmin>
      <ymin>413</ymin>
      <xmax>169</xmax>
      <ymax>645</ymax>
    </bndbox>
    <confidence>0.962397</confidence>
  </object>
  <object>
    <name>Vehicle</name>
    <bndbox>
      <xmin>321</xmin>
      <ymin>490</ymin>
      <xmax>499</xmax>
      <ymax>619</ymax>
    </bndbox>
    <confidence>0.965593</confidence>
  </object>
</annotation>
