<annotation>
  <folder>runs\detect\exp2</folder>
  <filename>1_20200615_112127_004440.jpg</filename>
  <source>
    <database>Unknown</database>
  </source>
  <size>
    <width>1920</width>
    <height>1080</height>
    <depth>3</depth>
  </size>
  <segmented>0</segmented>
  <object>
    <name>TrafficLight</name>
    <bndbox>
      <xmin>1216</xmin>
      <ymin>329</ymin>
      <xmax>1257</xmax>
      <ymax>342</ymax>
    </bndbox>
    <confidence>0.470218</confidence>
  </object>
  <object>
    <name>Vehicle</name>
    <bndbox>
      <xmin>1372</xmin>
      <ymin>353</ymin>
      <xmax>1531</xmax>
      <ymax>423</ymax>
    </bndbox>
    <confidence>0.663586</confidence>
  </object>
  <object>
    <name>Vehicle</name>
    <bndbox>
      <xmin>1389</xmin>
      <ymin>360</ymin>
      <xmax>1595</xmax>
      <ymax>551</ymax>
    </bndbox>
    <confidence>0.732311</confidence>
  </object>
  <object>
    <name>Vehicle</name>
    <bndbox>
      <xmin>1201</xmin>
      <ymin>471</ymin>
      <xmax>1246</xmax>
      <ymax>551</ymax>
    </bndbox>
    <confidence>0.845488</confidence>
  </object>
  <object>
    <name>TrafficSign</name>
    <bndbox>
      <xmin>1301</xmin>
      <ymin>227</ymin>
      <xmax>1345</xmax>
      <ymax>272</ymax>
    </bndbox>
    <confidence>0.917772</confidence>
  </object>
  <object>
    <name>Vehicle</name>
    <bndbox>
      <xmin>1282</xmin>
      <ymin>421</ymin>
      <xmax>1444</xmax>
      <ymax>604</ymax>
    </bndbox>
    <confidence>0.939092</confidence>
  </object>
  <object>
    <name>Vehicle</name>
    <bndbox>
      <xmin>1220</xmin>
      <ymin>457</ymin>
      <xmax>1304</xmax>
      <ymax>575</ymax>
    </bndbox>
    <confidence>0.941084</confidence>
  </object>
  <object>
    <name>Vehicle</name>
    <bndbox>
      <xmin>1310</xmin>
      <ymin>431</ymin>
      <xmax>1569</xmax>
      <ymax>636</ymax>
    </bndbox>
    <confidence>0.959742</confidence>
  </object>
  <object>
    <name>Vehicle</name>
    <bndbox>
      <xmin>1594</xmin>
      <ymin>345</ymin>
      <xmax>1921</xmax>
      <ymax>888</ymax>
    </bndbox>
    <confidence>0.966456</confidence>
  </object>
  <object>
    <name>Vehicle</name>
    <bndbox>
      <xmin>929</xmin>
      <ymin>438</ymin>
      <xmax>1218</xmax>
      <ymax>678</ymax>
    </bndbox>
    <confidence>0.971665</confidence>
  </object>
</annotation>
