<annotation>
  <folder>runs\detect\exp39</folder>
  <filename>1_20200615_112127_003120.jpg</filename>
  <source>
    <database>Unknown</database>
  </source>
  <size>
    <width>1920</width>
    <height>1080</height>
    <depth>3</depth>
  </size>
  <segmented>0</segmented>
  <object>
    <name>Vehicle</name>
    <bndbox>
      <xmin>933</xmin>
      <ymin>458</ymin>
      <xmax>959</xmax>
      <ymax>489</ymax>
    </bndbox>
    <confidence>0.309373</confidence>
  </object>
  <object>
    <name>Vehicle</name>
    <bndbox>
      <xmin>905</xmin>
      <ymin>465</ymin>
      <xmax>932</xmax>
      <ymax>497</ymax>
    </bndbox>
    <confidence>0.559942</confidence>
  </object>
  <object>
    <name>Vehicle</name>
    <bndbox>
      <xmin>1022</xmin>
      <ymin>469</ymin>
      <xmax>1048</xmax>
      <ymax>496</ymax>
    </bndbox>
    <confidence>0.59558</confidence>
  </object>
  <object>
    <name>TrafficSign</name>
    <bndbox>
      <xmin>1455</xmin>
      <ymin>372</ymin>
      <xmax>1479</xmax>
      <ymax>398</ymax>
    </bndbox>
    <confidence>0.618389</confidence>
  </object>
  <object>
    <name>Vehicle</name>
    <bndbox>
      <xmin>1801</xmin>
      <ymin>358</ymin>
      <xmax>1921</xmax>
      <ymax>888</ymax>
    </bndbox>
    <confidence>0.763336</confidence>
  </object>
  <object>
    <name>TrafficLight</name>
    <bndbox>
      <xmin>1391</xmin>
      <ymin>42</ymin>
      <xmax>1514</xmax>
      <ymax>78</ymax>
    </bndbox>
    <confidence>0.868493</confidence>
  </object>
  <object>
    <name>Vehicle</name>
    <bndbox>
      <xmin>805</xmin>
      <ymin>457</ymin>
      <xmax>854</xmax>
      <ymax>512</ymax>
    </bndbox>
    <confidence>0.893351</confidence>
  </object>
  <object>
    <name>Vehicle</name>
    <bndbox>
      <xmin>1042</xmin>
      <ymin>452</ymin>
      <xmax>1098</xmax>
      <ymax>513</ymax>
    </bndbox>
    <confidence>0.907082</confidence>
  </object>
  <object>
    <name>TrafficSign</name>
    <bndbox>
      <xmin>1299</xmin>
      <ymin>218</ymin>
      <xmax>1340</xmax>
      <ymax>259</ymax>
    </bndbox>
    <confidence>0.908655</confidence>
  </object>
  <object>
    <name>TrafficSign</name>
    <bndbox>
      <xmin>1666</xmin>
      <ymin>347</ymin>
      <xmax>1709</xmax>
      <ymax>390</ymax>
    </bndbox>
    <confidence>0.920246</confidence>
  </object>
  <object>
    <name>Vehicle</name>
    <bndbox>
      <xmin>516</xmin>
      <ymin>488</ymin>
      <xmax>603</xmax>
      <ymax>549</ymax>
    </bndbox>
    <confidence>0.947226</confidence>
  </object>
</annotation>
