<annotation>
  <folder>runs\detect\exp39</folder>
  <filename>1_20200615_112127_004110.jpg</filename>
  <source>
    <database>Unknown</database>
  </source>
  <size>
    <width>1920</width>
    <height>1080</height>
    <depth>3</depth>
  </size>
  <segmented>0</segmented>
  <object>
    <name>Vehicle</name>
    <bndbox>
      <xmin>997</xmin>
      <ymin>453</ymin>
      <xmax>1024</xmax>
      <ymax>491</ymax>
    </bndbox>
    <confidence>0.30383</confidence>
  </object>
  <object>
    <name>Vehicle</name>
    <bndbox>
      <xmin>1002</xmin>
      <ymin>449</ymin>
      <xmax>1108</xmax>
      <ymax>492</ymax>
    </bndbox>
    <confidence>0.369792</confidence>
  </object>
  <object>
    <name>Vehicle</name>
    <bndbox>
      <xmin>421</xmin>
      <ymin>450</ymin>
      <xmax>505</xmax>
      <ymax>535</ymax>
    </bndbox>
    <confidence>0.744248</confidence>
  </object>
  <object>
    <name>TrafficSign</name>
    <bndbox>
      <xmin>994</xmin>
      <ymin>310</ymin>
      <xmax>1102</xmax>
      <ymax>352</ymax>
    </bndbox>
    <confidence>0.801893</confidence>
  </object>
  <object>
    <name>Vehicle</name>
    <bndbox>
      <xmin>988</xmin>
      <ymin>468</ymin>
      <xmax>1122</xmax>
      <ymax>565</ymax>
    </bndbox>
    <confidence>0.89524</confidence>
  </object>
  <object>
    <name>Vehicle</name>
    <bndbox>
      <xmin>927</xmin>
      <ymin>480</ymin>
      <xmax>984</xmax>
      <ymax>528</ymax>
    </bndbox>
    <confidence>0.914314</confidence>
  </object>
  <object>
    <name>Vehicle</name>
    <bndbox>
      <xmin>470</xmin>
      <ymin>453</ymin>
      <xmax>563</xmax>
      <ymax>537</ymax>
    </bndbox>
    <confidence>0.928594</confidence>
  </object>
  <object>
    <name>Vehicle</name>
    <bndbox>
      <xmin>10</xmin>
      <ymin>433</ymin>
      <xmax>526</xmax>
      <ymax>799</ymax>
    </bndbox>
    <confidence>0.968477</confidence>
  </object>
</annotation>
