<annotation>
  <folder>runs\detect\exp39</folder>
  <filename>1_20200615_112127_001410.jpg</filename>
  <source>
    <database>Unknown</database>
  </source>
  <size>
    <width>1920</width>
    <height>1080</height>
    <depth>3</depth>
  </size>
  <segmented>0</segmented>
  <object>
    <name>TrafficSign</name>
    <bndbox>
      <xmin>1283</xmin>
      <ymin>391</ymin>
      <xmax>1308</xmax>
      <ymax>429</ymax>
    </bndbox>
    <confidence>0.364788</confidence>
  </object>
  <object>
    <name>TrafficLight</name>
    <bndbox>
      <xmin>1244</xmin>
      <ymin>175</ymin>
      <xmax>1329</xmax>
      <ymax>200</ymax>
    </bndbox>
    <confidence>0.854527</confidence>
  </object>
  <object>
    <name>TrafficSign</name>
    <bndbox>
      <xmin>1464</xmin>
      <ymin>382</ymin>
      <xmax>1497</xmax>
      <ymax>414</ymax>
    </bndbox>
    <confidence>0.886965</confidence>
  </object>
  <object>
    <name>TrafficSign</name>
    <bndbox>
      <xmin>1216</xmin>
      <ymin>268</ymin>
      <xmax>1250</xmax>
      <ymax>300</ymax>
    </bndbox>
    <confidence>0.891048</confidence>
  </object>
</annotation>
