<annotation>
  <folder>runs\detect\exp2</folder>
  <filename>1_20200615_112127_003450.jpg</filename>
  <source>
    <database>Unknown</database>
  </source>
  <size>
    <width>1920</width>
    <height>1080</height>
    <depth>3</depth>
  </size>
  <segmented>0</segmented>
  <object>
    <name>Vehicle</name>
    <bndbox>
      <xmin>822</xmin>
      <ymin>509</ymin>
      <xmax>847</xmax>
      <ymax>538</ymax>
    </bndbox>
    <confidence>0.324236</confidence>
  </object>
  <object>
    <name>Vehicle</name>
    <bndbox>
      <xmin>869</xmin>
      <ymin>490</ymin>
      <xmax>901</xmax>
      <ymax>522</ymax>
    </bndbox>
    <confidence>0.403159</confidence>
  </object>
  <object>
    <name>Vehicle</name>
    <bndbox>
      <xmin>683</xmin>
      <ymin>506</ymin>
      <xmax>710</xmax>
      <ymax>552</ymax>
    </bndbox>
    <confidence>0.407904</confidence>
  </object>
  <object>
    <name>Vehicle</name>
    <bndbox>
      <xmin>849</xmin>
      <ymin>466</ymin>
      <xmax>877</xmax>
      <ymax>499</ymax>
    </bndbox>
    <confidence>0.642113</confidence>
  </object>
  <object>
    <name>Vehicle</name>
    <bndbox>
      <xmin>727</xmin>
      <ymin>480</ymin>
      <xmax>774</xmax>
      <ymax>552</ymax>
    </bndbox>
    <confidence>0.699372</confidence>
  </object>
  <object>
    <name>Vehicle</name>
    <bndbox>
      <xmin>1097</xmin>
      <ymin>504</ymin>
      <xmax>1155</xmax>
      <ymax>535</ymax>
    </bndbox>
    <confidence>0.706155</confidence>
  </object>
  <object>
    <name>Vehicle</name>
    <bndbox>
      <xmin>1012</xmin>
      <ymin>466</ymin>
      <xmax>1042</xmax>
      <ymax>499</ymax>
    </bndbox>
    <confidence>0.808913</confidence>
  </object>
  <object>
    <name>TrafficSign</name>
    <bndbox>
      <xmin>1214</xmin>
      <ymin>437</ymin>
      <xmax>1247</xmax>
      <ymax>467</ymax>
    </bndbox>
    <confidence>0.860898</confidence>
  </object>
  <object>
    <name>Vehicle</name>
    <bndbox>
      <xmin>840</xmin>
      <ymin>499</ymin>
      <xmax>882</xmax>
      <ymax>540</ymax>
    </bndbox>
    <confidence>0.868632</confidence>
  </object>
  <object>
    <name>Vehicle</name>
    <bndbox>
      <xmin>972</xmin>
      <ymin>498</ymin>
      <xmax>1011</xmax>
      <ymax>538</ymax>
    </bndbox>
    <confidence>0.871277</confidence>
  </object>
  <object>
    <name>Vehicle</name>
    <bndbox>
      <xmin>762</xmin>
      <ymin>491</ymin>
      <xmax>825</xmax>
      <ymax>554</ymax>
    </bndbox>
    <confidence>0.915298</confidence>
  </object>
  <object>
    <name>Vehicle</name>
    <bndbox>
      <xmin>628</xmin>
      <ymin>504</ymin>
      <xmax>697</xmax>
      <ymax>564</ymax>
    </bndbox>
    <confidence>0.932256</confidence>
  </object>
  <object>
    <name>Vehicle</name>
    <bndbox>
      <xmin>1013</xmin>
      <ymin>493</ymin>
      <xmax>1105</xmax>
      <ymax>566</ymax>
    </bndbox>
    <confidence>0.947024</confidence>
  </object>
  <object>
    <name>Vehicle</name>
    <bndbox>
      <xmin>1</xmin>
      <ymin>437</ymin>
      <xmax>150</xmax>
      <ymax>673</ymax>
    </bndbox>
    <confidence>0.952421</confidence>
  </object>
  <object>
    <name>Vehicle</name>
    <bndbox>
      <xmin>416</xmin>
      <ymin>513</ymin>
      <xmax>536</xmax>
      <ymax>594</ymax>
    </bndbox>
    <confidence>0.961471</confidence>
  </object>
</annotation>
