<annotation>
  <folder>runs\detect\exp39</folder>
  <filename>1_20200615_112127_004620.jpg</filename>
  <source>
    <database>Unknown</database>
  </source>
  <size>
    <width>1920</width>
    <height>1080</height>
    <depth>3</depth>
  </size>
  <segmented>0</segmented>
  <object>
    <name>Vehicle</name>
    <bndbox>
      <xmin>0</xmin>
      <ymin>369</ymin>
      <xmax>68</xmax>
      <ymax>532</ymax>
    </bndbox>
    <confidence>0.784269</confidence>
  </object>
  <object>
    <name>TrafficLight</name>
    <bndbox>
      <xmin>1143</xmin>
      <ymin>228</ymin>
      <xmax>1208</xmax>
      <ymax>247</ymax>
    </bndbox>
    <confidence>0.803671</confidence>
  </object>
  <object>
    <name>TrafficSign</name>
    <bndbox>
      <xmin>1422</xmin>
      <ymin>381</ymin>
      <xmax>1449</xmax>
      <ymax>408</ymax>
    </bndbox>
    <confidence>0.831108</confidence>
  </object>
  <object>
    <name>Vehicle</name>
    <bndbox>
      <xmin>1779</xmin>
      <ymin>109</ymin>
      <xmax>1920</xmax>
      <ymax>461</ymax>
    </bndbox>
    <confidence>0.844211</confidence>
  </object>
  <object>
    <name>TrafficSign</name>
    <bndbox>
      <xmin>1191</xmin>
      <ymin>339</ymin>
      <xmax>1218</xmax>
      <ymax>367</ymax>
    </bndbox>
    <confidence>0.865804</confidence>
  </object>
  <object>
    <name>Vehicle</name>
    <bndbox>
      <xmin>640</xmin>
      <ymin>431</ymin>
      <xmax>706</xmax>
      <ymax>515</ymax>
    </bndbox>
    <confidence>0.909643</confidence>
  </object>
  <object>
    <name>Vehicle</name>
    <bndbox>
      <xmin>1680</xmin>
      <ymin>342</ymin>
      <xmax>1921</xmax>
      <ymax>977</ymax>
    </bndbox>
    <confidence>0.911944</confidence>
  </object>
  <object>
    <name>Vehicle</name>
    <bndbox>
      <xmin>603</xmin>
      <ymin>397</ymin>
      <xmax>1222</xmax>
      <ymax>921</ymax>
    </bndbox>
    <confidence>0.961705</confidence>
  </object>
  <object>
    <name>Vehicle</name>
    <bndbox>
      <xmin>1262</xmin>
      <ymin>439</ymin>
      <xmax>1650</xmax>
      <ymax>706</ymax>
    </bndbox>
    <confidence>0.968957</confidence>
  </object>
</annotation>
