<annotation>
  <folder>runs\detect\exp2</folder>
  <filename>1_20200615_112127_004560.jpg</filename>
  <source>
    <database>Unknown</database>
  </source>
  <size>
    <width>1920</width>
    <height>1080</height>
    <depth>3</depth>
  </size>
  <segmented>0</segmented>
  <object>
    <name>TrafficSign</name>
    <bndbox>
      <xmin>1380</xmin>
      <ymin>414</ymin>
      <xmax>1405</xmax>
      <ymax>439</ymax>
    </bndbox>
    <confidence>0.700385</confidence>
  </object>
  <object>
    <name>TrafficSign</name>
    <bndbox>
      <xmin>1179</xmin>
      <ymin>372</ymin>
      <xmax>1205</xmax>
      <ymax>398</ymax>
    </bndbox>
    <confidence>0.82823</confidence>
  </object>
  <object>
    <name>TrafficLight</name>
    <bndbox>
      <xmin>1130</xmin>
      <ymin>281</ymin>
      <xmax>1187</xmax>
      <ymax>298</ymax>
    </bndbox>
    <confidence>0.836563</confidence>
  </object>
  <object>
    <name>Vehicle</name>
    <bndbox>
      <xmin>1532</xmin>
      <ymin>210</ymin>
      <xmax>1920</xmax>
      <ymax>683</ymax>
    </bndbox>
    <confidence>0.917933</confidence>
  </object>
  <object>
    <name>TrafficSign</name>
    <bndbox>
      <xmin>1363</xmin>
      <ymin>17</ymin>
      <xmax>1443</xmax>
      <ymax>99</ymax>
    </bndbox>
    <confidence>0.940857</confidence>
  </object>
  <object>
    <name>Vehicle</name>
    <bndbox>
      <xmin>79</xmin>
      <ymin>448</ymin>
      <xmax>321</xmax>
      <ymax>540</ymax>
    </bndbox>
    <confidence>0.96559</confidence>
  </object>
  <object>
    <name>Vehicle</name>
    <bndbox>
      <xmin>1173</xmin>
      <ymin>474</ymin>
      <xmax>1391</xmax>
      <ymax>650</ymax>
    </bndbox>
    <confidence>0.967274</confidence>
  </object>
  <object>
    <name>Vehicle</name>
    <bndbox>
      <xmin>1339</xmin>
      <ymin>422</ymin>
      <xmax>1794</xmax>
      <ymax>763</ymax>
    </bndbox>
    <confidence>0.973243</confidence>
  </object>
  <object>
    <name>Vehicle</name>
    <bndbox>
      <xmin>736</xmin>
      <ymin>441</ymin>
      <xmax>1156</xmax>
      <ymax>800</ymax>
    </bndbox>
    <confidence>0.975169</confidence>
  </object>
</annotation>
