<annotation>
  <folder>runs\detect\exp39</folder>
  <filename>1_20200615_112127_003780.jpg</filename>
  <source>
    <database>Unknown</database>
  </source>
  <size>
    <width>1920</width>
    <height>1080</height>
    <depth>3</depth>
  </size>
  <segmented>0</segmented>
  <object>
    <name>Vehicle</name>
    <bndbox>
      <xmin>11</xmin>
      <ymin>434</ymin>
      <xmax>175</xmax>
      <ymax>596</ymax>
    </bndbox>
    <confidence>0.676196</confidence>
  </object>
  <object>
    <name>Vehicle</name>
    <bndbox>
      <xmin>701</xmin>
      <ymin>491</ymin>
      <xmax>744</xmax>
      <ymax>532</ymax>
    </bndbox>
    <confidence>0.726583</confidence>
  </object>
  <object>
    <name>Vehicle</name>
    <bndbox>
      <xmin>941</xmin>
      <ymin>481</ymin>
      <xmax>978</xmax>
      <ymax>523</ymax>
    </bndbox>
    <confidence>0.846408</confidence>
  </object>
  <object>
    <name>Vehicle</name>
    <bndbox>
      <xmin>1246</xmin>
      <ymin>539</ymin>
      <xmax>1299</xmax>
      <ymax>614</ymax>
    </bndbox>
    <confidence>0.874631</confidence>
  </object>
  <object>
    <name>Vehicle</name>
    <bndbox>
      <xmin>891</xmin>
      <ymin>521</ymin>
      <xmax>944</xmax>
      <ymax>565</ymax>
    </bndbox>
    <confidence>0.91398</confidence>
  </object>
  <object>
    <name>Vehicle</name>
    <bndbox>
      <xmin>1277</xmin>
      <ymin>534</ymin>
      <xmax>1328</xmax>
      <ymax>620</ymax>
    </bndbox>
    <confidence>0.918258</confidence>
  </object>
  <object>
    <name>Vehicle</name>
    <bndbox>
      <xmin>622</xmin>
      <ymin>538</ymin>
      <xmax>680</xmax>
      <ymax>582</ymax>
    </bndbox>
    <confidence>0.921491</confidence>
  </object>
  <object>
    <name>Vehicle</name>
    <bndbox>
      <xmin>1205</xmin>
      <ymin>538</ymin>
      <xmax>1278</xmax>
      <ymax>607</ymax>
    </bndbox>
    <confidence>0.924015</confidence>
  </object>
  <object>
    <name>Vehicle</name>
    <bndbox>
      <xmin>1158</xmin>
      <ymin>535</ymin>
      <xmax>1226</xmax>
      <ymax>593</ymax>
    </bndbox>
    <confidence>0.929467</confidence>
  </object>
  <object>
    <name>Vehicle</name>
    <bndbox>
      <xmin>995</xmin>
      <ymin>529</ymin>
      <xmax>1075</xmax>
      <ymax>591</ymax>
    </bndbox>
    <confidence>0.932115</confidence>
  </object>
  <object>
    <name>Vehicle</name>
    <bndbox>
      <xmin>1364</xmin>
      <ymin>535</ymin>
      <xmax>1479</xmax>
      <ymax>639</ymax>
    </bndbox>
    <confidence>0.939846</confidence>
  </object>
  <object>
    <name>Vehicle</name>
    <bndbox>
      <xmin>513</xmin>
      <ymin>531</ymin>
      <xmax>604</xmax>
      <ymax>609</ymax>
    </bndbox>
    <confidence>0.940593</confidence>
  </object>
  <object>
    <name>Vehicle</name>
    <bndbox>
      <xmin>1304</xmin>
      <ymin>517</ymin>
      <xmax>1435</xmax>
      <ymax>630</ymax>
    </bndbox>
    <confidence>0.949577</confidence>
  </object>
  <object>
    <name>Vehicle</name>
    <bndbox>
      <xmin>1438</xmin>
      <ymin>536</ymin>
      <xmax>1575</xmax>
      <ymax>655</ymax>
    </bndbox>
    <confidence>0.954607</confidence>
  </object>
  <object>
    <name>Vehicle</name>
    <bndbox>
      <xmin>1525</xmin>
      <ymin>532</ymin>
      <xmax>1745</xmax>
      <ymax>668</ymax>
    </bndbox>
    <confidence>0.96335</confidence>
  </object>
</annotation>
