<annotation>
  <folder>runs\detect\exp2</folder>
  <filename>1_20200615_112127_000810.jpg</filename>
  <source>
    <database>Unknown</database>
  </source>
  <size>
    <width>1920</width>
    <height>1080</height>
    <depth>3</depth>
  </size>
  <segmented>0</segmented>
  <object>
    <name>Vehicle</name>
    <bndbox>
      <xmin>1399</xmin>
      <ymin>470</ymin>
      <xmax>1489</xmax>
      <ymax>548</ymax>
    </bndbox>
    <confidence>0.944064</confidence>
  </object>
  <object>
    <name>Vehicle</name>
    <bndbox>
      <xmin>294</xmin>
      <ymin>413</ymin>
      <xmax>494</xmax>
      <ymax>609</ymax>
    </bndbox>
    <confidence>0.96748</confidence>
  </object>
</annotation>
