<annotation>
  <folder>runs\detect\exp2</folder>
  <filename>1_20200615_112127_000360.jpg</filename>
  <source>
    <database>Unknown</database>
  </source>
  <size>
    <width>1920</width>
    <height>1080</height>
    <depth>3</depth>
  </size>
  <segmented>0</segmented>
  <object>
    <name>Vehicle</name>
    <bndbox>
      <xmin>809</xmin>
      <ymin>514</ymin>
      <xmax>865</xmax>
      <ymax>551</ymax>
    </bndbox>
    <confidence>0.676907</confidence>
  </object>
  <object>
    <name>Vehicle</name>
    <bndbox>
      <xmin>1363</xmin>
      <ymin>520</ymin>
      <xmax>1389</xmax>
      <ymax>546</ymax>
    </bndbox>
    <confidence>0.709488</confidence>
  </object>
  <object>
    <name>Vehicle</name>
    <bndbox>
      <xmin>815</xmin>
      <ymin>527</ymin>
      <xmax>866</xmax>
      <ymax>574</ymax>
    </bndbox>
    <confidence>0.811073</confidence>
  </object>
  <object>
    <name>Vehicle</name>
    <bndbox>
      <xmin>989</xmin>
      <ymin>486</ymin>
      <xmax>1040</xmax>
      <ymax>548</ymax>
    </bndbox>
    <confidence>0.823059</confidence>
  </object>
  <object>
    <name>Vehicle</name>
    <bndbox>
      <xmin>1297</xmin>
      <ymin>521</ymin>
      <xmax>1337</xmax>
      <ymax>548</ymax>
    </bndbox>
    <confidence>0.878135</confidence>
  </object>
  <object>
    <name>Vehicle</name>
    <bndbox>
      <xmin>1173</xmin>
      <ymin>503</ymin>
      <xmax>1216</xmax>
      <ymax>555</ymax>
    </bndbox>
    <confidence>0.882847</confidence>
  </object>
  <object>
    <name>Vehicle</name>
    <bndbox>
      <xmin>776</xmin>
      <ymin>535</ymin>
      <xmax>817</xmax>
      <ymax>575</ymax>
    </bndbox>
    <confidence>0.88856</confidence>
  </object>
  <object>
    <name>Vehicle</name>
    <bndbox>
      <xmin>1209</xmin>
      <ymin>517</ymin>
      <xmax>1262</xmax>
      <ymax>554</ymax>
    </bndbox>
    <confidence>0.893545</confidence>
  </object>
  <object>
    <name>Vehicle</name>
    <bndbox>
      <xmin>1136</xmin>
      <ymin>527</ymin>
      <xmax>1181</xmax>
      <ymax>557</ymax>
    </bndbox>
    <confidence>0.893642</confidence>
  </object>
  <object>
    <name>TrafficSign</name>
    <bndbox>
      <xmin>1233</xmin>
      <ymin>246</ymin>
      <xmax>1279</xmax>
      <ymax>291</ymax>
    </bndbox>
    <confidence>0.911137</confidence>
  </object>
  <object>
    <name>Vehicle</name>
    <bndbox>
      <xmin>735</xmin>
      <ymin>536</ymin>
      <xmax>790</xmax>
      <ymax>577</ymax>
    </bndbox>
    <confidence>0.925638</confidence>
  </object>
  <object>
    <name>Vehicle</name>
    <bndbox>
      <xmin>1039</xmin>
      <ymin>481</ymin>
      <xmax>1134</xmax>
      <ymax>562</ymax>
    </bndbox>
    <confidence>0.932149</confidence>
  </object>
  <object>
    <name>Vehicle</name>
    <bndbox>
      <xmin>670</xmin>
      <ymin>537</ymin>
      <xmax>742</xmax>
      <ymax>581</ymax>
    </bndbox>
    <confidence>0.942058</confidence>
  </object>
  <object>
    <name>Vehicle</name>
    <bndbox>
      <xmin>458</xmin>
      <ymin>522</ymin>
      <xmax>539</xmax>
      <ymax>594</ymax>
    </bndbox>
    <confidence>0.942495</confidence>
  </object>
  <object>
    <name>Vehicle</name>
    <bndbox>
      <xmin>842</xmin>
      <ymin>524</ymin>
      <xmax>927</xmax>
      <ymax>578</ymax>
    </bndbox>
    <confidence>0.946587</confidence>
  </object>
  <object>
    <name>Vehicle</name>
    <bndbox>
      <xmin>383</xmin>
      <ymin>538</ymin>
      <xmax>484</xmax>
      <ymax>600</ymax>
    </bndbox>
    <confidence>0.953492</confidence>
  </object>
</annotation>
