<annotation>
  <folder>runs\detect\exp2</folder>
  <filename>1_20200615_112127_000840.jpg</filename>
  <source>
    <database>Unknown</database>
  </source>
  <size>
    <width>1920</width>
    <height>1080</height>
    <depth>3</depth>
  </size>
  <segmented>0</segmented>
  <object>
    <name>TrafficSign</name>
    <bndbox>
      <xmin>1352</xmin>
      <ymin>369</ymin>
      <xmax>1395</xmax>
      <ymax>399</ymax>
    </bndbox>
    <confidence>0.799882</confidence>
  </object>
  <object>
    <name>Vehicle</name>
    <bndbox>
      <xmin>1451</xmin>
      <ymin>476</ymin>
      <xmax>1562</xmax>
      <ymax>574</ymax>
    </bndbox>
    <confidence>0.952646</confidence>
  </object>
  <object>
    <name>Vehicle</name>
    <bndbox>
      <xmin>180</xmin>
      <ymin>514</ymin>
      <xmax>308</xmax>
      <ymax>596</ymax>
    </bndbox>
    <confidence>0.959084</confidence>
  </object>
</annotation>
