<annotation>
  <folder>runs\detect\exp2</folder>
  <filename>1_20200615_112127_003300.jpg</filename>
  <source>
    <database>Unknown</database>
  </source>
  <size>
    <width>1920</width>
    <height>1080</height>
    <depth>3</depth>
  </size>
  <segmented>0</segmented>
  <object>
    <name>Vehicle</name>
    <bndbox>
      <xmin>753</xmin>
      <ymin>461</ymin>
      <xmax>782</xmax>
      <ymax>502</ymax>
    </bndbox>
    <confidence>0.279656</confidence>
  </object>
  <object>
    <name>Vehicle</name>
    <bndbox>
      <xmin>818</xmin>
      <ymin>462</ymin>
      <xmax>847</xmax>
      <ymax>492</ymax>
    </bndbox>
    <confidence>0.331208</confidence>
  </object>
  <object>
    <name>Vehicle</name>
    <bndbox>
      <xmin>800</xmin>
      <ymin>474</ymin>
      <xmax>828</xmax>
      <ymax>503</ymax>
    </bndbox>
    <confidence>0.749342</confidence>
  </object>
  <object>
    <name>Vehicle</name>
    <bndbox>
      <xmin>701</xmin>
      <ymin>482</ymin>
      <xmax>733</xmax>
      <ymax>511</ymax>
    </bndbox>
    <confidence>0.799457</confidence>
  </object>
  <object>
    <name>Vehicle</name>
    <bndbox>
      <xmin>919</xmin>
      <ymin>447</ymin>
      <xmax>947</xmax>
      <ymax>483</ymax>
    </bndbox>
    <confidence>0.812808</confidence>
  </object>
  <object>
    <name>Vehicle</name>
    <bndbox>
      <xmin>740</xmin>
      <ymin>479</ymin>
      <xmax>773</xmax>
      <ymax>506</ymax>
    </bndbox>
    <confidence>0.828762</confidence>
  </object>
  <object>
    <name>TrafficSign</name>
    <bndbox>
      <xmin>1597</xmin>
      <ymin>322</ymin>
      <xmax>1642</xmax>
      <ymax>367</ymax>
    </bndbox>
    <confidence>0.856093</confidence>
  </object>
  <object>
    <name>Vehicle</name>
    <bndbox>
      <xmin>656</xmin>
      <ymin>465</ymin>
      <xmax>704</xmax>
      <ymax>518</ymax>
    </bndbox>
    <confidence>0.860661</confidence>
  </object>
  <object>
    <name>Vehicle</name>
    <bndbox>
      <xmin>885</xmin>
      <ymin>469</ymin>
      <xmax>928</xmax>
      <ymax>512</ymax>
    </bndbox>
    <confidence>0.891215</confidence>
  </object>
  <object>
    <name>Vehicle</name>
    <bndbox>
      <xmin>532</xmin>
      <ymin>456</ymin>
      <xmax>589</xmax>
      <ymax>527</ymax>
    </bndbox>
    <confidence>0.899201</confidence>
  </object>
  <object>
    <name>TrafficSign</name>
    <bndbox>
      <xmin>1333</xmin>
      <ymin>52</ymin>
      <xmax>1404</xmax>
      <ymax>122</ymax>
    </bndbox>
    <confidence>0.936821</confidence>
  </object>
  <object>
    <name>Vehicle</name>
    <bndbox>
      <xmin>1037</xmin>
      <ymin>454</ymin>
      <xmax>1200</xmax>
      <ymax>585</ymax>
    </bndbox>
    <confidence>0.965166</confidence>
  </object>
</annotation>
