<annotation>
  <folder>runs\detect\exp39</folder>
  <filename>1_20200615_112127_004680.jpg</filename>
  <source>
    <database>Unknown</database>
  </source>
  <size>
    <width>1920</width>
    <height>1080</height>
    <depth>3</depth>
  </size>
  <segmented>0</segmented>
  <object>
    <name>TrafficLight</name>
    <bndbox>
      <xmin>1307</xmin>
      <ymin>231</ymin>
      <xmax>1378</xmax>
      <ymax>252</ymax>
    </bndbox>
    <confidence>0.852012</confidence>
  </object>
  <object>
    <name>TrafficSign</name>
    <bndbox>
      <xmin>1601</xmin>
      <ymin>396</ymin>
      <xmax>1628</xmax>
      <ymax>423</ymax>
    </bndbox>
    <confidence>0.85473</confidence>
  </object>
  <object>
    <name>TrafficSign</name>
    <bndbox>
      <xmin>1348</xmin>
      <ymin>353</ymin>
      <xmax>1377</xmax>
      <ymax>380</ymax>
    </bndbox>
    <confidence>0.875165</confidence>
  </object>
  <object>
    <name>Vehicle</name>
    <bndbox>
      <xmin>1087</xmin>
      <ymin>460</ymin>
      <xmax>1186</xmax>
      <ymax>530</ymax>
    </bndbox>
    <confidence>0.939299</confidence>
  </object>
  <object>
    <name>Vehicle</name>
    <bndbox>
      <xmin>582</xmin>
      <ymin>362</ymin>
      <xmax>878</xmax>
      <ymax>538</ymax>
    </bndbox>
    <confidence>0.953537</confidence>
  </object>
  <object>
    <name>Vehicle</name>
    <bndbox>
      <xmin>1</xmin>
      <ymin>429</ymin>
      <xmax>595</xmax>
      <ymax>1003</ymax>
    </bndbox>
    <confidence>0.958426</confidence>
  </object>
  <object>
    <name>Vehicle</name>
    <bndbox>
      <xmin>1519</xmin>
      <ymin>450</ymin>
      <xmax>1919</xmax>
      <ymax>790</ymax>
    </bndbox>
    <confidence>0.971065</confidence>
  </object>
</annotation>
