<annotation>
  <folder>runs\detect\exp39</folder>
  <filename>1_20200615_112127_003360.jpg</filename>
  <source>
    <database>Unknown</database>
  </source>
  <size>
    <width>1920</width>
    <height>1080</height>
    <depth>3</depth>
  </size>
  <segmented>0</segmented>
  <object>
    <name>Vehicle</name>
    <bndbox>
      <xmin>831</xmin>
      <ymin>505</ymin>
      <xmax>867</xmax>
      <ymax>539</ymax>
    </bndbox>
    <confidence>0.553995</confidence>
  </object>
  <object>
    <name>Vehicle</name>
    <bndbox>
      <xmin>705</xmin>
      <ymin>521</ymin>
      <xmax>733</xmax>
      <ymax>552</ymax>
    </bndbox>
    <confidence>0.741619</confidence>
  </object>
  <object>
    <name>Vehicle</name>
    <bndbox>
      <xmin>760</xmin>
      <ymin>499</ymin>
      <xmax>794</xmax>
      <ymax>551</ymax>
    </bndbox>
    <confidence>0.798538</confidence>
  </object>
  <object>
    <name>Vehicle</name>
    <bndbox>
      <xmin>953</xmin>
      <ymin>485</ymin>
      <xmax>982</xmax>
      <ymax>522</ymax>
    </bndbox>
    <confidence>0.799385</confidence>
  </object>
  <object>
    <name>Vehicle</name>
    <bndbox>
      <xmin>727</xmin>
      <ymin>519</ymin>
      <xmax>769</xmax>
      <ymax>558</ymax>
    </bndbox>
    <confidence>0.847248</confidence>
  </object>
  <object>
    <name>Vehicle</name>
    <bndbox>
      <xmin>805</xmin>
      <ymin>516</ymin>
      <xmax>841</xmax>
      <ymax>550</ymax>
    </bndbox>
    <confidence>0.870578</confidence>
  </object>
  <object>
    <name>Vehicle</name>
    <bndbox>
      <xmin>587</xmin>
      <ymin>499</ymin>
      <xmax>660</xmax>
      <ymax>575</ymax>
    </bndbox>
    <confidence>0.888237</confidence>
  </object>
  <object>
    <name>Vehicle</name>
    <bndbox>
      <xmin>925</xmin>
      <ymin>510</ymin>
      <xmax>965</xmax>
      <ymax>553</ymax>
    </bndbox>
    <confidence>0.896369</confidence>
  </object>
  <object>
    <name>Vehicle</name>
    <bndbox>
      <xmin>661</xmin>
      <ymin>527</ymin>
      <xmax>713</xmax>
      <ymax>566</ymax>
    </bndbox>
    <confidence>0.908202</confidence>
  </object>
  <object>
    <name>Vehicle</name>
    <bndbox>
      <xmin>395</xmin>
      <ymin>492</ymin>
      <xmax>487</xmax>
      <ymax>592</ymax>
    </bndbox>
    <confidence>0.927979</confidence>
  </object>
  <object>
    <name>Vehicle</name>
    <bndbox>
      <xmin>1045</xmin>
      <ymin>499</ymin>
      <xmax>1168</xmax>
      <ymax>599</ymax>
    </bndbox>
    <confidence>0.954654</confidence>
  </object>
</annotation>
