<annotation>
  <folder>runs\detect\exp39</folder>
  <filename>1_20200615_112127_001350.jpg</filename>
  <source>
    <database>Unknown</database>
  </source>
  <size>
    <width>1920</width>
    <height>1080</height>
    <depth>3</depth>
  </size>
  <segmented>0</segmented>
  <object>
    <name>TrafficLight</name>
    <bndbox>
      <xmin>1329</xmin>
      <ymin>86</ymin>
      <xmax>1446</xmax>
      <ymax>117</ymax>
    </bndbox>
    <confidence>0.686387</confidence>
  </object>
  <object>
    <name>TrafficLight</name>
    <bndbox>
      <xmin>1233</xmin>
      <ymin>270</ymin>
      <xmax>1298</xmax>
      <ymax>288</ymax>
    </bndbox>
    <confidence>0.799187</confidence>
  </object>
  <object>
    <name>TrafficSign</name>
    <bndbox>
      <xmin>1410</xmin>
      <ymin>424</ymin>
      <xmax>1438</xmax>
      <ymax>450</ymax>
    </bndbox>
    <confidence>0.836498</confidence>
  </object>
  <object>
    <name>TrafficSign</name>
    <bndbox>
      <xmin>1234</xmin>
      <ymin>322</ymin>
      <xmax>1261</xmax>
      <ymax>349</ymax>
    </bndbox>
    <confidence>0.84037</confidence>
  </object>
  <object>
    <name>TrafficLight</name>
    <bndbox>
      <xmin>1008</xmin>
      <ymin>89</ymin>
      <xmax>1126</xmax>
      <ymax>121</ymax>
    </bndbox>
    <confidence>0.897532</confidence>
  </object>
  <object>
    <name>Vehicle</name>
    <bndbox>
      <xmin>1079</xmin>
      <ymin>459</ymin>
      <xmax>1154</xmax>
      <ymax>504</ymax>
    </bndbox>
    <confidence>0.900586</confidence>
  </object>
  <object>
    <name>TrafficSign</name>
    <bndbox>
      <xmin>1191</xmin>
      <ymin>67</ymin>
      <xmax>1265</xmax>
      <ymax>139</ymax>
    </bndbox>
    <confidence>0.93336</confidence>
  </object>
</annotation>
