<annotation>
  <folder>runs\detect\exp2</folder>
  <filename>1_20200615_112127_000480.jpg</filename>
  <source>
    <database>Unknown</database>
  </source>
  <size>
    <width>1920</width>
    <height>1080</height>
    <depth>3</depth>
  </size>
  <segmented>0</segmented>
  <object>
    <name>Vehicle</name>
    <bndbox>
      <xmin>627</xmin>
      <ymin>439</ymin>
      <xmax>711</xmax>
      <ymax>528</ymax>
    </bndbox>
    <confidence>0.677959</confidence>
  </object>
  <object>
    <name>Vehicle</name>
    <bndbox>
      <xmin>395</xmin>
      <ymin>479</ymin>
      <xmax>494</xmax>
      <ymax>513</ymax>
    </bndbox>
    <confidence>0.718138</confidence>
  </object>
  <object>
    <name>Vehicle</name>
    <bndbox>
      <xmin>1253</xmin>
      <ymin>482</ymin>
      <xmax>1292</xmax>
      <ymax>516</ymax>
    </bndbox>
    <confidence>0.839103</confidence>
  </object>
  <object>
    <name>Vehicle</name>
    <bndbox>
      <xmin>506</xmin>
      <ymin>510</ymin>
      <xmax>558</xmax>
      <ymax>565</ymax>
    </bndbox>
    <confidence>0.912347</confidence>
  </object>
  <object>
    <name>Vehicle</name>
    <bndbox>
      <xmin>1131</xmin>
      <ymin>491</ymin>
      <xmax>1179</xmax>
      <ymax>522</ymax>
    </bndbox>
    <confidence>0.918032</confidence>
  </object>
  <object>
    <name>Vehicle</name>
    <bndbox>
      <xmin>663</xmin>
      <ymin>451</ymin>
      <xmax>756</xmax>
      <ymax>558</ymax>
    </bndbox>
    <confidence>0.919366</confidence>
  </object>
  <object>
    <name>Vehicle</name>
    <bndbox>
      <xmin>1065</xmin>
      <ymin>486</ymin>
      <xmax>1118</xmax>
      <ymax>527</ymax>
    </bndbox>
    <confidence>0.92886</confidence>
  </object>
  <object>
    <name>Vehicle</name>
    <bndbox>
      <xmin>973</xmin>
      <ymin>486</ymin>
      <xmax>1036</xmax>
      <ymax>533</ymax>
    </bndbox>
    <confidence>0.938501</confidence>
  </object>
  <object>
    <name>Vehicle</name>
    <bndbox>
      <xmin>850</xmin>
      <ymin>488</ymin>
      <xmax>922</xmax>
      <ymax>544</ymax>
    </bndbox>
    <confidence>0.942185</confidence>
  </object>
  <object>
    <name>Vehicle</name>
    <bndbox>
      <xmin>1</xmin>
      <ymin>308</ymin>
      <xmax>297</xmax>
      <ymax>651</ymax>
    </bndbox>
    <confidence>0.9482</confidence>
  </object>
  <object>
    <name>Vehicle</name>
    <bndbox>
      <xmin>406</xmin>
      <ymin>500</ymin>
      <xmax>522</xmax>
      <ymax>595</ymax>
    </bndbox>
    <confidence>0.949476</confidence>
  </object>
  <object>
    <name>Vehicle</name>
    <bndbox>
      <xmin>100</xmin>
      <ymin>453</ymin>
      <xmax>415</xmax>
      <ymax>673</ymax>
    </bndbox>
    <confidence>0.969757</confidence>
  </object>
</annotation>
