<annotation>
  <folder>runs\detect\exp39</folder>
  <filename>1_20200615_112127_000600.jpg</filename>
  <source>
    <database>Unknown</database>
  </source>
  <size>
    <width>1920</width>
    <height>1080</height>
    <depth>3</depth>
  </size>
  <segmented>0</segmented>
  <object>
    <name>Vehicle</name>
    <bndbox>
      <xmin>0</xmin>
      <ymin>445</ymin>
      <xmax>44</xmax>
      <ymax>761</ymax>
    </bndbox>
    <confidence>0.737461</confidence>
  </object>
  <object>
    <name>Vehicle</name>
    <bndbox>
      <xmin>1528</xmin>
      <ymin>486</ymin>
      <xmax>1574</xmax>
      <ymax>519</ymax>
    </bndbox>
    <confidence>0.758814</confidence>
  </object>
  <object>
    <name>Vehicle</name>
    <bndbox>
      <xmin>1106</xmin>
      <ymin>485</ymin>
      <xmax>1163</xmax>
      <ymax>531</ymax>
    </bndbox>
    <confidence>0.899051</confidence>
  </object>
  <object>
    <name>Vehicle</name>
    <bndbox>
      <xmin>1206</xmin>
      <ymin>469</ymin>
      <xmax>1257</xmax>
      <ymax>523</ymax>
    </bndbox>
    <confidence>0.906135</confidence>
  </object>
  <object>
    <name>Vehicle</name>
    <bndbox>
      <xmin>786</xmin>
      <ymin>481</ymin>
      <xmax>878</xmax>
      <ymax>558</ymax>
    </bndbox>
    <confidence>0.925703</confidence>
  </object>
  <object>
    <name>Vehicle</name>
    <bndbox>
      <xmin>927</xmin>
      <ymin>498</ymin>
      <xmax>989</xmax>
      <ymax>545</ymax>
    </bndbox>
    <confidence>0.932767</confidence>
  </object>
  <object>
    <name>Vehicle</name>
    <bndbox>
      <xmin>4</xmin>
      <ymin>408</ymin>
      <xmax>244</xmax>
      <ymax>586</ymax>
    </bndbox>
    <confidence>0.957592</confidence>
  </object>
  <object>
    <name>Vehicle</name>
    <bndbox>
      <xmin>425</xmin>
      <ymin>506</ymin>
      <xmax>579</xmax>
      <ymax>602</ymax>
    </bndbox>
    <confidence>0.963453</confidence>
  </object>
</annotation>
