<annotation>
  <folder>runs\detect\exp39</folder>
  <filename>1_20200615_112127_004260.jpg</filename>
  <source>
    <database>Unknown</database>
  </source>
  <size>
    <width>1920</width>
    <height>1080</height>
    <depth>3</depth>
  </size>
  <segmented>0</segmented>
  <object>
    <name>TrafficLight</name>
    <bndbox>
      <xmin>1036</xmin>
      <ymin>379</ymin>
      <xmax>1073</xmax>
      <ymax>391</ymax>
    </bndbox>
    <confidence>0.265559</confidence>
  </object>
  <object>
    <name>TrafficLight</name>
    <bndbox>
      <xmin>1134</xmin>
      <ymin>377</ymin>
      <xmax>1169</xmax>
      <ymax>388</ymax>
    </bndbox>
    <confidence>0.3536</confidence>
  </object>
  <object>
    <name>Vehicle</name>
    <bndbox>
      <xmin>1132</xmin>
      <ymin>434</ymin>
      <xmax>1180</xmax>
      <ymax>531</ymax>
    </bndbox>
    <confidence>0.810353</confidence>
  </object>
  <object>
    <name>TrafficSign</name>
    <bndbox>
      <xmin>1171</xmin>
      <ymin>0</ymin>
      <xmax>1489</xmax>
      <ymax>76</ymax>
    </bndbox>
    <confidence>0.847589</confidence>
  </object>
  <object>
    <name>Vehicle</name>
    <bndbox>
      <xmin>997</xmin>
      <ymin>460</ymin>
      <xmax>1169</xmax>
      <ymax>598</ymax>
    </bndbox>
    <confidence>0.95941</confidence>
  </object>
  <object>
    <name>Vehicle</name>
    <bndbox>
      <xmin>5</xmin>
      <ymin>417</ymin>
      <xmax>267</xmax>
      <ymax>599</ymax>
    </bndbox>
    <confidence>0.960145</confidence>
  </object>
  <object>
    <name>Vehicle</name>
    <bndbox>
      <xmin>463</xmin>
      <ymin>461</ymin>
      <xmax>764</xmax>
      <ymax>692</ymax>
    </bndbox>
    <confidence>0.967722</confidence>
  </object>
</annotation>
