<annotation>
  <folder>runs\detect\exp39</folder>
  <filename>1_20200615_112127_001440.jpg</filename>
  <source>
    <database>Unknown</database>
  </source>
  <size>
    <width>1920</width>
    <height>1080</height>
    <depth>3</depth>
  </size>
  <segmented>0</segmented>
  <object>
    <name>TrafficLight</name>
    <bndbox>
      <xmin>1266</xmin>
      <ymin>156</ymin>
      <xmax>1363</xmax>
      <ymax>185</ymax>
    </bndbox>
    <confidence>0.855155</confidence>
  </object>
  <object>
    <name>TrafficSign</name>
    <bndbox>
      <xmin>1508</xmin>
      <ymin>394</ymin>
      <xmax>1544</xmax>
      <ymax>429</ymax>
    </bndbox>
    <confidence>0.88175</confidence>
  </object>
  <object>
    <name>TrafficSign</name>
    <bndbox>
      <xmin>1221</xmin>
      <ymin>274</ymin>
      <xmax>1257</xmax>
      <ymax>309</ymax>
    </bndbox>
    <confidence>0.910136</confidence>
  </object>
</annotation>
