<annotation>
  <folder>runs\detect\exp39</folder>
  <filename>1_20200615_112127_000810.jpg</filename>
  <source>
    <database>Unknown</database>
  </source>
  <size>
    <width>1920</width>
    <height>1080</height>
    <depth>3</depth>
  </size>
  <segmented>0</segmented>
  <object>
    <name>TrafficSign</name>
    <bndbox>
      <xmin>1364</xmin>
      <ymin>371</ymin>
      <xmax>1397</xmax>
      <ymax>398</ymax>
    </bndbox>
    <confidence>0.264259</confidence>
  </object>
  <object>
    <name>Vehicle</name>
    <bndbox>
      <xmin>1399</xmin>
      <ymin>470</ymin>
      <xmax>1489</xmax>
      <ymax>548</ymax>
    </bndbox>
    <confidence>0.940496</confidence>
  </object>
  <object>
    <name>Vehicle</name>
    <bndbox>
      <xmin>294</xmin>
      <ymin>412</ymin>
      <xmax>494</xmax>
      <ymax>610</ymax>
    </bndbox>
    <confidence>0.963224</confidence>
  </object>
</annotation>
