<annotation>
  <folder>runs\detect\exp2</folder>
  <filename>1_20200615_112127_004470.jpg</filename>
  <source>
    <database>Unknown</database>
  </source>
  <size>
    <width>1920</width>
    <height>1080</height>
    <depth>3</depth>
  </size>
  <segmented>0</segmented>
  <object>
    <name>Vehicle</name>
    <bndbox>
      <xmin>1366</xmin>
      <ymin>344</ymin>
      <xmax>1628</xmax>
      <ymax>424</ymax>
    </bndbox>
    <confidence>0.727343</confidence>
  </object>
  <object>
    <name>TrafficLight</name>
    <bndbox>
      <xmin>1155</xmin>
      <ymin>331</ymin>
      <xmax>1202</xmax>
      <ymax>345</ymax>
    </bndbox>
    <confidence>0.781987</confidence>
  </object>
  <object>
    <name>TrafficLight</name>
    <bndbox>
      <xmin>1186</xmin>
      <ymin>233</ymin>
      <xmax>1267</xmax>
      <ymax>256</ymax>
    </bndbox>
    <confidence>0.877502</confidence>
  </object>
  <object>
    <name>TrafficLight</name>
    <bndbox>
      <xmin>1409</xmin>
      <ymin>227</ymin>
      <xmax>1489</xmax>
      <ymax>249</ymax>
    </bndbox>
    <confidence>0.882608</confidence>
  </object>
  <object>
    <name>Vehicle</name>
    <bndbox>
      <xmin>1151</xmin>
      <ymin>486</ymin>
      <xmax>1218</xmax>
      <ymax>578</ymax>
    </bndbox>
    <confidence>0.906015</confidence>
  </object>
  <object>
    <name>TrafficSign</name>
    <bndbox>
      <xmin>1270</xmin>
      <ymin>201</ymin>
      <xmax>1321</xmax>
      <ymax>252</ymax>
    </bndbox>
    <confidence>0.913932</confidence>
  </object>
  <object>
    <name>Vehicle</name>
    <bndbox>
      <xmin>1296</xmin>
      <ymin>415</ymin>
      <xmax>1487</xmax>
      <ymax>673</ymax>
    </bndbox>
    <confidence>0.93248</confidence>
  </object>
  <object>
    <name>Vehicle</name>
    <bndbox>
      <xmin>1188</xmin>
      <ymin>466</ymin>
      <xmax>1325</xmax>
      <ymax>611</ymax>
    </bndbox>
    <confidence>0.959609</confidence>
  </object>
  <object>
    <name>Vehicle</name>
    <bndbox>
      <xmin>866</xmin>
      <ymin>455</ymin>
      <xmax>1177</xmax>
      <ymax>715</ymax>
    </bndbox>
    <confidence>0.970474</confidence>
  </object>
  <object>
    <name>Vehicle</name>
    <bndbox>
      <xmin>1370</xmin>
      <ymin>422</ymin>
      <xmax>1780</xmax>
      <ymax>731</ymax>
    </bndbox>
    <confidence>0.973514</confidence>
  </object>
</annotation>
