<annotation>
  <folder>runs\detect\exp39</folder>
  <filename>1_20200615_112127_003690.jpg</filename>
  <source>
    <database>Unknown</database>
  </source>
  <size>
    <width>1920</width>
    <height>1080</height>
    <depth>3</depth>
  </size>
  <segmented>0</segmented>
  <object>
    <name>Vehicle</name>
    <bndbox>
      <xmin>748</xmin>
      <ymin>434</ymin>
      <xmax>790</xmax>
      <ymax>479</ymax>
    </bndbox>
    <confidence>0.618707</confidence>
  </object>
  <object>
    <name>Vehicle</name>
    <bndbox>
      <xmin>1154</xmin>
      <ymin>483</ymin>
      <xmax>1183</xmax>
      <ymax>528</ymax>
    </bndbox>
    <confidence>0.674568</confidence>
  </object>
  <object>
    <name>Vehicle</name>
    <bndbox>
      <xmin>1133</xmin>
      <ymin>482</ymin>
      <xmax>1172</xmax>
      <ymax>525</ymax>
    </bndbox>
    <confidence>0.747084</confidence>
  </object>
  <object>
    <name>Vehicle</name>
    <bndbox>
      <xmin>963</xmin>
      <ymin>429</ymin>
      <xmax>994</xmax>
      <ymax>467</ymax>
    </bndbox>
    <confidence>0.841091</confidence>
  </object>
  <object>
    <name>Vehicle</name>
    <bndbox>
      <xmin>748</xmin>
      <ymin>463</ymin>
      <xmax>791</xmax>
      <ymax>501</ymax>
    </bndbox>
    <confidence>0.869131</confidence>
  </object>
  <object>
    <name>Vehicle</name>
    <bndbox>
      <xmin>244</xmin>
      <ymin>454</ymin>
      <xmax>334</xmax>
      <ymax>585</ymax>
    </bndbox>
    <confidence>0.87084</confidence>
  </object>
  <object>
    <name>Vehicle</name>
    <bndbox>
      <xmin>1172</xmin>
      <ymin>472</ymin>
      <xmax>1241</xmax>
      <ymax>536</ymax>
    </bndbox>
    <confidence>0.88642</confidence>
  </object>
  <object>
    <name>Vehicle</name>
    <bndbox>
      <xmin>1109</xmin>
      <ymin>480</ymin>
      <xmax>1148</xmax>
      <ymax>518</ymax>
    </bndbox>
    <confidence>0.893387</confidence>
  </object>
  <object>
    <name>Vehicle</name>
    <bndbox>
      <xmin>1217</xmin>
      <ymin>484</ymin>
      <xmax>1268</xmax>
      <ymax>543</ymax>
    </bndbox>
    <confidence>0.909347</confidence>
  </object>
  <object>
    <name>Vehicle</name>
    <bndbox>
      <xmin>915</xmin>
      <ymin>474</ymin>
      <xmax>974</xmax>
      <ymax>522</ymax>
    </bndbox>
    <confidence>0.920148</confidence>
  </object>
  <object>
    <name>Vehicle</name>
    <bndbox>
      <xmin>1013</xmin>
      <ymin>477</ymin>
      <xmax>1083</xmax>
      <ymax>531</ymax>
    </bndbox>
    <confidence>0.922978</confidence>
  </object>
  <object>
    <name>Vehicle</name>
    <bndbox>
      <xmin>1756</xmin>
      <ymin>444</ymin>
      <xmax>1845</xmax>
      <ymax>514</ymax>
    </bndbox>
    <confidence>0.924004</confidence>
  </object>
  <object>
    <name>Vehicle</name>
    <bndbox>
      <xmin>1547</xmin>
      <ymin>460</ymin>
      <xmax>1643</xmax>
      <ymax>529</ymax>
    </bndbox>
    <confidence>0.93012</confidence>
  </object>
  <object>
    <name>Vehicle</name>
    <bndbox>
      <xmin>1651</xmin>
      <ymin>446</ymin>
      <xmax>1739</xmax>
      <ymax>522</ymax>
    </bndbox>
    <confidence>0.933897</confidence>
  </object>
  <object>
    <name>Vehicle</name>
    <bndbox>
      <xmin>1783</xmin>
      <ymin>465</ymin>
      <xmax>1921</xmax>
      <ymax>544</ymax>
    </bndbox>
    <confidence>0.936101</confidence>
  </object>
  <object>
    <name>Vehicle</name>
    <bndbox>
      <xmin>1244</xmin>
      <ymin>484</ymin>
      <xmax>1335</xmax>
      <ymax>546</ymax>
    </bndbox>
    <confidence>0.940783</confidence>
  </object>
  <object>
    <name>Vehicle</name>
    <bndbox>
      <xmin>337</xmin>
      <ymin>501</ymin>
      <xmax>468</xmax>
      <ymax>589</ymax>
    </bndbox>
    <confidence>0.955622</confidence>
  </object>
  <object>
    <name>Vehicle</name>
    <bndbox>
      <xmin>59</xmin>
      <ymin>461</ymin>
      <xmax>271</xmax>
      <ymax>631</ymax>
    </bndbox>
    <confidence>0.965973</confidence>
  </object>
</annotation>
