<annotation>
  <folder>runs\detect\exp2</folder>
  <filename>1_20200615_112127_001500.jpg</filename>
  <source>
    <database>Unknown</database>
  </source>
  <size>
    <width>1920</width>
    <height>1080</height>
    <depth>3</depth>
  </size>
  <segmented>0</segmented>
  <object>
    <name>TrafficSign</name>
    <bndbox>
      <xmin>1455</xmin>
      <ymin>358</ymin>
      <xmax>1479</xmax>
      <ymax>384</ymax>
    </bndbox>
    <confidence>0.515651</confidence>
  </object>
  <object>
    <name>TrafficLight</name>
    <bndbox>
      <xmin>1383</xmin>
      <ymin>47</ymin>
      <xmax>1500</xmax>
      <ymax>82</ymax>
    </bndbox>
    <confidence>0.884669</confidence>
  </object>
  <object>
    <name>TrafficSign</name>
    <bndbox>
      <xmin>1303</xmin>
      <ymin>208</ymin>
      <xmax>1343</xmax>
      <ymax>248</ymax>
    </bndbox>
    <confidence>0.907942</confidence>
  </object>
  <object>
    <name>TrafficSign</name>
    <bndbox>
      <xmin>1652</xmin>
      <ymin>337</ymin>
      <xmax>1692</xmax>
      <ymax>378</ymax>
    </bndbox>
    <confidence>0.918443</confidence>
  </object>
</annotation>
