<annotation>
  <folder>runs\detect\exp39</folder>
  <filename>1_20200615_112127_000870.jpg</filename>
  <source>
    <database>Unknown</database>
  </source>
  <size>
    <width>1920</width>
    <height>1080</height>
    <depth>3</depth>
  </size>
  <segmented>0</segmented>
  <object>
    <name>TrafficSign</name>
    <bndbox>
      <xmin>1328</xmin>
      <ymin>342</ymin>
      <xmax>1400</xmax>
      <ymax>374</ymax>
    </bndbox>
    <confidence>0.760065</confidence>
  </object>
  <object>
    <name>Vehicle</name>
    <bndbox>
      <xmin>1559</xmin>
      <ymin>460</ymin>
      <xmax>1718</xmax>
      <ymax>597</ymax>
    </bndbox>
    <confidence>0.959479</confidence>
  </object>
</annotation>
