<annotation>
  <folder>runs\detect\exp39</folder>
  <filename>1_20200615_112127_000360.jpg</filename>
  <source>
    <database>Unknown</database>
  </source>
  <size>
    <width>1920</width>
    <height>1080</height>
    <depth>3</depth>
  </size>
  <segmented>0</segmented>
  <object>
    <name>Vehicle</name>
    <bndbox>
      <xmin>810</xmin>
      <ymin>514</ymin>
      <xmax>864</xmax>
      <ymax>551</ymax>
    </bndbox>
    <confidence>0.666571</confidence>
  </object>
  <object>
    <name>Vehicle</name>
    <bndbox>
      <xmin>1363</xmin>
      <ymin>520</ymin>
      <xmax>1389</xmax>
      <ymax>546</ymax>
    </bndbox>
    <confidence>0.685297</confidence>
  </object>
  <object>
    <name>Vehicle</name>
    <bndbox>
      <xmin>815</xmin>
      <ymin>527</ymin>
      <xmax>866</xmax>
      <ymax>574</ymax>
    </bndbox>
    <confidence>0.808928</confidence>
  </object>
  <object>
    <name>Vehicle</name>
    <bndbox>
      <xmin>989</xmin>
      <ymin>487</ymin>
      <xmax>1040</xmax>
      <ymax>548</ymax>
    </bndbox>
    <confidence>0.814128</confidence>
  </object>
  <object>
    <name>Vehicle</name>
    <bndbox>
      <xmin>1297</xmin>
      <ymin>521</ymin>
      <xmax>1337</xmax>
      <ymax>548</ymax>
    </bndbox>
    <confidence>0.872368</confidence>
  </object>
  <object>
    <name>Vehicle</name>
    <bndbox>
      <xmin>1171</xmin>
      <ymin>503</ymin>
      <xmax>1215</xmax>
      <ymax>555</ymax>
    </bndbox>
    <confidence>0.877151</confidence>
  </object>
  <object>
    <name>Vehicle</name>
    <bndbox>
      <xmin>1135</xmin>
      <ymin>527</ymin>
      <xmax>1179</xmax>
      <ymax>557</ymax>
    </bndbox>
    <confidence>0.882691</confidence>
  </object>
  <object>
    <name>Vehicle</name>
    <bndbox>
      <xmin>775</xmin>
      <ymin>535</ymin>
      <xmax>817</xmax>
      <ymax>575</ymax>
    </bndbox>
    <confidence>0.883153</confidence>
  </object>
  <object>
    <name>Vehicle</name>
    <bndbox>
      <xmin>1209</xmin>
      <ymin>517</ymin>
      <xmax>1262</xmax>
      <ymax>554</ymax>
    </bndbox>
    <confidence>0.886476</confidence>
  </object>
  <object>
    <name>TrafficSign</name>
    <bndbox>
      <xmin>1233</xmin>
      <ymin>246</ymin>
      <xmax>1279</xmax>
      <ymax>291</ymax>
    </bndbox>
    <confidence>0.908503</confidence>
  </object>
  <object>
    <name>Vehicle</name>
    <bndbox>
      <xmin>734</xmin>
      <ymin>536</ymin>
      <xmax>788</xmax>
      <ymax>577</ymax>
    </bndbox>
    <confidence>0.919993</confidence>
  </object>
  <object>
    <name>Vehicle</name>
    <bndbox>
      <xmin>1039</xmin>
      <ymin>481</ymin>
      <xmax>1134</xmax>
      <ymax>562</ymax>
    </bndbox>
    <confidence>0.926875</confidence>
  </object>
  <object>
    <name>Vehicle</name>
    <bndbox>
      <xmin>458</xmin>
      <ymin>522</ymin>
      <xmax>539</xmax>
      <ymax>594</ymax>
    </bndbox>
    <confidence>0.938111</confidence>
  </object>
  <object>
    <name>Vehicle</name>
    <bndbox>
      <xmin>670</xmin>
      <ymin>537</ymin>
      <xmax>742</xmax>
      <ymax>581</ymax>
    </bndbox>
    <confidence>0.938785</confidence>
  </object>
  <object>
    <name>Vehicle</name>
    <bndbox>
      <xmin>842</xmin>
      <ymin>525</ymin>
      <xmax>927</xmax>
      <ymax>578</ymax>
    </bndbox>
    <confidence>0.941616</confidence>
  </object>
  <object>
    <name>Vehicle</name>
    <bndbox>
      <xmin>384</xmin>
      <ymin>538</ymin>
      <xmax>485</xmax>
      <ymax>600</ymax>
    </bndbox>
    <confidence>0.948816</confidence>
  </object>
</annotation>
