<annotation>
  <folder>runs\detect\exp2</folder>
  <filename>1_20200615_112127_000030.jpg</filename>
  <source>
    <database>Unknown</database>
  </source>
  <size>
    <width>1920</width>
    <height>1080</height>
    <depth>3</depth>
  </size>
  <segmented>0</segmented>
  <object>
    <name>Vehicle</name>
    <bndbox>
      <xmin>333</xmin>
      <ymin>389</ymin>
      <xmax>731</xmax>
      <ymax>649</ymax>
    </bndbox>
    <confidence>0.944349</confidence>
  </object>
  <object>
    <name>Vehicle</name>
    <bndbox>
      <xmin>797</xmin>
      <ymin>480</ymin>
      <xmax>906</xmax>
      <ymax>583</ymax>
    </bndbox>
    <confidence>0.949127</confidence>
  </object>
</annotation>
